0,1,2,3,4,5,6,7,8,9,10,11,y
4.0,1.0,12.0,7.0,0.0,5.0,1.0,3.0,0.28,0.2727,0.81,0.1642,215.0
4.0,0.0,10.0,6.0,0.0,0.0,0.0,1.0,0.32,0.3333,0.87,0.1045,12.0
2.0,0.0,5.0,17.0,0.0,1.0,1.0,1.0,0.66,0.6212,0.65,0.194,537.0
4.0,1.0,10.0,12.0,0.0,4.0,1.0,2.0,0.6,0.6212,0.53,0.2537,377.0
2.0,0.0,5.0,15.0,0.0,4.0,1.0,1.0,0.56,0.5303,0.78,0.1642,188.0
1.0,0.0,1.0,0.0,0.0,2.0,1.0,2.0,0.16,0.1364,0.69,0.2836,9.0
2.0,0.0,6.0,20.0,0.0,5.0,1.0,1.0,0.64,0.5909,0.78,0.1045,232.0
4.0,1.0,10.0,13.0,0.0,0.0,0.0,1.0,0.64,0.6212,0.41,0.4478,619.0
2.0,0.0,3.0,20.0,0.0,2.0,1.0,1.0,0.36,0.3636,0.21,0.0896,132.0
3.0,0.0,8.0,1.0,0.0,3.0,1.0,1.0,0.72,0.6667,0.54,0.194,17.0
3.0,0.0,8.0,4.0,0.0,4.0,1.0,1.0,0.64,0.6212,0.57,0.1642,5.0
4.0,0.0,11.0,17.0,0.0,3.0,1.0,1.0,0.44,0.4394,0.62,0.194,553.0
4.0,1.0,11.0,17.0,0.0,3.0,1.0,2.0,0.32,0.2879,0.53,0.3881,517.0
1.0,1.0,3.0,8.0,0.0,2.0,1.0,1.0,0.16,0.1818,0.59,0.1045,501.0
4.0,1.0,9.0,8.0,0.0,6.0,0.0,1.0,0.5,0.4848,0.68,0.2836,211.0
3.0,0.0,8.0,6.0,0.0,5.0,1.0,1.0,0.64,0.5909,0.78,0.1343,101.0
4.0,0.0,10.0,4.0,0.0,4.0,1.0,2.0,0.54,0.5152,1.0,0.1045,7.0
1.0,0.0,2.0,23.0,0.0,5.0,1.0,1.0,0.18,0.2424,0.69,0.0,53.0
1.0,1.0,3.0,12.0,0.0,1.0,1.0,1.0,0.48,0.4697,0.39,0.2239,221.0
2.0,0.0,5.0,16.0,0.0,3.0,1.0,1.0,0.74,0.6667,0.51,0.2836,299.0
1.0,0.0,3.0,1.0,0.0,3.0,1.0,1.0,0.22,0.2273,0.69,0.194,4.0
4.0,0.0,11.0,17.0,0.0,1.0,1.0,1.0,0.5,0.4848,0.45,0.1642,528.0
4.0,0.0,10.0,20.0,0.0,6.0,0.0,1.0,0.5,0.4848,0.48,0.1343,179.0
1.0,1.0,1.0,21.0,0.0,4.0,1.0,1.0,0.26,0.2727,0.6,0.1343,97.0
3.0,0.0,7.0,14.0,0.0,3.0,1.0,3.0,0.82,0.7576,0.46,0.1343,116.0
3.0,0.0,7.0,1.0,0.0,6.0,0.0,1.0,0.66,0.6212,0.54,0.0,78.0
1.0,0.0,3.0,11.0,0.0,4.0,1.0,1.0,0.44,0.4394,0.54,0.2836,86.0
3.0,0.0,9.0,14.0,0.0,2.0,1.0,1.0,0.74,0.6667,0.51,0.3284,190.0
2.0,0.0,4.0,13.0,0.0,1.0,1.0,2.0,0.64,0.6061,0.69,0.4179,139.0
2.0,1.0,4.0,9.0,0.0,3.0,1.0,2.0,0.32,0.303,0.49,0.2985,302.0
4.0,0.0,11.0,14.0,0.0,2.0,1.0,1.0,0.5,0.4848,0.48,0.2537,150.0
1.0,1.0,1.0,2.0,0.0,6.0,0.0,1.0,0.26,0.303,0.6,0.0,41.0
4.0,0.0,10.0,13.0,0.0,1.0,1.0,2.0,0.44,0.4394,0.44,0.2239,152.0
3.0,1.0,8.0,7.0,0.0,3.0,1.0,2.0,0.64,0.5758,0.83,0.1343,487.0
1.0,1.0,2.0,9.0,0.0,0.0,0.0,2.0,0.24,0.2273,0.56,0.2537,93.0
2.0,0.0,4.0,15.0,0.0,2.0,1.0,2.0,0.48,0.4697,0.77,0.5224,78.0
4.0,1.0,12.0,17.0,0.0,5.0,1.0,2.0,0.38,0.3939,0.66,0.0,568.0
4.0,1.0,11.0,12.0,0.0,2.0,1.0,3.0,0.28,0.2576,0.87,0.3881,76.0
4.0,0.0,11.0,10.0,0.0,2.0,1.0,2.0,0.56,0.5303,0.64,0.2836,138.0
1.0,0.0,3.0,11.0,0.0,4.0,1.0,1.0,0.2,0.2273,0.29,0.0896,50.0
4.0,0.0,12.0,3.0,0.0,0.0,0.0,1.0,0.28,0.3182,0.75,0.0,41.0
1.0,1.0,2.0,12.0,0.0,0.0,0.0,2.0,0.28,0.2727,0.52,0.2537,255.0
3.0,0.0,7.0,2.0,0.0,2.0,1.0,1.0,0.72,0.6818,0.7,0.1642,13.0
4.0,1.0,12.0,14.0,0.0,2.0,1.0,2.0,0.58,0.5455,0.56,0.2239,270.0
4.0,0.0,11.0,11.0,0.0,1.0,1.0,2.0,0.52,0.5,0.83,0.1045,128.0
2.0,1.0,3.0,22.0,0.0,3.0,1.0,1.0,0.52,0.5,0.83,0.1642,197.0
4.0,0.0,11.0,0.0,0.0,2.0,1.0,1.0,0.56,0.5303,0.64,0.3582,22.0
3.0,1.0,9.0,21.0,0.0,0.0,0.0,1.0,0.6,0.6212,0.56,0.1045,191.0
2.0,0.0,6.0,23.0,0.0,6.0,0.0,1.0,0.66,0.6212,0.74,0.1045,131.0
3.0,1.0,8.0,12.0,0.0,0.0,0.0,3.0,0.72,0.697,0.74,0.3582,626.0
1.0,1.0,1.0,10.0,0.0,6.0,0.0,3.0,0.16,0.1515,0.93,0.2537,45.0
1.0,0.0,3.0,7.0,0.0,0.0,0.0,1.0,0.24,0.2273,0.6,0.2239,14.0
3.0,1.0,7.0,14.0,0.0,6.0,0.0,2.0,0.96,0.8636,0.3,0.1343,308.0
1.0,1.0,3.0,5.0,0.0,5.0,1.0,1.0,0.3,0.3333,0.7,0.0,24.0
1.0,1.0,3.0,11.0,0.0,4.0,1.0,1.0,0.56,0.5303,0.6,0.1343,211.0
2.0,1.0,5.0,15.0,0.0,6.0,0.0,1.0,0.76,0.7273,0.66,0.2836,513.0
2.0,0.0,4.0,11.0,0.0,4.0,1.0,2.0,0.62,0.5758,0.83,0.2836,84.0
4.0,0.0,10.0,12.0,0.0,4.0,1.0,1.0,0.48,0.4697,0.48,0.5224,199.0
2.0,0.0,4.0,14.0,0.0,0.0,0.0,1.0,0.7,0.6515,0.54,0.3284,420.0
1.0,1.0,12.0,3.0,0.0,1.0,1.0,1.0,0.2,0.2576,0.75,0.0,3.0
4.0,0.0,12.0,17.0,0.0,0.0,0.0,1.0,0.38,0.3939,0.76,0.1343,245.0
2.0,0.0,5.0,1.0,0.0,2.0,1.0,2.0,0.6,0.5152,0.94,0.1642,15.0
4.0,0.0,12.0,14.0,0.0,4.0,1.0,1.0,0.32,0.303,0.45,0.2537,137.0
2.0,0.0,4.0,16.0,1.0,5.0,0.0,1.0,0.52,0.5,0.55,0.4925,243.0
1.0,0.0,12.0,3.0,0.0,3.0,1.0,1.0,0.32,0.303,0.61,0.2537,4.0
2.0,1.0,4.0,0.0,0.0,5.0,1.0,1.0,0.54,0.5152,0.68,0.5522,73.0
4.0,1.0,11.0,10.0,0.0,5.0,1.0,2.0,0.3,0.3333,0.65,0.0,169.0
3.0,1.0,7.0,22.0,0.0,1.0,1.0,2.0,0.7,0.6667,0.74,0.2239,230.0
2.0,0.0,6.0,0.0,0.0,2.0,1.0,1.0,0.64,0.6061,0.65,0.0896,20.0
2.0,1.0,6.0,9.0,0.0,5.0,1.0,1.0,0.62,0.6061,0.65,0.1642,366.0
4.0,1.0,10.0,3.0,0.0,3.0,1.0,2.0,0.3,0.3182,0.81,0.1045,3.0
1.0,0.0,2.0,1.0,0.0,6.0,0.0,1.0,0.14,0.2121,0.86,0.0,24.0
4.0,0.0,12.0,13.0,0.0,6.0,0.0,1.0,0.34,0.303,0.34,0.4179,286.0
1.0,0.0,2.0,3.0,0.0,3.0,1.0,2.0,0.2,0.197,0.47,0.194,1.0
3.0,0.0,7.0,5.0,0.0,1.0,1.0,1.0,0.64,0.5909,0.78,0.1045,17.0
1.0,1.0,1.0,12.0,0.0,4.0,1.0,2.0,0.34,0.3485,0.81,0.1045,144.0
1.0,1.0,1.0,8.0,1.0,1.0,0.0,1.0,0.1,0.1212,0.58,0.1642,78.0
3.0,1.0,6.0,13.0,0.0,0.0,0.0,1.0,0.8,0.697,0.33,0.2836,585.0
2.0,0.0,5.0,19.0,0.0,4.0,1.0,2.0,0.6,0.6061,0.64,0.194,364.0
3.0,1.0,9.0,18.0,0.0,2.0,1.0,1.0,0.64,0.6212,0.36,0.1642,877.0
4.0,1.0,11.0,19.0,0.0,5.0,1.0,1.0,0.32,0.3485,0.66,0.0,377.0
2.0,1.0,5.0,1.0,0.0,4.0,1.0,1.0,0.6,0.5455,0.88,0.0896,30.0
1.0,1.0,2.0,8.0,0.0,0.0,0.0,2.0,0.24,0.2424,0.75,0.1642,62.0
4.0,1.0,11.0,9.0,0.0,5.0,1.0,1.0,0.34,0.3485,0.53,0.1045,351.0
2.0,1.0,3.0,21.0,0.0,2.0,1.0,1.0,0.36,0.3485,0.37,0.1642,221.0
2.0,1.0,4.0,4.0,0.0,6.0,0.0,1.0,0.5,0.4848,0.82,0.2537,9.0
4.0,1.0,12.0,13.0,0.0,6.0,0.0,1.0,0.38,0.3939,0.54,0.2537,456.0
1.0,1.0,3.0,1.0,0.0,4.0,1.0,1.0,0.46,0.4545,0.63,0.3284,21.0
2.0,0.0,3.0,14.0,0.0,1.0,1.0,2.0,0.54,0.5152,0.64,0.2239,101.0
4.0,1.0,10.0,19.0,0.0,5.0,1.0,1.0,0.42,0.4242,0.41,0.2239,493.0
1.0,1.0,1.0,19.0,0.0,0.0,0.0,3.0,0.16,0.1818,0.86,0.1045,89.0
3.0,0.0,9.0,14.0,0.0,0.0,0.0,2.0,0.58,0.5455,0.56,0.1343,311.0
2.0,1.0,5.0,12.0,0.0,4.0,1.0,1.0,0.52,0.5,0.48,0.4179,272.0
4.0,1.0,10.0,1.0,0.0,2.0,1.0,3.0,0.36,0.3485,0.87,0.2239,13.0
3.0,0.0,7.0,13.0,0.0,6.0,0.0,1.0,0.82,0.7424,0.41,0.2239,416.0
3.0,0.0,7.0,20.0,0.0,3.0,1.0,1.0,0.7,0.6667,0.84,0.1642,342.0
4.0,0.0,10.0,22.0,0.0,5.0,1.0,1.0,0.42,0.4242,0.54,0.1642,113.0
1.0,1.0,1.0,2.0,0.0,4.0,1.0,1.0,0.14,0.1515,0.5,0.1343,3.0
2.0,0.0,5.0,22.0,0.0,2.0,1.0,3.0,0.62,0.5606,0.88,0.2239,141.0
1.0,0.0,1.0,18.0,0.0,5.0,1.0,1.0,0.2,0.2273,0.4,0.0896,123.0
3.0,0.0,7.0,9.0,0.0,6.0,0.0,1.0,0.74,0.6667,0.51,0.0896,179.0
4.0,0.0,12.0,23.0,0.0,3.0,1.0,1.0,0.32,0.3182,0.7,0.1642,51.0
4.0,1.0,11.0,13.0,0.0,4.0,1.0,2.0,0.38,0.3939,0.54,0.1045,217.0
2.0,1.0,5.0,11.0,0.0,4.0,1.0,1.0,0.58,0.5455,0.49,0.2239,279.0
3.0,0.0,9.0,16.0,0.0,6.0,0.0,1.0,0.74,0.6818,0.55,0.194,431.0
1.0,0.0,2.0,6.0,0.0,1.0,1.0,1.0,0.34,0.303,0.46,0.2985,26.0
1.0,1.0,12.0,0.0,0.0,0.0,0.0,1.0,0.22,0.2121,0.47,0.2836,27.0
2.0,1.0,3.0,15.0,0.0,6.0,0.0,3.0,0.5,0.4848,0.94,0.4179,290.0
1.0,1.0,1.0,7.0,0.0,4.0,1.0,2.0,0.28,0.303,0.81,0.0896,239.0
1.0,0.0,1.0,7.0,0.0,1.0,1.0,1.0,0.02,0.1212,0.48,0.0,84.0
2.0,1.0,4.0,1.0,0.0,4.0,1.0,1.0,0.48,0.4697,0.27,0.3284,13.0
4.0,0.0,10.0,13.0,0.0,6.0,0.0,1.0,0.62,0.6212,0.46,0.1045,485.0
1.0,1.0,2.0,8.0,1.0,1.0,0.0,1.0,0.2,0.1818,0.59,0.3582,120.0
4.0,1.0,10.0,21.0,0.0,2.0,1.0,3.0,0.62,0.5455,0.94,0.1045,289.0
1.0,1.0,1.0,1.0,0.0,2.0,1.0,1.0,0.3,0.2727,0.42,0.2985,8.0
4.0,1.0,10.0,1.0,0.0,6.0,0.0,1.0,0.34,0.3333,0.53,0.1343,146.0
3.0,0.0,7.0,10.0,0.0,1.0,1.0,1.0,0.76,0.7121,0.62,0.194,130.0
1.0,0.0,3.0,12.0,0.0,4.0,1.0,3.0,0.42,0.4242,0.0,0.2239,34.0
4.0,1.0,10.0,5.0,0.0,6.0,0.0,1.0,0.3,0.2879,0.61,0.194,11.0
4.0,0.0,11.0,0.0,1.0,5.0,0.0,1.0,0.34,0.3182,0.53,0.2537,66.0
4.0,0.0,10.0,19.0,0.0,0.0,0.0,1.0,0.54,0.5152,0.52,0.3881,233.0
3.0,1.0,9.0,17.0,0.0,3.0,1.0,1.0,0.7,0.6364,0.41,0.2985,925.0
3.0,0.0,8.0,6.0,0.0,1.0,1.0,1.0,0.66,0.6061,0.83,0.0896,100.0
2.0,1.0,6.0,23.0,0.0,5.0,1.0,1.0,0.62,0.6212,0.53,0.2537,222.0
2.0,0.0,5.0,2.0,0.0,5.0,1.0,1.0,0.38,0.3939,0.62,0.1045,16.0
1.0,1.0,1.0,0.0,0.0,2.0,1.0,2.0,0.26,0.2273,0.7,0.3284,12.0
4.0,0.0,9.0,1.0,0.0,0.0,0.0,2.0,0.6,0.5455,0.88,0.1045,124.0
2.0,1.0,3.0,6.0,0.0,2.0,1.0,1.0,0.22,0.2273,0.37,0.194,101.0
3.0,0.0,9.0,3.0,0.0,4.0,1.0,3.0,0.62,0.5455,0.94,0.0,2.0
1.0,1.0,3.0,19.0,0.0,6.0,0.0,1.0,0.34,0.3636,0.25,0.0,184.0
3.0,1.0,9.0,21.0,0.0,2.0,1.0,2.0,0.6,0.5455,0.88,0.194,207.0
1.0,1.0,1.0,8.0,0.0,5.0,1.0,1.0,0.22,0.2121,0.64,0.2537,425.0
2.0,1.0,6.0,22.0,0.0,4.0,1.0,2.0,0.64,0.6061,0.65,0.2239,242.0
3.0,0.0,7.0,6.0,0.0,1.0,1.0,1.0,0.64,0.5758,0.83,0.1045,105.0
4.0,0.0,11.0,6.0,1.0,4.0,0.0,1.0,0.3,0.3182,0.61,0.0896,6.0
1.0,0.0,12.0,2.0,0.0,5.0,1.0,3.0,0.38,0.3939,0.94,0.1343,13.0
3.0,1.0,8.0,20.0,0.0,3.0,1.0,1.0,0.7,0.6515,0.61,0.1343,427.0
1.0,1.0,1.0,1.0,0.0,2.0,1.0,2.0,0.28,0.2576,0.65,0.3582,2.0
4.0,1.0,11.0,10.0,0.0,5.0,1.0,1.0,0.38,0.3939,0.46,0.2985,204.0
2.0,1.0,5.0,9.0,0.0,6.0,0.0,1.0,0.56,0.5303,0.43,0.1642,292.0
4.0,0.0,12.0,0.0,0.0,2.0,1.0,1.0,0.22,0.2727,0.8,0.0,17.0
2.0,0.0,5.0,22.0,1.0,1.0,0.0,1.0,0.72,0.697,0.74,0.1642,106.0
4.0,0.0,11.0,8.0,0.0,4.0,1.0,2.0,0.34,0.3485,0.81,0.0896,402.0
1.0,0.0,1.0,0.0,0.0,6.0,0.0,1.0,0.24,0.2879,0.81,0.0,16.0
2.0,1.0,6.0,13.0,0.0,1.0,1.0,1.0,0.64,0.6212,0.41,0.3582,274.0
4.0,0.0,10.0,6.0,0.0,3.0,1.0,2.0,0.54,0.5152,0.88,0.2537,112.0
1.0,1.0,2.0,14.0,0.0,3.0,1.0,1.0,0.62,0.6212,0.33,0.2239,192.0
2.0,1.0,3.0,7.0,0.0,6.0,0.0,2.0,0.5,0.4848,0.88,0.1343,70.0
1.0,1.0,2.0,3.0,0.0,2.0,1.0,2.0,0.3,0.3333,0.7,0.0,2.0
1.0,1.0,12.0,21.0,0.0,0.0,0.0,1.0,0.24,0.2879,0.7,0.0,42.0
2.0,1.0,6.0,9.0,0.0,3.0,1.0,2.0,0.64,0.6061,0.69,0.5821,352.0
2.0,1.0,4.0,21.0,0.0,2.0,1.0,2.0,0.46,0.4545,0.28,0.1642,226.0
4.0,1.0,9.0,6.0,0.0,0.0,0.0,1.0,0.44,0.4394,0.62,0.2537,16.0
4.0,1.0,12.0,8.0,0.0,5.0,1.0,2.0,0.3,0.2879,0.75,0.194,441.0
1.0,1.0,2.0,10.0,0.0,2.0,1.0,2.0,0.26,0.2727,0.6,0.1343,98.0
4.0,0.0,11.0,20.0,0.0,1.0,1.0,1.0,0.4,0.4091,0.71,0.0,204.0
2.0,1.0,3.0,10.0,0.0,4.0,1.0,1.0,0.46,0.4545,0.47,0.4478,166.0
4.0,1.0,10.0,23.0,0.0,0.0,0.0,3.0,0.42,0.4242,0.94,0.3582,14.0
2.0,0.0,4.0,0.0,0.0,3.0,1.0,1.0,0.44,0.4394,0.88,0.1343,33.0
4.0,0.0,10.0,21.0,0.0,4.0,1.0,1.0,0.4,0.4091,0.62,0.5224,132.0
1.0,1.0,2.0,17.0,0.0,5.0,1.0,3.0,0.42,0.4242,0.94,0.1045,256.0
3.0,0.0,8.0,1.0,0.0,6.0,0.0,1.0,0.7,0.6667,0.84,0.1642,64.0
3.0,0.0,7.0,15.0,0.0,3.0,1.0,1.0,0.86,0.8182,0.5,0.1642,138.0
3.0,0.0,7.0,8.0,0.0,3.0,1.0,1.0,0.74,0.7121,0.74,0.0,438.0
1.0,1.0,2.0,22.0,0.0,3.0,1.0,2.0,0.44,0.4394,0.47,0.2537,147.0
4.0,1.0,11.0,16.0,0.0,4.0,1.0,2.0,0.4,0.4091,0.54,0.1642,344.0
3.0,1.0,7.0,5.0,0.0,1.0,1.0,1.0,0.66,0.6061,0.78,0.1045,50.0
4.0,1.0,10.0,21.0,0.0,6.0,0.0,1.0,0.46,0.4545,0.59,0.1343,215.0
2.0,1.0,4.0,17.0,0.0,3.0,1.0,1.0,0.6,0.5909,0.2,0.2985,732.0
4.0,0.0,10.0,11.0,0.0,4.0,1.0,2.0,0.62,0.5758,0.83,0.0,84.0
1.0,1.0,12.0,5.0,0.0,5.0,1.0,2.0,0.24,0.2576,0.6,0.0896,15.0
1.0,1.0,3.0,9.0,0.0,0.0,0.0,1.0,0.3,0.2727,0.49,0.4478,118.0
1.0,1.0,1.0,6.0,0.0,3.0,1.0,1.0,0.2,0.2121,0.86,0.1343,74.0
4.0,0.0,12.0,9.0,0.0,2.0,1.0,1.0,0.26,0.2576,0.6,0.1642,233.0
4.0,0.0,10.0,0.0,0.0,3.0,1.0,2.0,0.52,0.5,0.77,0.194,34.0
1.0,0.0,1.0,10.0,0.0,3.0,1.0,1.0,0.18,0.1818,0.55,0.2239,39.0
4.0,1.0,11.0,16.0,0.0,5.0,1.0,2.0,0.48,0.4697,0.41,0.1045,357.0
2.0,1.0,4.0,3.0,0.0,6.0,0.0,1.0,0.34,0.3182,0.49,0.2239,26.0
1.0,1.0,3.0,21.0,0.0,3.0,1.0,1.0,0.6,0.6212,0.4,0.0896,288.0
4.0,1.0,10.0,15.0,0.0,0.0,0.0,3.0,0.42,0.4242,0.77,0.1343,306.0
1.0,0.0,2.0,1.0,0.0,5.0,1.0,1.0,0.44,0.4394,0.72,0.2239,8.0
4.0,1.0,10.0,1.0,0.0,4.0,1.0,2.0,0.62,0.5455,0.94,0.0,25.0
1.0,0.0,1.0,1.0,0.0,1.0,1.0,1.0,0.2,0.1667,0.44,0.4179,2.0
1.0,0.0,1.0,18.0,0.0,6.0,0.0,3.0,0.42,0.4242,0.88,0.2537,35.0
1.0,1.0,2.0,14.0,0.0,1.0,1.0,1.0,0.4,0.4091,0.35,0.1642,140.0
2.0,1.0,5.0,20.0,0.0,5.0,1.0,1.0,0.7,0.6515,0.65,0.1642,350.0
2.0,0.0,4.0,22.0,0.0,2.0,1.0,2.0,0.4,0.4091,0.94,0.2985,54.0
3.0,1.0,8.0,10.0,0.0,0.0,0.0,2.0,0.68,0.6364,0.69,0.0,425.0
2.0,1.0,5.0,5.0,0.0,2.0,1.0,2.0,0.52,0.5,0.72,0.0896,17.0
4.0,0.0,11.0,14.0,0.0,4.0,1.0,3.0,0.36,0.3333,0.87,0.2836,64.0
3.0,1.0,9.0,1.0,0.0,6.0,0.0,1.0,0.72,0.697,0.74,0.1343,79.0
4.0,0.0,9.0,18.0,0.0,5.0,1.0,1.0,0.6,0.5,1.0,0.0,234.0
3.0,0.0,7.0,16.0,0.0,5.0,1.0,3.0,0.9,0.8333,0.39,0.2985,182.0
3.0,1.0,9.0,17.0,0.0,6.0,0.0,3.0,0.58,0.5455,0.83,0.194,171.0
4.0,1.0,12.0,0.0,0.0,2.0,1.0,3.0,0.46,0.4545,0.77,0.4627,31.0
3.0,1.0,7.0,8.0,0.0,1.0,1.0,1.0,0.74,0.697,0.66,0.1045,667.0
3.0,0.0,7.0,23.0,0.0,5.0,1.0,1.0,0.64,0.6212,0.61,0.1642,167.0
2.0,1.0,3.0,3.0,0.0,5.0,1.0,1.0,0.52,0.5,0.88,0.1045,10.0
4.0,0.0,10.0,22.0,0.0,0.0,0.0,1.0,0.3,0.3333,0.75,0.0,71.0
3.0,0.0,7.0,3.0,0.0,2.0,1.0,1.0,0.68,0.6364,0.89,0.1343,4.0
2.0,1.0,3.0,6.0,0.0,1.0,1.0,1.0,0.42,0.4242,0.82,0.194,117.0
3.0,1.0,6.0,13.0,0.0,1.0,1.0,1.0,0.72,0.6667,0.51,0.2985,260.0
4.0,1.0,12.0,8.0,0.0,4.0,1.0,2.0,0.3,0.3333,0.7,0.0,599.0
4.0,0.0,10.0,17.0,0.0,0.0,0.0,1.0,0.4,0.4091,0.35,0.1045,245.0
1.0,0.0,1.0,2.0,0.0,6.0,0.0,2.0,0.16,0.197,0.59,0.0896,12.0
1.0,0.0,1.0,6.0,0.0,2.0,1.0,1.0,0.16,0.1818,0.74,0.1045,36.0
2.0,1.0,3.0,21.0,0.0,0.0,0.0,1.0,0.48,0.4697,0.77,0.1642,149.0
2.0,0.0,6.0,20.0,0.0,1.0,1.0,1.0,0.66,0.6212,0.69,0.2239,316.0
3.0,0.0,6.0,17.0,0.0,6.0,0.0,1.0,0.74,0.6667,0.42,0.2239,399.0
1.0,0.0,1.0,1.0,0.0,1.0,1.0,1.0,0.22,0.2121,0.64,0.2537,7.0
1.0,1.0,1.0,2.0,0.0,5.0,1.0,1.0,0.22,0.2273,0.69,0.1642,5.0
4.0,1.0,11.0,4.0,0.0,1.0,1.0,1.0,0.22,0.2727,0.69,0.0,10.0
3.0,0.0,9.0,18.0,0.0,0.0,0.0,1.0,0.76,0.7273,0.66,0.194,356.0
2.0,1.0,4.0,19.0,1.0,1.0,0.0,1.0,0.76,0.6667,0.35,0.3881,522.0
4.0,1.0,12.0,16.0,0.0,6.0,0.0,1.0,0.42,0.4242,0.82,0.1642,507.0
4.0,1.0,12.0,1.0,0.0,0.0,0.0,2.0,0.3,0.3182,0.87,0.0896,94.0
4.0,1.0,11.0,15.0,0.0,1.0,1.0,1.0,0.38,0.3939,0.4,0.2836,231.0
1.0,0.0,1.0,15.0,0.0,1.0,1.0,1.0,0.16,0.1667,0.4,0.1642,57.0
4.0,1.0,11.0,21.0,0.0,6.0,0.0,1.0,0.34,0.3485,0.53,0.1045,166.0
3.0,0.0,8.0,21.0,0.0,5.0,1.0,1.0,0.62,0.5758,0.83,0.1343,107.0
2.0,0.0,5.0,14.0,0.0,5.0,1.0,1.0,0.6,0.6212,0.4,0.4478,213.0
4.0,0.0,11.0,20.0,0.0,6.0,0.0,1.0,0.42,0.4242,0.5,0.2836,132.0
4.0,1.0,10.0,10.0,0.0,2.0,1.0,2.0,0.44,0.4394,0.75,0.2239,164.0
1.0,0.0,2.0,10.0,0.0,3.0,1.0,2.0,0.22,0.2727,1.0,0.0,61.0
4.0,1.0,11.0,3.0,0.0,6.0,0.0,1.0,0.3,0.3333,0.81,0.0,20.0
3.0,1.0,8.0,8.0,0.0,1.0,1.0,1.0,0.66,0.6061,0.83,0.0896,699.0
2.0,1.0,4.0,15.0,0.0,6.0,0.0,1.0,0.42,0.4242,0.41,0.2239,408.0
1.0,1.0,12.0,23.0,0.0,0.0,0.0,1.0,0.24,0.2879,0.6,0.0,25.0
1.0,1.0,12.0,14.0,1.0,2.0,0.0,1.0,0.38,0.3939,0.46,0.2985,126.0
3.0,0.0,7.0,18.0,0.0,0.0,0.0,1.0,0.82,0.7424,0.43,0.2836,363.0
2.0,0.0,4.0,5.0,0.0,0.0,0.0,1.0,0.28,0.2727,0.65,0.2239,5.0
1.0,0.0,2.0,6.0,0.0,6.0,0.0,1.0,0.12,0.1364,0.93,0.194,2.0
3.0,0.0,7.0,18.0,0.0,0.0,0.0,1.0,0.88,0.8182,0.42,0.1642,243.0
1.0,0.0,2.0,1.0,0.0,1.0,1.0,1.0,0.38,0.3939,0.37,0.3582,7.0
3.0,0.0,6.0,9.0,0.0,0.0,0.0,1.0,0.66,0.6212,0.54,0.0896,206.0
4.0,1.0,11.0,20.0,0.0,2.0,1.0,2.0,0.38,0.3939,0.76,0.0,235.0
2.0,1.0,4.0,17.0,0.0,6.0,0.0,1.0,0.54,0.5152,0.19,0.4179,567.0
4.0,1.0,10.0,22.0,0.0,0.0,0.0,1.0,0.56,0.5303,0.73,0.3881,125.0
4.0,1.0,9.0,12.0,0.0,6.0,0.0,1.0,0.62,0.6212,0.41,0.2985,682.0
4.0,0.0,11.0,15.0,0.0,0.0,0.0,2.0,0.52,0.5,0.68,0.194,351.0
3.0,1.0,8.0,18.0,0.0,5.0,1.0,1.0,0.86,0.7576,0.36,0.2537,546.0
3.0,1.0,8.0,2.0,0.0,2.0,1.0,2.0,0.58,0.5455,0.88,0.2836,8.0
2.0,0.0,5.0,15.0,0.0,2.0,1.0,1.0,0.62,0.6061,0.69,0.4478,210.0
2.0,0.0,4.0,0.0,0.0,6.0,0.0,2.0,0.36,0.3485,0.81,0.2239,43.0
2.0,1.0,5.0,13.0,0.0,1.0,1.0,2.0,0.6,0.6212,0.53,0.3284,272.0
3.0,0.0,7.0,17.0,0.0,4.0,1.0,1.0,0.92,0.9091,0.45,0.2985,414.0
4.0,0.0,12.0,4.0,0.0,0.0,0.0,1.0,0.26,0.303,0.87,0.0,11.0
1.0,1.0,2.0,12.0,0.0,2.0,1.0,1.0,0.4,0.4091,0.4,0.3284,172.0
3.0,0.0,6.0,13.0,0.0,2.0,1.0,1.0,0.84,0.7576,0.44,0.0,189.0
4.0,1.0,11.0,14.0,0.0,2.0,1.0,2.0,0.44,0.4394,0.58,0.1045,224.0
4.0,0.0,10.0,12.0,0.0,0.0,0.0,1.0,0.38,0.3939,0.5,0.194,314.0
4.0,0.0,10.0,17.0,0.0,0.0,0.0,3.0,0.36,0.3485,0.87,0.1642,167.0
3.0,1.0,7.0,15.0,0.0,5.0,1.0,2.0,0.8,0.7121,0.36,0.1045,353.0
3.0,0.0,7.0,4.0,0.0,2.0,1.0,1.0,0.66,0.6212,0.69,0.1642,5.0
3.0,1.0,7.0,1.0,0.0,5.0,1.0,1.0,0.78,0.7273,0.55,0.2239,29.0
1.0,0.0,2.0,9.0,0.0,4.0,1.0,1.0,0.16,0.1364,0.47,0.2985,133.0
1.0,1.0,1.0,10.0,0.0,0.0,0.0,1.0,0.34,0.3333,0.49,0.1642,208.0
3.0,1.0,7.0,15.0,0.0,6.0,0.0,1.0,0.88,0.7727,0.32,0.2836,497.0
4.0,1.0,12.0,8.0,0.0,6.0,0.0,2.0,0.24,0.2424,0.87,0.1343,144.0
1.0,0.0,2.0,12.0,0.0,0.0,0.0,1.0,0.4,0.4091,0.54,0.0896,193.0
3.0,0.0,8.0,0.0,0.0,2.0,1.0,1.0,0.6,0.6212,0.43,0.194,35.0
3.0,0.0,6.0,7.0,0.0,5.0,1.0,2.0,0.66,0.6061,0.83,0.2239,268.0
2.0,0.0,5.0,8.0,0.0,1.0,1.0,1.0,0.56,0.5303,0.73,0.2985,394.0
2.0,0.0,5.0,2.0,0.0,0.0,0.0,1.0,0.42,0.4242,0.77,0.1045,50.0
4.0,1.0,11.0,23.0,0.0,6.0,0.0,2.0,0.3,0.3182,0.7,0.1045,133.0
2.0,1.0,6.0,15.0,0.0,5.0,1.0,1.0,0.76,0.6667,0.29,0.2836,397.0
3.0,1.0,8.0,22.0,0.0,3.0,1.0,1.0,0.72,0.697,0.74,0.1045,233.0
4.0,0.0,10.0,15.0,0.0,6.0,0.0,2.0,0.42,0.4242,0.71,0.2836,195.0
4.0,0.0,12.0,18.0,0.0,4.0,1.0,1.0,0.36,0.3636,0.43,0.1045,405.0
3.0,0.0,9.0,7.0,0.0,4.0,1.0,2.0,0.6,0.5,1.0,0.1045,311.0
2.0,1.0,4.0,2.0,0.0,4.0,1.0,1.0,0.32,0.303,0.61,0.2836,4.0
4.0,1.0,9.0,2.0,0.0,3.0,1.0,2.0,0.58,0.5455,0.64,0.2836,17.0
1.0,0.0,2.0,2.0,0.0,3.0,1.0,1.0,0.12,0.1515,0.5,0.1343,1.0
3.0,0.0,7.0,8.0,0.0,5.0,1.0,1.0,0.7,0.6364,0.42,0.1642,492.0
4.0,0.0,11.0,10.0,1.0,5.0,0.0,1.0,0.32,0.2727,0.42,0.5522,200.0
3.0,0.0,7.0,14.0,0.0,6.0,0.0,1.0,0.74,0.6667,0.45,0.2985,433.0
4.0,1.0,11.0,17.0,0.0,6.0,0.0,1.0,0.5,0.4848,0.45,0.194,501.0
1.0,0.0,2.0,0.0,0.0,6.0,0.0,1.0,0.48,0.4697,0.12,0.4925,29.0
3.0,0.0,8.0,0.0,0.0,4.0,1.0,1.0,0.68,0.6364,0.74,0.2985,52.0
1.0,1.0,3.0,14.0,0.0,3.0,1.0,1.0,0.52,0.5,0.36,0.3284,175.0
2.0,1.0,6.0,20.0,0.0,3.0,1.0,1.0,0.86,0.7727,0.39,0.2239,407.0
1.0,1.0,1.0,4.0,0.0,5.0,1.0,1.0,0.22,0.2424,0.6,0.1045,3.0
3.0,1.0,7.0,5.0,0.0,3.0,1.0,1.0,0.64,0.6061,0.65,0.1642,59.0
4.0,1.0,10.0,1.0,0.0,2.0,1.0,1.0,0.46,0.4545,0.77,0.1642,17.0
2.0,1.0,3.0,0.0,0.0,0.0,0.0,2.0,0.44,0.4394,0.94,0.2836,80.0
2.0,1.0,4.0,2.0,0.0,2.0,1.0,1.0,0.36,0.3485,0.53,0.1642,5.0
1.0,1.0,2.0,14.0,0.0,2.0,1.0,1.0,0.4,0.4091,0.4,0.2239,124.0
2.0,0.0,4.0,2.0,0.0,0.0,0.0,2.0,0.38,0.3939,0.87,0.0896,36.0
4.0,0.0,9.0,16.0,0.0,4.0,1.0,1.0,0.68,0.6364,0.41,0.3582,291.0
3.0,1.0,9.0,17.0,0.0,1.0,1.0,2.0,0.64,0.6061,0.65,0.2239,842.0
2.0,1.0,5.0,18.0,0.0,3.0,1.0,1.0,0.56,0.5303,0.73,0.2239,813.0
3.0,0.0,7.0,11.0,0.0,5.0,1.0,1.0,0.8,0.697,0.26,0.0,214.0
3.0,0.0,8.0,2.0,0.0,5.0,1.0,1.0,0.62,0.5606,0.88,0.1343,20.0
2.0,0.0,5.0,22.0,0.0,4.0,1.0,1.0,0.54,0.5152,0.83,0.194,172.0
1.0,1.0,12.0,18.0,0.0,3.0,1.0,3.0,0.28,0.2576,0.93,0.2985,43.0
4.0,0.0,12.0,21.0,0.0,0.0,0.0,1.0,0.22,0.2727,0.55,0.0,63.0
3.0,0.0,8.0,3.0,0.0,3.0,1.0,1.0,0.58,0.5455,0.68,0.1343,1.0
4.0,0.0,10.0,4.0,0.0,1.0,1.0,1.0,0.4,0.4091,0.82,0.0,6.0
2.0,1.0,6.0,3.0,0.0,2.0,1.0,2.0,0.6,0.5758,0.78,0.1045,8.0
4.0,1.0,12.0,0.0,0.0,5.0,1.0,1.0,0.24,0.2576,0.7,0.1045,48.0
3.0,1.0,7.0,0.0,0.0,5.0,1.0,3.0,0.66,0.5909,0.89,0.0896,34.0
3.0,0.0,7.0,9.0,0.0,0.0,0.0,1.0,0.74,0.697,0.66,0.0896,169.0
1.0,0.0,3.0,11.0,0.0,6.0,0.0,2.0,0.4,0.4091,0.76,0.2239,159.0
3.0,0.0,8.0,16.0,0.0,1.0,1.0,1.0,0.74,0.6515,0.3,0.3881,320.0
2.0,1.0,3.0,2.0,0.0,6.0,0.0,1.0,0.54,0.5152,0.77,0.1045,69.0
1.0,1.0,12.0,2.0,0.0,1.0,1.0,1.0,0.16,0.1667,0.59,0.1642,11.0
4.0,0.0,11.0,1.0,0.0,4.0,1.0,2.0,0.42,0.4242,0.82,0.1642,5.0
2.0,0.0,4.0,5.0,0.0,3.0,1.0,2.0,0.56,0.5303,0.94,0.2537,17.0
2.0,0.0,3.0,13.0,0.0,1.0,1.0,2.0,0.5,0.4848,0.63,0.2239,112.0
1.0,0.0,3.0,16.0,0.0,1.0,1.0,1.0,0.34,0.303,0.31,0.3582,122.0
4.0,1.0,9.0,15.0,0.0,5.0,1.0,2.0,0.68,0.6364,0.54,0.2836,392.0
3.0,1.0,7.0,6.0,0.0,1.0,1.0,1.0,0.66,0.6061,0.83,0.1642,161.0
2.0,0.0,5.0,13.0,0.0,6.0,0.0,1.0,0.72,0.6818,0.62,0.2239,385.0
2.0,1.0,5.0,22.0,0.0,4.0,1.0,2.0,0.64,0.5909,0.78,0.1045,243.0
3.0,0.0,9.0,8.0,0.0,1.0,1.0,2.0,0.52,0.5,0.77,0.1343,420.0
4.0,1.0,10.0,12.0,0.0,3.0,1.0,1.0,0.54,0.5152,0.56,0.2239,390.0
3.0,1.0,6.0,8.0,0.0,6.0,0.0,1.0,0.64,0.5758,0.89,0.1642,194.0
3.0,0.0,9.0,8.0,0.0,3.0,1.0,3.0,0.62,0.5455,0.94,0.0896,328.0
1.0,1.0,1.0,12.0,0.0,2.0,1.0,1.0,0.4,0.4091,0.43,0.2985,194.0
3.0,0.0,8.0,23.0,0.0,4.0,1.0,1.0,0.66,0.6212,0.5,0.1642,127.0
3.0,0.0,8.0,3.0,0.0,6.0,0.0,1.0,0.62,0.5909,0.78,0.0,51.0
1.0,0.0,3.0,22.0,0.0,5.0,1.0,1.0,0.3,0.2879,0.7,0.194,44.0
1.0,0.0,12.0,7.0,0.0,5.0,1.0,1.0,0.24,0.2576,0.75,0.0896,95.0
2.0,1.0,4.0,18.0,0.0,6.0,0.0,3.0,0.4,0.4091,0.47,0.0,90.0
1.0,1.0,2.0,4.0,0.0,2.0,1.0,1.0,0.22,0.2727,0.64,0.0,2.0
4.0,0.0,11.0,2.0,0.0,2.0,1.0,3.0,0.38,0.3939,1.0,0.1045,6.0
3.0,1.0,9.0,4.0,0.0,0.0,0.0,1.0,0.5,0.4848,0.72,0.0,8.0
3.0,1.0,9.0,20.0,0.0,6.0,0.0,3.0,0.76,0.7273,0.67,0.2537,207.0
2.0,0.0,4.0,1.0,0.0,3.0,1.0,2.0,0.4,0.4091,1.0,0.2985,1.0
1.0,0.0,2.0,2.0,0.0,6.0,0.0,2.0,0.24,0.2424,0.75,0.1642,17.0
3.0,0.0,9.0,2.0,0.0,3.0,1.0,1.0,0.54,0.5152,0.94,0.0,6.0
1.0,0.0,3.0,8.0,0.0,2.0,1.0,1.0,0.26,0.2879,0.7,0.0896,282.0
1.0,1.0,12.0,14.0,0.0,0.0,0.0,1.0,0.34,0.303,0.31,0.2985,175.0
1.0,1.0,3.0,22.0,0.0,6.0,0.0,1.0,0.44,0.4394,0.21,0.1343,134.0
3.0,0.0,7.0,18.0,0.0,5.0,1.0,1.0,0.66,0.6061,0.83,0.0896,316.0
1.0,1.0,3.0,7.0,0.0,1.0,1.0,1.0,0.46,0.4545,0.88,0.194,354.0
2.0,0.0,6.0,3.0,0.0,3.0,1.0,1.0,0.5,0.4848,0.68,0.2537,1.0
3.0,0.0,8.0,1.0,0.0,6.0,0.0,1.0,0.62,0.5758,0.83,0.0,47.0
2.0,1.0,4.0,22.0,0.0,1.0,1.0,2.0,0.52,0.5,0.55,0.1642,134.0
2.0,0.0,3.0,23.0,0.0,3.0,1.0,3.0,0.32,0.3333,0.9,0.0,26.0
3.0,1.0,9.0,5.0,0.0,2.0,1.0,1.0,0.46,0.4545,0.72,0.0896,44.0
3.0,0.0,6.0,20.0,0.0,3.0,1.0,1.0,0.74,0.7121,0.74,0.1343,282.0
2.0,1.0,4.0,10.0,0.0,0.0,0.0,2.0,0.4,0.4091,0.71,0.1045,360.0
4.0,0.0,10.0,12.0,0.0,3.0,1.0,3.0,0.58,0.5455,0.53,0.2239,194.0
3.0,0.0,7.0,11.0,0.0,1.0,1.0,2.0,0.84,0.8333,0.59,0.194,107.0
3.0,1.0,6.0,6.0,0.0,5.0,1.0,2.0,0.74,0.697,0.66,0.0,122.0
3.0,1.0,7.0,1.0,0.0,4.0,1.0,1.0,0.74,0.697,0.66,0.0896,25.0
4.0,1.0,10.0,22.0,0.0,5.0,1.0,1.0,0.4,0.4091,0.47,0.2985,160.0
4.0,1.0,9.0,9.0,0.0,1.0,1.0,1.0,0.52,0.5,0.52,0.194,328.0
3.0,1.0,7.0,5.0,0.0,1.0,1.0,2.0,0.66,0.6061,0.83,0.2239,28.0
1.0,1.0,1.0,21.0,0.0,2.0,1.0,1.0,0.46,0.4545,0.33,0.2985,165.0
3.0,1.0,8.0,10.0,0.0,3.0,1.0,1.0,0.7,0.6515,0.61,0.0896,225.0
1.0,1.0,1.0,11.0,0.0,3.0,1.0,2.0,0.08,0.1212,0.42,0.0896,46.0
3.0,0.0,9.0,21.0,0.0,4.0,1.0,3.0,0.64,0.5606,0.94,0.1045,82.0
4.0,0.0,11.0,14.0,0.0,4.0,1.0,1.0,0.52,0.5,0.52,0.1642,152.0
3.0,0.0,9.0,16.0,0.0,4.0,1.0,2.0,0.68,0.6364,0.74,0.1343,301.0
3.0,0.0,8.0,7.0,0.0,5.0,1.0,1.0,0.64,0.6212,0.44,0.1642,264.0
4.0,1.0,11.0,11.0,0.0,5.0,1.0,1.0,0.4,0.4091,0.47,0.2985,251.0
3.0,0.0,7.0,1.0,0.0,3.0,1.0,1.0,0.78,0.7121,0.49,0.194,10.0
2.0,1.0,6.0,4.0,0.0,6.0,0.0,1.0,0.62,0.6212,0.57,0.0,8.0
1.0,1.0,1.0,1.0,0.0,3.0,1.0,1.0,0.04,0.0303,0.38,0.2985,3.0
1.0,0.0,12.0,7.0,0.0,6.0,0.0,1.0,0.3,0.2727,0.7,0.3582,10.0
4.0,0.0,11.0,22.0,0.0,2.0,1.0,2.0,0.46,0.4545,0.88,0.1045,128.0
2.0,1.0,5.0,19.0,0.0,4.0,1.0,1.0,0.7,0.6515,0.61,0.2985,492.0
2.0,0.0,6.0,20.0,0.0,0.0,0.0,1.0,0.66,0.6061,0.83,0.1642,206.0
4.0,1.0,11.0,12.0,0.0,0.0,0.0,2.0,0.26,0.2576,0.41,0.2239,202.0
3.0,0.0,9.0,11.0,0.0,3.0,1.0,3.0,0.6,0.5152,0.94,0.0,10.0
4.0,1.0,11.0,9.0,0.0,0.0,0.0,2.0,0.24,0.2273,0.48,0.2239,96.0
4.0,0.0,10.0,23.0,0.0,5.0,1.0,1.0,0.5,0.4848,0.63,0.0,136.0
2.0,0.0,3.0,5.0,0.0,2.0,1.0,2.0,0.4,0.4091,0.87,0.1343,12.0
2.0,1.0,4.0,8.0,0.0,6.0,0.0,1.0,0.52,0.5,0.81,0.2537,201.0
4.0,1.0,12.0,17.0,0.0,4.0,1.0,1.0,0.3,0.3182,0.45,0.1045,617.0
2.0,1.0,4.0,18.0,0.0,5.0,1.0,1.0,0.52,0.5,0.25,0.3582,654.0
3.0,1.0,7.0,5.0,0.0,6.0,0.0,2.0,0.64,0.6061,0.73,0.1045,5.0
1.0,1.0,2.0,18.0,0.0,5.0,1.0,2.0,0.42,0.4242,0.94,0.0,300.0
1.0,1.0,2.0,9.0,0.0,2.0,1.0,1.0,0.28,0.2576,0.45,0.3582,232.0
3.0,0.0,7.0,20.0,0.0,0.0,0.0,1.0,0.8,0.7576,0.55,0.3284,275.0
1.0,1.0,1.0,13.0,0.0,2.0,1.0,1.0,0.46,0.4545,0.36,0.2239,198.0
4.0,1.0,10.0,0.0,0.0,5.0,1.0,2.0,0.54,0.5152,0.77,0.0,71.0
4.0,0.0,11.0,1.0,0.0,2.0,1.0,1.0,0.52,0.5,0.83,0.0896,17.0
2.0,0.0,4.0,11.0,0.0,6.0,0.0,1.0,0.5,0.4848,0.42,0.3582,321.0
3.0,0.0,8.0,7.0,0.0,6.0,0.0,1.0,0.62,0.5758,0.83,0.0,44.0
1.0,0.0,2.0,12.0,0.0,3.0,1.0,2.0,0.24,0.2273,0.93,0.2239,64.0
2.0,0.0,3.0,12.0,0.0,4.0,1.0,2.0,0.3,0.2727,0.7,0.3284,94.0
4.0,1.0,12.0,22.0,0.0,6.0,0.0,1.0,0.36,0.3485,0.62,0.194,156.0
4.0,1.0,10.0,14.0,0.0,1.0,1.0,2.0,0.6,0.5758,0.78,0.2836,185.0
3.0,0.0,9.0,5.0,0.0,4.0,1.0,1.0,0.6,0.5758,0.78,0.0,31.0
3.0,1.0,9.0,21.0,0.0,1.0,1.0,3.0,0.62,0.5758,0.83,0.2239,233.0
4.0,0.0,11.0,21.0,0.0,2.0,1.0,2.0,0.46,0.4545,1.0,0.2537,90.0
1.0,0.0,1.0,16.0,0.0,0.0,0.0,1.0,0.16,0.1364,0.26,0.3284,65.0
4.0,1.0,12.0,1.0,0.0,6.0,0.0,2.0,0.36,0.3485,0.93,0.1343,100.0
1.0,1.0,1.0,22.0,0.0,3.0,1.0,1.0,0.3,0.3182,0.65,0.0896,113.0
4.0,0.0,11.0,18.0,0.0,2.0,1.0,2.0,0.5,0.4848,0.72,0.2836,441.0
3.0,0.0,9.0,1.0,0.0,0.0,0.0,1.0,0.46,0.4545,0.77,0.2239,79.0
1.0,0.0,1.0,6.0,0.0,1.0,1.0,1.0,0.02,0.0758,0.48,0.0896,15.0
1.0,0.0,2.0,23.0,0.0,5.0,1.0,2.0,0.24,0.2424,0.7,0.1343,31.0
2.0,0.0,4.0,4.0,0.0,0.0,0.0,1.0,0.5,0.4848,0.94,0.0896,5.0
3.0,0.0,9.0,11.0,0.0,4.0,1.0,2.0,0.64,0.5758,0.89,0.194,165.0
3.0,0.0,8.0,12.0,0.0,4.0,1.0,1.0,0.8,0.7424,0.52,0.2836,173.0
2.0,0.0,5.0,6.0,0.0,1.0,1.0,1.0,0.44,0.4394,0.72,0.2537,89.0
1.0,1.0,1.0,20.0,0.0,0.0,0.0,3.0,0.16,0.1667,0.86,0.1642,74.0
2.0,0.0,5.0,5.0,0.0,6.0,0.0,1.0,0.46,0.4545,0.59,0.1343,7.0
4.0,0.0,11.0,10.0,0.0,2.0,1.0,3.0,0.4,0.4091,0.94,0.0,52.0
1.0,0.0,1.0,9.0,0.0,6.0,0.0,1.0,0.16,0.1818,0.64,0.1343,33.0
4.0,0.0,11.0,4.0,0.0,0.0,0.0,2.0,0.4,0.4091,0.71,0.2836,12.0
4.0,0.0,11.0,9.0,0.0,4.0,1.0,2.0,0.34,0.303,0.61,0.3284,198.0
3.0,1.0,7.0,14.0,0.0,6.0,0.0,2.0,0.6,0.5455,0.88,0.2537,343.0
2.0,1.0,4.0,22.0,0.0,1.0,1.0,1.0,0.32,0.3182,0.76,0.194,89.0
4.0,0.0,10.0,2.0,0.0,6.0,0.0,3.0,0.3,0.2727,0.87,0.2985,17.0
1.0,1.0,12.0,19.0,0.0,4.0,1.0,1.0,0.24,0.2121,0.6,0.2836,117.0
3.0,0.0,7.0,2.0,0.0,6.0,0.0,1.0,0.82,0.7727,0.52,0.0,61.0
4.0,0.0,10.0,5.0,0.0,3.0,1.0,3.0,0.5,0.4848,1.0,0.1045,3.0
2.0,1.0,4.0,0.0,0.0,6.0,0.0,1.0,0.42,0.4242,0.26,0.2985,94.0
3.0,0.0,9.0,20.0,0.0,1.0,1.0,2.0,0.56,0.5303,0.68,0.1343,231.0
2.0,1.0,5.0,13.0,0.0,3.0,1.0,2.0,0.66,0.6212,0.74,0.1642,270.0
2.0,0.0,4.0,16.0,0.0,6.0,0.0,1.0,0.6,0.5909,0.73,0.2836,426.0
4.0,1.0,12.0,21.0,0.0,3.0,1.0,1.0,0.34,0.303,0.46,0.4179,198.0
2.0,0.0,4.0,13.0,0.0,2.0,1.0,1.0,0.74,0.6667,0.51,0.4478,176.0
2.0,1.0,4.0,15.0,0.0,0.0,0.0,1.0,0.56,0.5303,0.37,0.1343,603.0
2.0,1.0,6.0,3.0,0.0,3.0,1.0,1.0,0.62,0.5758,0.83,0.194,8.0
3.0,1.0,7.0,14.0,0.0,3.0,1.0,1.0,0.8,0.7121,0.41,0.2239,241.0
1.0,0.0,3.0,14.0,0.0,2.0,1.0,1.0,0.32,0.3333,0.36,0.1343,79.0
2.0,0.0,4.0,19.0,0.0,5.0,1.0,1.0,0.34,0.303,0.49,0.3284,136.0
3.0,1.0,7.0,10.0,0.0,0.0,0.0,1.0,0.86,0.7879,0.44,0.2985,366.0
3.0,0.0,6.0,10.0,0.0,2.0,1.0,1.0,0.8,0.7424,0.49,0.1642,157.0
2.0,1.0,5.0,1.0,0.0,4.0,1.0,1.0,0.64,0.6061,0.69,0.0896,26.0
3.0,0.0,8.0,11.0,0.0,6.0,0.0,3.0,0.66,0.5909,0.89,0.4179,88.0
3.0,0.0,8.0,18.0,0.0,6.0,0.0,2.0,0.72,0.697,0.79,0.4478,211.0
2.0,1.0,5.0,17.0,0.0,2.0,1.0,1.0,0.68,0.6364,0.65,0.1045,678.0
2.0,0.0,4.0,20.0,0.0,0.0,0.0,1.0,0.52,0.5,0.36,0.194,141.0
2.0,0.0,5.0,6.0,0.0,6.0,0.0,1.0,0.5,0.4848,0.82,0.1343,28.0
4.0,0.0,12.0,6.0,0.0,0.0,0.0,1.0,0.16,0.2273,0.59,0.0,10.0
4.0,1.0,10.0,4.0,0.0,1.0,1.0,1.0,0.42,0.4242,0.82,0.1045,10.0
1.0,1.0,3.0,20.0,0.0,4.0,1.0,2.0,0.6,0.6212,0.43,0.3881,302.0
1.0,0.0,1.0,21.0,1.0,1.0,0.0,3.0,0.16,0.1515,0.8,0.194,27.0
1.0,0.0,2.0,15.0,0.0,2.0,1.0,1.0,0.22,0.197,0.35,0.3881,51.0
4.0,0.0,10.0,0.0,0.0,6.0,0.0,3.0,0.28,0.2576,0.87,0.2985,19.0
3.0,1.0,9.0,21.0,0.0,2.0,1.0,1.0,0.56,0.5303,0.6,0.1045,310.0
4.0,1.0,12.0,22.0,0.0,3.0,1.0,1.0,0.32,0.2879,0.45,0.3881,105.0
1.0,1.0,2.0,18.0,0.0,2.0,1.0,2.0,0.38,0.3939,0.46,0.2985,406.0
4.0,0.0,11.0,12.0,0.0,6.0,0.0,1.0,0.44,0.4394,0.51,0.0,309.0
2.0,1.0,6.0,13.0,0.0,3.0,1.0,2.0,0.7,0.6364,0.45,0.3881,255.0
2.0,0.0,6.0,3.0,0.0,4.0,1.0,2.0,0.72,0.7121,0.84,0.1045,2.0
3.0,1.0,8.0,13.0,0.0,6.0,0.0,1.0,0.74,0.6515,0.4,0.194,644.0
2.0,1.0,4.0,8.0,0.0,0.0,0.0,2.0,0.36,0.3636,0.76,0.0896,125.0
1.0,1.0,3.0,0.0,0.0,3.0,1.0,1.0,0.28,0.2576,0.65,0.2836,15.0
4.0,1.0,10.0,14.0,0.0,4.0,1.0,1.0,0.52,0.5,0.32,0.0896,348.0
2.0,0.0,6.0,20.0,0.0,3.0,1.0,1.0,0.66,0.6212,0.44,0.1642,330.0
2.0,0.0,6.0,17.0,0.0,6.0,0.0,2.0,0.72,0.6515,0.34,0.2537,344.0
1.0,1.0,2.0,12.0,1.0,1.0,0.0,1.0,0.28,0.2727,0.45,0.2239,281.0
2.0,1.0,5.0,16.0,0.0,4.0,1.0,1.0,0.66,0.6212,0.31,0.194,430.0
4.0,0.0,11.0,16.0,0.0,6.0,0.0,1.0,0.4,0.4091,0.4,0.2239,335.0
3.0,0.0,8.0,10.0,0.0,1.0,1.0,1.0,0.8,0.7424,0.52,0.3881,124.0
4.0,0.0,10.0,11.0,0.0,4.0,1.0,1.0,0.48,0.4697,0.55,0.5224,129.0
2.0,1.0,4.0,7.0,0.0,1.0,1.0,1.0,0.34,0.303,0.66,0.3881,306.0
1.0,0.0,12.0,14.0,0.0,3.0,1.0,1.0,0.32,0.2879,0.39,0.3881,120.0
2.0,0.0,6.0,6.0,0.0,4.0,1.0,3.0,0.58,0.5455,0.73,0.1642,112.0
1.0,1.0,3.0,18.0,0.0,2.0,1.0,1.0,0.6,0.5909,0.69,0.2537,801.0
2.0,1.0,4.0,23.0,0.0,4.0,1.0,1.0,0.42,0.4242,0.35,0.194,94.0
4.0,1.0,11.0,8.0,0.0,2.0,1.0,1.0,0.34,0.3333,0.71,0.1343,665.0
3.0,0.0,8.0,5.0,0.0,1.0,1.0,1.0,0.56,0.5303,0.73,0.1343,17.0
2.0,0.0,3.0,19.0,0.0,1.0,1.0,1.0,0.58,0.5455,0.6,0.4179,221.0
1.0,1.0,1.0,22.0,0.0,3.0,1.0,1.0,0.18,0.1667,0.47,0.2537,78.0
1.0,0.0,1.0,14.0,0.0,5.0,1.0,1.0,0.2,0.1515,0.25,0.5224,62.0
3.0,1.0,9.0,5.0,0.0,4.0,1.0,1.0,0.44,0.4394,0.77,0.1045,56.0
3.0,1.0,7.0,3.0,0.0,0.0,0.0,1.0,0.8,0.7727,0.59,0.1045,35.0
2.0,0.0,4.0,18.0,0.0,6.0,0.0,1.0,0.54,0.5152,0.43,0.1343,371.0
2.0,1.0,5.0,14.0,0.0,6.0,0.0,3.0,0.7,0.6515,0.61,0.2985,428.0
4.0,1.0,9.0,23.0,0.0,3.0,1.0,2.0,0.6,0.5758,0.78,0.2537,115.0
2.0,1.0,6.0,17.0,0.0,5.0,1.0,3.0,0.7,0.6515,0.7,0.2537,227.0
4.0,1.0,12.0,6.0,0.0,1.0,1.0,2.0,0.36,0.3485,0.93,0.1343,108.0
1.0,1.0,2.0,21.0,0.0,3.0,1.0,2.0,0.48,0.4697,0.33,0.2836,239.0
2.0,1.0,4.0,11.0,0.0,5.0,1.0,1.0,0.54,0.5152,0.68,0.1642,254.0
4.0,1.0,10.0,6.0,0.0,6.0,0.0,2.0,0.5,0.4848,0.82,0.194,31.0
4.0,0.0,10.0,22.0,0.0,4.0,1.0,1.0,0.44,0.4394,0.51,0.3284,128.0
3.0,1.0,7.0,17.0,0.0,1.0,1.0,1.0,0.76,0.697,0.55,0.3284,827.0
1.0,1.0,1.0,16.0,0.0,2.0,1.0,1.0,0.46,0.4545,0.63,0.5522,219.0
3.0,0.0,7.0,17.0,0.0,6.0,0.0,1.0,0.9,0.7879,0.29,0.1045,302.0
3.0,0.0,6.0,8.0,0.0,4.0,1.0,2.0,0.74,0.697,0.7,0.194,432.0
2.0,0.0,5.0,20.0,0.0,1.0,1.0,1.0,0.54,0.5152,0.49,0.194,239.0
1.0,1.0,12.0,9.0,0.0,0.0,0.0,1.0,0.2,0.2273,0.59,0.1045,56.0
2.0,0.0,5.0,19.0,0.0,6.0,0.0,3.0,0.54,0.5152,0.94,0.1343,248.0
2.0,1.0,6.0,7.0,0.0,2.0,1.0,2.0,0.6,0.5758,0.78,0.1343,480.0
2.0,1.0,4.0,21.0,1.0,1.0,0.0,1.0,0.68,0.6364,0.51,0.2537,271.0
1.0,1.0,2.0,21.0,0.0,1.0,1.0,1.0,0.46,0.4545,0.36,0.2836,195.0
1.0,1.0,3.0,19.0,0.0,1.0,1.0,2.0,0.56,0.5303,0.49,0.2239,446.0
2.0,0.0,4.0,11.0,0.0,4.0,1.0,1.0,0.44,0.4394,0.41,0.2836,133.0
3.0,0.0,8.0,18.0,0.0,2.0,1.0,1.0,0.7,0.6364,0.45,0.1642,576.0
1.0,0.0,3.0,7.0,0.0,4.0,1.0,3.0,0.38,0.3939,0.0,0.2239,37.0
1.0,0.0,2.0,16.0,0.0,2.0,1.0,1.0,0.22,0.2273,0.51,0.1642,86.0
3.0,0.0,7.0,13.0,0.0,1.0,1.0,1.0,0.82,0.7879,0.56,0.2537,152.0
3.0,1.0,7.0,12.0,0.0,5.0,1.0,1.0,0.84,0.7879,0.49,0.3582,299.0
1.0,1.0,3.0,21.0,0.0,6.0,0.0,1.0,0.54,0.5152,0.68,0.1642,223.0
3.0,0.0,9.0,18.0,0.0,3.0,1.0,3.0,0.64,0.5758,0.83,0.1642,408.0
2.0,0.0,6.0,17.0,0.0,0.0,0.0,1.0,0.74,0.6667,0.51,0.0,397.0
2.0,0.0,6.0,8.0,0.0,2.0,1.0,2.0,0.68,0.6364,0.61,0.1343,477.0
1.0,1.0,2.0,6.0,0.0,0.0,0.0,2.0,0.26,0.2424,0.7,0.2537,4.0
2.0,1.0,5.0,4.0,0.0,5.0,1.0,1.0,0.42,0.4242,0.5,0.194,9.0
2.0,0.0,4.0,7.0,0.0,1.0,1.0,2.0,0.44,0.4394,0.54,0.2537,157.0
3.0,1.0,7.0,19.0,0.0,5.0,1.0,1.0,0.88,0.7879,0.35,0.2239,418.0
3.0,1.0,6.0,13.0,0.0,6.0,0.0,1.0,0.82,0.7273,0.34,0.194,564.0
1.0,1.0,3.0,15.0,0.0,4.0,1.0,1.0,0.6,0.6212,0.31,0.2537,223.0
2.0,1.0,5.0,5.0,0.0,5.0,1.0,1.0,0.42,0.4242,0.47,0.1642,26.0
2.0,1.0,4.0,9.0,0.0,1.0,1.0,1.0,0.46,0.4545,0.31,0.3582,286.0
4.0,0.0,10.0,1.0,0.0,5.0,1.0,1.0,0.4,0.4091,0.62,0.2239,26.0
1.0,1.0,12.0,20.0,0.0,1.0,1.0,3.0,0.24,0.2424,0.93,0.1343,23.0
4.0,1.0,12.0,8.0,0.0,0.0,0.0,2.0,0.36,0.3485,0.87,0.1343,88.0
2.0,1.0,5.0,19.0,0.0,4.0,1.0,1.0,0.7,0.6515,0.61,0.194,522.0
4.0,0.0,10.0,23.0,0.0,4.0,1.0,1.0,0.44,0.4394,0.88,0.0896,99.0
3.0,1.0,7.0,20.0,0.0,3.0,1.0,1.0,0.74,0.6515,0.4,0.1642,567.0
4.0,1.0,10.0,11.0,0.0,2.0,1.0,2.0,0.48,0.4697,0.69,0.194,193.0
2.0,0.0,5.0,17.0,0.0,3.0,1.0,1.0,0.6,0.5909,0.69,0.1343,565.0
3.0,1.0,8.0,12.0,0.0,4.0,1.0,1.0,0.76,0.6818,0.45,0.1343,294.0
4.0,1.0,10.0,16.0,0.0,6.0,0.0,1.0,0.5,0.4848,0.31,0.194,637.0
3.0,1.0,7.0,11.0,0.0,3.0,1.0,1.0,0.76,0.6667,0.33,0.0,281.0
2.0,0.0,3.0,19.0,0.0,5.0,1.0,2.0,0.3,0.2879,0.36,0.2836,135.0
1.0,0.0,2.0,9.0,0.0,1.0,1.0,1.0,0.42,0.4242,0.82,0.2836,142.0
1.0,0.0,3.0,21.0,0.0,5.0,1.0,2.0,0.3,0.2879,0.7,0.2239,70.0
4.0,0.0,12.0,0.0,0.0,3.0,1.0,1.0,0.44,0.4394,1.0,0.194,33.0
2.0,0.0,4.0,19.0,1.0,5.0,0.0,1.0,0.42,0.4242,0.77,0.3881,209.0
4.0,0.0,11.0,17.0,0.0,2.0,1.0,2.0,0.5,0.4848,0.72,0.194,451.0
1.0,0.0,2.0,19.0,0.0,6.0,0.0,1.0,0.32,0.303,0.49,0.2537,94.0
2.0,1.0,3.0,2.0,0.0,0.0,0.0,3.0,0.42,0.4242,1.0,0.2985,35.0
1.0,1.0,3.0,13.0,0.0,0.0,0.0,1.0,0.42,0.4242,0.41,0.2985,464.0
1.0,1.0,2.0,4.0,0.0,5.0,1.0,1.0,0.26,0.2879,0.56,0.0896,2.0
3.0,0.0,9.0,14.0,0.0,4.0,1.0,2.0,0.66,0.6061,0.83,0.2239,183.0
1.0,1.0,3.0,0.0,0.0,0.0,0.0,2.0,0.4,0.4091,0.3,0.3582,72.0
4.0,0.0,9.0,21.0,0.0,1.0,1.0,1.0,0.64,0.5758,0.89,0.1343,182.0
1.0,1.0,1.0,23.0,0.0,4.0,1.0,1.0,0.4,0.4091,0.76,0.3284,67.0
2.0,0.0,5.0,11.0,0.0,2.0,1.0,2.0,0.56,0.5303,0.83,0.4179,130.0
1.0,0.0,1.0,19.0,0.0,3.0,1.0,1.0,0.24,0.2576,0.38,0.1045,132.0
3.0,0.0,8.0,22.0,0.0,6.0,0.0,2.0,0.68,0.6364,0.83,0.3881,154.0
2.0,0.0,5.0,6.0,0.0,6.0,0.0,2.0,0.5,0.4848,0.88,0.1045,11.0
2.0,0.0,5.0,12.0,0.0,3.0,1.0,1.0,0.74,0.6818,0.55,0.1343,210.0
2.0,0.0,5.0,13.0,0.0,1.0,1.0,1.0,0.68,0.6364,0.51,0.0,214.0
2.0,0.0,5.0,8.0,0.0,0.0,0.0,1.0,0.6,0.5909,0.73,0.0896,94.0
4.0,1.0,12.0,9.0,0.0,3.0,1.0,2.0,0.28,0.2879,0.61,0.1343,285.0
2.0,0.0,5.0,1.0,0.0,1.0,1.0,1.0,0.46,0.4545,0.72,0.1343,114.0
1.0,1.0,3.0,12.0,0.0,1.0,1.0,1.0,0.6,0.6061,0.64,0.2537,282.0
1.0,1.0,2.0,23.0,0.0,4.0,1.0,2.0,0.3,0.3333,0.52,0.0,84.0
1.0,1.0,2.0,10.0,0.0,2.0,1.0,1.0,0.34,0.3333,0.46,0.1642,116.0
2.0,0.0,6.0,8.0,0.0,0.0,0.0,1.0,0.7,0.6667,0.74,0.0,92.0
3.0,0.0,9.0,12.0,0.0,3.0,1.0,1.0,0.74,0.6818,0.58,0.2239,212.0
1.0,0.0,2.0,14.0,0.0,0.0,0.0,1.0,0.44,0.4394,0.47,0.0896,282.0
2.0,0.0,5.0,15.0,0.0,1.0,1.0,1.0,0.62,0.6212,0.41,0.2239,199.0
3.0,0.0,8.0,8.0,0.0,0.0,0.0,3.0,0.62,0.5758,0.83,0.4179,8.0
2.0,1.0,4.0,0.0,0.0,3.0,1.0,1.0,0.48,0.4697,0.48,0.0,41.0
2.0,0.0,3.0,19.0,0.0,1.0,1.0,1.0,0.3,0.303,0.22,0.1343,173.0
2.0,0.0,5.0,19.0,0.0,1.0,1.0,1.0,0.58,0.5455,0.43,0.194,384.0
2.0,0.0,6.0,5.0,0.0,3.0,1.0,1.0,0.48,0.4697,0.67,0.2836,21.0
4.0,1.0,12.0,6.0,0.0,3.0,1.0,1.0,0.24,0.2576,0.75,0.0896,112.0
2.0,1.0,6.0,13.0,0.0,1.0,1.0,2.0,0.8,0.7121,0.41,0.2985,248.0
3.0,0.0,9.0,6.0,0.0,3.0,1.0,2.0,0.54,0.5152,1.0,0.194,117.0
4.0,1.0,10.0,11.0,0.0,6.0,0.0,1.0,0.42,0.4242,0.35,0.1343,527.0
4.0,1.0,12.0,11.0,0.0,1.0,1.0,3.0,0.46,0.4545,0.94,0.2239,134.0
2.0,1.0,5.0,2.0,0.0,5.0,1.0,1.0,0.46,0.4545,0.44,0.1642,31.0
3.0,0.0,7.0,23.0,0.0,6.0,0.0,1.0,0.72,0.6667,0.54,0.2836,154.0
3.0,0.0,8.0,17.0,0.0,4.0,1.0,1.0,0.76,0.7121,0.62,0.3284,555.0
4.0,1.0,12.0,18.0,0.0,4.0,1.0,2.0,0.34,0.3333,0.71,0.194,381.0
1.0,1.0,12.0,4.0,0.0,5.0,1.0,2.0,0.36,0.3182,0.71,0.4925,6.0
2.0,0.0,6.0,17.0,0.0,0.0,0.0,1.0,0.74,0.6667,0.51,0.0,390.0
1.0,0.0,1.0,4.0,0.0,6.0,0.0,1.0,0.24,0.2879,0.75,0.0,1.0
4.0,0.0,11.0,21.0,0.0,3.0,1.0,1.0,0.36,0.3182,0.57,0.4627,66.0
2.0,0.0,5.0,7.0,0.0,5.0,1.0,3.0,0.5,0.4848,0.88,0.1642,157.0
4.0,0.0,11.0,10.0,0.0,1.0,1.0,2.0,0.5,0.4848,0.63,0.2836,111.0
3.0,1.0,8.0,20.0,0.0,6.0,0.0,1.0,0.7,0.6364,0.45,0.1045,341.0
4.0,0.0,10.0,0.0,0.0,2.0,1.0,1.0,0.48,0.4697,0.82,0.0,31.0
1.0,1.0,12.0,6.0,0.0,5.0,1.0,2.0,0.34,0.2879,0.57,0.5821,80.0
3.0,0.0,8.0,2.0,0.0,6.0,0.0,1.0,0.66,0.6061,0.78,0.2239,53.0
1.0,1.0,1.0,23.0,0.0,2.0,1.0,1.0,0.44,0.4394,0.38,0.2537,63.0
2.0,1.0,3.0,14.0,0.0,5.0,1.0,2.0,0.72,0.6515,0.42,0.1045,432.0
4.0,1.0,11.0,12.0,0.0,5.0,1.0,2.0,0.38,0.3939,0.46,0.0,268.0
1.0,0.0,1.0,1.0,0.0,2.0,1.0,2.0,0.16,0.1667,0.69,0.1642,5.0
1.0,1.0,1.0,12.0,0.0,3.0,1.0,3.0,0.3,0.3333,0.81,0.0,55.0
3.0,0.0,8.0,5.0,0.0,2.0,1.0,1.0,0.54,0.5152,0.56,0.194,36.0
1.0,0.0,12.0,13.0,0.0,6.0,0.0,1.0,0.5,0.4848,0.42,0.4925,313.0
4.0,1.0,10.0,13.0,0.0,4.0,1.0,1.0,0.62,0.6212,0.53,0.3582,332.0
3.0,0.0,8.0,0.0,0.0,3.0,1.0,1.0,0.62,0.6212,0.57,0.1343,38.0
4.0,0.0,12.0,22.0,0.0,1.0,1.0,1.0,0.26,0.303,0.7,0.0,71.0
4.0,1.0,12.0,16.0,0.0,2.0,1.0,1.0,0.44,0.4394,0.41,0.4627,363.0
3.0,0.0,8.0,18.0,0.0,2.0,1.0,2.0,0.86,0.7576,0.34,0.194,556.0
2.0,1.0,5.0,12.0,0.0,3.0,1.0,2.0,0.58,0.5455,0.83,0.2239,245.0
1.0,0.0,1.0,8.0,0.0,3.0,1.0,1.0,0.2,0.1818,0.4,0.2985,195.0
3.0,1.0,9.0,14.0,0.0,6.0,0.0,2.0,0.86,0.7879,0.44,0.1642,514.0
2.0,0.0,5.0,11.0,0.0,4.0,1.0,3.0,0.54,0.5152,0.88,0.1642,164.0
4.0,0.0,11.0,9.0,0.0,2.0,1.0,3.0,0.4,0.4091,0.94,0.0,149.0
4.0,1.0,11.0,23.0,0.0,0.0,0.0,1.0,0.22,0.2576,0.69,0.0896,41.0
3.0,1.0,7.0,20.0,0.0,1.0,1.0,1.0,0.76,0.7121,0.62,0.1642,403.0
2.0,1.0,5.0,14.0,0.0,4.0,1.0,1.0,0.64,0.6061,0.65,0.194,204.0
3.0,1.0,7.0,7.0,0.0,2.0,1.0,1.0,0.7,0.6667,0.74,0.1642,516.0
1.0,0.0,1.0,18.0,0.0,6.0,0.0,2.0,0.3,0.2879,0.45,0.2537,84.0
1.0,0.0,3.0,18.0,0.0,5.0,1.0,1.0,0.32,0.303,0.49,0.3284,153.0
1.0,1.0,3.0,16.0,0.0,3.0,1.0,1.0,0.72,0.6364,0.25,0.194,356.0
3.0,1.0,7.0,3.0,0.0,2.0,1.0,1.0,0.66,0.6061,0.83,0.0896,6.0
4.0,1.0,12.0,8.0,0.0,0.0,0.0,3.0,0.4,0.4091,0.87,0.1642,69.0
1.0,1.0,2.0,3.0,0.0,5.0,1.0,1.0,0.28,0.2576,0.56,0.2985,4.0
1.0,0.0,12.0,19.0,0.0,3.0,1.0,2.0,0.5,0.4848,0.94,0.3284,209.0
3.0,1.0,6.0,21.0,0.0,5.0,1.0,3.0,0.68,0.6364,0.65,0.2836,217.0
4.0,0.0,10.0,7.0,0.0,3.0,1.0,1.0,0.42,0.4242,0.71,0.1642,299.0
4.0,0.0,10.0,15.0,0.0,0.0,0.0,1.0,0.62,0.6212,0.35,0.3881,412.0
4.0,0.0,10.0,2.0,0.0,6.0,0.0,1.0,0.46,0.4545,0.59,0.194,56.0
2.0,1.0,5.0,8.0,0.0,3.0,1.0,1.0,0.58,0.5455,0.83,0.0,719.0
2.0,1.0,6.0,22.0,0.0,2.0,1.0,1.0,0.56,0.5303,0.52,0.1045,193.0
4.0,1.0,11.0,2.0,0.0,3.0,1.0,1.0,0.24,0.2121,0.6,0.2985,1.0
3.0,1.0,7.0,3.0,0.0,6.0,0.0,1.0,0.72,0.6818,0.7,0.0,43.0
1.0,0.0,1.0,17.0,0.0,0.0,0.0,1.0,0.14,0.1061,0.26,0.3881,55.0
4.0,0.0,10.0,10.0,0.0,6.0,0.0,3.0,0.26,0.2273,0.93,0.3284,12.0
2.0,0.0,5.0,14.0,0.0,1.0,1.0,1.0,0.64,0.6061,0.69,0.2239,181.0
2.0,1.0,4.0,16.0,0.0,1.0,1.0,3.0,0.3,0.2727,0.81,0.3582,103.0
1.0,1.0,1.0,6.0,0.0,4.0,1.0,2.0,0.28,0.3182,0.81,0.0,88.0
1.0,1.0,1.0,22.0,0.0,2.0,1.0,1.0,0.46,0.4545,0.72,0.3881,90.0
2.0,1.0,3.0,13.0,0.0,0.0,0.0,2.0,0.42,0.4242,0.88,0.1642,367.0
3.0,0.0,9.0,19.0,0.0,1.0,1.0,1.0,0.68,0.6364,0.57,0.1343,436.0
1.0,0.0,2.0,11.0,0.0,3.0,1.0,2.0,0.14,0.1515,0.43,0.1642,41.0
4.0,0.0,10.0,20.0,0.0,1.0,1.0,1.0,0.48,0.4697,0.82,0.1045,129.0
2.0,1.0,5.0,7.0,0.0,3.0,1.0,3.0,0.6,0.5758,0.78,0.194,483.0
1.0,0.0,1.0,7.0,0.0,0.0,0.0,1.0,0.08,0.1061,0.58,0.1642,2.0
2.0,1.0,4.0,19.0,0.0,6.0,0.0,2.0,0.6,0.6212,0.4,0.1642,459.0
1.0,1.0,2.0,10.0,0.0,3.0,1.0,3.0,0.3,0.303,0.81,0.1642,10.0
3.0,1.0,8.0,2.0,0.0,4.0,1.0,1.0,0.62,0.5758,0.83,0.0,20.0
3.0,0.0,8.0,13.0,0.0,1.0,1.0,1.0,0.84,0.7576,0.44,0.2985,151.0
3.0,0.0,9.0,16.0,0.0,6.0,0.0,1.0,0.72,0.6818,0.7,0.194,374.0
2.0,0.0,6.0,8.0,0.0,0.0,0.0,2.0,0.6,0.5909,0.73,0.2537,98.0
4.0,1.0,12.0,15.0,0.0,3.0,1.0,1.0,0.42,0.4242,0.5,0.2836,237.0
4.0,1.0,11.0,5.0,0.0,5.0,1.0,2.0,0.3,0.3182,0.65,0.0896,36.0
2.0,1.0,5.0,5.0,0.0,6.0,0.0,1.0,0.42,0.4242,0.67,0.1343,13.0
4.0,0.0,11.0,22.0,0.0,0.0,0.0,1.0,0.48,0.4697,0.72,0.2537,66.0
2.0,1.0,4.0,4.0,0.0,4.0,1.0,1.0,0.3,0.2879,0.61,0.2239,1.0
3.0,0.0,7.0,23.0,0.0,0.0,0.0,1.0,0.64,0.5758,0.83,0.1642,147.0
4.0,1.0,10.0,15.0,0.0,3.0,1.0,1.0,0.6,0.6212,0.4,0.1642,319.0
1.0,1.0,2.0,10.0,0.0,3.0,1.0,1.0,0.4,0.4091,0.62,0.1343,133.0
1.0,1.0,2.0,14.0,0.0,6.0,0.0,1.0,0.44,0.4394,0.35,0.3582,427.0
3.0,0.0,8.0,6.0,0.0,1.0,1.0,1.0,0.56,0.5303,0.73,0.1343,102.0
3.0,1.0,8.0,9.0,0.0,5.0,1.0,1.0,0.7,0.2424,0.58,0.1045,378.0
1.0,0.0,12.0,8.0,0.0,6.0,0.0,1.0,0.34,0.3333,0.81,0.1343,49.0
2.0,0.0,3.0,2.0,0.0,5.0,1.0,1.0,0.2,0.197,0.69,0.2239,5.0
3.0,0.0,9.0,16.0,0.0,4.0,1.0,3.0,0.64,0.5606,0.94,0.2836,156.0
4.0,1.0,12.0,1.0,0.0,3.0,1.0,1.0,0.3,0.3182,0.65,0.0896,15.0
1.0,1.0,1.0,3.0,0.0,0.0,0.0,2.0,0.16,0.1364,0.48,0.3881,25.0
1.0,0.0,3.0,0.0,0.0,4.0,1.0,1.0,0.24,0.197,0.3,0.4627,13.0
3.0,1.0,8.0,18.0,0.0,2.0,1.0,1.0,0.72,0.6667,0.54,0.2239,625.0
1.0,0.0,3.0,3.0,0.0,6.0,0.0,2.0,0.54,0.5152,0.39,0.3284,8.0
1.0,1.0,1.0,20.0,1.0,1.0,0.0,1.0,0.26,0.2424,0.6,0.2836,90.0
1.0,1.0,12.0,14.0,0.0,5.0,1.0,2.0,0.3,0.303,0.49,0.1343,261.0
3.0,0.0,8.0,12.0,0.0,4.0,1.0,3.0,0.7,0.6667,0.79,0.0,41.0
4.0,0.0,10.0,1.0,0.0,6.0,0.0,1.0,0.46,0.4545,0.55,0.2537,73.0
1.0,1.0,2.0,23.0,0.0,1.0,1.0,1.0,0.3,0.303,0.65,0.1343,46.0
3.0,1.0,8.0,15.0,0.0,2.0,1.0,1.0,0.8,0.7424,0.52,0.0,306.0
1.0,1.0,3.0,9.0,0.0,1.0,1.0,1.0,0.38,0.3939,0.54,0.1642,281.0
1.0,1.0,3.0,5.0,0.0,4.0,1.0,1.0,0.42,0.4242,0.77,0.2239,29.0
2.0,0.0,5.0,7.0,0.0,3.0,1.0,1.0,0.54,0.5152,0.88,0.194,274.0
3.0,0.0,7.0,10.0,0.0,5.0,1.0,2.0,0.66,0.6212,0.61,0.1642,166.0
4.0,1.0,11.0,0.0,0.0,0.0,0.0,1.0,0.3,0.3182,0.61,0.1045,102.0
2.0,1.0,6.0,10.0,0.0,2.0,1.0,1.0,0.64,0.6061,0.73,0.0896,180.0
1.0,1.0,2.0,20.0,0.0,1.0,1.0,1.0,0.48,0.4697,0.33,0.3582,219.0
1.0,0.0,2.0,15.0,0.0,6.0,0.0,3.0,0.22,0.2727,1.0,0.0,60.0
4.0,0.0,11.0,0.0,1.0,4.0,0.0,1.0,0.32,0.303,0.57,0.2239,23.0
4.0,0.0,10.0,1.0,0.0,6.0,0.0,1.0,0.48,0.4697,0.67,0.3284,58.0
2.0,0.0,4.0,3.0,0.0,4.0,1.0,2.0,0.64,0.5909,0.78,0.3881,3.0
4.0,0.0,10.0,4.0,0.0,5.0,1.0,1.0,0.56,0.5303,0.94,0.194,8.0
3.0,0.0,7.0,8.0,0.0,2.0,1.0,1.0,0.72,0.6818,0.62,0.1343,432.0
2.0,1.0,5.0,18.0,0.0,4.0,1.0,1.0,0.74,0.6515,0.3,0.194,785.0
1.0,0.0,1.0,14.0,0.0,5.0,1.0,2.0,0.2,0.197,0.4,0.2537,50.0
2.0,0.0,3.0,2.0,0.0,3.0,1.0,3.0,0.34,0.3182,0.76,0.2239,2.0
2.0,1.0,5.0,6.0,0.0,2.0,1.0,1.0,0.66,0.6061,0.78,0.2239,154.0
4.0,0.0,11.0,5.0,0.0,5.0,1.0,1.0,0.22,0.2273,0.44,0.1343,22.0
3.0,1.0,7.0,9.0,0.0,5.0,1.0,1.0,0.82,0.7727,0.49,0.2836,363.0
4.0,1.0,11.0,15.0,0.0,4.0,1.0,2.0,0.38,0.3939,0.58,0.1642,217.0
1.0,1.0,1.0,5.0,1.0,1.0,0.0,1.0,0.12,0.1667,0.54,0.0896,6.0
1.0,0.0,2.0,21.0,0.0,6.0,0.0,1.0,0.26,0.303,0.41,0.0,51.0
3.0,1.0,9.0,21.0,0.0,0.0,0.0,1.0,0.6,0.6212,0.46,0.2239,206.0
3.0,1.0,8.0,12.0,0.0,6.0,0.0,3.0,0.72,0.6667,0.54,0.3881,584.0
2.0,0.0,3.0,17.0,0.0,3.0,1.0,3.0,0.26,0.2727,0.93,0.1045,116.0
2.0,0.0,5.0,19.0,0.0,5.0,1.0,3.0,0.54,0.5152,0.52,0.3582,292.0
4.0,1.0,11.0,1.0,0.0,5.0,1.0,1.0,0.28,0.303,0.81,0.0896,13.0
4.0,1.0,10.0,11.0,0.0,1.0,1.0,1.0,0.56,0.5303,0.37,0.1642,211.0
2.0,0.0,5.0,8.0,0.0,2.0,1.0,2.0,0.52,0.5,0.94,0.2985,347.0
1.0,0.0,1.0,20.0,0.0,4.0,1.0,1.0,0.18,0.2121,0.74,0.0896,59.0
3.0,1.0,7.0,2.0,0.0,2.0,1.0,1.0,0.72,0.6818,0.7,0.0896,7.0
1.0,1.0,1.0,20.0,0.0,5.0,1.0,2.0,0.2,0.2273,0.34,0.0896,142.0
3.0,0.0,7.0,5.0,0.0,5.0,1.0,1.0,0.6,0.5909,0.73,0.1343,23.0
4.0,0.0,11.0,15.0,1.0,5.0,0.0,1.0,0.36,0.3333,0.37,0.4179,216.0
2.0,1.0,4.0,17.0,0.0,5.0,1.0,1.0,0.54,0.5152,0.24,0.3881,702.0
4.0,1.0,10.0,18.0,0.0,6.0,0.0,2.0,0.56,0.5303,0.64,0.2836,456.0
2.0,1.0,6.0,5.0,0.0,0.0,0.0,1.0,0.5,0.4848,0.68,0.0,12.0
3.0,1.0,9.0,13.0,0.0,3.0,1.0,1.0,0.7,0.6364,0.34,0.1343,323.0
3.0,1.0,6.0,3.0,0.0,0.0,0.0,2.0,0.66,0.6212,0.65,0.0896,60.0
2.0,1.0,5.0,19.0,0.0,2.0,1.0,2.0,0.64,0.6061,0.69,0.2836,458.0
3.0,1.0,8.0,13.0,0.0,3.0,1.0,1.0,0.76,0.6818,0.48,0.1045,316.0
1.0,1.0,2.0,15.0,0.0,1.0,1.0,1.0,0.42,0.4242,0.32,0.2836,171.0
1.0,0.0,2.0,18.0,0.0,4.0,1.0,1.0,0.2,0.2121,0.4,0.1642,147.0
1.0,1.0,12.0,10.0,0.0,1.0,1.0,2.0,0.2,0.2121,0.69,0.1343,120.0
1.0,0.0,2.0,14.0,0.0,2.0,1.0,2.0,0.22,0.2576,0.8,0.0896,54.0
2.0,0.0,4.0,1.0,0.0,4.0,1.0,1.0,0.38,0.3939,0.76,0.2239,10.0
4.0,0.0,12.0,1.0,0.0,4.0,1.0,1.0,0.26,0.2273,0.81,0.3582,7.0
1.0,1.0,2.0,22.0,0.0,1.0,1.0,1.0,0.44,0.4394,0.44,0.2537,92.0
2.0,1.0,5.0,21.0,0.0,2.0,1.0,1.0,0.64,0.6061,0.65,0.1343,282.0
2.0,0.0,3.0,21.0,0.0,0.0,0.0,1.0,0.26,0.2576,0.41,0.1642,36.0
2.0,1.0,6.0,12.0,0.0,5.0,1.0,1.0,0.7,0.6364,0.45,0.1642,403.0
1.0,1.0,1.0,16.0,0.0,6.0,0.0,1.0,0.42,0.4242,0.44,0.3582,407.0
4.0,0.0,11.0,3.0,0.0,0.0,0.0,2.0,0.36,0.3485,0.62,0.1343,28.0
2.0,0.0,5.0,14.0,0.0,0.0,0.0,1.0,0.74,0.697,0.7,0.2836,351.0
3.0,0.0,9.0,11.0,0.0,5.0,1.0,2.0,0.66,0.6212,0.74,0.1045,192.0
3.0,1.0,8.0,5.0,0.0,5.0,1.0,1.0,0.64,0.2424,0.73,0.1045,36.0
3.0,1.0,8.0,13.0,0.0,6.0,0.0,2.0,0.72,0.6667,0.51,0.3582,517.0
3.0,1.0,8.0,14.0,0.0,1.0,1.0,1.0,0.72,0.6667,0.54,0.1642,275.0
3.0,0.0,8.0,15.0,0.0,6.0,0.0,1.0,0.8,0.7273,0.43,0.194,390.0
1.0,0.0,1.0,21.0,0.0,2.0,1.0,1.0,0.22,0.2727,0.64,0.0,48.0
2.0,0.0,4.0,1.0,0.0,0.0,0.0,1.0,0.3,0.3182,0.61,0.1045,34.0
3.0,0.0,8.0,12.0,0.0,4.0,1.0,2.0,0.76,0.7121,0.62,0.2239,205.0
2.0,0.0,5.0,19.0,0.0,0.0,0.0,1.0,0.56,0.5303,0.64,0.0,239.0
3.0,1.0,9.0,12.0,0.0,2.0,1.0,3.0,0.68,0.6364,0.83,0.4478,88.0
1.0,1.0,2.0,11.0,0.0,0.0,0.0,2.0,0.26,0.2576,0.7,0.194,182.0
3.0,0.0,9.0,17.0,0.0,6.0,0.0,1.0,0.74,0.6818,0.55,0.2239,460.0
3.0,1.0,9.0,10.0,0.0,0.0,0.0,1.0,0.64,0.6212,0.57,0.2985,495.0
4.0,0.0,11.0,18.0,0.0,0.0,0.0,1.0,0.42,0.4242,0.71,0.1045,185.0
4.0,1.0,10.0,5.0,0.0,0.0,0.0,1.0,0.4,0.4091,0.82,0.194,11.0
4.0,0.0,11.0,4.0,0.0,6.0,0.0,1.0,0.2,0.2121,0.8,0.1343,7.0
3.0,1.0,7.0,5.0,0.0,1.0,1.0,1.0,0.66,0.6061,0.83,0.1045,47.0
1.0,1.0,3.0,4.0,0.0,1.0,1.0,1.0,0.34,0.3333,0.61,0.194,3.0
1.0,1.0,1.0,4.0,0.0,1.0,1.0,1.0,0.22,0.2424,0.64,0.1045,4.0
2.0,0.0,4.0,22.0,0.0,6.0,0.0,2.0,0.58,0.5455,0.78,0.2537,169.0
3.0,0.0,6.0,8.0,0.0,3.0,1.0,1.0,0.72,0.697,0.74,0.1045,423.0
4.0,1.0,10.0,0.0,0.0,0.0,0.0,1.0,0.44,0.4394,0.62,0.1642,127.0
2.0,0.0,4.0,23.0,0.0,3.0,1.0,1.0,0.4,0.4091,0.71,0.1343,62.0
1.0,1.0,2.0,20.0,0.0,3.0,1.0,1.0,0.52,0.5,0.52,0.1642,264.0
2.0,0.0,6.0,8.0,0.0,4.0,1.0,1.0,0.7,0.6364,0.32,0.2985,467.0
1.0,1.0,3.0,22.0,0.0,0.0,0.0,1.0,0.26,0.2424,0.41,0.2537,62.0
2.0,0.0,6.0,21.0,0.0,5.0,1.0,1.0,0.64,0.5909,0.78,0.0896,208.0
4.0,0.0,12.0,23.0,0.0,5.0,1.0,1.0,0.28,0.3182,0.81,0.0,94.0
2.0,0.0,5.0,10.0,0.0,0.0,0.0,1.0,0.58,0.5455,0.83,0.2239,226.0
2.0,0.0,4.0,21.0,0.0,0.0,0.0,1.0,0.44,0.4394,0.88,0.194,95.0
4.0,1.0,10.0,5.0,0.0,1.0,1.0,1.0,0.38,0.3939,0.76,0.0896,46.0
2.0,0.0,4.0,16.0,0.0,3.0,1.0,2.0,0.76,0.6667,0.35,0.3582,255.0
2.0,0.0,5.0,5.0,0.0,5.0,1.0,1.0,0.44,0.4394,0.94,0.1045,28.0
4.0,1.0,9.0,21.0,0.0,6.0,0.0,1.0,0.52,0.5,0.55,0.1343,292.0
1.0,0.0,12.0,12.0,0.0,6.0,0.0,1.0,0.52,0.5,0.39,0.2985,273.0
3.0,0.0,9.0,6.0,0.0,6.0,0.0,1.0,0.62,0.5909,0.73,0.1642,23.0
2.0,1.0,4.0,19.0,0.0,6.0,0.0,1.0,0.54,0.5152,0.16,0.3284,413.0
2.0,1.0,4.0,3.0,0.0,3.0,1.0,1.0,0.32,0.3333,0.7,0.0896,3.0
1.0,0.0,3.0,20.0,0.0,5.0,1.0,2.0,0.3,0.2879,0.7,0.194,87.0
3.0,1.0,7.0,23.0,0.0,6.0,0.0,1.0,0.84,0.8182,0.56,0.1642,148.0
3.0,0.0,7.0,8.0,0.0,3.0,1.0,1.0,0.74,0.6667,0.42,0.2537,433.0
4.0,0.0,9.0,9.0,0.0,4.0,1.0,1.0,0.62,0.5909,0.78,0.2537,225.0
2.0,1.0,6.0,16.0,0.0,4.0,1.0,1.0,0.72,0.6667,0.51,0.2836,438.0
2.0,1.0,6.0,21.0,0.0,6.0,0.0,1.0,0.6,0.6212,0.4,0.1045,316.0
4.0,0.0,10.0,21.0,0.0,5.0,1.0,1.0,0.5,0.4848,0.68,0.0,166.0
3.0,1.0,7.0,9.0,0.0,4.0,1.0,2.0,0.76,0.7121,0.58,0.2836,318.0
2.0,1.0,5.0,5.0,0.0,0.0,0.0,1.0,0.5,0.4848,0.72,0.1045,8.0
2.0,1.0,3.0,5.0,0.0,6.0,0.0,1.0,0.4,0.4091,0.82,0.2239,5.0
4.0,1.0,10.0,9.0,0.0,3.0,1.0,2.0,0.42,0.4242,0.77,0.0,382.0
1.0,0.0,2.0,5.0,0.0,4.0,1.0,1.0,0.32,0.3333,0.66,0.0896,12.0
2.0,0.0,3.0,14.0,0.0,3.0,1.0,2.0,0.36,0.3636,0.87,0.1045,84.0
4.0,1.0,10.0,1.0,0.0,3.0,1.0,1.0,0.54,0.5152,0.68,0.0,27.0
1.0,1.0,1.0,8.0,0.0,6.0,0.0,1.0,0.12,0.1515,0.54,0.1045,92.0
2.0,0.0,5.0,16.0,0.0,5.0,1.0,2.0,0.52,0.5,0.88,0.1343,300.0
3.0,0.0,8.0,21.0,0.0,3.0,1.0,2.0,0.68,0.6364,0.89,0.1343,88.0
1.0,1.0,1.0,19.0,0.0,0.0,0.0,1.0,0.32,0.3182,0.49,0.194,112.0
2.0,0.0,4.0,13.0,0.0,5.0,1.0,3.0,0.36,0.3333,0.76,0.2836,42.0
2.0,0.0,5.0,14.0,0.0,3.0,1.0,1.0,0.5,0.4848,0.51,0.3881,107.0
1.0,0.0,1.0,4.0,0.0,6.0,0.0,2.0,0.02,0.0152,0.48,0.2985,3.0
4.0,1.0,10.0,6.0,0.0,3.0,1.0,1.0,0.38,0.3939,0.82,0.0,178.0
2.0,0.0,6.0,13.0,0.0,2.0,1.0,2.0,0.8,0.7273,0.43,0.2537,196.0
4.0,1.0,10.0,15.0,0.0,0.0,0.0,1.0,0.56,0.5303,0.35,0.3284,623.0
1.0,0.0,1.0,12.0,0.0,1.0,1.0,2.0,0.2,0.1818,0.4,0.2836,52.0
1.0,0.0,3.0,15.0,0.0,4.0,1.0,1.0,0.24,0.2879,0.23,0.0,68.0
3.0,0.0,7.0,13.0,0.0,4.0,1.0,1.0,0.88,0.8939,0.56,0.2985,102.0
3.0,1.0,9.0,20.0,0.0,2.0,1.0,1.0,0.58,0.5455,0.56,0.1343,461.0
1.0,0.0,12.0,8.0,1.0,1.0,0.0,1.0,0.32,0.3333,0.45,0.1343,18.0
4.0,0.0,10.0,23.0,0.0,0.0,0.0,1.0,0.42,0.4242,0.77,0.1642,49.0
4.0,1.0,11.0,19.0,0.0,0.0,0.0,1.0,0.36,0.3485,0.66,0.1642,210.0
1.0,1.0,1.0,19.0,0.0,6.0,0.0,2.0,0.42,0.4242,0.41,0.5522,206.0
3.0,1.0,7.0,6.0,0.0,0.0,0.0,2.0,0.62,0.5758,0.83,0.0896,19.0
2.0,0.0,3.0,21.0,0.0,1.0,1.0,1.0,0.32,0.3333,0.21,0.1343,61.0
3.0,1.0,8.0,9.0,0.0,5.0,1.0,1.0,0.74,0.697,0.7,0.0,398.0
4.0,0.0,10.0,12.0,0.0,5.0,1.0,3.0,0.52,0.5,0.88,0.1642,75.0
1.0,0.0,1.0,12.0,0.0,6.0,0.0,2.0,0.2,0.197,0.59,0.194,78.0
3.0,0.0,8.0,23.0,0.0,6.0,0.0,3.0,0.7,0.6667,0.84,0.2836,108.0
3.0,0.0,8.0,16.0,0.0,5.0,1.0,1.0,0.8,0.7424,0.49,0.0,327.0
2.0,1.0,3.0,22.0,0.0,4.0,1.0,1.0,0.56,0.5303,0.83,0.194,220.0
3.0,0.0,7.0,22.0,0.0,6.0,0.0,1.0,0.78,0.7121,0.52,0.1045,209.0
2.0,0.0,5.0,16.0,0.0,0.0,0.0,2.0,0.5,0.4848,0.72,0.194,214.0
1.0,1.0,2.0,5.0,0.0,5.0,1.0,2.0,0.28,0.2727,0.93,0.1642,16.0
2.0,0.0,5.0,16.0,0.0,0.0,0.0,1.0,0.68,0.6364,0.61,0.1343,273.0
3.0,1.0,8.0,14.0,0.0,5.0,1.0,1.0,0.76,0.7121,0.58,0.3582,307.0
4.0,1.0,10.0,13.0,0.0,1.0,1.0,2.0,0.6,0.6212,0.43,0.1642,305.0
4.0,1.0,11.0,15.0,0.0,2.0,1.0,2.0,0.3,0.2727,0.75,0.2985,155.0
1.0,0.0,2.0,8.0,0.0,4.0,1.0,1.0,0.14,0.1212,0.5,0.3582,188.0
1.0,1.0,12.0,3.0,0.0,5.0,1.0,3.0,0.46,0.4545,0.94,0.3881,3.0
2.0,1.0,5.0,15.0,0.0,2.0,1.0,3.0,0.62,0.5909,0.73,0.2537,134.0
4.0,1.0,12.0,19.0,0.0,1.0,1.0,1.0,0.52,0.5,0.77,0.2836,427.0
3.0,0.0,7.0,7.0,0.0,4.0,1.0,1.0,0.62,0.6212,0.53,0.2537,334.0
2.0,0.0,4.0,1.0,0.0,6.0,0.0,2.0,0.32,0.3182,1.0,0.194,16.0
4.0,1.0,11.0,10.0,0.0,3.0,1.0,2.0,0.28,0.2576,0.56,0.2985,178.0
2.0,1.0,5.0,23.0,0.0,1.0,1.0,2.0,0.58,0.5455,0.78,0.1045,75.0
4.0,0.0,12.0,14.0,0.0,0.0,0.0,1.0,0.42,0.4242,0.62,0.1343,323.0
2.0,1.0,5.0,19.0,0.0,3.0,1.0,1.0,0.7,0.6515,0.54,0.2836,590.0
3.0,0.0,9.0,15.0,0.0,4.0,1.0,2.0,0.68,0.6364,0.79,0.1642,181.0
4.0,0.0,11.0,0.0,0.0,1.0,1.0,2.0,0.46,0.4545,0.94,0.0,17.0
1.0,0.0,2.0,0.0,0.0,0.0,0.0,1.0,0.2,0.2273,0.64,0.1045,39.0
2.0,1.0,6.0,0.0,0.0,1.0,1.0,1.0,0.7,0.6515,0.65,0.1045,41.0
2.0,0.0,5.0,13.0,0.0,6.0,0.0,1.0,0.6,0.6212,0.35,0.2836,436.0
3.0,0.0,7.0,23.0,0.0,0.0,0.0,1.0,0.7,0.6667,0.74,0.1343,93.0
2.0,1.0,6.0,1.0,0.0,6.0,0.0,2.0,0.56,0.5303,0.83,0.1045,76.0
1.0,0.0,3.0,3.0,0.0,1.0,1.0,1.0,0.2,0.1515,0.8,0.5821,1.0
3.0,1.0,7.0,10.0,0.0,2.0,1.0,1.0,0.72,0.6818,0.66,0.0,227.0
1.0,1.0,2.0,14.0,0.0,0.0,0.0,1.0,0.34,0.3485,0.31,0.0,331.0
2.0,1.0,6.0,3.0,0.0,4.0,1.0,2.0,0.62,0.6212,0.53,0.2836,5.0
3.0,1.0,9.0,5.0,1.0,1.0,0.0,1.0,0.66,0.5909,0.89,0.0,4.0
2.0,0.0,5.0,9.0,0.0,4.0,1.0,1.0,0.46,0.4545,0.44,0.2836,184.0
4.0,1.0,12.0,6.0,0.0,0.0,0.0,3.0,0.4,0.4091,0.94,0.1045,6.0
4.0,1.0,11.0,12.0,0.0,2.0,1.0,1.0,0.34,0.3182,0.61,0.2836,196.0
3.0,1.0,8.0,21.0,0.0,5.0,1.0,2.0,0.76,0.7273,0.66,0.194,278.0
2.0,1.0,4.0,5.0,0.0,6.0,0.0,1.0,0.32,0.3182,0.33,0.1642,2.0
1.0,0.0,3.0,3.0,0.0,4.0,1.0,1.0,0.2,0.1667,0.27,0.4627,1.0
2.0,0.0,6.0,23.0,0.0,4.0,1.0,2.0,0.74,0.697,0.57,0.1642,97.0
1.0,0.0,2.0,16.0,0.0,0.0,0.0,1.0,0.34,0.3485,0.49,0.1045,157.0
3.0,0.0,6.0,13.0,0.0,5.0,1.0,1.0,0.8,0.7121,0.36,0.2239,221.0
1.0,1.0,1.0,17.0,0.0,6.0,0.0,1.0,0.42,0.4242,0.44,0.3881,290.0
4.0,0.0,11.0,9.0,1.0,5.0,0.0,1.0,0.32,0.2879,0.45,0.4478,201.0
1.0,0.0,12.0,23.0,0.0,6.0,0.0,1.0,0.24,0.2576,0.56,0.0,17.0
1.0,1.0,2.0,2.0,0.0,2.0,1.0,2.0,0.28,0.3182,0.41,0.0,3.0
2.0,0.0,6.0,19.0,0.0,5.0,1.0,3.0,0.64,0.5758,0.83,0.2537,328.0
1.0,1.0,12.0,20.0,0.0,3.0,1.0,3.0,0.32,0.303,0.93,0.2537,32.0
3.0,1.0,9.0,23.0,1.0,1.0,0.0,2.0,0.7,0.6667,0.84,0.2537,70.0
4.0,0.0,10.0,10.0,0.0,0.0,0.0,1.0,0.42,0.4242,0.71,0.0896,289.0
2.0,0.0,6.0,5.0,0.0,3.0,1.0,2.0,0.66,0.5909,0.89,0.0896,21.0
3.0,0.0,9.0,13.0,0.0,5.0,1.0,2.0,0.54,0.5152,0.42,0.0,223.0
1.0,0.0,2.0,19.0,0.0,2.0,1.0,2.0,0.24,0.2424,0.81,0.1343,108.0
1.0,1.0,2.0,19.0,0.0,0.0,0.0,1.0,0.34,0.3333,0.34,0.1642,143.0
2.0,0.0,4.0,8.0,0.0,5.0,1.0,3.0,0.34,0.3333,0.87,0.1642,221.0
2.0,1.0,3.0,17.0,0.0,4.0,1.0,1.0,0.66,0.6212,0.65,0.1642,810.0
4.0,1.0,11.0,2.0,0.0,0.0,0.0,1.0,0.32,0.3333,0.87,0.1045,70.0
3.0,0.0,9.0,11.0,0.0,0.0,0.0,1.0,0.52,0.5,0.68,0.2239,317.0
1.0,0.0,2.0,16.0,0.0,3.0,1.0,1.0,0.46,0.4545,0.31,0.3881,122.0
2.0,0.0,3.0,9.0,0.0,4.0,1.0,3.0,0.26,0.2424,0.93,0.2537,132.0
1.0,1.0,2.0,11.0,0.0,3.0,1.0,2.0,0.26,0.2576,0.65,0.2239,102.0
3.0,0.0,7.0,12.0,0.0,0.0,0.0,1.0,0.82,0.7576,0.46,0.2836,377.0
3.0,0.0,8.0,0.0,0.0,3.0,1.0,2.0,0.8,0.7424,0.49,0.1642,43.0
4.0,0.0,10.0,11.0,0.0,2.0,1.0,1.0,0.54,0.5152,0.64,0.2836,124.0
3.0,0.0,7.0,12.0,0.0,6.0,0.0,1.0,0.76,0.6818,0.43,0.2836,463.0
2.0,0.0,5.0,13.0,0.0,2.0,1.0,1.0,0.78,0.697,0.46,0.2537,190.0
2.0,0.0,4.0,21.0,0.0,0.0,0.0,1.0,0.5,0.4848,0.42,0.194,83.0
3.0,0.0,7.0,15.0,0.0,0.0,0.0,1.0,0.84,0.7424,0.39,0.2836,361.0
1.0,0.0,1.0,6.0,0.0,1.0,1.0,1.0,0.14,0.1061,0.5,0.3881,30.0
3.0,1.0,8.0,6.0,0.0,4.0,1.0,1.0,0.66,0.6061,0.83,0.0,183.0
1.0,0.0,3.0,0.0,0.0,6.0,0.0,2.0,0.28,0.2879,0.81,0.1045,19.0
2.0,1.0,5.0,0.0,0.0,4.0,1.0,1.0,0.6,0.5758,0.78,0.1343,79.0
2.0,0.0,6.0,20.0,0.0,2.0,1.0,1.0,0.74,0.6818,0.56,0.1343,346.0
2.0,1.0,5.0,9.0,0.0,5.0,1.0,1.0,0.56,0.5303,0.56,0.1045,361.0
2.0,1.0,4.0,1.0,0.0,0.0,0.0,2.0,0.36,0.3485,0.81,0.1343,42.0
1.0,0.0,2.0,10.0,0.0,6.0,0.0,1.0,0.22,0.2121,0.41,0.2537,84.0
4.0,1.0,11.0,6.0,0.0,5.0,1.0,1.0,0.26,0.2727,0.65,0.1045,131.0
4.0,1.0,10.0,18.0,0.0,4.0,1.0,1.0,0.46,0.4545,0.44,0.1642,692.0
3.0,0.0,7.0,17.0,0.0,3.0,1.0,1.0,0.84,0.8333,0.59,0.194,455.0
3.0,1.0,9.0,10.0,0.0,6.0,0.0,1.0,0.66,0.6212,0.65,0.3284,474.0
2.0,0.0,3.0,10.0,0.0,0.0,0.0,2.0,0.22,0.2121,0.55,0.2239,86.0
3.0,0.0,6.0,16.0,0.0,6.0,0.0,1.0,0.76,0.6818,0.43,0.2985,410.0
3.0,1.0,6.0,5.0,0.0,6.0,0.0,2.0,0.64,0.5758,0.83,0.194,12.0
4.0,1.0,12.0,0.0,0.0,4.0,1.0,1.0,0.26,0.2424,0.48,0.2836,44.0
1.0,0.0,12.0,5.0,0.0,4.0,1.0,1.0,0.38,0.3939,0.82,0.0,16.0
1.0,1.0,3.0,2.0,0.0,5.0,1.0,3.0,0.48,0.4697,0.77,0.4179,11.0
2.0,0.0,5.0,22.0,0.0,6.0,0.0,1.0,0.6,0.5909,0.69,0.1343,204.0
4.0,1.0,11.0,19.0,0.0,2.0,1.0,1.0,0.32,0.2879,0.49,0.3582,356.0
2.0,1.0,5.0,5.0,0.0,4.0,1.0,2.0,0.6,0.5455,0.88,0.1642,30.0
2.0,0.0,5.0,13.0,0.0,6.0,0.0,1.0,0.7,0.6364,0.45,0.0,462.0
2.0,1.0,4.0,5.0,0.0,3.0,1.0,1.0,0.42,0.4242,0.67,0.0896,27.0
2.0,0.0,6.0,6.0,0.0,0.0,0.0,1.0,0.62,0.5606,0.88,0.1045,14.0
3.0,0.0,8.0,8.0,0.0,0.0,0.0,1.0,0.72,0.697,0.79,0.194,89.0
3.0,1.0,6.0,3.0,0.0,3.0,1.0,1.0,0.58,0.5455,0.46,0.0896,8.0
2.0,1.0,4.0,12.0,0.0,3.0,1.0,1.0,0.54,0.5152,0.28,0.2836,269.0
4.0,1.0,10.0,9.0,0.0,5.0,1.0,1.0,0.6,0.6061,0.6,0.0896,384.0
1.0,0.0,2.0,21.0,0.0,5.0,1.0,1.0,0.28,0.2576,0.48,0.3881,63.0
3.0,1.0,8.0,17.0,0.0,4.0,1.0,1.0,0.82,0.7273,0.34,0.194,897.0
3.0,0.0,7.0,1.0,0.0,0.0,0.0,1.0,0.74,0.6818,0.62,0.0896,79.0
4.0,0.0,11.0,5.0,0.0,2.0,1.0,1.0,0.5,0.4848,0.88,0.2836,22.0
1.0,1.0,3.0,14.0,0.0,5.0,1.0,2.0,0.48,0.4697,0.72,0.0,202.0
4.0,1.0,10.0,4.0,0.0,4.0,1.0,1.0,0.44,0.4394,0.88,0.2239,5.0
4.0,1.0,12.0,10.0,0.0,2.0,1.0,1.0,0.36,0.3333,0.57,0.3284,154.0
2.0,1.0,4.0,22.0,0.0,4.0,1.0,1.0,0.4,0.4091,0.47,0.194,149.0
2.0,0.0,5.0,13.0,0.0,3.0,1.0,1.0,0.74,0.6818,0.55,0.1343,202.0
1.0,1.0,3.0,16.0,0.0,4.0,1.0,1.0,0.58,0.5455,0.32,0.2985,361.0
2.0,1.0,4.0,16.0,0.0,2.0,1.0,1.0,0.62,0.6061,0.21,0.1642,485.0
2.0,1.0,4.0,5.0,0.0,5.0,1.0,1.0,0.42,0.4242,0.94,0.0,25.0
4.0,0.0,12.0,15.0,0.0,1.0,1.0,1.0,0.38,0.3939,0.46,0.1642,159.0
4.0,0.0,10.0,17.0,0.0,1.0,1.0,1.0,0.52,0.5,0.68,0.1343,614.0
1.0,0.0,2.0,9.0,0.0,0.0,0.0,1.0,0.22,0.2121,0.47,0.2836,55.0
1.0,1.0,2.0,17.0,0.0,0.0,0.0,1.0,0.32,0.3182,0.53,0.1642,306.0
3.0,0.0,8.0,15.0,0.0,1.0,1.0,1.0,0.9,0.7879,0.27,0.0,129.0
3.0,1.0,9.0,7.0,0.0,2.0,1.0,1.0,0.5,0.4848,0.72,0.1045,596.0
3.0,1.0,6.0,5.0,0.0,5.0,1.0,2.0,0.74,0.697,0.66,0.0896,38.0
3.0,1.0,8.0,7.0,0.0,5.0,1.0,1.0,0.7,0.6667,0.74,0.1045,421.0
3.0,1.0,9.0,3.0,0.0,1.0,1.0,1.0,0.5,0.4848,0.77,0.0896,7.0
4.0,0.0,11.0,2.0,0.0,5.0,1.0,1.0,0.24,0.2273,0.44,0.2239,10.0
2.0,1.0,5.0,3.0,0.0,3.0,1.0,3.0,0.62,0.5606,0.88,0.1343,5.0
2.0,0.0,5.0,21.0,0.0,5.0,1.0,1.0,0.6,0.5606,0.83,0.1045,151.0
1.0,0.0,3.0,17.0,0.0,2.0,1.0,2.0,0.36,0.3485,0.62,0.194,217.0
1.0,0.0,3.0,20.0,0.0,0.0,0.0,1.0,0.36,0.3333,0.46,0.2836,67.0
4.0,0.0,10.0,10.0,0.0,1.0,1.0,2.0,0.46,0.4545,0.82,0.2537,129.0
2.0,1.0,4.0,16.0,0.0,6.0,0.0,2.0,0.44,0.4394,0.38,0.194,376.0
3.0,0.0,7.0,2.0,0.0,5.0,1.0,2.0,0.7,0.6667,0.74,0.1642,22.0
3.0,1.0,6.0,19.0,0.0,2.0,1.0,1.0,0.72,0.6515,0.28,0.2239,612.0
1.0,0.0,12.0,9.0,0.0,4.0,1.0,2.0,0.38,0.3939,0.87,0.0896,228.0
1.0,1.0,1.0,4.0,0.0,2.0,1.0,3.0,0.32,0.303,0.66,0.3284,2.0
3.0,1.0,7.0,16.0,0.0,3.0,1.0,1.0,0.8,0.7121,0.38,0.194,411.0
4.0,0.0,9.0,4.0,0.0,5.0,1.0,3.0,0.6,0.5,1.0,0.0,13.0
2.0,0.0,5.0,11.0,0.0,3.0,1.0,1.0,0.56,0.5303,0.64,0.0896,141.0
3.0,0.0,8.0,1.0,0.0,1.0,1.0,2.0,0.6,0.5455,0.88,0.1343,10.0
2.0,0.0,5.0,2.0,0.0,6.0,0.0,1.0,0.56,0.5303,0.94,0.194,48.0
1.0,0.0,1.0,22.0,0.0,2.0,1.0,1.0,0.22,0.2576,0.64,0.0896,35.0
1.0,1.0,1.0,3.0,0.0,1.0,1.0,2.0,0.18,0.2424,0.86,0.0,1.0
1.0,1.0,2.0,0.0,0.0,5.0,1.0,2.0,0.44,0.4394,0.58,0.0896,46.0
3.0,0.0,8.0,19.0,0.0,6.0,0.0,2.0,0.68,0.6364,0.79,0.2836,237.0
1.0,0.0,1.0,12.0,0.0,3.0,1.0,2.0,0.3,0.3182,0.81,0.0896,70.0
4.0,0.0,11.0,18.0,0.0,5.0,1.0,1.0,0.3,0.303,0.36,0.1642,328.0
1.0,1.0,3.0,11.0,0.0,6.0,0.0,1.0,0.3,0.2727,0.33,0.3284,274.0
4.0,0.0,11.0,22.0,0.0,3.0,1.0,1.0,0.4,0.4091,0.87,0.0,114.0
1.0,0.0,12.0,17.0,0.0,3.0,1.0,1.0,0.28,0.2727,0.38,0.2537,250.0
1.0,0.0,12.0,9.0,0.0,5.0,1.0,1.0,0.26,0.303,0.75,0.0,194.0
2.0,0.0,3.0,17.0,0.0,0.0,0.0,1.0,0.32,0.303,0.31,0.2537,159.0
2.0,1.0,5.0,7.0,0.0,1.0,1.0,3.0,0.52,0.5,0.94,0.194,75.0
4.0,1.0,9.0,21.0,0.0,0.0,0.0,2.0,0.52,0.5,0.48,0.1045,196.0
1.0,0.0,2.0,19.0,0.0,5.0,1.0,1.0,0.62,0.6212,0.29,0.5821,162.0
1.0,1.0,2.0,2.0,0.0,4.0,1.0,1.0,0.22,0.2273,0.8,0.1343,2.0
3.0,1.0,9.0,3.0,0.0,6.0,0.0,1.0,0.6,0.5909,0.73,0.2537,37.0
3.0,0.0,7.0,0.0,0.0,4.0,1.0,1.0,0.66,0.5909,0.89,0.1343,35.0
2.0,0.0,3.0,10.0,0.0,4.0,1.0,2.0,0.26,0.2273,0.93,0.3284,65.0
2.0,0.0,4.0,11.0,0.0,3.0,1.0,2.0,0.42,0.4242,0.82,0.194,61.0
1.0,1.0,2.0,16.0,0.0,6.0,0.0,1.0,0.44,0.4394,0.44,0.3284,404.0
1.0,1.0,2.0,20.0,1.0,1.0,0.0,1.0,0.34,0.3333,0.34,0.194,126.0
3.0,1.0,9.0,22.0,0.0,5.0,1.0,1.0,0.62,0.5758,0.83,0.194,229.0
2.0,1.0,5.0,11.0,0.0,0.0,0.0,1.0,0.62,0.6212,0.57,0.2537,428.0
2.0,1.0,5.0,16.0,0.0,4.0,1.0,1.0,0.68,0.6364,0.57,0.1642,370.0
4.0,1.0,9.0,21.0,0.0,5.0,1.0,3.0,0.6,0.6212,0.53,0.194,237.0
2.0,0.0,4.0,13.0,0.0,0.0,0.0,1.0,0.46,0.4545,0.82,0.1045,263.0
1.0,1.0,2.0,10.0,0.0,0.0,0.0,1.0,0.12,0.1061,0.42,0.3582,91.0
1.0,0.0,1.0,12.0,0.0,4.0,1.0,1.0,0.26,0.2879,0.35,0.0,84.0
1.0,0.0,1.0,23.0,0.0,4.0,1.0,1.0,0.18,0.197,0.8,0.1642,16.0
4.0,0.0,12.0,14.0,0.0,6.0,0.0,1.0,0.34,0.303,0.31,0.3284,293.0
1.0,1.0,12.0,10.0,0.0,5.0,1.0,2.0,0.26,0.2424,0.56,0.2537,162.0
4.0,1.0,10.0,5.0,0.0,6.0,0.0,1.0,0.4,0.4091,0.82,0.0,13.0
3.0,0.0,9.0,18.0,0.0,0.0,0.0,1.0,0.68,0.6364,0.65,0.2985,339.0
2.0,1.0,5.0,10.0,0.0,0.0,0.0,1.0,0.66,0.6212,0.34,0.2985,432.0
2.0,1.0,3.0,21.0,0.0,1.0,1.0,1.0,0.38,0.3939,0.25,0.4925,186.0
3.0,0.0,9.0,1.0,0.0,3.0,1.0,3.0,0.54,0.5152,0.94,0.2537,5.0
1.0,1.0,1.0,17.0,0.0,4.0,1.0,2.0,0.26,0.2273,0.44,0.3284,385.0
2.0,1.0,5.0,5.0,0.0,5.0,1.0,2.0,0.62,0.5606,0.88,0.0896,30.0
3.0,1.0,8.0,3.0,0.0,4.0,1.0,1.0,0.62,0.5909,0.73,0.0,5.0
1.0,0.0,3.0,13.0,0.0,0.0,0.0,2.0,0.46,0.4545,0.94,0.3582,105.0
4.0,0.0,11.0,15.0,0.0,5.0,1.0,1.0,0.46,0.4545,0.44,0.3881,237.0
4.0,1.0,11.0,21.0,0.0,0.0,0.0,1.0,0.36,0.3333,0.66,0.2537,110.0
2.0,0.0,6.0,15.0,0.0,5.0,1.0,1.0,0.7,0.6364,0.28,0.2836,212.0
3.0,0.0,9.0,15.0,0.0,2.0,1.0,3.0,0.54,0.5152,0.94,0.3881,89.0
4.0,0.0,9.0,8.0,0.0,1.0,1.0,2.0,0.62,0.5455,0.94,0.0,355.0
3.0,0.0,7.0,21.0,0.0,3.0,1.0,1.0,0.7,0.6667,0.79,0.1045,250.0
3.0,1.0,7.0,20.0,0.0,0.0,0.0,1.0,0.74,0.697,0.66,0.1045,303.0
2.0,0.0,4.0,21.0,0.0,0.0,0.0,3.0,0.54,0.5152,0.94,0.1642,61.0
4.0,1.0,11.0,13.0,0.0,5.0,1.0,1.0,0.46,0.4545,0.38,0.2836,424.0
4.0,0.0,10.0,11.0,0.0,6.0,0.0,1.0,0.58,0.5455,0.56,0.0,397.0
3.0,0.0,8.0,22.0,0.0,1.0,1.0,1.0,0.7,0.6515,0.7,0.0896,137.0
3.0,1.0,9.0,1.0,1.0,1.0,0.0,2.0,0.68,0.6364,0.89,0.1642,55.0
1.0,1.0,1.0,21.0,1.0,1.0,0.0,1.0,0.28,0.2576,0.52,0.3284,49.0
3.0,1.0,7.0,7.0,1.0,3.0,0.0,1.0,0.68,0.6364,0.65,0.0,72.0
3.0,1.0,8.0,19.0,0.0,2.0,1.0,2.0,0.76,0.7273,0.66,0.1045,610.0
3.0,0.0,9.0,0.0,0.0,2.0,1.0,3.0,0.54,0.5152,0.94,0.3582,8.0
3.0,0.0,8.0,9.0,0.0,4.0,1.0,2.0,0.72,0.6818,0.7,0.2985,162.0
3.0,1.0,6.0,4.0,0.0,6.0,0.0,2.0,0.62,0.5455,0.94,0.0,18.0
4.0,1.0,11.0,0.0,1.0,4.0,0.0,1.0,0.32,0.3333,0.66,0.0896,46.0
2.0,1.0,4.0,15.0,0.0,0.0,0.0,3.0,0.38,0.3939,0.87,0.3881,38.0
1.0,0.0,12.0,8.0,0.0,4.0,1.0,2.0,0.36,0.3788,0.87,0.0,343.0
1.0,1.0,1.0,4.0,0.0,6.0,0.0,3.0,0.16,0.197,0.86,0.0896,1.0
4.0,0.0,11.0,7.0,0.0,3.0,1.0,2.0,0.46,0.4545,1.0,0.0896,156.0
1.0,1.0,1.0,22.0,0.0,6.0,0.0,1.0,0.16,0.1364,0.47,0.3582,66.0
3.0,1.0,6.0,17.0,0.0,4.0,1.0,1.0,0.88,0.7879,0.37,0.0,615.0
4.0,0.0,12.0,21.0,0.0,2.0,1.0,1.0,0.3,0.303,0.52,0.1642,139.0
4.0,1.0,10.0,19.0,1.0,1.0,0.0,2.0,0.4,0.4091,0.71,0.2537,371.0
4.0,0.0,11.0,14.0,1.0,5.0,0.0,1.0,0.38,0.3939,0.37,0.4627,247.0
3.0,1.0,9.0,22.0,0.0,0.0,0.0,1.0,0.56,0.5303,0.68,0.0896,127.0
4.0,0.0,11.0,0.0,0.0,4.0,1.0,2.0,0.42,0.4242,0.88,0.2537,24.0
3.0,0.0,6.0,16.0,0.0,3.0,1.0,2.0,0.82,0.803,0.59,0.3284,258.0
1.0,1.0,1.0,8.0,0.0,1.0,1.0,1.0,0.2,0.197,0.47,0.2239,493.0
2.0,0.0,4.0,5.0,0.0,5.0,1.0,1.0,0.46,0.4545,0.47,0.1343,25.0
2.0,1.0,6.0,18.0,0.0,3.0,1.0,1.0,0.72,0.6515,0.32,0.4478,744.0
1.0,0.0,1.0,18.0,0.0,0.0,0.0,1.0,0.12,0.1212,0.3,0.2537,49.0
4.0,0.0,11.0,4.0,0.0,1.0,1.0,1.0,0.44,0.4394,0.67,0.2239,5.0
1.0,0.0,3.0,1.0,0.0,1.0,1.0,3.0,0.2,0.1818,1.0,0.3284,2.0
1.0,0.0,1.0,5.0,0.0,1.0,1.0,1.0,0.16,0.1364,0.47,0.2836,3.0
4.0,1.0,11.0,3.0,0.0,2.0,1.0,1.0,0.22,0.2424,0.64,0.1045,4.0
4.0,1.0,11.0,2.0,0.0,2.0,1.0,2.0,0.32,0.3333,0.76,0.0896,5.0
1.0,0.0,2.0,22.0,0.0,3.0,1.0,1.0,0.24,0.2879,0.48,0.0,61.0
3.0,1.0,8.0,3.0,0.0,2.0,1.0,2.0,0.68,0.6364,0.83,0.194,3.0
3.0,1.0,9.0,3.0,0.0,0.0,0.0,1.0,0.5,0.4848,0.68,0.0,48.0
3.0,1.0,7.0,15.0,0.0,0.0,0.0,3.0,0.92,0.8939,0.42,0.2836,298.0
2.0,0.0,3.0,23.0,0.0,0.0,0.0,1.0,0.26,0.2576,0.44,0.194,19.0
2.0,1.0,4.0,13.0,0.0,0.0,0.0,3.0,0.38,0.3939,0.82,0.3582,52.0
4.0,0.0,10.0,10.0,0.0,6.0,0.0,3.0,0.4,0.4091,0.76,0.3582,121.0
2.0,0.0,6.0,23.0,0.0,3.0,1.0,1.0,0.76,0.7424,0.75,0.194,116.0
1.0,1.0,3.0,21.0,0.0,2.0,1.0,1.0,0.58,0.5455,0.56,0.1045,244.0
1.0,1.0,12.0,3.0,0.0,6.0,0.0,2.0,0.24,0.2424,0.75,0.0,6.0
2.0,0.0,3.0,8.0,0.0,1.0,1.0,1.0,0.2,0.197,0.34,0.2239,254.0
3.0,0.0,8.0,1.0,0.0,3.0,1.0,2.0,0.78,0.7121,0.52,0.1642,16.0
1.0,1.0,3.0,3.0,0.0,5.0,1.0,1.0,0.32,0.3182,0.57,0.194,3.0
3.0,1.0,9.0,16.0,0.0,5.0,1.0,2.0,0.72,0.6667,0.51,0.0,563.0
4.0,0.0,11.0,0.0,0.0,4.0,1.0,1.0,0.36,0.3636,0.76,0.0896,31.0
4.0,1.0,12.0,4.0,0.0,2.0,1.0,2.0,0.34,0.3182,0.76,0.2836,8.0
2.0,0.0,4.0,0.0,0.0,1.0,1.0,1.0,0.46,0.4545,0.47,0.0896,39.0
2.0,1.0,3.0,0.0,0.0,6.0,0.0,1.0,0.58,0.5455,0.68,0.0,156.0
3.0,0.0,9.0,4.0,1.0,1.0,0.0,2.0,0.68,0.6364,0.69,0.2836,8.0
2.0,1.0,4.0,17.0,0.0,6.0,0.0,2.0,0.62,0.6212,0.33,0.2537,560.0
1.0,0.0,1.0,20.0,1.0,1.0,0.0,3.0,0.16,0.1515,0.8,0.194,33.0
3.0,1.0,9.0,10.0,0.0,1.0,1.0,2.0,0.62,0.6061,0.65,0.194,202.0
2.0,1.0,4.0,5.0,0.0,1.0,1.0,1.0,0.38,0.3939,0.62,0.2537,20.0
4.0,1.0,11.0,22.0,0.0,4.0,1.0,1.0,0.26,0.2879,0.7,0.0896,151.0
2.0,1.0,5.0,22.0,0.0,6.0,0.0,1.0,0.7,0.6667,0.74,0.2537,204.0
2.0,1.0,4.0,7.0,0.0,1.0,1.0,1.0,0.4,0.4091,0.5,0.194,349.0
3.0,1.0,7.0,20.0,0.0,0.0,0.0,1.0,0.7,0.6667,0.74,0.1642,378.0
3.0,0.0,7.0,9.0,0.0,0.0,0.0,1.0,0.82,0.7879,0.56,0.3881,154.0
2.0,0.0,6.0,11.0,0.0,4.0,1.0,1.0,0.74,0.6515,0.28,0.3881,165.0
3.0,0.0,7.0,8.0,0.0,6.0,0.0,1.0,0.7,0.6515,0.7,0.2537,182.0
2.0,0.0,3.0,8.0,0.0,3.0,1.0,2.0,0.32,0.3182,0.49,0.1642,263.0
1.0,1.0,1.0,3.0,0.0,4.0,1.0,1.0,0.12,0.1515,0.54,0.1045,4.0
3.0,0.0,9.0,7.0,0.0,1.0,1.0,1.0,0.58,0.5455,0.83,0.0,312.0
1.0,1.0,12.0,23.0,0.0,6.0,0.0,1.0,0.22,0.2273,0.51,0.194,40.0
4.0,0.0,12.0,21.0,0.0,2.0,1.0,2.0,0.44,0.4394,1.0,0.194,114.0
2.0,0.0,5.0,22.0,0.0,4.0,1.0,1.0,0.48,0.4697,0.39,0.194,165.0
2.0,1.0,4.0,1.0,0.0,6.0,0.0,1.0,0.36,0.3333,0.5,0.2985,67.0
3.0,0.0,9.0,2.0,0.0,4.0,1.0,1.0,0.58,0.5455,0.78,0.0896,25.0
3.0,1.0,8.0,8.0,0.0,3.0,1.0,2.0,0.7,0.6515,0.65,0.2836,682.0
4.0,0.0,10.0,19.0,0.0,5.0,1.0,1.0,0.54,0.5152,0.39,0.3284,248.0
2.0,1.0,4.0,10.0,0.0,4.0,1.0,1.0,0.42,0.4242,0.35,0.2836,246.0
1.0,0.0,3.0,2.0,0.0,2.0,1.0,1.0,0.24,0.2121,0.65,0.3881,4.0
1.0,1.0,3.0,0.0,0.0,4.0,1.0,1.0,0.54,0.5152,0.49,0.1343,60.0
1.0,0.0,2.0,23.0,0.0,2.0,1.0,3.0,0.2,0.197,0.93,0.194,16.0
3.0,0.0,8.0,23.0,0.0,6.0,0.0,2.0,0.66,0.6061,0.83,0.3284,120.0
1.0,0.0,12.0,4.0,0.0,2.0,1.0,2.0,0.3,0.2879,0.65,0.2239,3.0
1.0,1.0,2.0,19.0,0.0,6.0,0.0,3.0,0.26,0.2727,0.87,0.1343,80.0
2.0,0.0,5.0,11.0,0.0,2.0,1.0,2.0,0.56,0.5303,0.43,0.1343,125.0
3.0,1.0,8.0,22.0,0.0,2.0,1.0,1.0,0.7,0.6515,0.54,0.0,216.0
2.0,0.0,6.0,16.0,0.0,0.0,0.0,3.0,0.68,0.6364,0.83,0.2836,350.0
4.0,1.0,9.0,9.0,0.0,6.0,0.0,1.0,0.5,0.4848,0.63,0.194,332.0
4.0,0.0,11.0,20.0,0.0,3.0,1.0,1.0,0.4,0.4091,0.66,0.1343,182.0
1.0,0.0,1.0,9.0,0.0,0.0,0.0,1.0,0.1,0.0758,0.54,0.3582,28.0
1.0,1.0,12.0,20.0,1.0,2.0,0.0,2.0,0.32,0.303,0.66,0.2836,40.0
1.0,0.0,1.0,18.0,0.0,0.0,0.0,2.0,0.36,0.3333,0.46,0.3284,53.0
2.0,0.0,5.0,12.0,0.0,3.0,1.0,2.0,0.44,0.4394,0.62,0.3582,124.0
1.0,0.0,2.0,9.0,0.0,3.0,1.0,2.0,0.24,0.2576,0.93,0.0896,123.0
4.0,0.0,12.0,1.0,0.0,1.0,1.0,1.0,0.32,0.3485,0.87,0.0,12.0
3.0,0.0,7.0,13.0,0.0,3.0,1.0,2.0,0.74,0.697,0.7,0.1045,140.0
3.0,0.0,7.0,13.0,0.0,4.0,1.0,1.0,0.86,0.803,0.47,0.2537,152.0
2.0,0.0,6.0,12.0,0.0,4.0,1.0,1.0,0.92,0.8485,0.35,0.194,140.0
4.0,0.0,10.0,6.0,0.0,3.0,1.0,1.0,0.44,0.4394,0.82,0.1045,117.0
2.0,1.0,4.0,18.0,0.0,4.0,1.0,1.0,0.5,0.4848,0.27,0.3881,610.0
1.0,0.0,2.0,15.0,0.0,3.0,1.0,2.0,0.2,0.1818,0.34,0.2836,64.0
4.0,1.0,12.0,10.0,0.0,1.0,1.0,1.0,0.44,0.4394,0.77,0.1343,136.0
1.0,1.0,1.0,12.0,0.0,0.0,0.0,1.0,0.4,0.4091,0.62,0.2836,201.0
3.0,0.0,8.0,18.0,0.0,3.0,1.0,1.0,0.7,0.6515,0.51,0.2239,565.0
1.0,0.0,3.0,20.0,0.0,2.0,1.0,1.0,0.3,0.3182,0.61,0.0896,88.0
2.0,1.0,4.0,22.0,0.0,0.0,0.0,3.0,0.5,0.4848,0.63,0.1045,68.0
2.0,0.0,5.0,21.0,0.0,5.0,1.0,1.0,0.48,0.4697,0.67,0.1343,152.0
4.0,0.0,10.0,14.0,0.0,6.0,0.0,1.0,0.6,0.6212,0.33,0.4627,472.0
3.0,1.0,8.0,4.0,0.0,3.0,1.0,1.0,0.64,0.5758,0.83,0.1045,4.0
4.0,0.0,11.0,8.0,0.0,3.0,1.0,2.0,0.48,0.4697,0.94,0.1045,323.0
2.0,0.0,3.0,8.0,0.0,1.0,1.0,2.0,0.3,0.2727,0.87,0.4179,98.0
4.0,1.0,11.0,15.0,0.0,2.0,1.0,1.0,0.34,0.3182,0.46,0.2537,272.0
1.0,1.0,2.0,9.0,0.0,1.0,1.0,1.0,0.26,0.2576,0.6,0.194,230.0
3.0,1.0,7.0,10.0,0.0,4.0,1.0,1.0,0.74,0.697,0.7,0.2239,222.0
1.0,0.0,2.0,21.0,0.0,5.0,1.0,1.0,0.58,0.5455,0.21,0.4925,72.0
2.0,0.0,6.0,23.0,0.0,0.0,0.0,1.0,0.62,0.5909,0.78,0.1343,86.0
2.0,0.0,4.0,21.0,0.0,0.0,0.0,2.0,0.42,0.4242,0.44,0.2239,45.0
3.0,0.0,9.0,12.0,1.0,1.0,0.0,2.0,0.72,0.6818,0.7,0.194,353.0
3.0,0.0,8.0,4.0,0.0,4.0,1.0,1.0,0.64,0.6061,0.73,0.2239,9.0
1.0,1.0,3.0,21.0,0.0,1.0,1.0,1.0,0.6,0.6061,0.64,0.1642,223.0
4.0,0.0,12.0,10.0,0.0,6.0,0.0,1.0,0.32,0.3333,0.61,0.1343,195.0
3.0,1.0,6.0,1.0,0.0,5.0,1.0,1.0,0.74,0.6667,0.51,0.1642,42.0
2.0,0.0,5.0,8.0,0.0,1.0,1.0,2.0,0.48,0.4697,0.77,0.2239,371.0
3.0,1.0,9.0,3.0,0.0,3.0,1.0,1.0,0.7,0.6667,0.79,0.2836,4.0
4.0,1.0,11.0,21.0,0.0,3.0,1.0,1.0,0.3,0.3333,0.56,0.0,213.0
1.0,0.0,12.0,20.0,0.0,3.0,1.0,1.0,0.24,0.2273,0.41,0.2239,79.0
1.0,1.0,1.0,19.0,0.0,6.0,0.0,1.0,0.52,0.5,0.42,0.1045,215.0
1.0,1.0,1.0,20.0,0.0,5.0,1.0,1.0,0.42,0.4242,0.41,0.194,177.0
4.0,0.0,12.0,16.0,0.0,6.0,0.0,1.0,0.38,0.3939,0.46,0.0,305.0
3.0,1.0,8.0,16.0,0.0,4.0,1.0,1.0,0.8,0.7273,0.43,0.1642,482.0
2.0,1.0,3.0,9.0,0.0,3.0,1.0,1.0,0.4,0.4091,0.43,0.4478,314.0
1.0,0.0,1.0,21.0,0.0,4.0,1.0,1.0,0.14,0.1212,0.46,0.2985,40.0
1.0,0.0,2.0,11.0,0.0,4.0,1.0,1.0,0.14,0.1212,0.39,0.3582,45.0
1.0,1.0,3.0,2.0,0.0,1.0,1.0,1.0,0.24,0.2424,0.48,0.1343,4.0
4.0,1.0,9.0,19.0,0.0,0.0,0.0,1.0,0.52,0.5,0.42,0.1642,413.0
1.0,1.0,2.0,20.0,0.0,0.0,0.0,1.0,0.32,0.3182,0.42,0.1642,88.0
4.0,0.0,12.0,11.0,0.0,6.0,0.0,1.0,0.32,0.2879,0.53,0.4179,236.0
2.0,0.0,3.0,1.0,0.0,2.0,1.0,1.0,0.24,0.2121,0.32,0.2985,4.0
2.0,1.0,4.0,8.0,1.0,1.0,0.0,2.0,0.56,0.5303,0.83,0.1642,597.0
1.0,0.0,3.0,8.0,0.0,3.0,1.0,1.0,0.24,0.2121,0.65,0.2836,256.0
1.0,0.0,1.0,13.0,0.0,6.0,0.0,1.0,0.08,0.1667,0.35,0.0,84.0
2.0,1.0,6.0,6.0,0.0,6.0,0.0,1.0,0.56,0.5303,0.64,0.1045,80.0
2.0,0.0,4.0,18.0,0.0,3.0,1.0,1.0,0.44,0.4394,0.62,0.3881,321.0
3.0,1.0,9.0,0.0,0.0,4.0,1.0,1.0,0.5,0.4848,0.63,0.0,58.0
4.0,0.0,11.0,15.0,0.0,2.0,1.0,2.0,0.54,0.5152,0.6,0.1343,191.0
4.0,1.0,10.0,6.0,0.0,6.0,0.0,1.0,0.42,0.4242,0.71,0.0,31.0
4.0,0.0,12.0,4.0,0.0,1.0,1.0,1.0,0.16,0.1818,0.86,0.1343,4.0
1.0,0.0,3.0,10.0,0.0,0.0,0.0,2.0,0.42,0.4242,1.0,0.2985,31.0
1.0,1.0,2.0,13.0,0.0,4.0,1.0,3.0,0.34,0.3182,0.71,0.2537,64.0
2.0,0.0,4.0,8.0,0.0,4.0,1.0,1.0,0.42,0.4242,0.58,0.1642,337.0
1.0,1.0,2.0,7.0,0.0,0.0,0.0,2.0,0.24,0.2121,0.52,0.2836,14.0
3.0,0.0,6.0,2.0,0.0,4.0,1.0,1.0,0.62,0.6212,0.57,0.1343,8.0
2.0,1.0,4.0,19.0,0.0,0.0,0.0,3.0,0.36,0.3182,0.87,0.5224,35.0
2.0,0.0,6.0,2.0,0.0,6.0,0.0,1.0,0.7,0.6667,0.79,0.1045,60.0
2.0,0.0,4.0,16.0,0.0,6.0,0.0,1.0,0.58,0.5455,0.37,0.194,464.0
3.0,1.0,9.0,20.0,0.0,5.0,1.0,1.0,0.62,0.6061,0.69,0.194,369.0
2.0,0.0,5.0,12.0,1.0,1.0,0.0,1.0,0.86,0.803,0.47,0.1045,366.0
4.0,0.0,12.0,12.0,0.0,3.0,1.0,3.0,0.44,0.4394,1.0,0.1343,33.0
2.0,1.0,6.0,6.0,0.0,5.0,1.0,1.0,0.52,0.5,0.68,0.0896,139.0
2.0,1.0,4.0,14.0,0.0,3.0,1.0,1.0,0.36,0.3485,0.57,0.194,135.0
3.0,1.0,8.0,4.0,0.0,0.0,0.0,1.0,0.72,0.697,0.74,0.2537,14.0
4.0,0.0,12.0,15.0,0.0,1.0,1.0,2.0,0.46,0.4545,0.72,0.0896,148.0
2.0,1.0,4.0,21.0,0.0,2.0,1.0,1.0,0.44,0.4394,0.3,0.4478,206.0
2.0,1.0,4.0,4.0,0.0,2.0,1.0,1.0,0.3,0.2879,0.7,0.194,3.0
2.0,1.0,5.0,5.0,0.0,6.0,0.0,1.0,0.46,0.4545,0.67,0.0,12.0
2.0,0.0,6.0,14.0,0.0,6.0,0.0,1.0,0.74,0.6515,0.33,0.2239,451.0
3.0,0.0,8.0,21.0,0.0,2.0,1.0,1.0,0.72,0.6667,0.54,0.0,215.0
2.0,1.0,3.0,4.0,0.0,1.0,1.0,1.0,0.44,0.4394,0.82,0.1642,4.0
4.0,0.0,11.0,6.0,1.0,5.0,0.0,1.0,0.28,0.2576,0.45,0.3284,46.0
3.0,1.0,9.0,7.0,0.0,5.0,1.0,2.0,0.56,0.5303,0.88,0.0,454.0
4.0,1.0,10.0,21.0,0.0,5.0,1.0,1.0,0.6,0.5909,0.69,0.2239,267.0
1.0,1.0,2.0,0.0,0.0,4.0,1.0,2.0,0.3,0.303,0.7,0.1343,23.0
2.0,0.0,6.0,23.0,0.0,3.0,1.0,1.0,0.74,0.6667,0.51,0.1642,69.0
4.0,0.0,11.0,19.0,0.0,0.0,0.0,1.0,0.5,0.4848,0.29,0.3582,157.0
3.0,0.0,8.0,12.0,0.0,1.0,1.0,1.0,0.9,0.803,0.33,0.2537,168.0
2.0,1.0,5.0,22.0,0.0,5.0,1.0,1.0,0.56,0.5303,0.35,0.2239,234.0
1.0,1.0,2.0,9.0,0.0,3.0,1.0,1.0,0.32,0.303,0.61,0.3284,231.0
2.0,0.0,4.0,22.0,0.0,6.0,0.0,1.0,0.32,0.303,0.61,0.2985,55.0
1.0,1.0,1.0,13.0,0.0,0.0,0.0,1.0,0.2,0.1818,0.34,0.2836,224.0
3.0,1.0,8.0,5.0,0.0,6.0,0.0,2.0,0.64,0.6061,0.73,0.1642,14.0
3.0,1.0,7.0,15.0,0.0,2.0,1.0,1.0,0.76,0.7121,0.62,0.1343,144.0
1.0,1.0,1.0,14.0,1.0,1.0,0.0,1.0,0.24,0.2121,0.44,0.3881,181.0
1.0,0.0,1.0,1.0,0.0,5.0,1.0,2.0,0.2,0.197,0.69,0.2239,7.0
4.0,0.0,11.0,14.0,1.0,4.0,0.0,1.0,0.5,0.4848,0.31,0.2985,168.0
2.0,1.0,6.0,8.0,0.0,2.0,1.0,2.0,0.62,0.5606,0.88,0.2239,613.0
2.0,0.0,4.0,14.0,0.0,6.0,0.0,3.0,0.52,0.5,0.83,0.5821,63.0
3.0,1.0,9.0,17.0,0.0,0.0,0.0,1.0,0.66,0.6212,0.41,0.0,570.0
4.0,0.0,12.0,3.0,0.0,6.0,0.0,2.0,0.28,0.303,0.61,0.0896,25.0
1.0,1.0,2.0,23.0,0.0,4.0,1.0,1.0,0.32,0.3333,0.81,0.0896,73.0
3.0,1.0,6.0,7.0,0.0,0.0,0.0,1.0,0.64,0.6061,0.69,0.1045,71.0
3.0,0.0,9.0,14.0,0.0,3.0,1.0,3.0,0.6,0.5152,0.93,0.0,25.0
1.0,1.0,3.0,19.0,0.0,4.0,1.0,1.0,0.48,0.4697,0.41,0.3284,328.0
4.0,1.0,10.0,0.0,0.0,1.0,1.0,3.0,0.44,0.4394,0.88,0.3582,22.0
3.0,0.0,7.0,20.0,0.0,6.0,0.0,1.0,0.82,0.803,0.59,0.2239,145.0
1.0,1.0,1.0,7.0,0.0,4.0,1.0,2.0,0.34,0.3182,0.87,0.2836,220.0
3.0,0.0,8.0,6.0,0.0,4.0,1.0,1.0,0.62,0.6061,0.65,0.1642,106.0
2.0,1.0,4.0,9.0,0.0,5.0,1.0,1.0,0.46,0.4545,0.88,0.0896,359.0
3.0,0.0,7.0,12.0,0.0,0.0,0.0,1.0,0.8,0.7576,0.55,0.1045,404.0
1.0,0.0,12.0,15.0,0.0,4.0,1.0,2.0,0.3,0.3182,0.52,0.0896,177.0
3.0,0.0,8.0,10.0,0.0,6.0,0.0,2.0,0.74,0.697,0.7,0.2836,290.0
2.0,1.0,4.0,1.0,0.0,5.0,1.0,1.0,0.46,0.4545,0.82,0.194,25.0
1.0,0.0,2.0,3.0,0.0,0.0,0.0,1.0,0.22,0.1818,0.44,0.5522,18.0
4.0,0.0,11.0,12.0,1.0,4.0,0.0,1.0,0.46,0.4545,0.36,0.2239,150.0
3.0,0.0,7.0,17.0,0.0,0.0,0.0,1.0,0.8,0.7424,0.49,0.3881,369.0
1.0,1.0,12.0,15.0,0.0,4.0,1.0,2.0,0.26,0.2121,0.56,0.4478,120.0
4.0,1.0,11.0,23.0,0.0,4.0,1.0,1.0,0.34,0.303,0.46,0.3582,87.0
2.0,0.0,6.0,3.0,0.0,5.0,1.0,1.0,0.56,0.5303,0.94,0.1045,6.0
3.0,1.0,8.0,17.0,0.0,5.0,1.0,1.0,0.88,0.7727,0.32,0.1642,617.0
1.0,1.0,1.0,9.0,0.0,5.0,1.0,1.0,0.22,0.197,0.47,0.3881,263.0
1.0,1.0,1.0,7.0,0.0,2.0,1.0,1.0,0.14,0.1212,0.59,0.2537,170.0
3.0,0.0,9.0,10.0,0.0,4.0,1.0,2.0,0.66,0.6212,0.69,0.2537,121.0
4.0,1.0,10.0,21.0,0.0,5.0,1.0,1.0,0.5,0.4848,0.77,0.0,206.0
4.0,0.0,11.0,13.0,0.0,0.0,0.0,1.0,0.54,0.5152,0.6,0.194,313.0
4.0,1.0,12.0,18.0,0.0,1.0,1.0,2.0,0.4,0.4091,0.94,0.0896,507.0
1.0,0.0,2.0,22.0,0.0,0.0,0.0,1.0,0.4,0.4091,0.35,0.2985,36.0
2.0,0.0,4.0,6.0,0.0,3.0,1.0,3.0,0.38,0.3939,0.94,0.2239,34.0
3.0,0.0,8.0,22.0,0.0,0.0,0.0,2.0,0.7,0.6667,0.79,0.194,134.0
1.0,1.0,3.0,3.0,0.0,1.0,1.0,1.0,0.36,0.3485,0.5,0.1343,2.0
2.0,1.0,3.0,19.0,0.0,5.0,1.0,1.0,0.4,0.4091,0.62,0.2239,395.0
1.0,0.0,1.0,18.0,0.0,0.0,0.0,1.0,0.2,0.2121,0.4,0.1642,67.0
4.0,0.0,10.0,0.0,0.0,2.0,1.0,2.0,0.54,0.5152,0.88,0.0,30.0
4.0,1.0,10.0,5.0,0.0,4.0,1.0,1.0,0.36,0.3485,0.5,0.1642,42.0
1.0,0.0,2.0,18.0,0.0,0.0,0.0,1.0,0.4,0.4091,0.54,0.194,127.0
3.0,0.0,8.0,8.0,0.0,2.0,1.0,1.0,0.74,0.6818,0.58,0.2836,435.0
2.0,1.0,5.0,18.0,0.0,2.0,1.0,1.0,0.8,0.7424,0.49,0.4925,710.0
4.0,1.0,11.0,19.0,0.0,6.0,0.0,1.0,0.36,0.3485,0.5,0.1642,239.0
2.0,1.0,6.0,11.0,0.0,3.0,1.0,2.0,0.66,0.6212,0.54,0.4478,246.0
2.0,0.0,4.0,10.0,0.0,4.0,1.0,2.0,0.42,0.4242,0.67,0.1045,95.0
3.0,1.0,7.0,8.0,0.0,5.0,1.0,2.0,0.7,0.6515,0.54,0.0,713.0
1.0,0.0,1.0,8.0,0.0,0.0,0.0,1.0,0.22,0.2121,0.55,0.2836,18.0
1.0,1.0,2.0,2.0,0.0,2.0,1.0,1.0,0.24,0.2879,0.6,0.0,3.0
4.0,0.0,9.0,10.0,0.0,2.0,1.0,3.0,0.64,0.5606,0.94,0.1642,122.0
2.0,0.0,4.0,5.0,0.0,3.0,1.0,1.0,0.24,0.2576,0.7,0.1045,13.0
3.0,1.0,9.0,17.0,0.0,6.0,0.0,2.0,0.82,0.7727,0.52,0.0,463.0
1.0,0.0,3.0,21.0,0.0,5.0,1.0,2.0,0.3,0.2879,0.52,0.2537,53.0
3.0,1.0,7.0,2.0,0.0,0.0,0.0,1.0,0.66,0.6212,0.74,0.1343,112.0
2.0,1.0,5.0,9.0,0.0,6.0,0.0,1.0,0.64,0.5758,0.83,0.194,289.0
4.0,1.0,12.0,23.0,0.0,3.0,1.0,2.0,0.28,0.2727,0.56,0.2239,79.0
3.0,1.0,9.0,5.0,0.0,6.0,0.0,2.0,0.66,0.5909,0.94,0.2537,15.0
3.0,1.0,8.0,5.0,0.0,1.0,1.0,1.0,0.62,0.5606,0.88,0.0,36.0
1.0,1.0,12.0,22.0,0.0,0.0,0.0,1.0,0.24,0.2576,0.6,0.1045,58.0
3.0,1.0,6.0,9.0,0.0,1.0,1.0,1.0,0.7,0.6515,0.65,0.194,268.0
3.0,0.0,9.0,22.0,0.0,5.0,1.0,1.0,0.62,0.5455,0.94,0.0,160.0
2.0,0.0,6.0,14.0,0.0,0.0,0.0,1.0,0.82,0.7879,0.56,0.2537,315.0
1.0,0.0,2.0,22.0,0.0,2.0,1.0,2.0,0.22,0.2576,0.87,0.0896,36.0
1.0,1.0,1.0,15.0,0.0,4.0,1.0,1.0,0.36,0.3333,0.34,0.2836,119.0
2.0,1.0,6.0,6.0,0.0,1.0,1.0,3.0,0.52,0.5,0.88,0.1343,37.0
1.0,0.0,1.0,20.0,0.0,1.0,1.0,3.0,0.16,0.1667,0.59,0.1642,78.0
1.0,1.0,1.0,21.0,0.0,0.0,0.0,1.0,0.28,0.2727,0.56,0.2239,91.0
2.0,1.0,4.0,15.0,0.0,1.0,1.0,1.0,0.48,0.4697,0.33,0.4179,324.0
1.0,1.0,12.0,1.0,0.0,6.0,0.0,2.0,0.24,0.2424,0.75,0.0896,37.0
4.0,0.0,10.0,6.0,0.0,0.0,0.0,1.0,0.44,0.4394,0.88,0.0,21.0
4.0,1.0,12.0,21.0,0.0,0.0,0.0,2.0,0.36,0.3636,1.0,0.1045,96.0
2.0,0.0,4.0,23.0,0.0,1.0,1.0,2.0,0.64,0.6212,0.47,0.2239,48.0
3.0,0.0,7.0,0.0,0.0,2.0,1.0,1.0,0.7,0.6667,0.79,0.1343,22.0
3.0,1.0,7.0,6.0,0.0,1.0,1.0,3.0,0.64,0.5758,0.89,0.2537,92.0
1.0,0.0,12.0,7.0,0.0,3.0,1.0,2.0,0.36,0.3636,0.87,0.1045,229.0
4.0,1.0,11.0,12.0,0.0,2.0,1.0,1.0,0.32,0.3333,0.45,0.1343,248.0
2.0,1.0,4.0,2.0,0.0,1.0,1.0,1.0,0.42,0.4242,0.71,0.1343,8.0
4.0,0.0,12.0,10.0,0.0,5.0,1.0,2.0,0.3,0.303,0.7,0.1642,126.0
2.0,1.0,6.0,6.0,0.0,0.0,0.0,1.0,0.46,0.4545,0.82,0.1045,22.0
2.0,1.0,5.0,10.0,0.0,1.0,1.0,3.0,0.58,0.5455,0.88,0.2836,99.0
2.0,0.0,5.0,17.0,0.0,1.0,1.0,3.0,0.72,0.6818,0.7,0.3881,429.0
2.0,0.0,5.0,1.0,0.0,5.0,1.0,1.0,0.46,0.4545,1.0,0.0,25.0
1.0,1.0,1.0,9.0,0.0,3.0,1.0,1.0,0.24,0.2273,0.7,0.2537,236.0
1.0,1.0,1.0,1.0,0.0,2.0,1.0,2.0,0.32,0.303,0.93,0.2537,9.0
4.0,1.0,10.0,9.0,0.0,1.0,1.0,1.0,0.46,0.4545,0.63,0.0896,360.0
4.0,1.0,11.0,14.0,0.0,6.0,0.0,2.0,0.36,0.3333,0.5,0.3284,455.0
4.0,0.0,12.0,4.0,0.0,6.0,0.0,1.0,0.22,0.2273,0.75,0.1343,8.0
2.0,0.0,6.0,9.0,0.0,0.0,0.0,2.0,0.68,0.6364,0.74,0.1045,169.0
4.0,0.0,11.0,15.0,0.0,1.0,1.0,1.0,0.56,0.5303,0.37,0.1045,170.0
4.0,0.0,11.0,14.0,0.0,5.0,1.0,1.0,0.52,0.5,0.39,0.2239,272.0
4.0,1.0,12.0,21.0,0.0,6.0,0.0,2.0,0.36,0.3788,1.0,0.0,209.0
4.0,1.0,10.0,10.0,0.0,3.0,1.0,2.0,0.54,0.5152,0.73,0.0,171.0
4.0,1.0,10.0,17.0,0.0,6.0,0.0,1.0,0.54,0.5152,0.37,0.2239,731.0
3.0,0.0,7.0,4.0,0.0,4.0,1.0,1.0,0.64,0.5758,0.89,0.1045,4.0
2.0,0.0,5.0,2.0,0.0,1.0,1.0,1.0,0.44,0.4394,0.94,0.0,8.0
3.0,1.0,8.0,4.0,0.0,2.0,1.0,1.0,0.56,0.5303,0.88,0.0,4.0
4.0,0.0,12.0,20.0,0.0,0.0,0.0,1.0,0.22,0.2424,0.55,0.1045,72.0
4.0,0.0,10.0,1.0,0.0,6.0,0.0,1.0,0.46,0.4545,0.82,0.0,65.0
4.0,0.0,11.0,22.0,0.0,5.0,1.0,1.0,0.26,0.2727,0.52,0.1045,97.0
3.0,1.0,8.0,13.0,0.0,4.0,1.0,1.0,0.86,0.7879,0.41,0.1045,281.0
2.0,0.0,6.0,0.0,0.0,5.0,1.0,1.0,0.56,0.5303,0.88,0.0896,24.0
4.0,1.0,9.0,12.0,0.0,5.0,1.0,2.0,0.7,0.6515,0.54,0.2537,380.0
1.0,1.0,2.0,3.0,0.0,4.0,1.0,1.0,0.22,0.2121,0.8,0.2836,4.0
1.0,1.0,1.0,21.0,0.0,4.0,1.0,1.0,0.44,0.4394,0.67,0.1343,174.0
2.0,0.0,4.0,10.0,0.0,3.0,1.0,1.0,0.62,0.6061,0.69,0.0896,131.0
3.0,1.0,9.0,23.0,0.0,5.0,1.0,1.0,0.6,0.5909,0.73,0.3284,186.0
1.0,1.0,1.0,18.0,0.0,6.0,0.0,2.0,0.2,0.1818,0.75,0.3881,110.0
4.0,0.0,11.0,16.0,0.0,0.0,0.0,2.0,0.52,0.5,0.63,0.1343,306.0
3.0,0.0,9.0,13.0,0.0,1.0,1.0,2.0,0.6,0.6061,0.6,0.0,177.0
1.0,1.0,3.0,11.0,0.0,1.0,1.0,2.0,0.26,0.2727,0.56,0.1343,103.0
3.0,1.0,8.0,15.0,0.0,0.0,0.0,1.0,0.76,0.6818,0.4,0.1343,577.0
4.0,1.0,10.0,16.0,0.0,1.0,1.0,1.0,0.62,0.6212,0.33,0.1642,524.0
2.0,0.0,5.0,23.0,0.0,4.0,1.0,1.0,0.48,0.4697,0.94,0.0,72.0
1.0,0.0,3.0,0.0,0.0,0.0,0.0,1.0,0.38,0.3939,0.62,0.1045,38.0
3.0,0.0,6.0,2.0,0.0,0.0,0.0,1.0,0.62,0.6212,0.57,0.1045,87.0
1.0,1.0,3.0,16.0,0.0,0.0,0.0,1.0,0.36,0.3182,0.29,0.4925,299.0
2.0,1.0,4.0,16.0,0.0,3.0,1.0,1.0,0.6,0.5909,0.2,0.3284,376.0
3.0,1.0,7.0,13.0,0.0,4.0,1.0,1.0,0.84,0.7727,0.47,0.1343,254.0
1.0,1.0,1.0,0.0,0.0,3.0,1.0,1.0,0.26,0.303,0.81,0.0,28.0
2.0,1.0,6.0,16.0,0.0,5.0,1.0,1.0,0.76,0.6667,0.29,0.2985,523.0
4.0,0.0,12.0,7.0,0.0,6.0,0.0,1.0,0.22,0.2576,0.75,0.0896,26.0
2.0,1.0,5.0,2.0,0.0,0.0,0.0,2.0,0.54,0.5152,0.68,0.1642,82.0
1.0,0.0,12.0,4.0,0.0,4.0,1.0,1.0,0.38,0.3939,0.82,0.1343,3.0
4.0,1.0,11.0,1.0,0.0,2.0,1.0,1.0,0.24,0.2424,0.6,0.1642,8.0
2.0,1.0,4.0,20.0,0.0,3.0,1.0,2.0,0.42,0.4242,0.77,0.1045,260.0
4.0,0.0,10.0,1.0,0.0,3.0,1.0,1.0,0.44,0.4394,0.67,0.2537,12.0
2.0,1.0,5.0,17.0,0.0,0.0,0.0,1.0,0.7,0.6364,0.45,0.4179,478.0
2.0,0.0,3.0,19.0,0.0,2.0,1.0,1.0,0.34,0.3333,0.23,0.194,190.0
3.0,1.0,7.0,18.0,0.0,4.0,1.0,1.0,0.92,0.8788,0.4,0.3582,688.0
1.0,1.0,3.0,20.0,0.0,2.0,1.0,1.0,0.6,0.6212,0.49,0.1642,351.0
4.0,1.0,12.0,13.0,0.0,0.0,0.0,2.0,0.38,0.3939,0.76,0.194,356.0
1.0,0.0,12.0,2.0,0.0,6.0,0.0,2.0,0.4,0.4091,0.62,0.2836,28.0
3.0,0.0,9.0,8.0,0.0,5.0,1.0,1.0,0.42,0.4242,0.67,0.2239,409.0
2.0,0.0,4.0,21.0,0.0,2.0,1.0,2.0,0.5,0.4848,0.72,0.1343,122.0
4.0,0.0,10.0,5.0,0.0,5.0,1.0,2.0,0.56,0.5303,0.94,0.1642,17.0
4.0,1.0,10.0,22.0,0.0,6.0,0.0,1.0,0.44,0.4394,0.51,0.1045,202.0
4.0,0.0,10.0,18.0,0.0,4.0,1.0,2.0,0.46,0.4545,0.51,0.2985,469.0
1.0,1.0,12.0,2.0,0.0,0.0,0.0,1.0,0.2,0.2121,0.51,0.1642,18.0
3.0,0.0,9.0,12.0,0.0,6.0,0.0,1.0,0.7,0.6515,0.61,0.2239,257.0
4.0,0.0,11.0,13.0,0.0,1.0,1.0,1.0,0.6,0.6212,0.49,0.3881,203.0
3.0,1.0,7.0,21.0,0.0,0.0,0.0,1.0,0.84,0.7424,0.39,0.1343,258.0
2.0,0.0,6.0,22.0,0.0,4.0,1.0,2.0,0.74,0.6818,0.58,0.1642,153.0
2.0,1.0,4.0,7.0,0.0,1.0,1.0,1.0,0.42,0.4242,0.28,0.194,331.0
1.0,0.0,1.0,18.0,0.0,4.0,1.0,1.0,0.2,0.2273,0.69,0.0896,104.0
4.0,1.0,12.0,19.0,0.0,1.0,1.0,1.0,0.5,0.4848,0.68,0.0896,471.0
4.0,1.0,9.0,20.0,0.0,5.0,1.0,3.0,0.6,0.6212,0.53,0.1642,336.0
1.0,0.0,1.0,2.0,0.0,5.0,1.0,1.0,0.1,0.1212,0.54,0.1343,1.0
3.0,1.0,7.0,17.0,0.0,2.0,1.0,2.0,0.86,0.7424,0.3,0.1642,722.0
4.0,1.0,10.0,2.0,0.0,0.0,0.0,1.0,0.4,0.4091,0.62,0.1642,132.0
1.0,0.0,1.0,20.0,0.0,5.0,1.0,1.0,0.1,0.0758,0.33,0.4179,53.0
1.0,0.0,1.0,6.0,0.0,4.0,1.0,2.0,0.14,0.1667,0.63,0.1045,36.0
2.0,1.0,5.0,13.0,0.0,2.0,1.0,2.0,0.72,0.6667,0.51,0.2239,249.0
4.0,0.0,12.0,13.0,0.0,0.0,0.0,1.0,0.3,0.2727,0.49,0.2985,228.0
2.0,0.0,5.0,3.0,0.0,1.0,1.0,3.0,0.54,0.5152,0.94,0.1642,4.0
1.0,1.0,1.0,23.0,0.0,6.0,0.0,1.0,0.32,0.3182,0.31,0.194,85.0
4.0,1.0,10.0,6.0,0.0,6.0,0.0,1.0,0.54,0.5152,0.88,0.2537,30.0
4.0,1.0,10.0,16.0,0.0,3.0,1.0,2.0,0.42,0.4242,0.54,0.2239,424.0
4.0,0.0,10.0,13.0,0.0,6.0,0.0,1.0,0.6,0.6212,0.35,0.4627,394.0
3.0,1.0,8.0,16.0,0.0,5.0,1.0,2.0,0.86,0.7879,0.41,0.2239,492.0
1.0,0.0,1.0,12.0,0.0,0.0,0.0,1.0,0.16,0.1212,0.37,0.4627,116.0
3.0,1.0,7.0,13.0,0.0,3.0,1.0,1.0,0.94,0.8485,0.33,0.0,203.0
3.0,1.0,7.0,1.0,0.0,0.0,0.0,1.0,0.74,0.697,0.7,0.1343,93.0
4.0,1.0,10.0,23.0,0.0,4.0,1.0,2.0,0.54,0.5152,0.83,0.0,117.0
1.0,1.0,1.0,4.0,0.0,4.0,1.0,1.0,0.28,0.3182,0.75,0.0,3.0
3.0,1.0,9.0,1.0,0.0,0.0,0.0,1.0,0.56,0.5303,0.73,0.2239,124.0
4.0,1.0,11.0,9.0,0.0,6.0,0.0,1.0,0.34,0.3182,0.49,0.2239,248.0
3.0,0.0,8.0,10.0,0.0,0.0,0.0,1.0,0.8,0.803,0.66,0.1343,266.0
4.0,1.0,10.0,20.0,0.0,0.0,0.0,1.0,0.54,0.5152,0.73,0.2239,246.0
1.0,0.0,12.0,17.0,0.0,6.0,0.0,1.0,0.42,0.4242,0.54,0.194,129.0
1.0,1.0,2.0,22.0,0.0,3.0,1.0,3.0,0.42,0.4242,0.94,0.2537,55.0
1.0,1.0,2.0,19.0,0.0,2.0,1.0,1.0,0.38,0.3939,0.43,0.2239,338.0
3.0,0.0,8.0,20.0,0.0,5.0,1.0,1.0,0.72,0.697,0.79,0.0896,222.0
2.0,1.0,5.0,4.0,0.0,6.0,0.0,1.0,0.48,0.4697,0.59,0.0896,14.0
1.0,1.0,1.0,2.0,0.0,6.0,0.0,3.0,0.14,0.2121,0.86,0.0,26.0
2.0,0.0,3.0,1.0,0.0,4.0,1.0,2.0,0.3,0.2879,1.0,0.2239,3.0
3.0,0.0,7.0,21.0,0.0,2.0,1.0,1.0,0.78,0.7121,0.49,0.2239,267.0
4.0,1.0,11.0,18.0,0.0,4.0,1.0,1.0,0.32,0.3182,0.49,0.1642,537.0
4.0,0.0,11.0,3.0,0.0,6.0,0.0,1.0,0.26,0.2424,0.48,0.2537,15.0
1.0,1.0,2.0,6.0,0.0,1.0,1.0,1.0,0.1,0.1061,0.54,0.2239,72.0
3.0,1.0,9.0,22.0,0.0,3.0,1.0,1.0,0.5,0.4848,0.63,0.0896,229.0
3.0,0.0,8.0,14.0,0.0,5.0,1.0,2.0,0.78,0.7121,0.52,0.2537,245.0
4.0,0.0,9.0,21.0,0.0,6.0,0.0,1.0,0.62,0.5758,0.83,0.0896,222.0
2.0,1.0,6.0,15.0,0.0,6.0,0.0,1.0,0.84,0.7121,0.2,0.2985,555.0
2.0,1.0,4.0,13.0,0.0,4.0,1.0,2.0,0.5,0.4848,0.82,0.1642,197.0
3.0,1.0,7.0,7.0,0.0,2.0,1.0,1.0,0.74,0.6818,0.58,0.0,483.0
4.0,1.0,11.0,22.0,0.0,5.0,1.0,1.0,0.44,0.4394,0.33,0.5224,79.0
2.0,1.0,5.0,18.0,0.0,0.0,0.0,1.0,0.76,0.7121,0.58,0.2985,518.0
1.0,0.0,1.0,7.0,0.0,0.0,0.0,2.0,0.4,0.4091,0.76,0.194,1.0
2.0,0.0,5.0,15.0,0.0,2.0,1.0,1.0,0.9,0.8182,0.37,0.1642,175.0
1.0,1.0,1.0,3.0,0.0,3.0,1.0,1.0,0.22,0.2727,0.8,0.0,4.0
4.0,0.0,9.0,1.0,0.0,3.0,1.0,1.0,0.6,0.5455,0.88,0.0,14.0
2.0,0.0,6.0,17.0,0.0,1.0,1.0,1.0,0.78,0.6818,0.33,0.2836,579.0
3.0,1.0,9.0,1.0,0.0,1.0,1.0,1.0,0.52,0.5,0.72,0.0896,21.0
1.0,1.0,3.0,18.0,0.0,6.0,0.0,1.0,0.62,0.6212,0.57,0.2985,560.0
3.0,1.0,9.0,0.0,0.0,6.0,0.0,1.0,0.66,0.5909,0.89,0.2537,150.0
1.0,0.0,3.0,17.0,0.0,3.0,1.0,2.0,0.34,0.303,0.76,0.2985,194.0
3.0,0.0,8.0,0.0,0.0,5.0,1.0,1.0,0.66,0.6212,0.74,0.1045,54.0
4.0,1.0,9.0,3.0,0.0,0.0,0.0,1.0,0.48,0.4697,0.55,0.2985,54.0
1.0,0.0,1.0,8.0,0.0,4.0,1.0,1.0,0.16,0.2273,0.59,0.0,219.0
4.0,0.0,11.0,1.0,0.0,5.0,1.0,1.0,0.26,0.2273,0.44,0.3284,10.0
1.0,1.0,2.0,7.0,0.0,0.0,0.0,2.0,0.24,0.2424,0.75,0.1642,16.0
4.0,0.0,12.0,2.0,0.0,0.0,0.0,1.0,0.18,0.1667,0.55,0.2537,52.0
3.0,1.0,6.0,22.0,0.0,6.0,0.0,1.0,0.78,0.7424,0.62,0.1642,172.0
4.0,0.0,12.0,21.0,0.0,5.0,1.0,1.0,0.3,0.3333,0.75,0.0,140.0
1.0,1.0,2.0,4.0,0.0,4.0,1.0,1.0,0.4,0.4091,0.76,0.2239,1.0
1.0,1.0,3.0,20.0,0.0,0.0,0.0,1.0,0.28,0.2727,0.38,0.2537,88.0
4.0,0.0,10.0,7.0,0.0,2.0,1.0,1.0,0.42,0.4242,0.82,0.2836,309.0
4.0,0.0,10.0,19.0,0.0,0.0,0.0,1.0,0.56,0.5303,0.73,0.0896,302.0
3.0,0.0,9.0,5.0,0.0,2.0,1.0,3.0,0.54,0.5152,0.88,0.3582,21.0
2.0,1.0,4.0,7.0,0.0,0.0,0.0,1.0,0.38,0.3939,0.27,0.1642,37.0
3.0,1.0,8.0,0.0,0.0,2.0,1.0,1.0,0.7,0.6667,0.84,0.2537,38.0
4.0,0.0,11.0,20.0,0.0,1.0,1.0,3.0,0.4,0.4091,0.87,0.2239,80.0
4.0,0.0,10.0,6.0,0.0,3.0,1.0,3.0,0.52,0.5,0.83,0.2537,31.0
4.0,0.0,9.0,5.0,0.0,2.0,1.0,3.0,0.62,0.5455,0.94,0.0896,24.0
4.0,0.0,11.0,15.0,0.0,1.0,1.0,1.0,0.58,0.5455,0.6,0.1642,150.0
1.0,0.0,2.0,19.0,0.0,3.0,1.0,1.0,0.3,0.3333,0.33,0.0,141.0
3.0,0.0,8.0,15.0,0.0,5.0,1.0,1.0,0.8,0.7424,0.49,0.1045,222.0
4.0,1.0,10.0,23.0,0.0,5.0,1.0,1.0,0.36,0.3485,0.57,0.194,100.0
1.0,1.0,1.0,0.0,0.0,6.0,0.0,1.0,0.3,0.2879,0.52,0.2836,69.0
3.0,1.0,8.0,19.0,0.0,1.0,1.0,1.0,0.74,0.6818,0.58,0.1642,555.0
4.0,0.0,12.0,2.0,0.0,5.0,1.0,1.0,0.24,0.2879,0.75,0.0,10.0
2.0,0.0,6.0,11.0,0.0,3.0,1.0,1.0,0.68,0.6364,0.36,0.0,164.0
3.0,1.0,8.0,5.0,0.0,4.0,1.0,2.0,0.66,0.5909,0.94,0.0,41.0
3.0,0.0,9.0,13.0,0.0,3.0,1.0,1.0,0.76,0.697,0.55,0.2537,178.0
1.0,1.0,2.0,8.0,0.0,3.0,1.0,1.0,0.32,0.2879,0.61,0.3582,515.0
4.0,1.0,11.0,13.0,0.0,2.0,1.0,1.0,0.34,0.3333,0.46,0.1343,278.0
1.0,0.0,1.0,11.0,0.0,6.0,0.0,1.0,0.36,0.3333,0.81,0.2836,56.0
1.0,1.0,2.0,21.0,0.0,4.0,1.0,2.0,0.34,0.3485,0.81,0.1045,145.0
3.0,1.0,7.0,1.0,0.0,6.0,0.0,1.0,0.72,0.6818,0.7,0.0896,80.0
1.0,0.0,3.0,1.0,0.0,0.0,0.0,1.0,0.32,0.2879,0.53,0.3582,24.0
3.0,1.0,8.0,2.0,0.0,0.0,0.0,1.0,0.64,0.6061,0.69,0.1343,86.0
3.0,0.0,6.0,3.0,0.0,6.0,0.0,1.0,0.64,0.6212,0.57,0.194,39.0
1.0,1.0,2.0,1.0,0.0,6.0,0.0,1.0,0.34,0.303,0.42,0.3582,46.0
4.0,1.0,11.0,8.0,0.0,3.0,1.0,1.0,0.24,0.2121,0.6,0.2836,692.0
2.0,1.0,4.0,19.0,0.0,3.0,1.0,2.0,0.42,0.4242,0.77,0.1343,368.0
4.0,1.0,12.0,13.0,0.0,1.0,1.0,2.0,0.4,0.4091,0.87,0.1343,210.0
1.0,1.0,2.0,13.0,0.0,6.0,0.0,2.0,0.26,0.2424,0.81,0.2836,235.0
3.0,1.0,7.0,4.0,0.0,4.0,1.0,1.0,0.66,0.6212,0.74,0.194,4.0
4.0,1.0,11.0,0.0,0.0,3.0,1.0,2.0,0.3,0.2879,0.56,0.2836,283.0
1.0,1.0,2.0,18.0,0.0,1.0,1.0,1.0,0.38,0.3939,0.43,0.2239,437.0
4.0,0.0,11.0,8.0,0.0,0.0,0.0,2.0,0.28,0.303,0.87,0.0896,90.0
1.0,0.0,1.0,20.0,0.0,2.0,1.0,2.0,0.22,0.2727,0.87,0.0,83.0
1.0,0.0,3.0,15.0,0.0,2.0,1.0,2.0,0.38,0.3939,0.43,0.2836,90.0
4.0,0.0,12.0,17.0,0.0,2.0,1.0,2.0,0.46,0.4545,1.0,0.2239,262.0
1.0,0.0,2.0,7.0,0.0,0.0,0.0,1.0,0.18,0.1667,0.51,0.2537,2.0
2.0,1.0,5.0,3.0,0.0,3.0,1.0,3.0,0.56,0.5303,0.88,0.1642,2.0
3.0,0.0,7.0,16.0,0.0,6.0,0.0,1.0,0.88,0.7424,0.22,0.2239,398.0
1.0,0.0,1.0,8.0,0.0,6.0,0.0,1.0,0.18,0.197,0.55,0.1642,34.0
2.0,1.0,6.0,22.0,0.0,0.0,0.0,1.0,0.62,0.6212,0.5,0.3881,226.0
4.0,1.0,10.0,23.0,0.0,6.0,0.0,1.0,0.42,0.4242,0.58,0.2985,125.0
2.0,1.0,5.0,1.0,0.0,3.0,1.0,2.0,0.58,0.5455,0.88,0.1343,21.0
3.0,0.0,9.0,22.0,0.0,5.0,1.0,2.0,0.64,0.6061,0.73,0.1642,147.0
4.0,1.0,9.0,12.0,0.0,2.0,1.0,1.0,0.62,0.6212,0.43,0.2836,302.0
3.0,0.0,7.0,15.0,0.0,3.0,1.0,1.0,0.76,0.7273,0.7,0.2836,185.0
4.0,1.0,10.0,16.0,0.0,1.0,1.0,2.0,0.62,0.6212,0.46,0.2537,459.0
4.0,1.0,10.0,20.0,0.0,6.0,0.0,1.0,0.4,0.4091,0.54,0.0896,255.0
1.0,0.0,3.0,5.0,0.0,1.0,1.0,1.0,0.2,0.1818,0.75,0.3582,1.0
4.0,0.0,10.0,18.0,0.0,2.0,1.0,2.0,0.6,0.5758,0.78,0.2239,539.0
1.0,0.0,3.0,22.0,0.0,6.0,0.0,1.0,0.4,0.4091,0.37,0.3284,72.0
3.0,1.0,8.0,7.0,0.0,1.0,1.0,2.0,0.62,0.5909,0.78,0.1343,442.0
1.0,0.0,1.0,22.0,0.0,5.0,1.0,2.0,0.16,0.2273,0.69,0.0,36.0
3.0,1.0,9.0,1.0,0.0,5.0,1.0,1.0,0.52,0.5,0.72,0.0,49.0
4.0,1.0,10.0,10.0,0.0,3.0,1.0,1.0,0.56,0.5303,0.52,0.2985,217.0
1.0,0.0,1.0,10.0,0.0,0.0,0.0,1.0,0.22,0.2121,0.51,0.2836,79.0
4.0,0.0,10.0,23.0,0.0,0.0,0.0,1.0,0.56,0.5303,0.52,0.4179,62.0
2.0,1.0,5.0,12.0,0.0,0.0,0.0,2.0,0.6,0.6061,0.64,0.0896,558.0
3.0,1.0,7.0,17.0,0.0,5.0,1.0,1.0,0.86,0.7879,0.41,0.2836,699.0
2.0,1.0,6.0,2.0,0.0,2.0,1.0,2.0,0.6,0.5758,0.78,0.1343,15.0
1.0,0.0,3.0,22.0,0.0,2.0,1.0,1.0,0.3,0.2879,0.49,0.2239,55.0
2.0,1.0,5.0,14.0,0.0,5.0,1.0,1.0,0.74,0.6818,0.58,0.1343,367.0
2.0,0.0,5.0,0.0,0.0,3.0,1.0,3.0,0.6,0.5606,0.83,0.2239,35.0
1.0,0.0,3.0,2.0,0.0,4.0,1.0,1.0,0.2,0.1667,0.27,0.4627,3.0
3.0,0.0,8.0,2.0,0.0,2.0,1.0,1.0,0.62,0.5909,0.73,0.2239,4.0
1.0,0.0,1.0,11.0,0.0,6.0,0.0,1.0,0.2,0.197,0.55,0.2239,72.0
2.0,1.0,6.0,22.0,0.0,3.0,1.0,1.0,0.52,0.5,0.77,0.0896,248.0
3.0,0.0,9.0,2.0,0.0,6.0,0.0,2.0,0.64,0.6061,0.69,0.2239,41.0
3.0,0.0,9.0,15.0,0.0,0.0,0.0,2.0,0.58,0.5455,0.6,0.1343,365.0
1.0,1.0,3.0,20.0,0.0,5.0,1.0,1.0,0.46,0.4545,0.88,0.0,235.0
2.0,0.0,6.0,7.0,0.0,1.0,1.0,1.0,0.56,0.5303,0.56,0.3582,328.0
4.0,0.0,10.0,21.0,0.0,3.0,1.0,3.0,0.54,0.5152,1.0,0.1045,83.0
1.0,0.0,3.0,17.0,0.0,4.0,1.0,1.0,0.5,0.4848,0.42,0.194,313.0
3.0,0.0,9.0,18.0,0.0,0.0,0.0,2.0,0.56,0.5303,0.6,0.1045,289.0
4.0,1.0,11.0,0.0,0.0,6.0,0.0,1.0,0.3,0.303,0.52,0.1642,106.0
4.0,1.0,11.0,15.0,0.0,2.0,1.0,2.0,0.46,0.4545,0.55,0.1045,287.0
2.0,1.0,6.0,16.0,0.0,3.0,1.0,1.0,0.9,0.8182,0.35,0.1045,335.0
4.0,1.0,11.0,14.0,0.0,5.0,1.0,1.0,0.42,0.4242,0.35,0.1045,251.0
3.0,0.0,7.0,11.0,0.0,5.0,1.0,1.0,0.9,0.8939,0.5,0.1045,109.0
1.0,0.0,2.0,22.0,0.0,5.0,1.0,2.0,0.24,0.2424,0.65,0.1642,46.0
1.0,0.0,2.0,11.0,0.0,0.0,0.0,1.0,0.32,0.303,0.49,0.2537,117.0
4.0,0.0,10.0,11.0,0.0,2.0,1.0,1.0,0.52,0.5,0.48,0.2836,166.0
1.0,1.0,1.0,17.0,0.0,3.0,1.0,2.0,0.2,0.197,0.4,0.194,281.0
3.0,0.0,7.0,19.0,0.0,3.0,1.0,1.0,0.74,0.697,0.7,0.2239,394.0
4.0,1.0,9.0,4.0,0.0,3.0,1.0,1.0,0.56,0.5303,0.73,0.2537,14.0
4.0,0.0,10.0,3.0,0.0,3.0,1.0,3.0,0.54,0.5152,0.94,0.2985,2.0
4.0,0.0,11.0,10.0,1.0,4.0,0.0,1.0,0.36,0.3788,0.57,0.0,98.0
3.0,1.0,7.0,5.0,0.0,0.0,0.0,1.0,0.68,0.6364,0.79,0.1045,10.0
3.0,1.0,7.0,14.0,0.0,4.0,1.0,1.0,0.9,0.8788,0.47,0.2537,213.0
2.0,0.0,5.0,7.0,0.0,1.0,1.0,1.0,0.52,0.5,0.83,0.2836,272.0
1.0,1.0,3.0,9.0,0.0,5.0,1.0,2.0,0.34,0.2879,0.42,0.5224,284.0
3.0,1.0,7.0,1.0,0.0,5.0,1.0,2.0,0.68,0.6364,0.54,0.1045,59.0
2.0,1.0,4.0,9.0,0.0,5.0,1.0,1.0,0.42,0.4242,0.44,0.4925,334.0
1.0,1.0,2.0,1.0,0.0,3.0,1.0,1.0,0.32,0.3333,0.49,0.1045,6.0
1.0,1.0,1.0,4.0,0.0,6.0,0.0,1.0,0.14,0.1515,0.5,0.1343,3.0
3.0,0.0,9.0,19.0,0.0,4.0,1.0,1.0,0.46,0.4545,0.67,0.4627,232.0
3.0,0.0,7.0,9.0,0.0,3.0,1.0,1.0,0.82,0.7424,0.41,0.194,186.0
2.0,1.0,5.0,19.0,0.0,5.0,1.0,1.0,0.64,0.6061,0.23,0.2537,503.0
4.0,1.0,12.0,12.0,0.0,5.0,1.0,2.0,0.34,0.3333,0.71,0.194,240.0
3.0,0.0,9.0,20.0,0.0,4.0,1.0,2.0,0.62,0.5455,0.94,0.1642,89.0
1.0,1.0,3.0,17.0,0.0,3.0,1.0,1.0,0.7,0.6364,0.28,0.0896,782.0
2.0,0.0,3.0,5.0,0.0,4.0,1.0,2.0,0.28,0.2727,0.93,0.2239,9.0
4.0,1.0,9.0,22.0,0.0,0.0,0.0,1.0,0.52,0.5,0.48,0.0,138.0
4.0,1.0,10.0,10.0,0.0,1.0,1.0,1.0,0.5,0.4848,0.55,0.0,212.0
3.0,1.0,8.0,15.0,0.0,6.0,0.0,2.0,0.64,0.6061,0.73,0.3284,233.0
4.0,0.0,10.0,14.0,0.0,0.0,0.0,1.0,0.52,0.5,0.55,0.2239,408.0
4.0,1.0,12.0,4.0,0.0,5.0,1.0,1.0,0.2,0.2273,0.75,0.0896,10.0
1.0,0.0,2.0,12.0,0.0,4.0,1.0,1.0,0.16,0.1364,0.34,0.3881,69.0
3.0,0.0,9.0,6.0,0.0,2.0,1.0,1.0,0.56,0.5303,0.88,0.1045,122.0
3.0,1.0,8.0,9.0,0.0,5.0,1.0,2.0,0.72,0.6667,0.58,0.0,389.0
4.0,0.0,10.0,21.0,1.0,1.0,0.0,1.0,0.56,0.5303,0.88,0.0896,175.0
1.0,1.0,2.0,19.0,0.0,5.0,1.0,2.0,0.32,0.3485,0.57,0.0,262.0
2.0,0.0,4.0,14.0,0.0,2.0,1.0,2.0,0.36,0.3182,0.57,0.4925,76.0
3.0,0.0,7.0,20.0,0.0,1.0,1.0,1.0,0.72,0.697,0.74,0.1343,302.0
4.0,1.0,12.0,13.0,0.0,5.0,1.0,1.0,0.36,0.3485,0.5,0.2239,313.0
2.0,0.0,5.0,21.0,0.0,4.0,1.0,1.0,0.72,0.6818,0.62,0.0896,223.0
3.0,1.0,6.0,13.0,0.0,5.0,1.0,1.0,0.88,0.803,0.39,0.2239,300.0
3.0,0.0,7.0,3.0,0.0,6.0,0.0,1.0,0.64,0.6212,0.53,0.0,26.0
4.0,0.0,11.0,1.0,0.0,3.0,1.0,2.0,0.48,0.4697,0.94,0.2985,8.0
1.0,1.0,2.0,2.0,0.0,4.0,1.0,2.0,0.3,0.3182,0.7,0.0896,7.0
1.0,1.0,2.0,17.0,0.0,4.0,1.0,3.0,0.34,0.3636,0.87,0.0,289.0
3.0,1.0,7.0,5.0,0.0,2.0,1.0,1.0,0.66,0.6061,0.83,0.1642,45.0
1.0,1.0,2.0,4.0,0.0,3.0,1.0,1.0,0.24,0.2576,0.7,0.0896,1.0
2.0,0.0,6.0,12.0,0.0,5.0,1.0,1.0,0.7,0.6515,0.65,0.2537,243.0
1.0,0.0,3.0,7.0,0.0,6.0,0.0,2.0,0.3,0.2727,1.0,0.2985,15.0
3.0,1.0,7.0,11.0,1.0,3.0,0.0,1.0,0.82,0.7576,0.46,0.1343,485.0
1.0,0.0,1.0,12.0,0.0,0.0,0.0,2.0,0.36,0.3333,0.66,0.2985,93.0
4.0,1.0,10.0,0.0,0.0,6.0,0.0,1.0,0.46,0.4545,0.82,0.1343,123.0
3.0,1.0,7.0,1.0,0.0,5.0,1.0,1.0,0.66,0.5909,0.89,0.1343,11.0
1.0,0.0,3.0,0.0,0.0,2.0,1.0,1.0,0.32,0.3485,0.53,0.0,14.0
4.0,1.0,10.0,17.0,0.0,5.0,1.0,3.0,0.62,0.6061,0.69,0.3582,425.0
3.0,1.0,9.0,13.0,0.0,0.0,0.0,1.0,0.68,0.6364,0.39,0.0,729.0
3.0,1.0,9.0,11.0,0.0,0.0,0.0,1.0,0.64,0.6212,0.47,0.1642,559.0
1.0,1.0,3.0,4.0,0.0,4.0,1.0,1.0,0.44,0.4394,0.72,0.2836,2.0
2.0,0.0,3.0,16.0,0.0,2.0,1.0,1.0,0.38,0.3939,0.22,0.1642,136.0
1.0,0.0,2.0,15.0,1.0,1.0,0.0,2.0,0.3,0.2727,0.7,0.4478,87.0
4.0,0.0,10.0,11.0,0.0,4.0,1.0,1.0,0.54,0.5152,0.49,0.0,144.0
3.0,0.0,8.0,12.0,0.0,3.0,1.0,3.0,0.76,0.697,0.55,0.1343,161.0
4.0,0.0,10.0,2.0,0.0,0.0,0.0,1.0,0.42,0.4242,0.54,0.1343,65.0
3.0,0.0,9.0,20.0,0.0,6.0,0.0,1.0,0.7,0.6667,0.79,0.1642,219.0
2.0,1.0,6.0,18.0,0.0,3.0,1.0,1.0,0.9,0.8182,0.37,0.0,672.0
1.0,0.0,2.0,9.0,0.0,5.0,1.0,1.0,0.12,0.1212,0.74,0.2239,140.0
3.0,0.0,8.0,12.0,0.0,6.0,0.0,1.0,0.8,0.7576,0.55,0.2239,382.0
2.0,1.0,5.0,23.0,0.0,2.0,1.0,1.0,0.6,0.5758,0.78,0.0,95.0
2.0,0.0,6.0,11.0,0.0,6.0,0.0,1.0,0.66,0.6212,0.36,0.1343,369.0
3.0,0.0,8.0,3.0,0.0,4.0,1.0,1.0,0.66,0.6212,0.69,0.2836,6.0
2.0,0.0,4.0,10.0,0.0,2.0,1.0,3.0,0.34,0.303,0.81,0.3881,28.0
2.0,1.0,3.0,8.0,0.0,4.0,1.0,1.0,0.46,0.4545,0.47,0.4179,654.0
2.0,0.0,5.0,20.0,0.0,1.0,1.0,1.0,0.64,0.5758,0.83,0.2239,310.0
4.0,0.0,9.0,20.0,0.0,4.0,1.0,1.0,0.6,0.6212,0.53,0.0896,273.0
2.0,0.0,6.0,22.0,0.0,5.0,1.0,1.0,0.72,0.697,0.74,0.2537,185.0
2.0,0.0,4.0,10.0,0.0,6.0,0.0,2.0,0.34,0.3333,0.87,0.1343,133.0
1.0,1.0,2.0,1.0,0.0,0.0,0.0,1.0,0.24,0.2121,0.44,0.3284,55.0
1.0,0.0,3.0,17.0,0.0,1.0,1.0,1.0,0.38,0.3939,0.4,0.194,271.0
4.0,1.0,12.0,22.0,0.0,6.0,0.0,2.0,0.3,0.3333,0.87,0.0,147.0
1.0,0.0,2.0,22.0,0.0,2.0,1.0,1.0,0.16,0.1515,0.43,0.2537,77.0
2.0,0.0,4.0,23.0,0.0,0.0,0.0,3.0,0.54,0.5152,1.0,0.0896,42.0
3.0,0.0,9.0,10.0,0.0,2.0,1.0,3.0,0.54,0.5152,0.83,0.3582,106.0
2.0,0.0,4.0,4.0,0.0,5.0,1.0,2.0,0.24,0.2273,0.93,0.2537,3.0
1.0,1.0,1.0,11.0,0.0,2.0,1.0,1.0,0.42,0.4242,0.38,0.2985,101.0
4.0,0.0,10.0,15.0,0.0,5.0,1.0,2.0,0.36,0.3333,0.43,0.2537,215.0
4.0,1.0,10.0,17.0,0.0,3.0,1.0,1.0,0.58,0.5455,0.43,0.2239,948.0
1.0,0.0,2.0,15.0,0.0,0.0,0.0,1.0,0.34,0.3485,0.46,0.0896,182.0
2.0,1.0,6.0,1.0,0.0,0.0,0.0,1.0,0.64,0.6061,0.73,0.1343,116.0
4.0,1.0,11.0,6.0,0.0,4.0,1.0,2.0,0.3,0.2879,0.65,0.2537,147.0
3.0,1.0,7.0,17.0,0.0,3.0,1.0,1.0,0.8,0.697,0.31,0.0,913.0
4.0,0.0,9.0,14.0,0.0,6.0,0.0,2.0,0.66,0.6212,0.74,0.1343,390.0
2.0,0.0,4.0,20.0,0.0,5.0,1.0,1.0,0.48,0.4697,0.48,0.2239,194.0
2.0,0.0,6.0,20.0,0.0,3.0,1.0,1.0,0.8,0.7879,0.63,0.1343,280.0
4.0,0.0,10.0,12.0,0.0,1.0,1.0,1.0,0.42,0.4242,0.44,0.2239,170.0
4.0,1.0,9.0,22.0,0.0,2.0,1.0,1.0,0.6,0.6212,0.56,0.2836,188.0
3.0,1.0,7.0,12.0,0.0,2.0,1.0,1.0,0.8,0.7121,0.41,0.1343,272.0
1.0,1.0,1.0,2.0,1.0,1.0,0.0,1.0,0.36,0.3182,0.34,0.4478,7.0
2.0,1.0,4.0,19.0,0.0,2.0,1.0,1.0,0.6,0.6061,0.26,0.2537,537.0
1.0,0.0,3.0,1.0,0.0,6.0,0.0,2.0,0.58,0.5455,0.46,0.3582,51.0
2.0,1.0,4.0,1.0,0.0,3.0,1.0,1.0,0.46,0.4545,0.59,0.0,11.0
2.0,0.0,5.0,6.0,0.0,0.0,0.0,1.0,0.52,0.5,0.94,0.1045,18.0
2.0,1.0,3.0,2.0,0.0,5.0,1.0,1.0,0.54,0.5152,0.88,0.0896,32.0
3.0,0.0,8.0,9.0,0.0,1.0,1.0,1.0,0.62,0.6212,0.53,0.2537,188.0
3.0,0.0,9.0,4.0,0.0,4.0,1.0,1.0,0.56,0.5303,0.83,0.0896,7.0
1.0,1.0,2.0,14.0,0.0,0.0,0.0,1.0,0.16,0.1212,0.4,0.5224,111.0
2.0,0.0,6.0,17.0,0.0,6.0,0.0,2.0,0.76,0.6818,0.48,0.1642,449.0
3.0,1.0,8.0,12.0,0.0,5.0,1.0,2.0,0.74,0.697,0.66,0.3582,315.0
2.0,0.0,6.0,7.0,0.0,6.0,0.0,1.0,0.56,0.5303,0.56,0.0,87.0
1.0,1.0,2.0,5.0,0.0,6.0,0.0,2.0,0.3,0.2727,0.42,0.2985,3.0
3.0,1.0,8.0,3.0,0.0,4.0,1.0,1.0,0.66,0.6061,0.83,0.0,6.0
3.0,0.0,9.0,12.0,0.0,6.0,0.0,1.0,0.72,0.6818,0.62,0.2239,404.0
2.0,1.0,6.0,11.0,0.0,0.0,0.0,1.0,0.62,0.6212,0.57,0.1045,546.0
1.0,1.0,1.0,6.0,0.0,3.0,1.0,1.0,0.02,0.0455,0.41,0.1642,59.0
1.0,0.0,1.0,18.0,0.0,2.0,1.0,1.0,0.26,0.2576,0.48,0.194,182.0
2.0,1.0,4.0,18.0,0.0,1.0,1.0,1.0,0.5,0.4848,0.27,0.2537,618.0
2.0,1.0,6.0,0.0,0.0,4.0,1.0,1.0,0.6,0.6212,0.53,0.2985,48.0
4.0,1.0,11.0,8.0,0.0,5.0,1.0,1.0,0.32,0.3182,0.57,0.1642,693.0
3.0,1.0,7.0,7.0,0.0,3.0,1.0,2.0,0.66,0.6061,0.83,0.1045,497.0
2.0,0.0,5.0,1.0,0.0,2.0,1.0,2.0,0.56,0.5303,0.78,0.2537,14.0
2.0,0.0,4.0,23.0,0.0,3.0,1.0,1.0,0.46,0.4545,0.41,0.2985,40.0
4.0,0.0,10.0,11.0,0.0,3.0,1.0,1.0,0.52,0.5,0.59,0.3284,155.0
1.0,0.0,1.0,16.0,0.0,3.0,1.0,1.0,0.3,0.3182,0.28,0.0896,89.0
2.0,1.0,5.0,8.0,0.0,6.0,0.0,1.0,0.52,0.5,0.48,0.0,178.0
3.0,0.0,8.0,15.0,0.0,2.0,1.0,1.0,0.9,0.7727,0.25,0.2836,168.0
1.0,1.0,1.0,6.0,0.0,5.0,1.0,2.0,0.22,0.2424,0.73,0.1045,70.0
4.0,0.0,10.0,17.0,0.0,5.0,1.0,2.0,0.46,0.4545,0.51,0.2537,524.0
4.0,0.0,10.0,14.0,0.0,6.0,0.0,3.0,0.24,0.197,0.87,0.4478,29.0
2.0,0.0,6.0,12.0,0.0,1.0,1.0,2.0,0.62,0.6061,0.69,0.1045,162.0
4.0,0.0,9.0,0.0,0.0,1.0,1.0,2.0,0.62,0.5455,0.94,0.0,29.0
1.0,0.0,3.0,7.0,0.0,2.0,1.0,1.0,0.2,0.1818,0.59,0.3284,107.0
2.0,0.0,5.0,2.0,0.0,6.0,0.0,1.0,0.42,0.4242,0.82,0.0896,52.0
4.0,0.0,9.0,8.0,0.0,0.0,0.0,2.0,0.62,0.5606,0.88,0.0,86.0
2.0,0.0,4.0,0.0,0.0,3.0,1.0,2.0,0.4,0.4091,1.0,0.2985,15.0
4.0,1.0,11.0,3.0,0.0,1.0,1.0,2.0,0.3,0.2879,0.56,0.2239,4.0
1.0,1.0,1.0,1.0,0.0,6.0,0.0,1.0,0.3,0.303,0.52,0.1642,58.0
1.0,1.0,1.0,15.0,0.0,6.0,0.0,1.0,0.24,0.2121,0.38,0.2985,226.0
3.0,1.0,7.0,13.0,0.0,3.0,1.0,2.0,0.8,0.7121,0.42,0.1642,273.0
3.0,1.0,9.0,3.0,0.0,4.0,1.0,1.0,0.44,0.4394,0.77,0.0,6.0
2.0,0.0,5.0,8.0,0.0,0.0,0.0,2.0,0.62,0.5606,0.88,0.2239,96.0
3.0,1.0,8.0,21.0,0.0,0.0,0.0,1.0,0.64,0.5758,0.83,0.1343,166.0
3.0,0.0,9.0,21.0,0.0,0.0,0.0,1.0,0.72,0.697,0.74,0.2537,207.0
3.0,0.0,8.0,20.0,0.0,3.0,1.0,3.0,0.7,0.6667,0.84,0.1045,87.0
3.0,0.0,6.0,1.0,0.0,4.0,1.0,1.0,0.64,0.6212,0.53,0.1343,32.0
1.0,0.0,3.0,12.0,0.0,0.0,0.0,1.0,0.36,0.3636,0.4,0.1045,228.0
1.0,0.0,3.0,23.0,0.0,2.0,1.0,1.0,0.28,0.2727,0.61,0.194,41.0
2.0,1.0,6.0,1.0,0.0,2.0,1.0,2.0,0.52,0.5,0.77,0.3284,20.0
3.0,0.0,8.0,10.0,0.0,3.0,1.0,1.0,0.76,0.6818,0.43,0.0896,118.0
3.0,0.0,9.0,0.0,0.0,6.0,0.0,2.0,0.64,0.6061,0.73,0.1045,87.0
2.0,1.0,4.0,12.0,0.0,4.0,1.0,1.0,0.46,0.4545,0.41,0.4478,259.0
2.0,0.0,6.0,8.0,0.0,4.0,1.0,2.0,0.6,0.5909,0.69,0.1343,388.0
2.0,0.0,5.0,17.0,0.0,5.0,1.0,3.0,0.52,0.5,0.88,0.1642,491.0
4.0,0.0,11.0,9.0,0.0,4.0,1.0,2.0,0.36,0.3485,0.81,0.194,164.0
4.0,1.0,10.0,4.0,0.0,3.0,1.0,2.0,0.6,0.5,1.0,0.0,11.0
1.0,0.0,1.0,14.0,0.0,2.0,1.0,2.0,0.3,0.3333,0.45,0.0,68.0
3.0,1.0,7.0,5.0,0.0,0.0,0.0,1.0,0.78,0.7424,0.62,0.0,6.0
3.0,0.0,7.0,5.0,0.0,4.0,1.0,1.0,0.6,0.6212,0.56,0.2239,28.0
2.0,0.0,5.0,0.0,0.0,5.0,1.0,1.0,0.44,0.4394,0.44,0.1642,56.0
2.0,0.0,4.0,2.0,0.0,5.0,1.0,1.0,0.46,0.4545,0.63,0.1045,10.0
2.0,0.0,4.0,5.0,0.0,3.0,1.0,3.0,0.38,0.3939,0.94,0.2537,5.0
1.0,0.0,3.0,6.0,0.0,6.0,0.0,2.0,0.3,0.2879,1.0,0.2239,4.0
4.0,0.0,10.0,18.0,0.0,5.0,1.0,1.0,0.56,0.5303,0.6,0.0896,465.0
1.0,0.0,12.0,19.0,0.0,6.0,0.0,1.0,0.42,0.4242,0.54,0.2239,92.0
4.0,0.0,10.0,7.0,0.0,6.0,0.0,1.0,0.36,0.3636,0.76,0.1045,57.0
2.0,0.0,4.0,20.0,0.0,1.0,1.0,2.0,0.7,0.6364,0.24,0.5522,173.0
2.0,1.0,4.0,14.0,0.0,4.0,1.0,2.0,0.54,0.5152,0.77,0.194,169.0
2.0,1.0,6.0,20.0,0.0,3.0,1.0,1.0,0.54,0.5152,0.73,0.2836,408.0
3.0,1.0,8.0,10.0,0.0,4.0,1.0,1.0,0.8,0.7576,0.55,0.2239,205.0
2.0,1.0,6.0,6.0,0.0,2.0,1.0,2.0,0.6,0.5455,0.88,0.1343,136.0
3.0,1.0,7.0,6.0,0.0,0.0,0.0,1.0,0.7,0.6667,0.79,0.0896,27.0
4.0,0.0,10.0,6.0,0.0,6.0,0.0,1.0,0.42,0.4242,0.67,0.3284,19.0
2.0,0.0,5.0,18.0,0.0,0.0,0.0,1.0,0.56,0.5303,0.78,0.2537,237.0
4.0,0.0,12.0,20.0,0.0,0.0,0.0,1.0,0.24,0.2576,0.6,0.1045,104.0
2.0,0.0,5.0,15.0,0.0,5.0,1.0,2.0,0.52,0.5,0.88,0.1642,198.0
1.0,1.0,1.0,0.0,0.0,1.0,1.0,1.0,0.24,0.2273,0.6,0.2239,15.0
2.0,0.0,6.0,20.0,0.0,4.0,1.0,1.0,0.7,0.6364,0.24,0.194,337.0
4.0,1.0,12.0,20.0,0.0,3.0,1.0,1.0,0.36,0.3485,0.57,0.2239,241.0
3.0,1.0,6.0,18.0,0.0,3.0,1.0,1.0,0.8,0.697,0.27,0.3284,804.0
2.0,0.0,3.0,18.0,0.0,2.0,1.0,1.0,0.36,0.3636,0.21,0.0896,294.0
3.0,0.0,9.0,0.0,0.0,3.0,1.0,1.0,0.54,0.5152,1.0,0.0,27.0
2.0,0.0,4.0,11.0,0.0,5.0,1.0,1.0,0.6,0.6212,0.38,0.2239,157.0
2.0,0.0,4.0,21.0,0.0,1.0,1.0,2.0,0.7,0.6364,0.3,0.4478,95.0
3.0,1.0,6.0,16.0,0.0,3.0,1.0,1.0,0.82,0.697,0.24,0.4478,392.0
4.0,1.0,11.0,23.0,0.0,5.0,1.0,1.0,0.34,0.303,0.53,0.2985,119.0
3.0,1.0,9.0,11.0,0.0,1.0,1.0,1.0,0.62,0.6212,0.43,0.2985,236.0
4.0,1.0,12.0,5.0,0.0,0.0,0.0,2.0,0.34,0.3636,0.87,0.0,9.0
4.0,0.0,11.0,4.0,0.0,3.0,1.0,1.0,0.32,0.3485,0.87,0.0,4.0
4.0,0.0,10.0,11.0,0.0,0.0,0.0,1.0,0.56,0.5303,0.35,0.2836,377.0
3.0,0.0,8.0,16.0,0.0,4.0,1.0,1.0,0.76,0.7121,0.62,0.3284,290.0
2.0,1.0,3.0,5.0,0.0,6.0,0.0,2.0,0.52,0.5,0.83,0.1642,4.0
1.0,1.0,1.0,21.0,0.0,4.0,1.0,1.0,0.26,0.2273,0.44,0.3582,121.0
1.0,1.0,1.0,11.0,0.0,2.0,1.0,1.0,0.4,0.4091,0.37,0.2836,139.0
3.0,1.0,6.0,2.0,0.0,6.0,0.0,2.0,0.64,0.5758,0.83,0.194,93.0
3.0,0.0,8.0,3.0,0.0,1.0,1.0,1.0,0.6,0.5606,0.83,0.194,7.0
4.0,0.0,11.0,23.0,0.0,6.0,0.0,1.0,0.28,0.3182,0.7,0.0,85.0
3.0,1.0,8.0,7.0,0.0,5.0,1.0,3.0,0.64,0.5758,0.89,0.1045,133.0
2.0,0.0,5.0,4.0,0.0,0.0,0.0,1.0,0.6,0.5455,0.88,0.0896,23.0
2.0,0.0,5.0,4.0,0.0,0.0,0.0,2.0,0.52,0.5,1.0,0.0,13.0
2.0,0.0,6.0,5.0,0.0,6.0,0.0,1.0,0.62,0.5758,0.83,0.0,7.0
4.0,1.0,11.0,15.0,0.0,0.0,0.0,1.0,0.4,0.4091,0.4,0.2239,449.0
3.0,0.0,9.0,14.0,0.0,0.0,0.0,1.0,0.72,0.6667,0.58,0.2836,342.0
3.0,1.0,8.0,9.0,0.0,0.0,0.0,1.0,0.8,0.7727,0.59,0.3582,229.0
3.0,0.0,6.0,13.0,0.0,6.0,0.0,1.0,0.74,0.6515,0.4,0.2836,371.0
3.0,1.0,9.0,0.0,0.0,4.0,1.0,1.0,0.56,0.5303,0.73,0.0896,57.0
4.0,1.0,12.0,4.0,0.0,2.0,1.0,1.0,0.42,0.4242,0.82,0.1642,8.0
2.0,0.0,6.0,1.0,0.0,0.0,0.0,2.0,0.64,0.6212,0.61,0.1642,96.0
1.0,0.0,2.0,14.0,0.0,0.0,0.0,2.0,0.4,0.4091,0.3,0.4179,161.0
3.0,0.0,9.0,10.0,0.0,6.0,0.0,2.0,0.5,0.4848,0.68,0.2836,249.0
3.0,0.0,9.0,17.0,0.0,3.0,1.0,3.0,0.66,0.6212,0.74,0.1642,536.0
2.0,1.0,6.0,14.0,0.0,3.0,1.0,2.0,0.72,0.6515,0.37,0.4179,320.0
2.0,1.0,5.0,22.0,0.0,2.0,1.0,1.0,0.62,0.5909,0.73,0.0896,174.0
4.0,0.0,12.0,9.0,0.0,6.0,0.0,1.0,0.28,0.2576,0.61,0.2836,149.0
3.0,0.0,9.0,17.0,0.0,1.0,1.0,2.0,0.58,0.5455,0.64,0.1343,568.0
4.0,0.0,10.0,10.0,0.0,6.0,0.0,1.0,0.54,0.5152,0.45,0.4478,322.0
3.0,0.0,7.0,7.0,0.0,5.0,1.0,1.0,0.66,0.6212,0.54,0.1045,243.0
3.0,1.0,9.0,23.0,0.0,5.0,1.0,1.0,0.62,0.5909,0.78,0.0896,195.0
2.0,0.0,4.0,5.0,0.0,4.0,1.0,1.0,0.34,0.3182,0.76,0.2239,6.0
4.0,1.0,11.0,21.0,0.0,4.0,1.0,2.0,0.32,0.3333,0.66,0.1045,224.0
2.0,0.0,6.0,19.0,0.0,3.0,1.0,1.0,0.82,0.803,0.59,0.1343,384.0
1.0,1.0,2.0,13.0,0.0,5.0,1.0,1.0,0.36,0.3636,0.46,0.0,198.0
4.0,1.0,11.0,11.0,0.0,4.0,1.0,2.0,0.34,0.3333,0.61,0.1343,166.0
1.0,0.0,1.0,6.0,0.0,4.0,1.0,1.0,0.22,0.2121,0.6,0.2239,35.0
3.0,1.0,8.0,7.0,0.0,4.0,1.0,2.0,0.62,0.5758,0.83,0.0896,481.0
1.0,1.0,2.0,18.0,0.0,4.0,1.0,1.0,0.4,0.4091,0.43,0.4627,410.0
3.0,0.0,6.0,21.0,0.0,3.0,1.0,1.0,0.72,0.6515,0.39,0.2239,221.0
1.0,0.0,1.0,0.0,0.0,1.0,1.0,1.0,0.22,0.197,0.44,0.3582,5.0
1.0,0.0,2.0,9.0,0.0,1.0,1.0,1.0,0.4,0.4091,0.37,0.3881,130.0
3.0,0.0,7.0,20.0,0.0,6.0,0.0,1.0,0.76,0.7121,0.58,0.2239,314.0
1.0,0.0,12.0,1.0,0.0,5.0,1.0,1.0,0.26,0.2879,0.65,0.0896,20.0
1.0,0.0,2.0,3.0,0.0,4.0,1.0,1.0,0.2,0.2121,0.64,0.1343,2.0
3.0,0.0,7.0,23.0,0.0,2.0,1.0,1.0,0.74,0.697,0.66,0.1642,73.0
4.0,1.0,11.0,15.0,0.0,6.0,0.0,1.0,0.52,0.5,0.45,0.0,567.0
1.0,1.0,2.0,20.0,0.0,6.0,0.0,1.0,0.26,0.2121,0.3,0.5522,105.0
3.0,1.0,8.0,21.0,0.0,2.0,1.0,1.0,0.64,0.6061,0.73,0.0,280.0
3.0,1.0,7.0,22.0,0.0,1.0,1.0,1.0,0.76,0.7121,0.62,0.0896,284.0
1.0,1.0,2.0,16.0,0.0,4.0,1.0,1.0,0.46,0.4545,0.55,0.2836,229.0
1.0,0.0,12.0,4.0,0.0,5.0,1.0,1.0,0.24,0.2576,0.7,0.0896,2.0
4.0,0.0,11.0,6.0,0.0,5.0,1.0,1.0,0.22,0.2576,0.44,0.0896,71.0
4.0,1.0,10.0,11.0,0.0,5.0,1.0,2.0,0.56,0.5303,0.78,0.1642,290.0
2.0,0.0,5.0,5.0,0.0,0.0,0.0,1.0,0.6,0.5152,0.94,0.1642,6.0
1.0,0.0,2.0,14.0,0.0,0.0,0.0,1.0,0.36,0.3485,0.27,0.1642,212.0
2.0,0.0,3.0,23.0,0.0,2.0,1.0,2.0,0.32,0.3333,0.57,0.1045,35.0
3.0,0.0,9.0,0.0,0.0,3.0,1.0,1.0,0.62,0.5909,0.78,0.0896,33.0
4.0,0.0,12.0,21.0,0.0,4.0,1.0,1.0,0.3,0.3182,0.61,0.1045,162.0
2.0,0.0,4.0,20.0,0.0,2.0,1.0,1.0,0.64,0.6061,0.73,0.3582,234.0
2.0,0.0,4.0,0.0,0.0,0.0,0.0,2.0,0.38,0.3939,0.87,0.0896,53.0
1.0,1.0,2.0,9.0,0.0,6.0,0.0,1.0,0.24,0.2424,0.81,0.1343,157.0
1.0,1.0,3.0,17.0,0.0,0.0,0.0,1.0,0.56,0.5303,0.64,0.0896,541.0
3.0,0.0,9.0,12.0,0.0,0.0,0.0,1.0,0.7,0.6515,0.65,0.0,411.0
4.0,1.0,11.0,7.0,0.0,1.0,1.0,2.0,0.36,0.3333,0.66,0.2985,386.0
3.0,0.0,9.0,7.0,0.0,3.0,1.0,2.0,0.54,0.5152,1.0,0.194,330.0
2.0,1.0,4.0,1.0,0.0,3.0,1.0,1.0,0.52,0.5,0.34,0.194,14.0
2.0,1.0,6.0,13.0,0.0,5.0,1.0,1.0,0.74,0.6515,0.37,0.2537,416.0
1.0,0.0,2.0,7.0,0.0,0.0,0.0,2.0,0.22,0.2727,0.55,0.0,3.0
4.0,0.0,12.0,14.0,0.0,1.0,1.0,2.0,0.32,0.3333,0.53,0.1343,111.0
2.0,1.0,4.0,15.0,0.0,5.0,1.0,1.0,0.5,0.4848,0.27,0.2836,537.0
3.0,1.0,9.0,14.0,0.0,2.0,1.0,1.0,0.8,0.7576,0.55,0.4179,274.0
2.0,1.0,4.0,14.0,0.0,3.0,1.0,3.0,0.44,0.4394,0.72,0.1045,51.0
1.0,1.0,3.0,7.0,0.0,0.0,0.0,3.0,0.42,0.4242,0.88,0.1642,42.0
2.0,0.0,5.0,6.0,0.0,2.0,1.0,1.0,0.42,0.4242,0.67,0.1343,112.0
4.0,0.0,12.0,7.0,0.0,0.0,0.0,1.0,0.2,0.2121,0.59,0.1642,12.0
3.0,0.0,8.0,2.0,0.0,6.0,0.0,1.0,0.68,0.6364,0.57,0.0,74.0
2.0,0.0,4.0,3.0,0.0,3.0,1.0,2.0,0.58,0.5455,0.88,0.2836,7.0
4.0,1.0,9.0,6.0,0.0,5.0,1.0,2.0,0.56,0.5303,0.94,0.0896,138.0
2.0,0.0,6.0,0.0,0.0,3.0,1.0,1.0,0.66,0.5909,0.89,0.1343,41.0
2.0,1.0,4.0,20.0,0.0,3.0,1.0,1.0,0.36,0.3333,0.46,0.3284,235.0
4.0,1.0,9.0,11.0,0.0,1.0,1.0,1.0,0.56,0.5303,0.37,0.194,238.0
1.0,1.0,3.0,21.0,0.0,1.0,1.0,1.0,0.26,0.2273,0.37,0.3881,120.0
4.0,0.0,10.0,8.0,0.0,6.0,0.0,2.0,0.4,0.4091,0.76,0.3284,67.0
4.0,1.0,11.0,8.0,0.0,1.0,1.0,2.0,0.36,0.3333,0.66,0.2985,663.0
4.0,1.0,12.0,23.0,0.0,1.0,1.0,1.0,0.46,0.4545,0.88,0.2537,84.0
3.0,1.0,7.0,23.0,0.0,3.0,1.0,1.0,0.76,0.7121,0.58,0.0896,131.0
2.0,1.0,6.0,15.0,0.0,1.0,1.0,1.0,0.66,0.6212,0.39,0.2985,292.0
2.0,0.0,6.0,1.0,0.0,0.0,0.0,1.0,0.64,0.5758,0.83,0.1045,93.0
3.0,0.0,7.0,8.0,0.0,0.0,0.0,1.0,0.72,0.6818,0.66,0.0,92.0
3.0,0.0,6.0,21.0,0.0,6.0,0.0,1.0,0.68,0.6364,0.51,0.1642,202.0
4.0,1.0,11.0,18.0,0.0,1.0,1.0,1.0,0.36,0.3485,0.5,0.1642,521.0
2.0,1.0,6.0,12.0,0.0,4.0,1.0,1.0,0.7,0.6364,0.42,0.0,336.0
3.0,0.0,9.0,22.0,0.0,5.0,1.0,1.0,0.48,0.4697,0.67,0.0896,167.0
2.0,0.0,5.0,18.0,0.0,2.0,1.0,1.0,0.84,0.803,0.53,0.194,417.0
2.0,0.0,4.0,12.0,0.0,6.0,0.0,1.0,0.52,0.5,0.42,0.3881,416.0
1.0,1.0,3.0,4.0,0.0,5.0,1.0,3.0,0.4,0.4091,0.66,0.2836,1.0
2.0,1.0,6.0,22.0,0.0,3.0,1.0,1.0,0.62,0.6212,0.5,0.2985,238.0
2.0,1.0,6.0,4.0,0.0,1.0,1.0,2.0,0.54,0.5152,0.77,0.194,9.0
2.0,0.0,6.0,22.0,0.0,5.0,1.0,1.0,0.62,0.5606,0.88,0.1343,175.0
4.0,0.0,10.0,11.0,0.0,6.0,0.0,1.0,0.56,0.5303,0.4,0.3881,374.0
3.0,1.0,7.0,6.0,1.0,3.0,0.0,1.0,0.66,0.6212,0.69,0.0,32.0
3.0,0.0,8.0,5.0,0.0,5.0,1.0,1.0,0.64,0.5758,0.83,0.0,17.0
4.0,0.0,11.0,13.0,0.0,6.0,0.0,1.0,0.48,0.4697,0.36,0.2836,353.0
2.0,0.0,4.0,20.0,0.0,0.0,0.0,3.0,0.6,0.5606,0.83,0.2836,105.0
2.0,1.0,4.0,16.0,0.0,0.0,0.0,1.0,0.72,0.6515,0.39,0.3582,616.0
4.0,1.0,11.0,1.0,0.0,5.0,1.0,1.0,0.32,0.3182,0.66,0.1642,24.0
3.0,0.0,7.0,18.0,0.0,0.0,0.0,1.0,0.86,0.7879,0.41,0.2836,304.0
3.0,0.0,9.0,7.0,0.0,6.0,0.0,1.0,0.62,0.5909,0.73,0.194,38.0
2.0,0.0,6.0,15.0,0.0,0.0,0.0,1.0,0.8,0.7727,0.59,0.2985,360.0
2.0,1.0,4.0,14.0,0.0,2.0,1.0,1.0,0.64,0.6212,0.27,0.2836,257.0
2.0,1.0,4.0,14.0,0.0,4.0,1.0,1.0,0.58,0.5455,0.43,0.0,237.0
3.0,0.0,6.0,6.0,0.0,0.0,0.0,1.0,0.6,0.6061,0.64,0.0,20.0
2.0,0.0,5.0,12.0,0.0,0.0,0.0,1.0,0.6,0.6212,0.46,0.0896,382.0
1.0,1.0,12.0,6.0,0.0,3.0,1.0,2.0,0.22,0.2121,0.69,0.2239,36.0
3.0,1.0,7.0,2.0,0.0,0.0,0.0,2.0,0.68,0.6364,0.89,0.1642,115.0
1.0,0.0,1.0,2.0,0.0,2.0,1.0,1.0,0.16,0.1515,0.69,0.2239,2.0
3.0,1.0,9.0,8.0,0.0,4.0,1.0,3.0,0.7,0.6667,0.79,0.0,646.0
4.0,1.0,12.0,12.0,0.0,2.0,1.0,3.0,0.48,0.4697,0.48,0.2537,313.0
4.0,1.0,10.0,22.0,0.0,6.0,0.0,1.0,0.4,0.4091,0.62,0.0,189.0
4.0,0.0,12.0,11.0,0.0,2.0,1.0,1.0,0.34,0.3182,0.46,0.2537,124.0
2.0,1.0,4.0,17.0,0.0,2.0,1.0,1.0,0.52,0.5,0.22,0.3881,691.0
1.0,0.0,3.0,13.0,0.0,2.0,1.0,2.0,0.38,0.3939,0.25,0.1045,98.0
4.0,1.0,9.0,2.0,0.0,5.0,1.0,3.0,0.6,0.5455,0.88,0.2985,10.0
2.0,0.0,5.0,11.0,0.0,5.0,1.0,2.0,0.58,0.5455,0.6,0.194,196.0
3.0,0.0,6.0,3.0,0.0,5.0,1.0,1.0,0.66,0.6061,0.83,0.1642,5.0
1.0,1.0,2.0,7.0,0.0,3.0,1.0,3.0,0.38,0.3939,0.62,0.0896,208.0
4.0,0.0,12.0,23.0,0.0,4.0,1.0,1.0,0.26,0.2879,0.7,0.0896,73.0
3.0,1.0,8.0,18.0,0.0,4.0,1.0,1.0,0.8,0.7121,0.36,0.0,832.0
2.0,1.0,4.0,10.0,1.0,1.0,0.0,1.0,0.62,0.6061,0.69,0.2537,224.0
2.0,0.0,5.0,23.0,0.0,3.0,1.0,1.0,0.64,0.6061,0.73,0.1343,86.0
3.0,0.0,8.0,6.0,0.0,2.0,1.0,1.0,0.72,0.6667,0.64,0.0,101.0
2.0,1.0,4.0,23.0,0.0,1.0,1.0,1.0,0.44,0.4394,0.44,0.2985,67.0
4.0,0.0,10.0,2.0,0.0,6.0,0.0,1.0,0.46,0.4545,0.82,0.0,45.0
2.0,0.0,5.0,13.0,0.0,1.0,1.0,2.0,0.62,0.6061,0.69,0.194,170.0
2.0,0.0,5.0,23.0,0.0,2.0,1.0,2.0,0.54,0.5152,0.88,0.2537,56.0
4.0,0.0,10.0,8.0,0.0,1.0,1.0,2.0,0.36,0.3636,0.71,0.1045,372.0
1.0,1.0,2.0,15.0,0.0,3.0,1.0,1.0,0.6,0.6212,0.35,0.2836,194.0
2.0,1.0,5.0,12.0,0.0,6.0,0.0,1.0,0.72,0.6667,0.58,0.1045,550.0
3.0,0.0,7.0,14.0,0.0,5.0,1.0,1.0,0.7,0.6515,0.51,0.194,265.0
1.0,0.0,1.0,19.0,0.0,5.0,1.0,1.0,0.12,0.1061,0.3,0.3284,96.0
3.0,1.0,7.0,19.0,0.0,5.0,1.0,1.0,0.74,0.6667,0.51,0.1642,488.0
3.0,0.0,9.0,18.0,0.0,4.0,1.0,2.0,0.64,0.5758,0.83,0.1045,551.0
4.0,1.0,12.0,20.0,0.0,5.0,1.0,1.0,0.32,0.3333,0.61,0.1343,221.0
1.0,1.0,1.0,23.0,0.0,2.0,1.0,1.0,0.1,0.0758,0.46,0.3881,18.0
1.0,0.0,3.0,13.0,0.0,3.0,1.0,2.0,0.4,0.4091,0.76,0.1343,99.0
3.0,0.0,6.0,9.0,0.0,2.0,1.0,2.0,0.62,0.5606,0.88,0.2537,275.0
2.0,0.0,4.0,1.0,0.0,4.0,1.0,1.0,0.52,0.5,0.45,0.2239,26.0
1.0,0.0,1.0,17.0,0.0,5.0,1.0,1.0,0.24,0.2424,0.75,0.1343,149.0
2.0,1.0,4.0,5.0,0.0,0.0,0.0,1.0,0.34,0.3636,0.87,0.0,6.0
1.0,0.0,2.0,9.0,0.0,0.0,0.0,2.0,0.24,0.2273,0.6,0.2239,47.0
1.0,1.0,1.0,6.0,0.0,1.0,1.0,2.0,0.22,0.2273,0.6,0.1343,88.0
4.0,0.0,10.0,18.0,0.0,6.0,0.0,3.0,0.38,0.3939,0.87,0.2239,140.0
3.0,1.0,7.0,7.0,0.0,6.0,0.0,1.0,0.64,0.5909,0.78,0.2836,48.0
3.0,0.0,6.0,16.0,0.0,4.0,1.0,2.0,0.74,0.6818,0.62,0.2985,275.0
4.0,1.0,11.0,5.0,0.0,4.0,1.0,1.0,0.2,0.2576,0.69,0.0,42.0
3.0,1.0,9.0,21.0,0.0,5.0,1.0,1.0,0.7,0.6667,0.74,0.1642,301.0
3.0,0.0,9.0,16.0,0.0,0.0,0.0,1.0,0.8,0.7727,0.59,0.2239,337.0
1.0,1.0,1.0,8.0,0.0,4.0,1.0,2.0,0.28,0.303,0.81,0.0896,530.0
1.0,1.0,12.0,22.0,0.0,6.0,0.0,2.0,0.26,0.2424,0.6,0.4627,54.0
4.0,0.0,9.0,23.0,0.0,3.0,1.0,1.0,0.6,0.5152,0.94,0.1343,71.0
1.0,1.0,2.0,13.0,0.0,3.0,1.0,2.0,0.36,0.3333,0.93,0.3582,76.0
1.0,1.0,1.0,3.0,0.0,5.0,1.0,1.0,0.36,0.3333,0.87,0.2537,7.0
2.0,0.0,4.0,15.0,0.0,4.0,1.0,1.0,0.6,0.6212,0.31,0.0896,142.0
3.0,0.0,9.0,19.0,0.0,4.0,1.0,3.0,0.62,0.5152,1.0,0.3284,52.0
4.0,0.0,12.0,17.0,0.0,3.0,1.0,2.0,0.36,0.3636,0.57,0.1045,396.0
1.0,0.0,12.0,19.0,0.0,2.0,1.0,1.0,0.34,0.3333,0.87,0.1642,90.0
3.0,0.0,7.0,6.0,0.0,3.0,1.0,1.0,0.7,0.6667,0.79,0.0896,121.0
2.0,0.0,4.0,8.0,0.0,2.0,1.0,1.0,0.58,0.5455,0.83,0.2985,449.0
2.0,1.0,4.0,11.0,0.0,2.0,1.0,1.0,0.5,0.4848,0.36,0.0,239.0
4.0,1.0,10.0,19.0,0.0,0.0,0.0,2.0,0.4,0.4091,0.82,0.1045,114.0
1.0,0.0,2.0,5.0,0.0,5.0,1.0,1.0,0.08,0.1212,0.63,0.0896,4.0
1.0,1.0,2.0,23.0,0.0,1.0,1.0,1.0,0.28,0.3182,0.41,0.0,36.0
1.0,1.0,12.0,12.0,0.0,1.0,1.0,2.0,0.28,0.303,0.56,0.0896,135.0
2.0,1.0,6.0,21.0,0.0,1.0,1.0,2.0,0.72,0.6667,0.58,0.194,250.0
4.0,0.0,10.0,13.0,0.0,3.0,1.0,3.0,0.56,0.5303,0.6,0.1045,82.0
4.0,1.0,11.0,1.0,0.0,2.0,1.0,1.0,0.34,0.3485,0.66,0.1045,13.0
4.0,1.0,11.0,18.0,0.0,1.0,1.0,1.0,0.34,0.3182,0.46,0.2239,542.0
3.0,0.0,8.0,15.0,0.0,6.0,0.0,3.0,0.64,0.5758,0.89,0.5522,30.0
3.0,0.0,7.0,1.0,0.0,2.0,1.0,1.0,0.7,0.6515,0.65,0.1045,39.0
4.0,1.0,11.0,20.0,0.0,2.0,1.0,1.0,0.3,0.2879,0.61,0.2239,228.0
3.0,0.0,8.0,4.0,0.0,2.0,1.0,1.0,0.52,0.5,0.77,0.1642,6.0
2.0,0.0,6.0,21.0,0.0,4.0,1.0,1.0,0.66,0.6212,0.31,0.194,248.0
3.0,1.0,6.0,6.0,0.0,4.0,1.0,2.0,0.7,0.6667,0.84,0.0896,150.0
4.0,0.0,11.0,13.0,0.0,6.0,0.0,1.0,0.42,0.4242,0.3,0.2836,363.0
2.0,1.0,3.0,11.0,0.0,5.0,1.0,2.0,0.62,0.5909,0.73,0.1045,318.0
4.0,0.0,11.0,15.0,0.0,3.0,1.0,3.0,0.48,0.4697,0.94,0.1045,66.0
4.0,0.0,11.0,23.0,0.0,2.0,1.0,1.0,0.34,0.3636,0.87,0.0,72.0
4.0,1.0,9.0,16.0,0.0,2.0,1.0,1.0,0.66,0.6212,0.39,0.2985,495.0
4.0,0.0,12.0,15.0,0.0,6.0,0.0,1.0,0.38,0.3939,0.46,0.0,337.0
4.0,0.0,10.0,14.0,0.0,5.0,1.0,1.0,0.52,0.5,0.42,0.2985,198.0
2.0,0.0,4.0,1.0,0.0,0.0,0.0,2.0,0.38,0.3939,0.87,0.1343,37.0
2.0,1.0,4.0,17.0,0.0,0.0,0.0,1.0,0.62,0.6061,0.22,0.2985,411.0
1.0,1.0,3.0,5.0,0.0,0.0,0.0,1.0,0.24,0.2424,0.6,0.1642,7.0
3.0,1.0,9.0,21.0,1.0,1.0,0.0,1.0,0.72,0.6818,0.76,0.1045,184.0
4.0,0.0,10.0,6.0,0.0,5.0,1.0,3.0,0.56,0.5303,0.88,0.194,94.0
2.0,1.0,6.0,22.0,0.0,2.0,1.0,1.0,0.72,0.697,0.79,0.0896,291.0
3.0,1.0,7.0,17.0,0.0,1.0,1.0,3.0,0.76,0.7273,0.66,0.5821,755.0
3.0,1.0,6.0,19.0,0.0,4.0,1.0,1.0,0.84,0.7273,0.3,0.2985,571.0
1.0,1.0,2.0,5.0,0.0,2.0,1.0,1.0,0.32,0.3333,0.49,0.0896,15.0
2.0,1.0,4.0,6.0,0.0,5.0,1.0,1.0,0.3,0.2727,0.49,0.3881,80.0
2.0,0.0,6.0,23.0,0.0,5.0,1.0,1.0,0.72,0.697,0.74,0.1642,146.0
1.0,0.0,1.0,0.0,0.0,0.0,0.0,2.0,0.46,0.4545,0.88,0.2985,17.0
4.0,0.0,12.0,1.0,0.0,0.0,0.0,1.0,0.3,0.3182,0.75,0.0896,74.0
3.0,0.0,7.0,15.0,0.0,6.0,0.0,1.0,0.84,0.7273,0.34,0.0896,402.0
2.0,1.0,6.0,4.0,0.0,0.0,0.0,1.0,0.54,0.5152,0.64,0.0896,18.0
3.0,0.0,9.0,10.0,0.0,1.0,1.0,1.0,0.68,0.6364,0.62,0.1642,129.0
1.0,1.0,3.0,9.0,0.0,6.0,0.0,2.0,0.44,0.4394,0.88,0.0896,321.0
1.0,0.0,3.0,11.0,0.0,0.0,0.0,1.0,0.44,0.4394,0.41,0.4179,181.0
1.0,1.0,2.0,13.0,0.0,6.0,0.0,1.0,0.4,0.4091,0.43,0.2836,384.0
1.0,1.0,1.0,13.0,0.0,6.0,0.0,1.0,0.34,0.3182,0.57,0.2537,373.0
3.0,0.0,7.0,21.0,0.0,3.0,1.0,1.0,0.7,0.6667,0.79,0.194,241.0
1.0,0.0,2.0,15.0,0.0,0.0,0.0,2.0,0.4,0.4091,0.3,0.2985,162.0
3.0,1.0,8.0,19.0,0.0,3.0,1.0,1.0,0.74,0.697,0.66,0.2537,652.0
3.0,1.0,8.0,21.0,0.0,4.0,1.0,1.0,0.76,0.7273,0.66,0.2239,342.0
4.0,0.0,11.0,10.0,0.0,6.0,0.0,1.0,0.32,0.303,0.45,0.2537,200.0
3.0,0.0,6.0,4.0,0.0,0.0,0.0,1.0,0.6,0.6061,0.64,0.0896,11.0
1.0,1.0,2.0,15.0,0.0,6.0,0.0,1.0,0.42,0.4242,0.41,0.2537,499.0
2.0,0.0,5.0,5.0,0.0,1.0,1.0,1.0,0.5,0.4848,0.93,0.194,21.0
3.0,0.0,8.0,14.0,0.0,1.0,1.0,1.0,0.74,0.6515,0.3,0.3881,225.0
4.0,1.0,11.0,17.0,1.0,1.0,0.0,1.0,0.56,0.5303,0.64,0.2836,596.0
4.0,1.0,10.0,18.0,0.0,0.0,0.0,1.0,0.58,0.5455,0.6,0.2537,453.0
4.0,0.0,11.0,14.0,0.0,3.0,1.0,1.0,0.42,0.4242,0.54,0.4627,213.0
4.0,1.0,11.0,23.0,0.0,3.0,1.0,1.0,0.26,0.2727,0.48,0.1343,78.0
4.0,0.0,12.0,9.0,0.0,4.0,1.0,2.0,0.36,0.3333,0.62,0.2836,280.0
1.0,1.0,3.0,11.0,0.0,1.0,1.0,1.0,0.44,0.4394,0.44,0.2239,150.0
3.0,0.0,7.0,12.0,0.0,0.0,0.0,1.0,0.76,0.697,0.55,0.2836,420.0
1.0,0.0,3.0,14.0,0.0,5.0,1.0,1.0,0.66,0.6212,0.39,0.2537,174.0
4.0,0.0,12.0,22.0,0.0,3.0,1.0,3.0,0.24,0.197,0.93,0.4478,13.0
3.0,0.0,9.0,13.0,0.0,0.0,0.0,2.0,0.78,0.7424,0.62,0.2836,419.0
1.0,1.0,12.0,17.0,0.0,4.0,1.0,2.0,0.26,0.2424,0.52,0.2836,257.0
3.0,0.0,9.0,12.0,0.0,6.0,0.0,2.0,0.52,0.5,0.67,0.2239,372.0
3.0,1.0,7.0,13.0,0.0,5.0,1.0,3.0,0.68,0.6364,0.83,0.1045,156.0
2.0,1.0,6.0,15.0,0.0,2.0,1.0,1.0,0.78,0.7424,0.59,0.1642,259.0
4.0,1.0,10.0,22.0,0.0,4.0,1.0,2.0,0.54,0.5152,0.83,0.194,229.0
4.0,1.0,10.0,12.0,0.0,5.0,1.0,1.0,0.54,0.5152,0.39,0.4627,387.0
4.0,1.0,12.0,11.0,0.0,4.0,1.0,1.0,0.34,0.3182,0.42,0.2537,189.0
4.0,0.0,9.0,0.0,0.0,4.0,1.0,1.0,0.6,0.5152,0.94,0.194,40.0
2.0,1.0,6.0,3.0,0.0,6.0,0.0,1.0,0.56,0.5303,0.73,0.2537,26.0
3.0,0.0,6.0,23.0,0.0,0.0,0.0,1.0,0.7,0.6515,0.54,0.0896,78.0
3.0,1.0,9.0,2.0,0.0,6.0,0.0,1.0,0.58,0.5455,0.78,0.1045,93.0
4.0,1.0,11.0,16.0,0.0,6.0,0.0,1.0,0.54,0.5152,0.37,0.0,605.0
2.0,1.0,6.0,14.0,0.0,6.0,0.0,1.0,0.82,0.697,0.23,0.194,593.0
4.0,0.0,11.0,17.0,0.0,6.0,0.0,1.0,0.4,0.4091,0.4,0.194,232.0
1.0,0.0,2.0,14.0,0.0,3.0,1.0,1.0,0.2,0.1818,0.34,0.2985,58.0
3.0,0.0,8.0,8.0,0.0,3.0,1.0,1.0,0.7,0.6515,0.54,0.1642,487.0
3.0,1.0,7.0,4.0,0.0,0.0,0.0,1.0,0.6,0.5455,0.88,0.0,16.0
1.0,1.0,3.0,10.0,0.0,6.0,0.0,2.0,0.4,0.4091,0.87,0.0,168.0
2.0,1.0,3.0,16.0,0.0,5.0,1.0,3.0,0.4,0.4091,0.62,0.2836,367.0
2.0,0.0,4.0,13.0,0.0,6.0,0.0,2.0,0.36,0.3788,0.81,0.0,222.0
2.0,1.0,4.0,22.0,0.0,3.0,1.0,1.0,0.56,0.5303,0.22,0.1642,181.0
4.0,1.0,11.0,17.0,0.0,3.0,1.0,1.0,0.34,0.3333,0.31,0.1343,563.0
1.0,1.0,2.0,13.0,0.0,6.0,0.0,1.0,0.32,0.2879,0.31,0.4925,226.0
4.0,1.0,9.0,14.0,0.0,0.0,0.0,1.0,0.62,0.6212,0.41,0.2537,612.0
4.0,1.0,10.0,13.0,0.0,0.0,0.0,1.0,0.56,0.5303,0.37,0.2537,626.0
4.0,0.0,10.0,8.0,0.0,0.0,0.0,1.0,0.26,0.2576,0.7,0.2239,80.0
2.0,0.0,4.0,2.0,0.0,1.0,1.0,1.0,0.42,0.4242,0.67,0.1045,16.0
3.0,1.0,8.0,16.0,0.0,4.0,1.0,1.0,0.82,0.7576,0.46,0.194,406.0
3.0,0.0,6.0,2.0,0.0,6.0,0.0,2.0,0.66,0.6212,0.5,0.194,59.0
3.0,1.0,7.0,6.0,0.0,1.0,1.0,1.0,0.7,0.6515,0.58,0.1045,136.0
1.0,0.0,1.0,17.0,0.0,5.0,1.0,1.0,0.22,0.2273,0.41,0.1642,159.0
1.0,1.0,2.0,10.0,0.0,4.0,1.0,3.0,0.32,0.3333,0.7,0.1343,44.0
2.0,0.0,4.0,9.0,0.0,0.0,0.0,1.0,0.56,0.5303,0.88,0.2537,177.0
3.0,0.0,9.0,15.0,0.0,3.0,1.0,2.0,0.66,0.6212,0.74,0.1045,185.0
3.0,1.0,7.0,22.0,1.0,3.0,0.0,1.0,0.82,0.7879,0.56,0.2239,502.0
3.0,0.0,7.0,17.0,0.0,6.0,0.0,1.0,0.76,0.6818,0.45,0.2239,475.0
4.0,0.0,12.0,1.0,0.0,5.0,1.0,1.0,0.5,0.4848,0.72,0.2239,31.0
2.0,1.0,6.0,1.0,0.0,2.0,1.0,2.0,0.68,0.6364,0.65,0.1642,16.0
3.0,0.0,8.0,8.0,0.0,3.0,1.0,1.0,0.62,0.6061,0.69,0.1343,468.0
4.0,1.0,11.0,18.0,0.0,1.0,1.0,2.0,0.4,0.4091,0.58,0.2537,580.0
4.0,1.0,11.0,14.0,0.0,0.0,0.0,1.0,0.4,0.4091,0.4,0.194,509.0
4.0,1.0,12.0,11.0,0.0,3.0,1.0,2.0,0.32,0.303,0.49,0.2239,172.0
1.0,1.0,2.0,18.0,1.0,1.0,0.0,1.0,0.34,0.3182,0.34,0.2239,242.0
4.0,1.0,10.0,21.0,0.0,6.0,0.0,2.0,0.52,0.5,0.72,0.2239,209.0
4.0,1.0,12.0,12.0,0.0,3.0,1.0,2.0,0.34,0.3636,0.42,0.0,232.0
3.0,1.0,8.0,2.0,0.0,3.0,1.0,1.0,0.64,0.5758,0.83,0.1045,13.0
1.0,1.0,2.0,17.0,0.0,0.0,0.0,1.0,0.36,0.3485,0.32,0.2239,287.0
4.0,0.0,10.0,5.0,0.0,3.0,1.0,1.0,0.44,0.4394,0.82,0.1343,32.0
4.0,0.0,11.0,19.0,0.0,6.0,0.0,1.0,0.42,0.4242,0.5,0.2537,171.0
2.0,1.0,6.0,18.0,0.0,2.0,1.0,1.0,0.6,0.6212,0.43,0.194,790.0
4.0,0.0,10.0,6.0,0.0,1.0,1.0,1.0,0.24,0.2879,0.87,0.0,86.0
1.0,1.0,12.0,23.0,0.0,3.0,1.0,3.0,0.26,0.2273,0.87,0.2985,10.0
1.0,1.0,1.0,6.0,0.0,2.0,1.0,2.0,0.32,0.3182,0.93,0.194,89.0
2.0,1.0,4.0,16.0,0.0,5.0,1.0,1.0,0.5,0.4848,0.22,0.4179,536.0
3.0,1.0,9.0,6.0,0.0,5.0,1.0,1.0,0.5,0.4848,0.77,0.0896,165.0
4.0,0.0,11.0,21.0,0.0,1.0,1.0,3.0,0.4,0.4091,0.87,0.1642,114.0
1.0,0.0,1.0,18.0,0.0,1.0,1.0,1.0,0.24,0.2576,0.32,0.1045,157.0
3.0,0.0,7.0,11.0,0.0,0.0,0.0,1.0,0.76,0.7121,0.62,0.1045,390.0
3.0,0.0,9.0,22.0,0.0,3.0,1.0,2.0,0.66,0.6212,0.65,0.1343,160.0
2.0,0.0,6.0,9.0,0.0,5.0,1.0,1.0,0.58,0.5455,0.4,0.1642,230.0
4.0,0.0,10.0,17.0,0.0,5.0,1.0,1.0,0.58,0.5455,0.46,0.4179,481.0
2.0,0.0,6.0,5.0,0.0,5.0,1.0,1.0,0.66,0.6061,0.78,0.1642,28.0
2.0,1.0,6.0,11.0,0.0,2.0,1.0,2.0,0.56,0.5303,0.56,0.194,227.0
2.0,1.0,3.0,18.0,0.0,1.0,1.0,1.0,0.44,0.4394,0.26,0.4478,684.0
4.0,1.0,10.0,13.0,0.0,2.0,1.0,2.0,0.64,0.6212,0.44,0.0,303.0
2.0,1.0,4.0,13.0,0.0,0.0,0.0,1.0,0.5,0.4848,0.45,0.1045,595.0
1.0,1.0,2.0,18.0,0.0,3.0,1.0,1.0,0.56,0.5303,0.46,0.1642,526.0
4.0,1.0,11.0,12.0,0.0,3.0,1.0,1.0,0.34,0.3333,0.46,0.0,240.0
3.0,1.0,8.0,17.0,0.0,3.0,1.0,3.0,0.74,0.6818,0.55,0.2239,783.0
3.0,0.0,8.0,6.0,0.0,6.0,0.0,2.0,0.7,0.6667,0.84,0.2985,18.0
1.0,1.0,3.0,0.0,0.0,1.0,1.0,1.0,0.24,0.2273,0.44,0.194,17.0
2.0,0.0,4.0,7.0,0.0,5.0,1.0,1.0,0.52,0.5,0.42,0.194,240.0
4.0,0.0,12.0,8.0,0.0,4.0,1.0,2.0,0.34,0.3182,0.66,0.2239,457.0
3.0,0.0,8.0,19.0,0.0,4.0,1.0,1.0,0.7,0.6667,0.74,0.2836,366.0
3.0,1.0,6.0,20.0,0.0,5.0,1.0,2.0,0.76,0.697,0.55,0.5224,202.0
3.0,1.0,6.0,16.0,0.0,6.0,0.0,1.0,0.84,0.7121,0.26,0.2985,513.0
2.0,1.0,4.0,16.0,0.0,0.0,0.0,1.0,0.52,0.5,0.52,0.2537,511.0
3.0,1.0,6.0,19.0,0.0,1.0,1.0,1.0,0.74,0.6515,0.27,0.4627,582.0
3.0,0.0,7.0,11.0,0.0,0.0,0.0,1.0,0.78,0.7273,0.55,0.194,287.0
1.0,0.0,1.0,12.0,0.0,0.0,0.0,1.0,0.3,0.3182,0.52,0.1045,97.0
2.0,1.0,4.0,23.0,0.0,3.0,1.0,1.0,0.52,0.5,0.23,0.4179,131.0
3.0,0.0,8.0,14.0,0.0,1.0,1.0,1.0,0.7,0.6364,0.42,0.0,182.0
2.0,1.0,5.0,20.0,0.0,2.0,1.0,1.0,0.64,0.6061,0.73,0.2537,373.0
4.0,1.0,11.0,2.0,0.0,4.0,1.0,1.0,0.32,0.3333,0.66,0.1343,20.0
4.0,0.0,11.0,14.0,0.0,2.0,1.0,2.0,0.54,0.5152,0.6,0.2836,147.0
1.0,0.0,1.0,3.0,0.0,4.0,1.0,1.0,0.14,0.1212,0.5,0.3284,3.0
1.0,1.0,1.0,15.0,0.0,5.0,1.0,1.0,0.48,0.4697,0.51,0.3284,197.0
1.0,1.0,3.0,15.0,0.0,0.0,0.0,1.0,0.54,0.5152,0.68,0.0896,554.0
1.0,1.0,1.0,9.0,0.0,2.0,1.0,2.0,0.18,0.197,0.93,0.1642,195.0
4.0,0.0,12.0,7.0,0.0,5.0,1.0,2.0,0.38,0.3939,0.46,0.2985,231.0
4.0,1.0,11.0,16.0,0.0,2.0,1.0,1.0,0.38,0.3939,0.4,0.2985,310.0
2.0,1.0,5.0,18.0,0.0,6.0,0.0,1.0,0.74,0.6515,0.33,0.0896,645.0
4.0,1.0,11.0,18.0,0.0,4.0,1.0,1.0,0.4,0.4091,0.24,0.4179,507.0
2.0,0.0,4.0,6.0,0.0,0.0,0.0,1.0,0.28,0.2727,0.65,0.194,33.0
1.0,1.0,12.0,8.0,0.0,4.0,1.0,1.0,0.26,0.2273,0.65,0.3582,208.0
4.0,1.0,9.0,14.0,0.0,1.0,1.0,1.0,0.6,0.6061,0.28,0.0,303.0
2.0,0.0,4.0,14.0,0.0,2.0,1.0,2.0,0.5,0.4848,0.82,0.2836,44.0
1.0,0.0,1.0,3.0,0.0,0.0,0.0,1.0,0.14,0.2121,0.93,0.0,8.0
4.0,1.0,12.0,18.0,0.0,0.0,0.0,2.0,0.44,0.4394,0.72,0.1045,203.0
3.0,0.0,9.0,9.0,0.0,2.0,1.0,3.0,0.54,0.5152,0.94,0.2239,69.0
2.0,1.0,4.0,3.0,0.0,6.0,0.0,1.0,0.36,0.3636,0.66,0.0896,32.0
4.0,1.0,11.0,9.0,0.0,3.0,1.0,1.0,0.3,0.2727,0.52,0.3881,332.0
4.0,1.0,10.0,4.0,1.0,1.0,0.0,1.0,0.32,0.3333,0.87,0.1343,7.0
3.0,1.0,9.0,4.0,0.0,6.0,0.0,1.0,0.56,0.5303,0.83,0.2836,15.0
1.0,1.0,2.0,19.0,0.0,0.0,0.0,1.0,0.16,0.1364,0.4,0.2836,80.0
4.0,0.0,10.0,15.0,0.0,0.0,0.0,3.0,0.36,0.3333,0.81,0.2537,173.0
4.0,0.0,11.0,2.0,0.0,3.0,1.0,3.0,0.5,0.4848,0.94,0.3582,6.0
1.0,1.0,1.0,15.0,0.0,2.0,1.0,1.0,0.54,0.5152,0.26,0.4478,177.0
2.0,0.0,6.0,11.0,0.0,1.0,1.0,1.0,0.74,0.6667,0.42,0.1343,111.0
1.0,0.0,1.0,11.0,0.0,5.0,1.0,3.0,0.18,0.2121,0.93,0.1045,30.0
4.0,0.0,10.0,18.0,0.0,6.0,0.0,1.0,0.44,0.4394,0.54,0.0896,335.0
4.0,1.0,12.0,10.0,0.0,6.0,0.0,2.0,0.28,0.2727,0.89,0.1642,256.0
2.0,0.0,5.0,12.0,0.0,4.0,1.0,2.0,0.58,0.5455,0.78,0.1045,168.0
4.0,0.0,9.0,12.0,0.0,0.0,0.0,2.0,0.66,0.6061,0.78,0.0,413.0
4.0,1.0,10.0,12.0,0.0,1.0,1.0,1.0,0.58,0.5455,0.35,0.0,283.0
1.0,1.0,1.0,2.0,0.0,4.0,1.0,2.0,0.28,0.2727,0.75,0.1642,7.0
3.0,1.0,7.0,0.0,0.0,5.0,1.0,1.0,0.72,0.6818,0.7,0.0,97.0
4.0,0.0,11.0,10.0,0.0,2.0,1.0,1.0,0.42,0.4242,0.71,0.0896,129.0
1.0,1.0,2.0,9.0,0.0,2.0,1.0,1.0,0.2,0.2273,0.75,0.1045,217.0
2.0,0.0,3.0,0.0,0.0,2.0,1.0,1.0,0.26,0.2273,0.28,0.3284,16.0
3.0,1.0,7.0,2.0,0.0,0.0,0.0,2.0,0.6,0.5455,0.88,0.1045,122.0
3.0,0.0,7.0,21.0,0.0,3.0,1.0,1.0,0.74,0.6667,0.48,0.1045,245.0
2.0,1.0,5.0,11.0,0.0,2.0,1.0,1.0,0.76,0.7121,0.62,0.2985,197.0
1.0,0.0,3.0,23.0,0.0,2.0,1.0,2.0,0.32,0.3182,0.87,0.1642,18.0
4.0,0.0,9.0,14.0,0.0,0.0,0.0,2.0,0.66,0.6061,0.78,0.0,347.0
1.0,1.0,2.0,13.0,0.0,2.0,1.0,1.0,0.34,0.303,0.49,0.4179,131.0
3.0,0.0,7.0,18.0,0.0,4.0,1.0,1.0,0.9,0.8939,0.5,0.2836,382.0
3.0,1.0,6.0,22.0,0.0,5.0,1.0,1.0,0.68,0.6364,0.69,0.1343,197.0
1.0,1.0,2.0,3.0,0.0,1.0,1.0,1.0,0.12,0.1515,0.54,0.1045,1.0
1.0,1.0,3.0,19.0,0.0,5.0,1.0,2.0,0.46,0.4545,0.88,0.0,296.0
3.0,0.0,8.0,20.0,0.0,4.0,1.0,2.0,0.7,0.6667,0.74,0.194,286.0
2.0,1.0,5.0,10.0,0.0,0.0,0.0,1.0,0.68,0.6364,0.74,0.2537,424.0
3.0,1.0,7.0,10.0,0.0,1.0,1.0,2.0,0.66,0.6061,0.83,0.194,175.0
4.0,0.0,12.0,17.0,0.0,5.0,1.0,2.0,0.32,0.303,0.45,0.2836,365.0
3.0,1.0,8.0,21.0,0.0,5.0,1.0,2.0,0.68,0.2424,0.69,0.2985,255.0
2.0,0.0,5.0,12.0,0.0,0.0,0.0,2.0,0.7,0.6667,0.74,0.2239,402.0
4.0,1.0,12.0,3.0,0.0,3.0,1.0,1.0,0.26,0.2727,0.75,0.1343,5.0
4.0,0.0,10.0,4.0,0.0,0.0,0.0,1.0,0.34,0.3636,0.87,0.0,6.0
3.0,0.0,7.0,8.0,0.0,0.0,0.0,1.0,0.68,0.6364,0.65,0.2239,118.0
3.0,0.0,7.0,8.0,0.0,3.0,1.0,1.0,0.8,0.7424,0.49,0.2537,449.0
3.0,1.0,6.0,18.0,0.0,6.0,0.0,1.0,0.88,0.7879,0.35,0.0,339.0
1.0,1.0,12.0,7.0,1.0,2.0,0.0,2.0,0.22,0.2273,0.93,0.1642,6.0
1.0,0.0,3.0,22.0,0.0,0.0,0.0,2.0,0.34,0.303,0.53,0.3284,38.0
1.0,1.0,2.0,21.0,0.0,3.0,1.0,1.0,0.52,0.5,0.52,0.1642,233.0
1.0,0.0,2.0,7.0,0.0,6.0,0.0,1.0,0.22,0.2576,0.6,0.0896,22.0
1.0,0.0,2.0,6.0,0.0,3.0,1.0,1.0,0.06,0.1515,0.45,0.0,43.0
3.0,1.0,7.0,0.0,0.0,0.0,0.0,1.0,0.68,0.6364,0.89,0.1642,187.0
2.0,0.0,4.0,19.0,0.0,1.0,1.0,1.0,0.72,0.6667,0.51,0.4478,284.0
4.0,0.0,12.0,19.0,0.0,0.0,0.0,1.0,0.38,0.3939,0.76,0.0,173.0
4.0,0.0,12.0,10.0,0.0,6.0,0.0,1.0,0.32,0.303,0.57,0.2537,192.0
4.0,0.0,9.0,5.0,0.0,1.0,1.0,2.0,0.62,0.5606,0.88,0.0,25.0
3.0,1.0,7.0,1.0,0.0,3.0,1.0,1.0,0.7,0.6515,0.58,0.194,28.0
2.0,0.0,5.0,8.0,0.0,4.0,1.0,2.0,0.52,0.5,0.88,0.0,487.0
3.0,1.0,8.0,3.0,0.0,0.0,0.0,1.0,0.62,0.5909,0.73,0.0896,48.0
2.0,0.0,6.0,14.0,0.0,3.0,1.0,1.0,0.92,0.8788,0.4,0.2537,155.0
3.0,0.0,7.0,3.0,0.0,3.0,1.0,1.0,0.7,0.6667,0.84,0.1045,6.0
3.0,0.0,7.0,18.0,0.0,4.0,1.0,1.0,0.84,0.8182,0.56,0.2239,483.0
1.0,1.0,12.0,20.0,0.0,4.0,1.0,1.0,0.24,0.2424,0.6,0.1642,91.0
1.0,0.0,3.0,18.0,0.0,6.0,0.0,1.0,0.46,0.4545,0.31,0.3284,217.0
1.0,0.0,3.0,16.0,0.0,3.0,1.0,1.0,0.54,0.5152,0.19,0.3284,139.0
2.0,1.0,4.0,5.0,0.0,2.0,1.0,1.0,0.34,0.3333,0.71,0.1343,24.0
4.0,0.0,10.0,21.0,0.0,2.0,1.0,1.0,0.44,0.4394,0.72,0.1343,201.0
1.0,0.0,12.0,6.0,1.0,1.0,0.0,1.0,0.32,0.303,0.45,0.2836,4.0
2.0,1.0,5.0,19.0,0.0,6.0,0.0,1.0,0.7,0.6364,0.39,0.1343,432.0
2.0,0.0,3.0,22.0,0.0,6.0,0.0,2.0,0.28,0.2727,0.41,0.2239,63.0
3.0,1.0,7.0,12.0,0.0,0.0,0.0,2.0,0.7,0.6515,0.7,0.1045,504.0
4.0,0.0,11.0,15.0,0.0,2.0,1.0,3.0,0.44,0.4394,0.94,0.0,34.0
4.0,0.0,11.0,11.0,0.0,6.0,0.0,1.0,0.38,0.3939,0.54,0.2836,315.0
3.0,1.0,9.0,12.0,0.0,6.0,0.0,1.0,0.66,0.6212,0.36,0.3582,706.0
3.0,0.0,7.0,14.0,0.0,6.0,0.0,1.0,0.84,0.7424,0.36,0.1343,373.0
3.0,0.0,8.0,7.0,0.0,3.0,1.0,1.0,0.6,0.5758,0.78,0.0,328.0
1.0,1.0,3.0,6.0,0.0,1.0,1.0,1.0,0.18,0.197,0.59,0.1343,91.0
3.0,0.0,7.0,17.0,0.0,6.0,0.0,1.0,0.84,0.7273,0.3,0.2239,349.0
4.0,1.0,12.0,22.0,0.0,6.0,0.0,2.0,0.38,0.3939,0.94,0.1045,160.0
2.0,1.0,5.0,2.0,0.0,5.0,1.0,1.0,0.48,0.4697,0.67,0.1343,21.0
4.0,0.0,10.0,2.0,0.0,5.0,1.0,1.0,0.38,0.3939,0.66,0.1642,18.0
1.0,1.0,2.0,6.0,0.0,3.0,1.0,2.0,0.24,0.2879,0.7,0.0,98.0
4.0,1.0,11.0,17.0,1.0,4.0,0.0,1.0,0.44,0.4394,0.35,0.0,109.0
2.0,0.0,5.0,21.0,0.0,1.0,1.0,1.0,0.64,0.5758,0.89,0.2239,188.0
1.0,1.0,12.0,14.0,0.0,6.0,0.0,1.0,0.32,0.2879,0.36,0.4627,161.0
3.0,1.0,7.0,2.0,0.0,6.0,0.0,1.0,0.76,0.7424,0.72,0.1642,58.0
3.0,1.0,8.0,2.0,0.0,2.0,1.0,2.0,0.68,0.6364,0.83,0.194,11.0
3.0,1.0,8.0,12.0,0.0,4.0,1.0,1.0,0.8,0.697,0.33,0.1045,343.0
4.0,0.0,11.0,1.0,1.0,5.0,0.0,1.0,0.32,0.303,0.57,0.3284,19.0
3.0,1.0,7.0,10.0,0.0,5.0,1.0,1.0,0.84,0.7727,0.47,0.0,231.0
1.0,0.0,1.0,15.0,0.0,0.0,0.0,1.0,0.26,0.2424,0.38,0.2537,113.0
2.0,0.0,6.0,6.0,0.0,4.0,1.0,1.0,0.66,0.6212,0.39,0.1343,113.0
2.0,1.0,6.0,14.0,0.0,6.0,0.0,1.0,0.72,0.6515,0.37,0.2239,573.0
4.0,1.0,10.0,11.0,0.0,5.0,1.0,1.0,0.6,0.5606,0.83,0.194,252.0
3.0,1.0,7.0,6.0,0.0,1.0,1.0,1.0,0.68,0.6364,0.79,0.1343,140.0
2.0,0.0,6.0,3.0,0.0,6.0,0.0,1.0,0.52,0.5,0.59,0.1045,18.0
3.0,1.0,9.0,11.0,0.0,6.0,0.0,1.0,0.76,0.7121,0.62,0.4478,578.0
2.0,1.0,5.0,2.0,0.0,6.0,0.0,1.0,0.5,0.4848,0.51,0.1045,69.0
2.0,1.0,5.0,9.0,1.0,1.0,0.0,1.0,0.7,0.6515,0.61,0.0,263.0
4.0,0.0,11.0,17.0,1.0,4.0,0.0,1.0,0.48,0.4697,0.33,0.1045,74.0
2.0,1.0,5.0,3.0,0.0,4.0,1.0,2.0,0.6,0.5455,0.88,0.1045,4.0
3.0,1.0,8.0,16.0,0.0,2.0,1.0,1.0,0.82,0.7121,0.33,0.3284,480.0
1.0,0.0,3.0,23.0,0.0,0.0,0.0,1.0,0.26,0.2576,0.65,0.2239,28.0
2.0,0.0,5.0,0.0,0.0,6.0,0.0,1.0,0.58,0.5455,0.88,0.1343,94.0
4.0,0.0,10.0,1.0,0.0,0.0,0.0,1.0,0.22,0.2121,0.87,0.2537,43.0
2.0,1.0,5.0,21.0,0.0,2.0,1.0,1.0,0.62,0.5909,0.78,0.1343,261.0
2.0,1.0,6.0,15.0,0.0,6.0,0.0,1.0,0.74,0.6515,0.35,0.2537,583.0
3.0,1.0,8.0,11.0,0.0,0.0,0.0,3.0,0.64,0.5909,0.78,0.1642,272.0
4.0,1.0,10.0,23.0,0.0,5.0,1.0,1.0,0.52,0.5,0.83,0.1642,178.0
2.0,0.0,5.0,11.0,0.0,0.0,0.0,1.0,0.46,0.4545,0.82,0.1045,250.0
3.0,1.0,7.0,23.0,0.0,0.0,0.0,3.0,0.68,0.6364,0.83,0.0896,123.0
3.0,0.0,8.0,10.0,0.0,3.0,1.0,1.0,0.7,0.6515,0.58,0.2836,146.0
2.0,1.0,3.0,22.0,0.0,6.0,0.0,3.0,0.44,0.4394,1.0,0.2537,83.0
4.0,0.0,10.0,12.0,0.0,5.0,1.0,2.0,0.38,0.3939,0.4,0.1642,213.0
1.0,0.0,12.0,12.0,0.0,4.0,1.0,2.0,0.48,0.4697,0.55,0.0,202.0
1.0,1.0,1.0,13.0,0.0,6.0,0.0,2.0,0.2,0.197,0.8,0.2537,76.0
4.0,1.0,10.0,16.0,0.0,3.0,1.0,1.0,0.56,0.5303,0.52,0.194,466.0
1.0,0.0,1.0,15.0,0.0,4.0,1.0,2.0,0.32,0.3182,0.45,0.194,70.0
3.0,1.0,6.0,6.0,0.0,3.0,1.0,1.0,0.58,0.5455,0.46,0.2836,200.0
3.0,1.0,9.0,21.0,0.0,3.0,1.0,1.0,0.5,0.4848,0.59,0.1642,349.0
1.0,1.0,2.0,20.0,0.0,4.0,1.0,1.0,0.36,0.3182,0.46,0.5224,213.0
3.0,0.0,9.0,5.0,0.0,5.0,1.0,2.0,0.6,0.5606,0.83,0.1343,20.0
1.0,0.0,2.0,12.0,0.0,3.0,1.0,1.0,0.38,0.3939,0.32,0.3284,86.0
1.0,0.0,1.0,10.0,0.0,6.0,0.0,1.0,0.18,0.197,0.59,0.1642,59.0
2.0,0.0,4.0,12.0,0.0,2.0,1.0,2.0,0.54,0.5152,0.64,0.0896,103.0
4.0,0.0,10.0,8.0,0.0,5.0,1.0,1.0,0.46,0.4545,0.82,0.0,417.0
2.0,1.0,6.0,9.0,0.0,1.0,1.0,1.0,0.7,0.6515,0.65,0.1343,316.0
2.0,0.0,5.0,6.0,0.0,0.0,0.0,2.0,0.44,0.4394,0.82,0.0,6.0
4.0,0.0,11.0,7.0,0.0,2.0,1.0,2.0,0.54,0.5152,0.68,0.1642,319.0
2.0,1.0,4.0,5.0,0.0,5.0,1.0,1.0,0.32,0.303,0.53,0.3284,23.0
3.0,1.0,8.0,3.0,0.0,4.0,1.0,1.0,0.62,0.5758,0.83,0.0896,9.0
2.0,1.0,6.0,19.0,0.0,5.0,1.0,1.0,0.7,0.6364,0.42,0.1642,467.0
2.0,1.0,4.0,12.0,0.0,2.0,1.0,1.0,0.6,0.6212,0.33,0.3582,244.0
4.0,0.0,10.0,7.0,0.0,3.0,1.0,1.0,0.46,0.4545,0.77,0.1045,301.0
1.0,0.0,2.0,22.0,0.0,2.0,1.0,1.0,0.24,0.2879,0.44,0.0,41.0
2.0,1.0,4.0,13.0,0.0,5.0,1.0,1.0,0.62,0.6212,0.43,0.194,381.0
3.0,0.0,8.0,20.0,0.0,1.0,1.0,1.0,0.66,0.6212,0.74,0.1343,285.0
2.0,1.0,5.0,1.0,0.0,4.0,1.0,1.0,0.6,0.5606,0.83,0.1642,28.0
4.0,1.0,10.0,19.0,0.0,3.0,1.0,2.0,0.56,0.5303,0.46,0.5821,566.0
2.0,1.0,3.0,1.0,0.0,5.0,1.0,1.0,0.38,0.3939,0.5,0.2836,27.0
1.0,0.0,3.0,16.0,0.0,0.0,0.0,1.0,0.42,0.4242,0.32,0.0,224.0
2.0,0.0,6.0,9.0,0.0,2.0,1.0,1.0,0.62,0.6212,0.46,0.194,193.0
2.0,1.0,4.0,8.0,0.0,0.0,0.0,1.0,0.52,0.5,0.59,0.0,97.0
2.0,0.0,5.0,19.0,0.0,6.0,0.0,1.0,0.7,0.6515,0.65,0.194,252.0
2.0,1.0,5.0,12.0,0.0,3.0,1.0,2.0,0.66,0.6212,0.69,0.0896,248.0
4.0,1.0,11.0,11.0,0.0,3.0,1.0,2.0,0.32,0.2879,0.51,0.3582,147.0
2.0,0.0,6.0,1.0,0.0,2.0,1.0,1.0,0.6,0.6212,0.49,0.2537,13.0
1.0,1.0,3.0,20.0,0.0,1.0,1.0,1.0,0.26,0.2273,0.37,0.4627,179.0
1.0,1.0,2.0,14.0,0.0,0.0,0.0,1.0,0.3,0.303,0.61,0.1642,243.0
3.0,1.0,9.0,12.0,0.0,0.0,0.0,3.0,0.74,0.697,0.7,0.0,545.0
2.0,0.0,4.0,5.0,0.0,0.0,0.0,1.0,0.36,0.3485,0.71,0.1642,3.0
2.0,0.0,6.0,10.0,0.0,5.0,1.0,1.0,0.7,0.6515,0.58,0.194,170.0
4.0,0.0,9.0,8.0,0.0,4.0,1.0,1.0,0.6,0.5606,0.83,0.0,431.0
4.0,0.0,10.0,23.0,0.0,0.0,0.0,1.0,0.5,0.4848,0.88,0.1045,123.0
1.0,0.0,3.0,23.0,0.0,4.0,1.0,2.0,0.18,0.2121,0.43,0.0896,23.0
2.0,1.0,3.0,20.0,0.0,6.0,0.0,3.0,0.44,0.4394,1.0,0.194,111.0
3.0,1.0,7.0,8.0,0.0,6.0,0.0,1.0,0.74,0.697,0.66,0.1642,163.0
2.0,1.0,4.0,0.0,0.0,0.0,0.0,1.0,0.44,0.4394,0.24,0.2239,85.0
2.0,1.0,4.0,6.0,0.0,4.0,1.0,2.0,0.4,0.4091,0.82,0.1045,120.0
4.0,1.0,11.0,22.0,0.0,4.0,1.0,1.0,0.34,0.303,0.42,0.2985,161.0
4.0,0.0,12.0,5.0,0.0,0.0,0.0,1.0,0.18,0.2121,0.59,0.1045,6.0
3.0,1.0,9.0,19.0,0.0,2.0,1.0,1.0,0.62,0.6212,0.41,0.194,596.0
2.0,0.0,3.0,5.0,0.0,6.0,0.0,1.0,0.2,0.197,0.51,0.194,8.0
3.0,0.0,6.0,1.0,0.0,6.0,0.0,1.0,0.66,0.6212,0.5,0.1642,95.0
1.0,1.0,3.0,8.0,0.0,6.0,0.0,3.0,0.36,0.3788,0.93,0.0,48.0
3.0,1.0,8.0,14.0,0.0,0.0,0.0,1.0,0.76,0.6818,0.4,0.194,579.0
2.0,0.0,5.0,13.0,0.0,2.0,1.0,2.0,0.7,0.6515,0.58,0.6119,194.0
1.0,1.0,1.0,1.0,0.0,6.0,0.0,4.0,0.14,0.1364,0.86,0.194,23.0
4.0,0.0,11.0,20.0,0.0,6.0,0.0,2.0,0.36,0.3636,0.57,0.1045,163.0
1.0,1.0,1.0,21.0,0.0,5.0,1.0,2.0,0.2,0.2273,0.37,0.0896,104.0
1.0,0.0,1.0,15.0,0.0,5.0,1.0,2.0,0.2,0.2121,0.37,0.1642,72.0
2.0,1.0,6.0,20.0,0.0,1.0,1.0,2.0,0.74,0.6667,0.48,0.2239,394.0
3.0,1.0,7.0,13.0,0.0,1.0,1.0,2.0,0.8,0.7424,0.52,0.1045,240.0
1.0,0.0,2.0,23.0,0.0,4.0,1.0,1.0,0.2,0.2273,0.47,0.1045,38.0
3.0,1.0,6.0,23.0,0.0,2.0,1.0,1.0,0.62,0.6212,0.41,0.1343,131.0
1.0,0.0,2.0,19.0,0.0,3.0,1.0,1.0,0.34,0.3182,0.53,0.2239,161.0
1.0,0.0,1.0,12.0,0.0,6.0,0.0,2.0,0.06,0.1061,0.38,0.1045,70.0
4.0,1.0,10.0,14.0,0.0,2.0,1.0,3.0,0.3,0.2727,0.81,0.3582,126.0
3.0,1.0,9.0,0.0,0.0,6.0,0.0,1.0,0.74,0.6818,0.62,0.1045,168.0
4.0,0.0,12.0,2.0,0.0,1.0,1.0,1.0,0.18,0.2121,0.8,0.0896,3.0
3.0,0.0,7.0,12.0,0.0,5.0,1.0,1.0,0.96,0.8636,0.31,0.2836,135.0
4.0,0.0,11.0,1.0,0.0,3.0,1.0,3.0,0.46,0.4545,0.94,0.0896,5.0
4.0,0.0,9.0,23.0,0.0,4.0,1.0,1.0,0.52,0.5,0.77,0.1045,81.0
4.0,1.0,9.0,6.0,0.0,1.0,1.0,1.0,0.46,0.4545,0.59,0.0,168.0
1.0,1.0,1.0,13.0,0.0,5.0,1.0,1.0,0.26,0.2121,0.33,0.5224,154.0
3.0,1.0,8.0,1.0,0.0,1.0,1.0,1.0,0.62,0.5606,0.88,0.0896,7.0
2.0,0.0,5.0,23.0,0.0,2.0,1.0,2.0,0.56,0.5303,0.68,0.3284,62.0
4.0,0.0,12.0,19.0,0.0,2.0,1.0,1.0,0.32,0.3182,0.49,0.1642,267.0
3.0,0.0,6.0,11.0,0.0,4.0,1.0,3.0,0.76,0.7273,0.66,0.2537,136.0
4.0,1.0,12.0,20.0,0.0,4.0,1.0,1.0,0.3,0.3333,0.45,0.0,241.0
3.0,0.0,7.0,1.0,0.0,5.0,1.0,1.0,0.72,0.697,0.79,0.0,34.0
4.0,1.0,11.0,3.0,0.0,6.0,0.0,1.0,0.26,0.2576,0.65,0.194,21.0
1.0,1.0,2.0,20.0,0.0,2.0,1.0,2.0,0.38,0.3939,0.46,0.1343,184.0
3.0,1.0,8.0,6.0,0.0,3.0,1.0,1.0,0.64,0.5909,0.78,0.1045,172.0
3.0,1.0,8.0,4.0,0.0,1.0,1.0,1.0,0.64,0.6061,0.69,0.1045,11.0
1.0,0.0,1.0,20.0,0.0,6.0,0.0,1.0,0.06,0.0758,0.45,0.1642,45.0
2.0,1.0,5.0,2.0,0.0,5.0,1.0,1.0,0.58,0.5455,0.83,0.1343,11.0
4.0,1.0,10.0,10.0,0.0,6.0,0.0,1.0,0.4,0.4091,0.43,0.0,347.0
4.0,1.0,12.0,20.0,0.0,3.0,1.0,1.0,0.34,0.303,0.46,0.3881,293.0
2.0,1.0,5.0,21.0,0.0,3.0,1.0,1.0,0.68,0.6364,0.57,0.1045,304.0
3.0,1.0,7.0,8.0,0.0,4.0,1.0,1.0,0.68,0.6364,0.65,0.1343,702.0
3.0,0.0,9.0,20.0,0.0,2.0,1.0,3.0,0.54,0.5152,0.88,0.2985,163.0
4.0,0.0,11.0,6.0,0.0,2.0,1.0,1.0,0.52,0.5,0.83,0.2836,89.0
3.0,0.0,7.0,22.0,0.0,6.0,0.0,1.0,0.72,0.6667,0.51,0.1642,201.0
4.0,0.0,11.0,19.0,1.0,4.0,0.0,1.0,0.4,0.4091,0.54,0.1045,28.0
3.0,0.0,7.0,7.0,0.0,3.0,1.0,1.0,0.72,0.6667,0.48,0.2537,347.0
4.0,0.0,10.0,4.0,0.0,3.0,1.0,3.0,0.5,0.4848,0.94,0.194,3.0
2.0,1.0,4.0,12.0,0.0,4.0,1.0,1.0,0.44,0.4394,0.33,0.0,276.0
1.0,1.0,2.0,1.0,0.0,3.0,1.0,1.0,0.34,0.3636,0.53,0.0,5.0
4.0,0.0,10.0,6.0,0.0,2.0,1.0,1.0,0.46,0.4545,0.82,0.0896,109.0
2.0,0.0,3.0,18.0,0.0,0.0,0.0,1.0,0.3,0.2879,0.33,0.194,137.0
4.0,1.0,11.0,21.0,0.0,6.0,0.0,1.0,0.4,0.4091,0.66,0.0,220.0
2.0,1.0,3.0,22.0,0.0,6.0,0.0,2.0,0.38,0.3939,0.71,0.2537,156.0
2.0,0.0,5.0,12.0,0.0,3.0,1.0,1.0,0.6,0.6212,0.56,0.0,226.0
1.0,1.0,3.0,22.0,0.0,5.0,1.0,2.0,0.36,0.3788,0.87,0.0,75.0
1.0,1.0,1.0,9.0,0.0,6.0,0.0,1.0,0.22,0.2273,0.8,0.1343,130.0
4.0,1.0,11.0,17.0,0.0,5.0,1.0,2.0,0.48,0.4697,0.39,0.0896,300.0
1.0,0.0,12.0,3.0,0.0,4.0,1.0,1.0,0.44,0.4394,0.67,0.1642,6.0
1.0,1.0,2.0,1.0,0.0,1.0,1.0,1.0,0.26,0.2576,0.65,0.2239,6.0
1.0,1.0,12.0,19.0,0.0,0.0,0.0,1.0,0.34,0.3636,0.61,0.0,102.0
4.0,1.0,11.0,12.0,0.0,4.0,1.0,1.0,0.36,0.3485,0.4,0.1642,236.0
3.0,1.0,9.0,17.0,0.0,6.0,0.0,1.0,0.74,0.6667,0.51,0.3284,646.0
4.0,0.0,12.0,6.0,0.0,5.0,1.0,1.0,0.22,0.2576,0.8,0.0896,63.0
1.0,0.0,2.0,21.0,0.0,1.0,1.0,1.0,0.36,0.3182,0.5,0.5224,43.0
2.0,1.0,6.0,21.0,0.0,1.0,1.0,2.0,0.62,0.5909,0.73,0.1045,273.0
2.0,0.0,5.0,19.0,0.0,1.0,1.0,1.0,0.7,0.6667,0.74,0.2239,358.0
4.0,1.0,11.0,22.0,0.0,3.0,1.0,1.0,0.28,0.2727,0.45,0.1642,154.0
1.0,1.0,12.0,2.0,1.0,2.0,0.0,2.0,0.26,0.2576,0.87,0.1642,7.0
3.0,1.0,7.0,0.0,0.0,6.0,0.0,3.0,0.62,0.5758,0.83,0.2836,103.0
2.0,0.0,6.0,23.0,0.0,1.0,1.0,1.0,0.62,0.5909,0.78,0.2537,60.0
3.0,0.0,7.0,4.0,0.0,4.0,1.0,1.0,0.62,0.6212,0.53,0.2537,6.0
2.0,0.0,4.0,12.0,0.0,0.0,0.0,1.0,0.44,0.4394,0.38,0.2836,313.0
4.0,0.0,11.0,1.0,0.0,1.0,1.0,1.0,0.34,0.3636,0.87,0.0,8.0
4.0,0.0,11.0,12.0,0.0,2.0,1.0,1.0,0.5,0.4848,0.48,0.0896,176.0
3.0,0.0,7.0,15.0,0.0,5.0,1.0,1.0,0.72,0.6515,0.45,0.1642,237.0
4.0,1.0,10.0,3.0,0.0,5.0,1.0,1.0,0.54,0.5152,0.73,0.0,16.0
4.0,1.0,12.0,0.0,0.0,1.0,1.0,2.0,0.42,0.4242,0.82,0.1642,21.0
1.0,1.0,1.0,23.0,0.0,3.0,1.0,1.0,0.16,0.1364,0.47,0.2985,38.0
3.0,1.0,9.0,17.0,0.0,5.0,1.0,1.0,0.78,0.7424,0.59,0.3284,772.0
3.0,0.0,6.0,22.0,0.0,4.0,1.0,1.0,0.7,0.6364,0.42,0.1642,207.0
4.0,1.0,11.0,22.0,0.0,6.0,0.0,2.0,0.32,0.3333,0.57,0.1045,145.0
3.0,1.0,7.0,6.0,0.0,2.0,1.0,1.0,0.7,0.6515,0.65,0.1343,154.0
1.0,1.0,2.0,22.0,0.0,4.0,1.0,2.0,0.32,0.3485,0.81,0.0,111.0
2.0,1.0,5.0,8.0,0.0,5.0,1.0,1.0,0.46,0.4545,0.44,0.2537,620.0
4.0,1.0,10.0,19.0,0.0,2.0,1.0,2.0,0.5,0.4848,0.72,0.1642,514.0
4.0,1.0,10.0,20.0,0.0,3.0,1.0,2.0,0.62,0.6061,0.61,0.0896,441.0
1.0,1.0,1.0,11.0,0.0,3.0,1.0,1.0,0.3,0.2727,0.42,0.3881,114.0
2.0,1.0,6.0,18.0,0.0,2.0,1.0,1.0,0.68,0.6364,0.83,0.194,653.0
2.0,1.0,5.0,7.0,0.0,6.0,0.0,1.0,0.42,0.4242,0.71,0.1343,67.0
4.0,0.0,11.0,0.0,0.0,2.0,1.0,1.0,0.34,0.3485,0.87,0.0896,18.0
1.0,0.0,2.0,2.0,0.0,1.0,1.0,1.0,0.2,0.2576,0.8,0.0,3.0
3.0,1.0,8.0,1.0,0.0,6.0,0.0,2.0,0.68,0.6364,0.69,0.0,115.0
1.0,1.0,3.0,14.0,0.0,3.0,1.0,1.0,0.7,0.6364,0.23,0.3284,224.0
2.0,1.0,3.0,10.0,0.0,0.0,0.0,2.0,0.4,0.4091,0.87,0.3284,250.0
3.0,0.0,6.0,18.0,0.0,3.0,1.0,1.0,0.8,0.697,0.29,0.2985,588.0
2.0,0.0,3.0,12.0,0.0,0.0,0.0,2.0,0.26,0.2576,0.44,0.2239,163.0
1.0,0.0,1.0,12.0,0.0,3.0,1.0,3.0,0.22,0.197,0.93,0.3284,48.0
1.0,0.0,2.0,6.0,0.0,5.0,1.0,1.0,0.1,0.1818,0.68,0.0,24.0
1.0,0.0,1.0,20.0,0.0,3.0,1.0,1.0,0.16,0.1364,0.5,0.3284,56.0
2.0,1.0,4.0,11.0,0.0,1.0,1.0,2.0,0.32,0.2879,0.7,0.3582,101.0
3.0,0.0,8.0,18.0,0.0,1.0,1.0,1.0,0.78,0.697,0.43,0.194,543.0
4.0,1.0,12.0,17.0,0.0,2.0,1.0,1.0,0.52,0.5,0.59,0.2239,743.0
2.0,1.0,5.0,6.0,0.0,5.0,1.0,2.0,0.62,0.5606,0.88,0.1045,113.0
1.0,0.0,2.0,5.0,0.0,6.0,0.0,3.0,0.2,0.2273,1.0,0.0896,9.0
1.0,1.0,12.0,16.0,0.0,5.0,1.0,1.0,0.3,0.303,0.49,0.1343,250.0
2.0,1.0,3.0,17.0,0.0,5.0,1.0,2.0,0.72,0.6515,0.42,0.1642,957.0
3.0,1.0,8.0,17.0,0.0,5.0,1.0,2.0,0.84,0.803,0.53,0.2836,741.0
3.0,1.0,8.0,18.0,0.0,1.0,1.0,1.0,0.82,0.7424,0.41,0.1343,843.0
1.0,1.0,2.0,21.0,0.0,5.0,1.0,1.0,0.38,0.3939,0.37,0.194,129.0
2.0,1.0,3.0,7.0,0.0,3.0,1.0,3.0,0.48,0.4697,0.94,0.194,372.0
1.0,1.0,1.0,15.0,0.0,5.0,1.0,2.0,0.22,0.2273,0.35,0.194,156.0
3.0,0.0,8.0,1.0,0.0,5.0,1.0,1.0,0.62,0.5758,0.83,0.0,23.0
4.0,1.0,12.0,9.0,0.0,6.0,0.0,1.0,0.26,0.2727,0.75,0.1045,220.0
1.0,0.0,1.0,2.0,0.0,3.0,1.0,3.0,0.22,0.2273,0.69,0.194,10.0
3.0,1.0,8.0,23.0,0.0,2.0,1.0,1.0,0.72,0.697,0.79,0.0,138.0
3.0,1.0,8.0,2.0,0.0,6.0,0.0,3.0,0.62,0.5606,0.88,0.1642,43.0
3.0,0.0,8.0,0.0,0.0,6.0,0.0,1.0,0.6,0.5455,0.88,0.0,128.0
2.0,0.0,5.0,23.0,0.0,6.0,0.0,1.0,0.58,0.5455,0.78,0.0896,145.0
1.0,0.0,12.0,18.0,0.0,5.0,1.0,1.0,0.36,0.3485,0.62,0.1343,182.0
4.0,0.0,10.0,3.0,0.0,4.0,1.0,1.0,0.5,0.4848,0.82,0.4627,1.0
4.0,1.0,12.0,10.0,0.0,5.0,1.0,2.0,0.32,0.3182,0.76,0.1642,166.0
4.0,1.0,12.0,9.0,0.0,3.0,1.0,1.0,0.28,0.2879,0.75,0.1045,317.0
2.0,1.0,4.0,2.0,0.0,3.0,1.0,1.0,0.32,0.303,0.45,0.2836,2.0
2.0,1.0,5.0,9.0,0.0,5.0,1.0,1.0,0.48,0.4697,0.41,0.2985,322.0
2.0,0.0,4.0,7.0,0.0,3.0,1.0,1.0,0.26,0.2727,0.65,0.1045,133.0
1.0,0.0,2.0,18.0,0.0,3.0,1.0,1.0,0.4,0.4091,0.4,0.2239,222.0
4.0,1.0,10.0,9.0,0.0,2.0,1.0,3.0,0.58,0.5455,0.88,0.1343,86.0
3.0,1.0,9.0,23.0,0.0,1.0,1.0,1.0,0.54,0.5152,0.52,0.0,93.0
4.0,0.0,10.0,22.0,0.0,4.0,1.0,1.0,0.36,0.3182,0.66,0.4925,111.0
2.0,1.0,5.0,16.0,0.0,2.0,1.0,1.0,0.68,0.6364,0.65,0.1642,374.0
2.0,0.0,6.0,18.0,0.0,0.0,0.0,1.0,0.7,0.6515,0.58,0.1045,363.0
3.0,1.0,9.0,6.0,0.0,0.0,0.0,1.0,0.52,0.5,0.77,0.194,35.0
2.0,1.0,4.0,10.0,0.0,1.0,1.0,1.0,0.5,0.4848,0.27,0.4925,178.0
3.0,1.0,8.0,7.0,0.0,3.0,1.0,2.0,0.66,0.6212,0.69,0.194,492.0
1.0,0.0,12.0,12.0,1.0,1.0,0.0,1.0,0.36,0.3182,0.43,0.4627,100.0
1.0,1.0,12.0,17.0,0.0,6.0,0.0,1.0,0.28,0.2576,0.41,0.2985,114.0
2.0,1.0,5.0,15.0,0.0,2.0,1.0,2.0,0.7,0.6515,0.61,0.0896,256.0
1.0,1.0,3.0,7.0,0.0,1.0,1.0,1.0,0.34,0.3485,0.53,0.1045,268.0
1.0,1.0,1.0,18.0,0.0,0.0,0.0,1.0,0.18,0.1818,0.29,0.2239,120.0
3.0,0.0,7.0,11.0,1.0,1.0,0.0,2.0,0.76,0.697,0.55,0.0896,349.0
1.0,1.0,12.0,19.0,0.0,3.0,1.0,3.0,0.3,0.2879,0.87,0.194,35.0
1.0,1.0,3.0,10.0,0.0,0.0,0.0,2.0,0.42,0.4242,0.88,0.1045,351.0
4.0,1.0,12.0,23.0,0.0,4.0,1.0,1.0,0.26,0.303,0.6,0.0,120.0
4.0,0.0,12.0,23.0,0.0,6.0,0.0,1.0,0.2,0.2121,0.47,0.1642,66.0
1.0,1.0,12.0,4.0,0.0,4.0,1.0,2.0,0.24,0.2121,0.87,0.3284,3.0
3.0,1.0,8.0,0.0,0.0,3.0,1.0,1.0,0.7,0.6515,0.61,0.194,60.0
3.0,0.0,9.0,3.0,0.0,5.0,1.0,2.0,0.62,0.5455,0.94,0.2537,2.0
3.0,1.0,8.0,0.0,0.0,4.0,1.0,1.0,0.72,0.697,0.74,0.194,67.0
3.0,1.0,9.0,19.0,0.0,3.0,1.0,1.0,0.74,0.697,0.7,0.1642,662.0
4.0,1.0,11.0,6.0,0.0,6.0,0.0,1.0,0.24,0.2273,0.7,0.2239,21.0
4.0,0.0,12.0,12.0,0.0,2.0,1.0,3.0,0.46,0.4545,1.0,0.2239,55.0
4.0,0.0,10.0,19.0,0.0,2.0,1.0,1.0,0.52,0.5,0.68,0.2239,345.0
2.0,1.0,3.0,21.0,0.0,4.0,1.0,1.0,0.58,0.5455,0.78,0.1642,374.0
2.0,1.0,5.0,1.0,0.0,0.0,0.0,2.0,0.54,0.5152,0.83,0.2239,121.0
2.0,1.0,6.0,16.0,0.0,1.0,1.0,1.0,0.66,0.6212,0.39,0.4627,448.0
1.0,0.0,1.0,5.0,0.0,5.0,1.0,1.0,0.24,0.197,0.6,0.4179,5.0
3.0,1.0,9.0,6.0,1.0,1.0,0.0,1.0,0.66,0.5909,0.94,0.0,15.0
3.0,0.0,7.0,22.0,0.0,2.0,1.0,1.0,0.8,0.7273,0.46,0.1343,194.0
1.0,0.0,3.0,14.0,0.0,6.0,0.0,1.0,0.5,0.4848,0.31,0.4925,312.0
4.0,0.0,10.0,4.0,0.0,1.0,1.0,1.0,0.52,0.5,0.59,0.1642,5.0
1.0,1.0,2.0,10.0,0.0,5.0,1.0,1.0,0.34,0.3182,0.71,0.2836,116.0
1.0,1.0,12.0,15.0,1.0,2.0,0.0,1.0,0.36,0.3333,0.5,0.2537,107.0
4.0,1.0,11.0,4.0,0.0,5.0,1.0,1.0,0.24,0.2576,0.75,0.1045,4.0
4.0,0.0,11.0,8.0,0.0,3.0,1.0,1.0,0.32,0.3485,0.93,0.0,456.0
4.0,0.0,11.0,11.0,0.0,2.0,1.0,1.0,0.46,0.4545,0.63,0.1343,147.0
1.0,1.0,1.0,16.0,1.0,1.0,0.0,1.0,0.26,0.2273,0.35,0.4179,154.0
2.0,0.0,4.0,11.0,0.0,1.0,1.0,1.0,0.6,0.6212,0.4,0.3881,124.0
1.0,1.0,3.0,6.0,0.0,4.0,1.0,1.0,0.42,0.4242,0.77,0.2537,109.0
3.0,0.0,8.0,8.0,0.0,5.0,1.0,1.0,0.7,0.6515,0.65,0.2239,454.0
4.0,1.0,12.0,11.0,0.0,3.0,1.0,1.0,0.44,0.4394,0.44,0.2836,172.0
2.0,0.0,4.0,15.0,0.0,6.0,0.0,2.0,0.36,0.3788,0.87,0.0,201.0
3.0,1.0,7.0,1.0,0.0,0.0,0.0,2.0,0.68,0.6364,0.89,0.1343,168.0
4.0,0.0,11.0,4.0,0.0,1.0,1.0,3.0,0.44,0.4394,1.0,0.1343,5.0
3.0,1.0,9.0,3.0,0.0,3.0,1.0,2.0,0.52,0.5,0.63,0.2537,5.0
2.0,1.0,4.0,3.0,0.0,3.0,1.0,1.0,0.44,0.4394,0.58,0.0896,3.0
3.0,0.0,6.0,9.0,0.0,4.0,1.0,2.0,0.74,0.697,0.7,0.1343,227.0
2.0,0.0,4.0,19.0,0.0,4.0,1.0,1.0,0.54,0.5152,0.32,0.0,259.0
1.0,1.0,12.0,14.0,0.0,5.0,1.0,2.0,0.32,0.2879,0.39,0.4478,219.0
2.0,0.0,3.0,14.0,0.0,0.0,0.0,1.0,0.32,0.3182,0.36,0.1642,164.0
1.0,1.0,2.0,7.0,0.0,1.0,1.0,1.0,0.1,0.1061,0.54,0.194,195.0
1.0,0.0,1.0,4.0,0.0,4.0,1.0,1.0,0.26,0.2576,0.56,0.1642,1.0
1.0,0.0,3.0,12.0,0.0,3.0,1.0,2.0,0.32,0.303,0.76,0.2537,98.0
4.0,0.0,12.0,14.0,0.0,2.0,1.0,2.0,0.44,0.4394,0.58,0.1045,138.0
4.0,0.0,12.0,4.0,0.0,5.0,1.0,1.0,0.22,0.2727,0.8,0.0,3.0
3.0,1.0,7.0,18.0,0.0,2.0,1.0,2.0,0.86,0.7424,0.3,0.0,627.0
2.0,1.0,4.0,23.0,0.0,3.0,1.0,2.0,0.42,0.4242,0.77,0.0,70.0
4.0,0.0,9.0,22.0,0.0,1.0,1.0,1.0,0.62,0.5455,0.94,0.1343,136.0
4.0,0.0,12.0,10.0,0.0,4.0,1.0,2.0,0.4,0.4091,0.58,0.2985,109.0
4.0,0.0,11.0,3.0,0.0,2.0,1.0,2.0,0.36,0.3485,0.81,0.1343,6.0
3.0,1.0,8.0,8.0,0.0,4.0,1.0,1.0,0.72,0.697,0.74,0.1045,739.0
4.0,1.0,9.0,5.0,0.0,5.0,1.0,1.0,0.56,0.5303,0.88,0.0,38.0
4.0,1.0,11.0,9.0,1.0,1.0,0.0,1.0,0.44,0.4394,0.88,0.1045,397.0
2.0,1.0,3.0,4.0,0.0,5.0,1.0,1.0,0.34,0.3485,0.53,0.0896,2.0
4.0,0.0,10.0,14.0,0.0,2.0,1.0,1.0,0.56,0.5303,0.4,0.2537,200.0
4.0,1.0,11.0,17.0,0.0,2.0,1.0,1.0,0.32,0.303,0.53,0.2239,627.0
4.0,0.0,11.0,2.0,0.0,0.0,0.0,1.0,0.34,0.3636,0.81,0.0,31.0
3.0,1.0,8.0,10.0,0.0,2.0,1.0,1.0,0.74,0.6818,0.62,0.2537,204.0
4.0,0.0,12.0,13.0,0.0,5.0,1.0,1.0,0.38,0.3939,0.5,0.194,168.0
1.0,1.0,12.0,1.0,0.0,3.0,1.0,2.0,0.26,0.2273,0.65,0.2985,7.0
4.0,1.0,10.0,6.0,0.0,3.0,1.0,2.0,0.46,0.4545,0.88,0.0896,175.0
4.0,0.0,9.0,12.0,0.0,2.0,1.0,2.0,0.66,0.5909,0.89,0.1343,162.0
3.0,1.0,9.0,20.0,1.0,1.0,0.0,1.0,0.72,0.6818,0.76,0.1045,261.0
1.0,0.0,3.0,11.0,0.0,2.0,1.0,2.0,0.36,0.3485,0.25,0.1642,78.0
2.0,1.0,5.0,7.0,0.0,0.0,0.0,3.0,0.52,0.5,0.83,0.1642,36.0
2.0,0.0,4.0,4.0,0.0,2.0,1.0,1.0,0.56,0.5303,0.83,0.2537,6.0
4.0,1.0,11.0,5.0,0.0,3.0,1.0,1.0,0.28,0.2879,0.87,0.1045,29.0
1.0,1.0,1.0,3.0,0.0,6.0,0.0,1.0,0.32,0.3333,0.57,0.1045,20.0
1.0,1.0,1.0,5.0,0.0,6.0,0.0,3.0,0.16,0.1818,0.86,0.1045,2.0
1.0,0.0,12.0,14.0,0.0,2.0,1.0,3.0,0.42,0.4242,0.82,0.3881,14.0
1.0,0.0,1.0,21.0,0.0,6.0,0.0,1.0,0.18,0.2121,0.74,0.0896,36.0
2.0,1.0,5.0,8.0,0.0,4.0,1.0,1.0,0.62,0.5909,0.73,0.1343,692.0
1.0,1.0,2.0,10.0,0.0,6.0,0.0,1.0,0.26,0.2727,0.81,0.1045,205.0
1.0,0.0,2.0,13.0,0.0,5.0,1.0,1.0,0.24,0.2273,0.35,0.194,110.0
1.0,0.0,3.0,17.0,0.0,4.0,1.0,2.0,0.44,0.4394,0.0,0.3881,111.0
3.0,0.0,9.0,17.0,0.0,4.0,1.0,3.0,0.64,0.5606,0.94,0.2836,113.0
2.0,0.0,4.0,3.0,0.0,3.0,1.0,3.0,0.4,0.4091,0.94,0.3284,2.0
1.0,0.0,2.0,13.0,0.0,3.0,1.0,1.0,0.18,0.1667,0.4,0.2537,69.0
4.0,1.0,10.0,9.0,0.0,1.0,1.0,2.0,0.52,0.5,0.63,0.0,340.0
4.0,1.0,10.0,15.0,0.0,6.0,0.0,2.0,0.56,0.5303,0.6,0.2836,711.0
1.0,0.0,12.0,6.0,0.0,2.0,1.0,2.0,0.3,0.2727,0.61,0.2985,35.0
2.0,1.0,3.0,9.0,0.0,4.0,1.0,1.0,0.48,0.4697,0.48,0.4179,321.0
4.0,0.0,12.0,20.0,0.0,2.0,1.0,1.0,0.32,0.3182,0.49,0.1642,161.0
3.0,0.0,9.0,15.0,0.0,2.0,1.0,1.0,0.74,0.6667,0.51,0.2985,180.0
3.0,0.0,6.0,14.0,0.0,2.0,1.0,1.0,0.86,0.7879,0.44,0.2239,160.0
3.0,0.0,6.0,14.0,0.0,0.0,0.0,1.0,0.74,0.6515,0.4,0.1343,443.0
4.0,1.0,10.0,4.0,0.0,6.0,0.0,1.0,0.54,0.5152,0.83,0.2537,11.0
3.0,1.0,7.0,17.0,0.0,6.0,0.0,1.0,0.82,0.7576,0.46,0.194,479.0
4.0,0.0,10.0,21.0,0.0,6.0,0.0,1.0,0.52,0.5,0.77,0.0,187.0
4.0,1.0,9.0,2.0,0.0,4.0,1.0,1.0,0.6,0.5758,0.78,0.0896,16.0
4.0,1.0,10.0,5.0,0.0,3.0,1.0,2.0,0.62,0.5455,0.94,0.1045,34.0
3.0,0.0,9.0,16.0,0.0,5.0,1.0,2.0,0.52,0.5,0.48,0.1642,358.0
1.0,0.0,1.0,4.0,0.0,4.0,1.0,2.0,0.16,0.197,0.64,0.0896,1.0
2.0,0.0,4.0,21.0,0.0,4.0,1.0,2.0,0.44,0.4394,0.67,0.2836,108.0
2.0,0.0,5.0,12.0,0.0,1.0,1.0,1.0,0.6,0.6212,0.43,0.194,195.0
4.0,0.0,10.0,4.0,0.0,2.0,1.0,1.0,0.38,0.3939,0.87,0.1343,5.0
3.0,0.0,9.0,16.0,0.0,4.0,1.0,2.0,0.54,0.5152,0.77,0.4627,222.0
4.0,0.0,11.0,6.0,0.0,5.0,1.0,2.0,0.38,0.3939,0.87,0.0896,66.0
1.0,1.0,1.0,23.0,0.0,0.0,0.0,1.0,0.16,0.197,0.43,0.0896,29.0
2.0,0.0,4.0,2.0,0.0,5.0,1.0,3.0,0.26,0.2576,0.93,0.194,7.0
1.0,0.0,1.0,5.0,0.0,3.0,1.0,1.0,0.14,0.1515,0.86,0.1642,5.0
2.0,1.0,5.0,5.0,0.0,0.0,0.0,1.0,0.62,0.5758,0.83,0.194,7.0
3.0,0.0,8.0,11.0,0.0,3.0,1.0,1.0,0.72,0.6667,0.54,0.2985,185.0
4.0,1.0,11.0,4.0,0.0,2.0,1.0,2.0,0.34,0.3333,0.66,0.194,6.0
1.0,0.0,3.0,12.0,0.0,3.0,1.0,2.0,0.4,0.4091,0.71,0.1045,88.0
1.0,0.0,1.0,11.0,0.0,3.0,1.0,2.0,0.28,0.303,0.87,0.0896,52.0
2.0,1.0,6.0,19.0,0.0,6.0,0.0,1.0,0.64,0.6212,0.36,0.1642,554.0
2.0,0.0,6.0,17.0,0.0,4.0,1.0,2.0,0.64,0.5909,0.78,0.1045,272.0
1.0,0.0,2.0,20.0,0.0,0.0,0.0,1.0,0.4,0.4091,0.35,0.3284,47.0
1.0,0.0,1.0,11.0,0.0,4.0,1.0,2.0,0.2,0.1667,0.44,0.4478,37.0
1.0,1.0,2.0,1.0,0.0,4.0,1.0,2.0,0.24,0.2424,0.87,0.1343,12.0
2.0,1.0,4.0,13.0,0.0,2.0,1.0,1.0,0.52,0.5,0.23,0.1642,283.0
1.0,0.0,2.0,18.0,0.0,1.0,1.0,3.0,0.46,0.4545,0.94,0.194,131.0
1.0,0.0,1.0,20.0,0.0,2.0,1.0,3.0,0.16,0.1515,0.93,0.194,32.0
3.0,1.0,7.0,0.0,0.0,3.0,1.0,2.0,0.66,0.6061,0.83,0.1343,44.0
4.0,1.0,11.0,18.0,0.0,5.0,1.0,2.0,0.34,0.3636,0.61,0.0,509.0
2.0,1.0,4.0,12.0,0.0,2.0,1.0,1.0,0.54,0.5152,0.22,0.2836,259.0
3.0,0.0,8.0,1.0,0.0,1.0,1.0,1.0,0.6,0.5909,0.69,0.1045,20.0
4.0,1.0,9.0,18.0,0.0,5.0,1.0,2.0,0.64,0.6212,0.5,0.2239,667.0
2.0,0.0,5.0,0.0,0.0,3.0,1.0,2.0,0.52,0.5,0.55,0.1343,38.0
4.0,1.0,10.0,6.0,0.0,5.0,1.0,2.0,0.52,0.5,0.88,0.0896,144.0
3.0,1.0,9.0,18.0,0.0,2.0,1.0,2.0,0.6,0.5455,0.88,0.1642,281.0
3.0,1.0,8.0,10.0,0.0,1.0,1.0,1.0,0.72,0.697,0.74,0.1343,206.0
4.0,0.0,11.0,23.0,1.0,4.0,0.0,1.0,0.34,0.3485,0.76,0.1045,21.0
1.0,0.0,2.0,7.0,0.0,5.0,1.0,2.0,0.42,0.4242,0.77,0.2239,116.0
1.0,0.0,3.0,21.0,0.0,4.0,1.0,3.0,0.36,0.3485,0.0,0.2239,28.0
2.0,0.0,3.0,1.0,0.0,3.0,1.0,1.0,0.32,0.3485,0.39,0.0,10.0
3.0,0.0,8.0,12.0,0.0,6.0,0.0,1.0,0.74,0.6818,0.58,0.1343,409.0
4.0,1.0,11.0,9.0,0.0,4.0,1.0,3.0,0.36,0.3636,0.57,0.1045,331.0
2.0,0.0,5.0,1.0,0.0,3.0,1.0,2.0,0.5,0.4848,0.59,0.1045,20.0
1.0,1.0,1.0,15.0,0.0,3.0,1.0,1.0,0.3,0.2576,0.33,0.5224,130.0
4.0,1.0,10.0,0.0,0.0,4.0,1.0,1.0,0.46,0.4545,0.88,0.194,57.0
4.0,0.0,11.0,13.0,0.0,5.0,1.0,1.0,0.34,0.3182,0.31,0.2239,177.0
1.0,0.0,3.0,8.0,0.0,2.0,1.0,1.0,0.22,0.2273,0.55,0.194,257.0
4.0,0.0,10.0,7.0,0.0,1.0,1.0,2.0,0.36,0.3485,0.71,0.1343,249.0
2.0,0.0,4.0,12.0,0.0,3.0,1.0,1.0,0.44,0.4394,0.41,0.2537,134.0
4.0,0.0,10.0,3.0,0.0,4.0,1.0,2.0,0.54,0.5152,1.0,0.194,6.0
1.0,1.0,2.0,22.0,0.0,1.0,1.0,1.0,0.3,0.303,0.65,0.1343,87.0
1.0,1.0,12.0,13.0,0.0,6.0,0.0,1.0,0.32,0.2879,0.36,0.4478,158.0
2.0,0.0,4.0,7.0,0.0,2.0,1.0,2.0,0.52,0.5,0.55,0.0,188.0
2.0,1.0,4.0,23.0,0.0,1.0,1.0,2.0,0.52,0.5,0.55,0.2239,60.0
3.0,0.0,9.0,2.0,0.0,5.0,1.0,3.0,0.62,0.5909,0.73,0.1045,20.0
2.0,1.0,3.0,9.0,0.0,5.0,1.0,2.0,0.52,0.5,0.9,0.0896,380.0
2.0,0.0,3.0,0.0,0.0,3.0,1.0,3.0,0.36,0.3485,0.71,0.2239,11.0
3.0,0.0,7.0,9.0,0.0,2.0,1.0,1.0,0.78,0.7273,0.55,0.4925,176.0
2.0,0.0,5.0,14.0,0.0,1.0,1.0,1.0,0.68,0.6364,0.51,0.0,193.0
4.0,1.0,10.0,10.0,0.0,1.0,1.0,1.0,0.54,0.5152,0.56,0.0,179.0
1.0,1.0,1.0,12.0,0.0,6.0,0.0,1.0,0.22,0.2121,0.41,0.2537,219.0
2.0,0.0,6.0,1.0,0.0,3.0,1.0,1.0,0.54,0.5152,0.64,0.2836,14.0
3.0,0.0,9.0,19.0,0.0,3.0,1.0,2.0,0.7,0.6515,0.7,0.1045,381.0
1.0,0.0,3.0,4.0,0.0,0.0,0.0,1.0,0.34,0.3333,0.66,0.1642,13.0
3.0,0.0,9.0,6.0,0.0,1.0,1.0,1.0,0.56,0.5303,0.83,0.0,109.0
1.0,1.0,1.0,15.0,1.0,1.0,0.0,1.0,0.26,0.2121,0.44,0.4478,192.0
3.0,0.0,8.0,8.0,0.0,1.0,1.0,1.0,0.66,0.6212,0.61,0.3284,351.0
3.0,1.0,8.0,14.0,0.0,6.0,0.0,1.0,0.88,0.803,0.4,0.3881,472.0
1.0,1.0,1.0,13.0,0.0,6.0,0.0,1.0,0.22,0.2121,0.44,0.2836,220.0
2.0,1.0,4.0,18.0,0.0,3.0,1.0,3.0,0.4,0.4091,0.43,0.4179,585.0
2.0,0.0,4.0,22.0,0.0,3.0,1.0,2.0,0.62,0.5606,0.88,0.3284,129.0
1.0,0.0,2.0,19.0,0.0,5.0,1.0,2.0,0.24,0.2424,0.65,0.1343,103.0
4.0,1.0,12.0,10.0,0.0,1.0,1.0,2.0,0.44,0.4394,0.94,0.2239,133.0
4.0,0.0,12.0,10.0,0.0,4.0,1.0,1.0,0.32,0.303,0.53,0.2985,93.0
4.0,0.0,10.0,7.0,0.0,5.0,1.0,3.0,0.56,0.5303,0.88,0.194,147.0
1.0,1.0,2.0,14.0,0.0,4.0,1.0,1.0,0.32,0.303,0.39,0.2985,144.0
4.0,1.0,10.0,10.0,0.0,5.0,1.0,2.0,0.54,0.5152,0.88,0.1045,197.0
2.0,1.0,3.0,12.0,0.0,3.0,1.0,2.0,0.54,0.5152,0.77,0.0,229.0
4.0,1.0,11.0,1.0,0.0,6.0,0.0,1.0,0.34,0.2879,0.42,0.4925,20.0
2.0,0.0,4.0,20.0,0.0,3.0,1.0,1.0,0.64,0.5758,0.83,0.3284,218.0
3.0,0.0,9.0,16.0,0.0,0.0,0.0,1.0,0.72,0.6667,0.51,0.2985,483.0
2.0,1.0,5.0,4.0,0.0,3.0,1.0,3.0,0.56,0.5303,0.88,0.2239,5.0
4.0,1.0,12.0,3.0,0.0,1.0,1.0,2.0,0.36,0.3788,0.93,0.0,3.0
2.0,0.0,4.0,10.0,0.0,2.0,1.0,2.0,0.5,0.4848,0.72,0.2239,75.0
4.0,1.0,11.0,15.0,0.0,4.0,1.0,1.0,0.36,0.3333,0.43,0.2836,220.0
2.0,0.0,6.0,6.0,0.0,1.0,1.0,1.0,0.54,0.5152,0.64,0.4179,105.0
1.0,0.0,12.0,19.0,0.0,4.0,1.0,2.0,0.44,0.4394,0.62,0.0,142.0
4.0,1.0,10.0,22.0,0.0,0.0,0.0,1.0,0.38,0.3939,0.87,0.1343,79.0
2.0,1.0,5.0,12.0,0.0,2.0,1.0,2.0,0.62,0.5909,0.78,0.1045,254.0
4.0,1.0,11.0,10.0,0.0,1.0,1.0,1.0,0.32,0.303,0.49,0.2836,142.0
4.0,1.0,11.0,5.0,0.0,3.0,1.0,1.0,0.22,0.2273,0.69,0.194,39.0
3.0,1.0,8.0,23.0,0.0,3.0,1.0,1.0,0.7,0.6667,0.74,0.0,152.0
2.0,0.0,6.0,22.0,0.0,3.0,1.0,1.0,0.62,0.6212,0.5,0.1045,175.0
4.0,0.0,12.0,10.0,0.0,1.0,1.0,2.0,0.36,0.3636,0.87,0.0896,87.0
3.0,0.0,6.0,5.0,0.0,0.0,0.0,1.0,0.6,0.6061,0.64,0.0,12.0
1.0,1.0,3.0,9.0,0.0,0.0,0.0,2.0,0.42,0.4242,0.88,0.0896,178.0
3.0,1.0,8.0,9.0,0.0,1.0,1.0,1.0,0.66,0.6061,0.83,0.1045,342.0
4.0,0.0,12.0,1.0,0.0,6.0,0.0,1.0,0.26,0.2576,0.65,0.194,71.0
1.0,0.0,3.0,16.0,0.0,0.0,0.0,1.0,0.46,0.4545,0.41,0.3881,256.0
4.0,1.0,12.0,21.0,0.0,2.0,1.0,2.0,0.5,0.4848,0.63,0.2537,280.0
4.0,0.0,11.0,18.0,0.0,3.0,1.0,2.0,0.4,0.4091,0.58,0.5224,145.0
3.0,1.0,8.0,3.0,0.0,1.0,1.0,1.0,0.6,0.5455,0.88,0.1045,3.0
2.0,0.0,6.0,20.0,0.0,0.0,0.0,1.0,0.66,0.6212,0.69,0.194,279.0
1.0,1.0,2.0,23.0,0.0,2.0,1.0,1.0,0.32,0.3333,0.57,0.1343,51.0
3.0,0.0,6.0,20.0,0.0,2.0,1.0,1.0,0.74,0.6818,0.62,0.0,296.0
2.0,0.0,6.0,12.0,0.0,1.0,1.0,1.0,0.66,0.6212,0.41,0.2836,196.0
3.0,1.0,6.0,8.0,0.0,6.0,0.0,1.0,0.68,0.6364,0.69,0.2239,167.0
4.0,1.0,12.0,6.0,0.0,4.0,1.0,1.0,0.26,0.2424,0.56,0.2537,114.0
2.0,1.0,6.0,22.0,0.0,6.0,0.0,1.0,0.7,0.6515,0.58,0.1642,214.0
3.0,1.0,9.0,21.0,0.0,6.0,0.0,3.0,0.64,0.5758,0.89,0.0,104.0
2.0,0.0,5.0,15.0,0.0,2.0,1.0,2.0,0.7,0.6515,0.58,0.4478,154.0
2.0,1.0,5.0,19.0,0.0,3.0,1.0,3.0,0.5,0.4848,0.77,0.3582,98.0
4.0,0.0,11.0,19.0,0.0,5.0,1.0,1.0,0.42,0.4242,0.67,0.0,134.0
3.0,1.0,7.0,11.0,0.0,5.0,1.0,1.0,0.84,0.7273,0.32,0.0896,233.0
2.0,1.0,5.0,6.0,0.0,6.0,0.0,1.0,0.44,0.4394,0.72,0.0896,50.0
2.0,1.0,5.0,16.0,0.0,0.0,0.0,1.0,0.78,0.7121,0.52,0.2836,501.0
4.0,1.0,10.0,6.0,0.0,3.0,1.0,2.0,0.6,0.5152,0.94,0.1343,177.0
2.0,1.0,4.0,5.0,0.0,0.0,0.0,2.0,0.44,0.4394,0.77,0.2239,6.0
1.0,0.0,12.0,22.0,0.0,6.0,0.0,1.0,0.38,0.3939,0.62,0.1343,38.0
3.0,0.0,9.0,4.0,0.0,4.0,1.0,2.0,0.62,0.5455,0.94,0.0896,3.0
4.0,1.0,10.0,13.0,0.0,4.0,1.0,1.0,0.5,0.4848,0.31,0.1045,291.0
2.0,0.0,4.0,3.0,0.0,1.0,1.0,2.0,0.5,0.4848,1.0,0.1045,10.0
2.0,1.0,4.0,21.0,0.0,2.0,1.0,1.0,0.56,0.5303,0.26,0.2985,297.0
2.0,1.0,6.0,19.0,0.0,0.0,0.0,1.0,0.82,0.7121,0.28,0.2836,375.0
3.0,1.0,7.0,15.0,0.0,6.0,0.0,1.0,0.96,0.8485,0.26,0.0,306.0
2.0,0.0,5.0,23.0,0.0,5.0,1.0,1.0,0.52,0.5,0.72,0.1642,115.0
3.0,1.0,9.0,19.0,0.0,1.0,1.0,2.0,0.62,0.5909,0.73,0.1045,486.0
3.0,0.0,9.0,5.0,0.0,6.0,0.0,1.0,0.62,0.6061,0.69,0.194,12.0
2.0,1.0,5.0,0.0,0.0,4.0,1.0,1.0,0.6,0.5606,0.83,0.0896,56.0
1.0,1.0,3.0,4.0,0.0,4.0,1.0,1.0,0.44,0.4394,0.77,0.1045,14.0
3.0,0.0,9.0,18.0,0.0,6.0,0.0,1.0,0.72,0.6667,0.58,0.194,360.0
4.0,0.0,10.0,14.0,0.0,2.0,1.0,2.0,0.62,0.6212,0.41,0.1642,169.0
4.0,0.0,11.0,18.0,0.0,1.0,1.0,1.0,0.56,0.5303,0.56,0.2836,489.0
1.0,0.0,1.0,13.0,0.0,0.0,0.0,1.0,0.28,0.2879,0.61,0.1045,84.0
2.0,1.0,5.0,17.0,0.0,4.0,1.0,1.0,0.74,0.6818,0.55,0.2836,798.0
1.0,1.0,1.0,14.0,0.0,5.0,1.0,1.0,0.5,0.4848,0.55,0.5522,176.0
4.0,1.0,10.0,14.0,0.0,3.0,1.0,2.0,0.42,0.4242,0.5,0.2239,224.0
1.0,1.0,3.0,10.0,0.0,6.0,0.0,1.0,0.26,0.2273,0.35,0.4179,223.0
1.0,0.0,3.0,3.0,0.0,3.0,1.0,1.0,0.22,0.2121,0.69,0.2836,4.0
4.0,0.0,11.0,6.0,0.0,2.0,1.0,1.0,0.32,0.3182,0.81,0.194,93.0
1.0,1.0,2.0,4.0,0.0,1.0,1.0,1.0,0.12,0.1667,0.54,0.0896,2.0
3.0,0.0,9.0,2.0,0.0,1.0,1.0,2.0,0.52,0.5,0.72,0.1343,13.0
1.0,1.0,2.0,8.0,0.0,6.0,0.0,1.0,0.24,0.2879,0.87,0.0,90.0
3.0,0.0,7.0,12.0,0.0,4.0,1.0,1.0,0.88,0.8939,0.56,0.3284,135.0
1.0,0.0,3.0,23.0,0.0,3.0,1.0,1.0,0.26,0.2121,0.3,0.5224,22.0
3.0,0.0,9.0,14.0,1.0,1.0,0.0,1.0,0.74,0.697,0.7,0.1642,357.0
1.0,0.0,2.0,7.0,0.0,0.0,0.0,1.0,0.24,0.2424,0.87,0.1343,14.0
4.0,0.0,11.0,13.0,0.0,5.0,1.0,1.0,0.44,0.4394,0.51,0.4179,194.0
1.0,0.0,1.0,21.0,0.0,6.0,0.0,2.0,0.4,0.4091,0.87,0.194,34.0
3.0,1.0,9.0,8.0,0.0,1.0,1.0,1.0,0.54,0.5152,0.77,0.0896,683.0
4.0,0.0,11.0,11.0,0.0,4.0,1.0,1.0,0.44,0.4394,0.67,0.194,120.0
4.0,1.0,11.0,15.0,1.0,1.0,0.0,1.0,0.56,0.5303,0.64,0.2537,382.0
1.0,0.0,2.0,9.0,1.0,1.0,0.0,2.0,0.32,0.303,0.57,0.2836,57.0
3.0,1.0,8.0,19.0,0.0,2.0,1.0,3.0,0.62,0.5909,0.73,0.1045,476.0
4.0,1.0,10.0,4.0,0.0,0.0,0.0,1.0,0.36,0.3485,0.71,0.1642,21.0
4.0,1.0,11.0,16.0,0.0,3.0,1.0,1.0,0.44,0.4394,0.33,0.1343,469.0
2.0,0.0,4.0,17.0,0.0,1.0,1.0,1.0,0.74,0.6515,0.23,0.6119,366.0
3.0,0.0,8.0,15.0,0.0,0.0,0.0,1.0,0.78,0.697,0.43,0.3582,469.0
2.0,1.0,5.0,5.0,0.0,3.0,1.0,1.0,0.54,0.5152,0.94,0.1045,38.0
2.0,1.0,3.0,4.0,0.0,5.0,1.0,2.0,0.5,0.4848,0.94,0.1045,3.0
2.0,0.0,4.0,5.0,0.0,2.0,1.0,3.0,0.46,0.4545,0.94,0.2985,5.0
4.0,0.0,10.0,15.0,0.0,2.0,1.0,1.0,0.56,0.5303,0.37,0.1045,234.0
1.0,0.0,2.0,12.0,0.0,2.0,1.0,2.0,0.2,0.2576,0.86,0.0,55.0
4.0,0.0,11.0,0.0,0.0,5.0,1.0,1.0,0.34,0.3333,0.76,0.1642,29.0
4.0,1.0,11.0,17.0,0.0,0.0,0.0,1.0,0.36,0.3485,0.43,0.194,327.0
3.0,1.0,7.0,19.0,0.0,2.0,1.0,3.0,0.74,0.6818,0.62,0.3582,614.0
1.0,0.0,3.0,13.0,0.0,6.0,0.0,2.0,0.46,0.4545,0.67,0.2836,190.0
1.0,1.0,3.0,23.0,0.0,5.0,1.0,1.0,0.32,0.303,0.33,0.2985,86.0
2.0,1.0,5.0,0.0,0.0,4.0,1.0,2.0,0.48,0.4697,0.82,0.2239,90.0
4.0,0.0,11.0,3.0,0.0,3.0,1.0,2.0,0.46,0.4545,0.94,0.1045,5.0
2.0,0.0,3.0,7.0,0.0,5.0,1.0,1.0,0.2,0.1818,0.59,0.3582,104.0
1.0,1.0,1.0,7.0,0.0,2.0,1.0,3.0,0.3,0.2879,0.81,0.2239,126.0
2.0,1.0,4.0,14.0,0.0,3.0,1.0,2.0,0.62,0.6212,0.46,0.194,258.0
2.0,0.0,6.0,4.0,0.0,2.0,1.0,1.0,0.58,0.5455,0.83,0.1343,5.0
1.0,0.0,1.0,20.0,0.0,1.0,1.0,1.0,0.2,0.2273,0.47,0.1045,52.0
1.0,1.0,3.0,21.0,0.0,4.0,1.0,1.0,0.42,0.4242,0.47,0.4627,197.0
1.0,1.0,1.0,5.0,0.0,6.0,0.0,1.0,0.14,0.1515,0.5,0.1343,4.0
3.0,1.0,9.0,23.0,0.0,4.0,1.0,1.0,0.58,0.5455,0.73,0.1045,170.0
3.0,0.0,8.0,7.0,0.0,0.0,0.0,3.0,0.62,0.5758,0.83,0.3582,1.0
2.0,0.0,5.0,20.0,0.0,3.0,1.0,1.0,0.4,0.4091,0.62,0.3284,191.0
4.0,0.0,11.0,5.0,0.0,6.0,0.0,1.0,0.24,0.2273,0.56,0.2537,2.0
4.0,1.0,12.0,1.0,0.0,4.0,1.0,1.0,0.26,0.2424,0.48,0.2836,16.0
1.0,1.0,1.0,18.0,0.0,5.0,1.0,1.0,0.26,0.2273,0.38,0.2985,301.0
2.0,1.0,4.0,7.0,0.0,4.0,1.0,1.0,0.3,0.2727,0.65,0.3284,306.0
3.0,1.0,7.0,0.0,0.0,1.0,1.0,3.0,0.72,0.697,0.79,0.1045,43.0
2.0,0.0,3.0,17.0,0.0,4.0,1.0,2.0,0.3,0.2879,0.87,0.2537,168.0
1.0,1.0,12.0,3.0,0.0,6.0,0.0,1.0,0.26,0.2121,0.48,0.4478,7.0
4.0,0.0,10.0,16.0,0.0,2.0,1.0,2.0,0.6,0.5909,0.73,0.1642,320.0
2.0,0.0,5.0,17.0,0.0,5.0,1.0,1.0,0.74,0.6818,0.58,0.3881,491.0
2.0,1.0,5.0,0.0,0.0,4.0,1.0,1.0,0.64,0.6061,0.69,0.1343,61.0
1.0,1.0,3.0,20.0,0.0,6.0,0.0,1.0,0.44,0.4394,0.3,0.1343,149.0
3.0,1.0,8.0,15.0,0.0,4.0,1.0,1.0,0.8,0.697,0.33,0.2537,260.0
1.0,1.0,1.0,12.0,0.0,0.0,0.0,1.0,0.18,0.1667,0.4,0.2985,234.0
4.0,1.0,11.0,14.0,0.0,0.0,0.0,2.0,0.3,0.2879,0.42,0.2537,203.0
1.0,1.0,1.0,0.0,0.0,3.0,1.0,2.0,0.46,0.4545,0.77,0.3284,17.0
4.0,0.0,11.0,21.0,0.0,2.0,1.0,2.0,0.38,0.3939,0.87,0.2537,125.0
1.0,1.0,1.0,14.0,0.0,6.0,0.0,1.0,0.5,0.4848,0.42,0.2836,512.0
1.0,1.0,2.0,8.0,0.0,1.0,1.0,1.0,0.24,0.2424,0.6,0.0,528.0
1.0,1.0,3.0,1.0,0.0,0.0,0.0,2.0,0.38,0.3939,0.34,0.194,76.0
4.0,1.0,11.0,18.0,0.0,0.0,0.0,1.0,0.36,0.3485,0.43,0.2239,237.0
3.0,0.0,7.0,18.0,0.0,2.0,1.0,1.0,0.84,0.7424,0.39,0.3881,546.0
4.0,0.0,11.0,15.0,0.0,1.0,1.0,1.0,0.64,0.6212,0.44,0.3284,195.0
4.0,1.0,11.0,2.0,0.0,1.0,1.0,1.0,0.2,0.2576,0.69,0.0,5.0
2.0,0.0,6.0,0.0,0.0,1.0,1.0,1.0,0.62,0.5909,0.78,0.1343,29.0
2.0,1.0,6.0,23.0,0.0,4.0,1.0,1.0,0.56,0.5303,0.52,0.1343,177.0
2.0,1.0,6.0,23.0,0.0,1.0,1.0,2.0,0.7,0.6515,0.58,0.2239,80.0
3.0,0.0,7.0,5.0,0.0,0.0,0.0,1.0,0.66,0.6212,0.74,0.0,17.0
4.0,1.0,11.0,15.0,0.0,3.0,1.0,1.0,0.46,0.4545,0.36,0.0896,449.0
1.0,0.0,2.0,13.0,0.0,0.0,0.0,1.0,0.34,0.3333,0.29,0.0,198.0
3.0,0.0,8.0,4.0,0.0,3.0,1.0,1.0,0.56,0.5303,0.73,0.1045,7.0
2.0,1.0,5.0,18.0,0.0,2.0,1.0,1.0,0.7,0.6515,0.61,0.0896,733.0
2.0,1.0,5.0,14.0,0.0,2.0,1.0,3.0,0.62,0.6061,0.69,0.3284,71.0
2.0,0.0,4.0,6.0,0.0,6.0,0.0,2.0,0.3,0.2879,0.93,0.194,13.0
4.0,1.0,12.0,23.0,0.0,5.0,1.0,1.0,0.28,0.303,0.75,0.0896,134.0
3.0,0.0,7.0,16.0,0.0,6.0,0.0,1.0,0.9,0.7879,0.27,0.2239,302.0
1.0,0.0,1.0,14.0,0.0,3.0,1.0,1.0,0.4,0.4091,0.58,0.2537,75.0
2.0,0.0,4.0,19.0,0.0,5.0,1.0,3.0,0.32,0.303,0.93,0.2239,55.0
4.0,1.0,10.0,22.0,0.0,2.0,1.0,2.0,0.62,0.5455,0.94,0.1045,240.0
3.0,1.0,9.0,19.0,1.0,1.0,0.0,1.0,0.72,0.697,0.74,0.194,374.0
2.0,1.0,6.0,2.0,0.0,4.0,1.0,2.0,0.62,0.6212,0.53,0.2537,9.0
4.0,1.0,11.0,20.0,0.0,5.0,1.0,2.0,0.36,0.3333,0.46,0.4179,221.0
3.0,0.0,7.0,22.0,0.0,5.0,1.0,2.0,0.66,0.6061,0.78,0.194,169.0
2.0,0.0,6.0,7.0,0.0,3.0,1.0,2.0,0.7,0.6667,0.79,0.1642,284.0
4.0,0.0,12.0,16.0,0.0,2.0,1.0,1.0,0.38,0.3939,0.37,0.2537,207.0
1.0,1.0,1.0,17.0,1.0,1.0,0.0,1.0,0.26,0.2273,0.48,0.3284,193.0
1.0,1.0,1.0,5.0,0.0,0.0,0.0,1.0,0.2,0.2121,0.51,0.1343,7.0
2.0,1.0,6.0,12.0,0.0,2.0,1.0,3.0,0.66,0.6061,0.83,0.2537,95.0
1.0,1.0,1.0,8.0,0.0,2.0,1.0,1.0,0.26,0.2727,0.6,0.1045,512.0
1.0,0.0,2.0,11.0,0.0,6.0,0.0,1.0,0.3,0.2727,0.28,0.3284,114.0
3.0,0.0,7.0,1.0,0.0,5.0,1.0,1.0,0.8,0.7879,0.63,0.0,24.0
1.0,1.0,2.0,10.0,0.0,2.0,1.0,1.0,0.24,0.2273,0.7,0.194,85.0
1.0,0.0,3.0,19.0,0.0,5.0,1.0,1.0,0.32,0.303,0.61,0.2537,107.0
3.0,1.0,8.0,10.0,0.0,6.0,0.0,1.0,0.7,0.6515,0.54,0.1642,480.0
2.0,0.0,5.0,1.0,0.0,1.0,1.0,1.0,0.52,0.5,0.94,0.1343,14.0
4.0,0.0,12.0,20.0,0.0,1.0,1.0,2.0,0.46,0.4545,0.82,0.1045,205.0
2.0,0.0,5.0,19.0,0.0,2.0,1.0,1.0,0.68,0.6364,0.57,0.3582,365.0
1.0,1.0,2.0,2.0,0.0,2.0,1.0,1.0,0.4,0.4091,0.54,0.1045,3.0
4.0,1.0,9.0,11.0,0.0,4.0,1.0,2.0,0.72,0.6667,0.51,0.1642,294.0
2.0,1.0,6.0,8.0,0.0,0.0,0.0,1.0,0.64,0.6061,0.73,0.0896,181.0
3.0,0.0,9.0,14.0,0.0,5.0,1.0,2.0,0.54,0.5152,0.45,0.1642,225.0
4.0,1.0,12.0,1.0,0.0,1.0,1.0,2.0,0.36,0.3788,1.0,0.0,4.0
4.0,1.0,11.0,13.0,0.0,0.0,0.0,1.0,0.4,0.4091,0.43,0.2239,493.0
4.0,1.0,9.0,1.0,0.0,5.0,1.0,3.0,0.6,0.5455,0.88,0.0,13.0
4.0,1.0,11.0,3.0,0.0,5.0,1.0,1.0,0.24,0.2879,0.75,0.0,4.0
3.0,0.0,9.0,18.0,0.0,1.0,1.0,2.0,0.56,0.5303,0.68,0.1343,540.0
3.0,0.0,8.0,17.0,0.0,2.0,1.0,1.0,0.72,0.6515,0.42,0.194,611.0
4.0,1.0,11.0,19.0,0.0,5.0,1.0,2.0,0.38,0.3939,0.43,0.2985,374.0
2.0,0.0,4.0,20.0,0.0,5.0,1.0,1.0,0.32,0.3182,0.53,0.194,77.0
1.0,1.0,2.0,5.0,0.0,2.0,1.0,1.0,0.32,0.2879,0.42,0.3582,21.0
4.0,0.0,11.0,3.0,0.0,1.0,1.0,3.0,0.44,0.4394,1.0,0.1343,4.0
3.0,0.0,8.0,2.0,0.0,5.0,1.0,1.0,0.66,0.6212,0.69,0.0,19.0
4.0,0.0,12.0,2.0,0.0,4.0,1.0,1.0,0.28,0.2727,0.65,0.2239,4.0
2.0,0.0,4.0,16.0,0.0,5.0,1.0,2.0,0.32,0.303,0.93,0.2537,60.0
2.0,0.0,5.0,21.0,0.0,2.0,1.0,2.0,0.64,0.6212,0.61,0.4478,225.0
3.0,0.0,7.0,23.0,0.0,3.0,1.0,1.0,0.76,0.7424,0.75,0.2537,99.0
4.0,0.0,11.0,10.0,0.0,5.0,1.0,1.0,0.26,0.2424,0.41,0.2836,115.0
2.0,1.0,5.0,16.0,0.0,2.0,1.0,1.0,0.82,0.7727,0.49,0.4925,393.0
3.0,1.0,8.0,4.0,0.0,2.0,1.0,1.0,0.66,0.6061,0.83,0.1343,8.0
4.0,0.0,10.0,19.0,0.0,4.0,1.0,2.0,0.44,0.4394,0.67,0.4627,219.0
2.0,0.0,4.0,10.0,0.0,4.0,1.0,1.0,0.42,0.4242,0.44,0.3582,98.0
2.0,1.0,3.0,15.0,0.0,5.0,1.0,3.0,0.42,0.4242,0.54,0.0,280.0
1.0,1.0,12.0,15.0,0.0,6.0,0.0,1.0,0.32,0.2727,0.33,0.5821,153.0
4.0,0.0,9.0,15.0,0.0,4.0,1.0,1.0,0.68,0.6364,0.45,0.3881,227.0
1.0,0.0,3.0,15.0,0.0,6.0,0.0,1.0,0.42,0.4242,0.44,0.4925,182.0
4.0,1.0,11.0,17.0,0.0,2.0,1.0,2.0,0.3,0.2727,0.75,0.3881,527.0
3.0,0.0,9.0,4.0,0.0,3.0,1.0,3.0,0.56,0.5303,0.94,0.1642,4.0
3.0,0.0,7.0,19.0,0.0,6.0,0.0,1.0,0.74,0.6515,0.33,0.2239,256.0
2.0,1.0,4.0,4.0,0.0,3.0,1.0,1.0,0.42,0.4242,0.67,0.0896,1.0
3.0,0.0,8.0,2.0,0.0,5.0,1.0,3.0,0.64,0.5758,0.83,0.0,8.0
4.0,1.0,10.0,14.0,0.0,2.0,1.0,2.0,0.54,0.5152,0.64,0.194,244.0
1.0,0.0,1.0,7.0,0.0,2.0,1.0,1.0,0.16,0.1515,0.74,0.2239,108.0
1.0,0.0,2.0,15.0,0.0,4.0,1.0,1.0,0.6,0.6061,0.28,0.2537,106.0
3.0,0.0,8.0,13.0,0.0,4.0,1.0,1.0,0.7,0.6667,0.79,0.1045,37.0
4.0,0.0,10.0,10.0,0.0,2.0,1.0,2.0,0.6,0.5909,0.69,0.1343,149.0
1.0,0.0,2.0,17.0,0.0,3.0,1.0,1.0,0.46,0.4545,0.28,0.2836,255.0
3.0,1.0,9.0,19.0,0.0,5.0,1.0,1.0,0.64,0.6061,0.65,0.2537,588.0
4.0,0.0,11.0,13.0,0.0,2.0,1.0,3.0,0.42,0.4242,1.0,0.0896,26.0
1.0,1.0,2.0,19.0,0.0,3.0,1.0,3.0,0.24,0.2576,0.87,0.1045,161.0
3.0,1.0,7.0,3.0,0.0,1.0,1.0,1.0,0.68,0.6364,0.79,0.0896,6.0
1.0,0.0,2.0,21.0,0.0,4.0,1.0,2.0,0.34,0.303,0.87,0.3284,83.0
3.0,1.0,7.0,18.0,0.0,2.0,1.0,1.0,0.76,0.697,0.55,0.2836,857.0
1.0,1.0,3.0,11.0,0.0,5.0,1.0,2.0,0.44,0.4394,0.77,0.0,207.0
2.0,0.0,3.0,18.0,0.0,6.0,0.0,2.0,0.32,0.3182,0.21,0.1642,153.0
2.0,0.0,4.0,22.0,0.0,0.0,0.0,1.0,0.5,0.4848,0.39,0.1045,70.0
2.0,1.0,4.0,2.0,0.0,0.0,0.0,1.0,0.44,0.4394,0.24,0.2239,32.0
4.0,1.0,11.0,23.0,0.0,1.0,1.0,1.0,0.34,0.3485,0.66,0.1045,74.0
2.0,1.0,4.0,23.0,0.0,0.0,0.0,1.0,0.5,0.4848,0.39,0.2537,51.0
1.0,1.0,3.0,12.0,0.0,0.0,0.0,1.0,0.4,0.4091,0.37,0.2985,410.0
2.0,0.0,5.0,4.0,0.0,1.0,1.0,1.0,0.5,0.4848,1.0,0.1343,6.0
2.0,0.0,6.0,5.0,0.0,4.0,1.0,1.0,0.66,0.6212,0.39,0.2239,31.0
3.0,0.0,9.0,18.0,0.0,3.0,1.0,3.0,0.64,0.5758,0.89,0.0,237.0
2.0,0.0,5.0,16.0,0.0,4.0,1.0,2.0,0.64,0.6212,0.57,0.2537,288.0
2.0,0.0,5.0,19.0,0.0,0.0,0.0,2.0,0.46,0.4545,0.84,0.1045,178.0
2.0,0.0,6.0,9.0,0.0,1.0,1.0,1.0,0.62,0.6212,0.46,0.3582,224.0
2.0,1.0,5.0,5.0,0.0,4.0,1.0,2.0,0.46,0.4545,0.88,0.2537,21.0
1.0,0.0,1.0,19.0,0.0,6.0,0.0,1.0,0.08,0.1061,0.35,0.1343,59.0
4.0,0.0,12.0,18.0,0.0,3.0,1.0,3.0,0.4,0.4091,0.94,0.2985,51.0
4.0,0.0,12.0,4.0,0.0,4.0,1.0,2.0,0.32,0.303,0.7,0.2239,6.0
1.0,1.0,1.0,22.0,0.0,4.0,1.0,1.0,0.38,0.3939,0.82,0.1045,142.0
1.0,1.0,1.0,14.0,0.0,0.0,0.0,2.0,0.16,0.1667,0.8,0.1642,182.0
1.0,0.0,2.0,10.0,0.0,6.0,0.0,2.0,0.3,0.303,0.49,0.1343,85.0
3.0,0.0,6.0,20.0,0.0,0.0,0.0,2.0,0.7,0.6515,0.48,0.1045,213.0
1.0,1.0,2.0,4.0,0.0,1.0,1.0,1.0,0.22,0.2273,0.8,0.1343,1.0
2.0,1.0,3.0,9.0,0.0,2.0,1.0,1.0,0.24,0.2273,0.38,0.194,267.0
4.0,1.0,12.0,2.0,0.0,6.0,0.0,1.0,0.26,0.303,0.81,0.0,69.0
4.0,0.0,11.0,9.0,0.0,2.0,1.0,2.0,0.56,0.5303,0.64,0.0896,200.0
2.0,1.0,4.0,12.0,0.0,0.0,0.0,3.0,0.38,0.3939,0.87,0.3284,61.0
1.0,1.0,2.0,0.0,1.0,1.0,0.0,2.0,0.24,0.2576,0.87,0.0896,41.0
4.0,0.0,10.0,11.0,0.0,1.0,1.0,1.0,0.4,0.4091,0.5,0.1343,128.0
1.0,1.0,2.0,23.0,0.0,3.0,1.0,2.0,0.46,0.4545,0.41,0.2836,62.0
4.0,0.0,11.0,15.0,0.0,0.0,0.0,1.0,0.62,0.6212,0.43,0.2836,317.0
1.0,1.0,1.0,7.0,0.0,0.0,0.0,1.0,0.26,0.2576,0.93,0.1642,7.0
3.0,0.0,8.0,9.0,0.0,6.0,0.0,1.0,0.74,0.697,0.7,0.2239,215.0
1.0,0.0,2.0,11.0,0.0,1.0,1.0,1.0,0.52,0.5,0.23,0.2537,53.0
2.0,0.0,3.0,14.0,0.0,6.0,0.0,1.0,0.34,0.3182,0.29,0.2239,216.0
1.0,0.0,2.0,18.0,0.0,5.0,1.0,1.0,0.32,0.2879,0.49,0.4925,157.0
1.0,1.0,12.0,16.0,0.0,6.0,0.0,1.0,0.3,0.2424,0.75,0.1045,147.0
2.0,0.0,5.0,8.0,0.0,6.0,0.0,1.0,0.62,0.5909,0.78,0.194,102.0
4.0,0.0,9.0,17.0,0.0,3.0,1.0,1.0,0.7,0.6515,0.7,0.2239,591.0
1.0,0.0,2.0,7.0,0.0,0.0,0.0,1.0,0.24,0.2424,0.65,0.1642,8.0
1.0,1.0,3.0,13.0,0.0,3.0,1.0,1.0,0.5,0.4848,0.34,0.4179,205.0
2.0,0.0,6.0,16.0,0.0,5.0,1.0,1.0,0.72,0.6364,0.26,0.3284,349.0
3.0,0.0,9.0,8.0,0.0,4.0,1.0,2.0,0.6,0.5,1.0,0.1642,415.0
4.0,0.0,11.0,16.0,1.0,4.0,0.0,1.0,0.5,0.4848,0.34,0.2836,114.0
1.0,1.0,3.0,12.0,0.0,2.0,1.0,1.0,0.6,0.6061,0.6,0.2836,244.0
1.0,0.0,1.0,21.0,0.0,1.0,1.0,3.0,0.16,0.197,0.59,0.0896,56.0
4.0,1.0,12.0,23.0,0.0,4.0,1.0,3.0,0.4,0.4091,0.82,0.2985,13.0
1.0,1.0,3.0,0.0,0.0,6.0,0.0,1.0,0.3,0.2727,0.36,0.3582,77.0
1.0,0.0,1.0,1.0,0.0,3.0,1.0,2.0,0.16,0.1818,0.86,0.1045,6.0
3.0,1.0,9.0,16.0,0.0,6.0,0.0,2.0,0.84,0.7879,0.49,0.1642,462.0
1.0,1.0,2.0,22.0,0.0,5.0,1.0,2.0,0.32,0.3485,0.66,0.0,113.0
1.0,1.0,2.0,12.0,0.0,1.0,1.0,1.0,0.28,0.2576,0.28,0.3284,118.0
2.0,1.0,6.0,12.0,0.0,6.0,0.0,1.0,0.68,0.6364,0.41,0.1045,603.0
3.0,0.0,7.0,10.0,0.0,0.0,0.0,1.0,0.76,0.697,0.55,0.1343,268.0
4.0,0.0,12.0,20.0,0.0,6.0,0.0,1.0,0.24,0.2273,0.35,0.2239,124.0
1.0,0.0,3.0,13.0,0.0,0.0,0.0,1.0,0.38,0.3939,0.34,0.0,203.0
2.0,0.0,5.0,6.0,0.0,1.0,1.0,1.0,0.52,0.5,0.88,0.1642,104.0
2.0,0.0,6.0,1.0,0.0,6.0,0.0,1.0,0.54,0.5152,0.64,0.1045,94.0
2.0,0.0,5.0,2.0,0.0,4.0,1.0,1.0,0.44,0.4394,0.94,0.194,15.0
4.0,0.0,9.0,4.0,0.0,1.0,1.0,2.0,0.62,0.5455,0.94,0.0896,6.0
3.0,0.0,9.0,18.0,0.0,1.0,1.0,1.0,0.7,0.6515,0.54,0.194,571.0
2.0,1.0,6.0,2.0,0.0,3.0,1.0,1.0,0.62,0.5758,0.83,0.1343,4.0
2.0,1.0,3.0,2.0,0.0,4.0,1.0,1.0,0.6,0.6061,0.28,0.2985,6.0
2.0,1.0,6.0,10.0,0.0,0.0,0.0,1.0,0.76,0.6818,0.4,0.1045,413.0
1.0,0.0,3.0,18.0,0.0,0.0,0.0,1.0,0.4,0.4091,0.43,0.3582,147.0
3.0,1.0,9.0,5.0,0.0,0.0,0.0,1.0,0.5,0.4848,0.72,0.0,13.0
4.0,0.0,10.0,23.0,0.0,5.0,1.0,3.0,0.3,0.2727,0.81,0.3284,39.0
1.0,1.0,2.0,6.0,0.0,3.0,1.0,3.0,0.4,0.4091,0.54,0.1642,67.0
3.0,0.0,8.0,0.0,0.0,1.0,1.0,1.0,0.72,0.6818,0.7,0.2239,29.0
1.0,0.0,1.0,13.0,0.0,6.0,0.0,2.0,0.46,0.4545,0.72,0.2985,94.0
1.0,1.0,2.0,22.0,0.0,6.0,0.0,1.0,0.24,0.197,0.38,0.4627,82.0
1.0,0.0,2.0,7.0,0.0,2.0,1.0,1.0,0.2,0.1818,0.32,0.3582,105.0
2.0,0.0,5.0,17.0,1.0,1.0,0.0,1.0,0.86,0.7879,0.41,0.2239,304.0
2.0,1.0,6.0,17.0,0.0,1.0,1.0,2.0,0.6,0.5909,0.73,0.194,723.0
3.0,1.0,9.0,23.0,0.0,6.0,0.0,1.0,0.62,0.6212,0.5,0.194,171.0
1.0,0.0,1.0,19.0,0.0,2.0,1.0,2.0,0.26,0.2576,0.65,0.1642,146.0
1.0,0.0,2.0,23.0,0.0,0.0,0.0,2.0,0.36,0.3485,0.62,0.1642,59.0
4.0,1.0,12.0,18.0,0.0,0.0,0.0,3.0,0.36,0.3636,0.93,0.0896,198.0
2.0,0.0,4.0,0.0,0.0,5.0,1.0,3.0,0.26,0.2576,1.0,0.1642,6.0
3.0,0.0,7.0,22.0,0.0,2.0,1.0,1.0,0.76,0.7273,0.66,0.2239,155.0
1.0,1.0,2.0,11.0,0.0,6.0,0.0,1.0,0.3,0.2576,0.39,0.6119,210.0
4.0,1.0,9.0,6.0,0.0,6.0,0.0,1.0,0.5,0.4848,0.63,0.2537,37.0
1.0,1.0,12.0,16.0,0.0,5.0,1.0,2.0,0.3,0.2727,0.39,0.3284,281.0
4.0,1.0,9.0,16.0,0.0,1.0,1.0,1.0,0.58,0.5455,0.3,0.2537,516.0
4.0,0.0,10.0,0.0,0.0,6.0,0.0,1.0,0.5,0.4848,0.63,0.3881,130.0
2.0,0.0,6.0,1.0,0.0,1.0,1.0,1.0,0.6,0.5606,0.83,0.1343,14.0
3.0,1.0,6.0,4.0,0.0,6.0,0.0,2.0,0.64,0.5758,0.83,0.1642,19.0
1.0,0.0,2.0,16.0,1.0,1.0,0.0,3.0,0.28,0.2424,0.75,0.4179,56.0
4.0,0.0,11.0,19.0,0.0,0.0,0.0,1.0,0.38,0.3939,0.76,0.194,151.0
1.0,1.0,2.0,13.0,0.0,6.0,0.0,2.0,0.3,0.2879,0.7,0.194,302.0
3.0,1.0,7.0,9.0,0.0,0.0,0.0,2.0,0.72,0.697,0.79,0.0,221.0
3.0,1.0,9.0,18.0,0.0,5.0,1.0,1.0,0.72,0.6515,0.45,0.2239,808.0
1.0,1.0,1.0,14.0,0.0,0.0,0.0,1.0,0.44,0.4394,0.54,0.2985,267.0
2.0,1.0,4.0,23.0,0.0,3.0,1.0,1.0,0.34,0.303,0.57,0.2985,61.0
3.0,0.0,9.0,10.0,0.0,0.0,0.0,1.0,0.7,0.6667,0.74,0.1343,297.0
3.0,1.0,8.0,16.0,0.0,4.0,1.0,1.0,0.76,0.6818,0.48,0.1642,465.0
4.0,0.0,11.0,18.0,0.0,3.0,1.0,1.0,0.44,0.4394,0.67,0.1045,408.0
4.0,0.0,10.0,2.0,0.0,0.0,0.0,1.0,0.34,0.3485,0.87,0.0896,50.0
1.0,0.0,3.0,19.0,0.0,5.0,1.0,1.0,0.66,0.6212,0.44,0.1343,190.0
2.0,1.0,4.0,5.0,0.0,3.0,1.0,2.0,0.5,0.4848,0.39,0.2836,34.0
1.0,0.0,1.0,8.0,0.0,0.0,0.0,3.0,0.4,0.4091,0.71,0.2239,8.0
3.0,0.0,7.0,23.0,0.0,6.0,0.0,1.0,0.68,0.6364,0.61,0.2239,168.0
1.0,0.0,2.0,11.0,0.0,1.0,1.0,1.0,0.3,0.3182,0.65,0.0896,47.0
4.0,1.0,12.0,12.0,0.0,4.0,1.0,2.0,0.36,0.3485,0.53,0.1642,212.0
4.0,1.0,9.0,3.0,0.0,4.0,1.0,1.0,0.6,0.5758,0.78,0.0,7.0
4.0,0.0,10.0,1.0,0.0,4.0,1.0,1.0,0.56,0.5303,0.88,0.3582,15.0
4.0,1.0,11.0,16.0,0.0,1.0,1.0,1.0,0.44,0.4394,0.3,0.0,346.0
4.0,0.0,10.0,15.0,0.0,2.0,1.0,1.0,0.62,0.6212,0.5,0.194,205.0
1.0,1.0,1.0,4.0,0.0,2.0,1.0,2.0,0.3,0.3182,1.0,0.0896,2.0
1.0,1.0,2.0,19.0,0.0,3.0,1.0,2.0,0.4,0.4091,0.87,0.1045,102.0
1.0,1.0,3.0,22.0,0.0,1.0,1.0,2.0,0.56,0.5303,0.56,0.2239,133.0
1.0,0.0,3.0,22.0,0.0,3.0,1.0,1.0,0.3,0.2576,0.26,0.5522,48.0
3.0,1.0,7.0,5.0,0.0,3.0,1.0,1.0,0.64,0.5758,0.89,0.0,41.0
4.0,1.0,10.0,7.0,0.0,1.0,1.0,1.0,0.38,0.3939,0.66,0.0896,452.0
3.0,0.0,6.0,6.0,0.0,4.0,1.0,1.0,0.72,0.697,0.74,0.1642,100.0
4.0,0.0,12.0,21.0,0.0,3.0,1.0,2.0,0.34,0.3333,0.66,0.1642,154.0
2.0,1.0,4.0,1.0,0.0,6.0,0.0,1.0,0.4,0.4091,0.28,0.2537,69.0
1.0,1.0,1.0,17.0,0.0,1.0,1.0,3.0,0.22,0.2727,0.87,0.0,152.0
3.0,0.0,6.0,1.0,0.0,2.0,1.0,1.0,0.66,0.6212,0.74,0.0,13.0
2.0,1.0,5.0,11.0,0.0,4.0,1.0,1.0,0.54,0.5152,0.77,0.0,201.0
4.0,1.0,12.0,8.0,0.0,2.0,1.0,1.0,0.38,0.3939,0.94,0.0,662.0
2.0,1.0,3.0,5.0,0.0,2.0,1.0,1.0,0.22,0.2121,0.37,0.2836,17.0
1.0,1.0,1.0,22.0,0.0,4.0,1.0,1.0,0.26,0.2576,0.6,0.1642,71.0
1.0,1.0,2.0,18.0,0.0,4.0,1.0,3.0,0.34,0.3333,0.87,0.1343,353.0
2.0,0.0,5.0,0.0,0.0,3.0,1.0,2.0,0.54,0.5152,0.88,0.2239,23.0
1.0,1.0,2.0,12.0,0.0,3.0,1.0,1.0,0.4,0.4091,0.62,0.2836,207.0
1.0,1.0,3.0,9.0,0.0,2.0,1.0,2.0,0.54,0.5152,0.88,0.1642,325.0
2.0,0.0,5.0,14.0,0.0,3.0,1.0,1.0,0.74,0.6818,0.55,0.1642,168.0
4.0,0.0,12.0,23.0,0.0,1.0,1.0,2.0,0.46,0.4545,0.88,0.1343,62.0
3.0,1.0,6.0,11.0,0.0,4.0,1.0,1.0,0.8,0.697,0.31,0.194,211.0
2.0,0.0,3.0,7.0,0.0,0.0,0.0,3.0,0.16,0.1667,0.86,0.1642,7.0
4.0,1.0,10.0,0.0,0.0,5.0,1.0,1.0,0.56,0.5303,0.73,0.0,102.0
1.0,1.0,1.0,10.0,0.0,6.0,0.0,1.0,0.28,0.303,0.75,0.0896,203.0
2.0,0.0,6.0,18.0,0.0,2.0,1.0,1.0,0.62,0.6212,0.51,0.3284,538.0
4.0,1.0,10.0,2.0,0.0,5.0,1.0,2.0,0.52,0.5,0.88,0.1045,19.0
3.0,1.0,9.0,22.0,0.0,0.0,0.0,3.0,0.68,0.6364,0.83,0.1343,166.0
3.0,0.0,8.0,8.0,0.0,6.0,0.0,2.0,0.7,0.6667,0.84,0.2537,76.0
4.0,0.0,12.0,21.0,0.0,1.0,1.0,2.0,0.44,0.4394,0.88,0.0896,176.0
3.0,1.0,7.0,1.0,0.0,2.0,1.0,1.0,0.66,0.6061,0.83,0.1343,21.0
3.0,1.0,6.0,21.0,0.0,2.0,1.0,1.0,0.68,0.6364,0.34,0.194,328.0
3.0,0.0,9.0,4.0,0.0,5.0,1.0,1.0,0.4,0.4091,0.71,0.2836,4.0
4.0,0.0,10.0,7.0,0.0,6.0,0.0,1.0,0.42,0.4242,0.94,0.0896,73.0
2.0,0.0,6.0,4.0,0.0,5.0,1.0,1.0,0.52,0.5,0.48,0.3284,6.0
3.0,1.0,8.0,7.0,0.0,4.0,1.0,1.0,0.64,0.6061,0.73,0.0,532.0
4.0,1.0,10.0,0.0,0.0,4.0,1.0,1.0,0.44,0.4394,0.51,0.1343,42.0
3.0,1.0,7.0,13.0,0.0,0.0,0.0,1.0,0.94,0.8788,0.38,0.2537,337.0
2.0,1.0,4.0,19.0,0.0,3.0,1.0,1.0,0.6,0.5909,0.2,0.194,543.0
3.0,1.0,9.0,15.0,0.0,4.0,1.0,1.0,0.66,0.6212,0.47,0.194,291.0
3.0,0.0,9.0,23.0,0.0,5.0,1.0,2.0,0.64,0.6061,0.73,0.1642,98.0
4.0,1.0,9.0,3.0,0.0,2.0,1.0,1.0,0.42,0.4242,0.71,0.0896,5.0
4.0,0.0,11.0,15.0,0.0,6.0,0.0,1.0,0.52,0.5,0.29,0.2836,386.0
4.0,1.0,11.0,12.0,0.0,0.0,0.0,1.0,0.38,0.3939,0.46,0.2239,504.0
2.0,0.0,4.0,15.0,0.0,6.0,0.0,1.0,0.56,0.5303,0.37,0.1343,499.0
3.0,0.0,9.0,1.0,0.0,2.0,1.0,2.0,0.54,0.5152,0.88,0.1642,14.0
2.0,1.0,6.0,21.0,0.0,4.0,1.0,1.0,0.64,0.6061,0.65,0.1642,337.0
4.0,1.0,12.0,6.0,0.0,5.0,1.0,1.0,0.16,0.1818,0.8,0.1045,113.0
3.0,1.0,8.0,15.0,0.0,6.0,0.0,1.0,0.88,0.8182,0.42,0.4179,489.0
4.0,0.0,11.0,8.0,0.0,6.0,0.0,1.0,0.28,0.2576,0.56,0.3284,84.0
2.0,0.0,4.0,0.0,0.0,1.0,1.0,3.0,0.52,0.5,1.0,0.0,12.0
2.0,1.0,4.0,21.0,0.0,3.0,1.0,1.0,0.6,0.6061,0.23,0.3284,298.0
4.0,0.0,11.0,16.0,0.0,4.0,1.0,1.0,0.52,0.5,0.48,0.194,267.0
4.0,1.0,10.0,7.0,0.0,2.0,1.0,2.0,0.44,0.4394,0.77,0.1045,531.0
1.0,1.0,3.0,7.0,0.0,3.0,1.0,1.0,0.44,0.4394,0.82,0.1045,368.0
4.0,0.0,11.0,15.0,0.0,5.0,1.0,1.0,0.52,0.5,0.36,0.194,310.0
3.0,0.0,8.0,22.0,0.0,4.0,1.0,1.0,0.62,0.5758,0.83,0.0,147.0
4.0,1.0,10.0,7.0,0.0,0.0,0.0,1.0,0.4,0.4091,0.62,0.0,56.0
3.0,1.0,6.0,17.0,0.0,6.0,0.0,1.0,0.88,0.7727,0.32,0.1343,362.0
4.0,1.0,10.0,11.0,0.0,1.0,1.0,2.0,0.6,0.5909,0.73,0.3881,263.0
4.0,0.0,9.0,5.0,0.0,0.0,0.0,1.0,0.6,0.5455,0.88,0.0896,3.0
1.0,1.0,3.0,8.0,0.0,1.0,1.0,1.0,0.2,0.2273,0.59,0.1045,428.0
4.0,1.0,11.0,23.0,1.0,4.0,0.0,1.0,0.3,0.3333,0.7,0.0,36.0
3.0,1.0,8.0,3.0,0.0,3.0,1.0,1.0,0.7,0.6667,0.84,0.0,7.0
4.0,1.0,10.0,15.0,0.0,5.0,1.0,2.0,0.62,0.6061,0.61,0.1045,448.0
2.0,1.0,5.0,8.0,0.0,4.0,1.0,3.0,0.46,0.4545,0.88,0.194,627.0
1.0,0.0,1.0,14.0,0.0,4.0,1.0,2.0,0.3,0.303,0.45,0.1343,81.0
1.0,0.0,3.0,4.0,0.0,0.0,0.0,1.0,0.26,0.2576,0.56,0.2239,3.0
4.0,1.0,10.0,15.0,0.0,6.0,0.0,1.0,0.6,0.6212,0.46,0.4179,620.0
2.0,1.0,5.0,5.0,0.0,3.0,1.0,2.0,0.62,0.5909,0.78,0.1343,41.0
2.0,1.0,6.0,9.0,0.0,0.0,0.0,1.0,0.7,0.6515,0.58,0.0,266.0
3.0,1.0,8.0,23.0,0.0,0.0,0.0,2.0,0.62,0.5909,0.73,0.0,46.0
2.0,1.0,5.0,2.0,0.0,4.0,1.0,1.0,0.6,0.5758,0.78,0.1642,16.0
1.0,0.0,1.0,9.0,0.0,3.0,1.0,2.0,0.24,0.2576,0.93,0.1045,109.0
2.0,1.0,6.0,12.0,0.0,0.0,0.0,1.0,0.66,0.6212,0.39,0.2985,684.0
4.0,1.0,10.0,9.0,0.0,6.0,0.0,1.0,0.36,0.3636,0.5,0.0896,266.0
3.0,0.0,8.0,4.0,0.0,0.0,0.0,3.0,0.64,0.5606,0.94,0.194,3.0
1.0,0.0,2.0,9.0,0.0,3.0,1.0,1.0,0.18,0.2121,0.51,0.0896,139.0
1.0,0.0,1.0,22.0,0.0,4.0,1.0,2.0,0.22,0.2121,0.51,0.2836,52.0
3.0,0.0,9.0,2.0,0.0,2.0,1.0,2.0,0.54,0.5152,0.88,0.1642,5.0
3.0,1.0,7.0,8.0,0.0,6.0,0.0,2.0,0.58,0.5455,0.83,0.2537,112.0
4.0,0.0,11.0,0.0,0.0,1.0,1.0,1.0,0.34,0.3636,0.87,0.0,15.0
1.0,0.0,12.0,1.0,0.0,4.0,1.0,1.0,0.44,0.4394,0.94,0.0896,15.0
3.0,0.0,9.0,8.0,0.0,4.0,1.0,3.0,0.62,0.5455,0.94,0.1343,195.0
3.0,0.0,6.0,0.0,0.0,0.0,0.0,1.0,0.64,0.6212,0.53,0.0,115.0
2.0,0.0,5.0,17.0,0.0,0.0,0.0,3.0,0.58,0.5455,0.49,0.2836,351.0
4.0,0.0,10.0,12.0,0.0,5.0,1.0,1.0,0.5,0.4848,0.45,0.2985,240.0
2.0,0.0,5.0,13.0,0.0,2.0,1.0,2.0,0.56,0.5303,0.88,0.3284,172.0
3.0,1.0,9.0,22.0,0.0,2.0,1.0,1.0,0.56,0.5303,0.64,0.1045,216.0
2.0,1.0,3.0,16.0,0.0,4.0,1.0,1.0,0.52,0.5,0.36,0.3284,388.0
2.0,0.0,6.0,20.0,0.0,6.0,0.0,2.0,0.7,0.6515,0.48,0.0896,239.0
2.0,1.0,5.0,23.0,0.0,4.0,1.0,1.0,0.6,0.5606,0.83,0.0,121.0
2.0,0.0,4.0,18.0,0.0,4.0,1.0,1.0,0.64,0.6212,0.47,0.3582,530.0
4.0,1.0,12.0,1.0,0.0,2.0,1.0,1.0,0.42,0.4242,0.82,0.1045,25.0
3.0,0.0,9.0,9.0,0.0,0.0,0.0,1.0,0.48,0.4697,0.67,0.2537,140.0
4.0,0.0,10.0,16.0,0.0,6.0,0.0,2.0,0.4,0.4091,0.76,0.2985,223.0
1.0,0.0,3.0,19.0,0.0,1.0,1.0,1.0,0.3,0.2879,0.33,0.2239,145.0
4.0,1.0,9.0,7.0,0.0,2.0,1.0,1.0,0.44,0.4394,0.77,0.194,556.0
3.0,1.0,6.0,16.0,0.0,5.0,1.0,1.0,0.9,0.803,0.31,0.2239,380.0
2.0,1.0,4.0,11.0,0.0,5.0,1.0,1.0,0.46,0.4545,0.36,0.1343,233.0
4.0,0.0,12.0,20.0,0.0,3.0,1.0,2.0,0.34,0.3485,0.66,0.1045,175.0
2.0,0.0,6.0,8.0,0.0,5.0,1.0,2.0,0.6,0.5606,0.83,0.0,454.0
3.0,1.0,8.0,13.0,0.0,2.0,1.0,2.0,0.8,0.7424,0.52,0.194,253.0
2.0,0.0,3.0,7.0,0.0,6.0,0.0,1.0,0.2,0.197,0.51,0.194,41.0
4.0,0.0,12.0,15.0,0.0,4.0,1.0,3.0,0.52,0.5,0.55,0.2239,82.0
4.0,1.0,11.0,5.0,0.0,1.0,1.0,1.0,0.22,0.2273,0.69,0.1642,41.0
2.0,1.0,6.0,8.0,0.0,3.0,1.0,1.0,0.54,0.5152,0.68,0.0,668.0
4.0,0.0,11.0,1.0,0.0,1.0,1.0,1.0,0.46,0.4545,0.63,0.2985,11.0
4.0,1.0,12.0,2.0,0.0,2.0,1.0,1.0,0.42,0.4242,0.88,0.0896,8.0
2.0,1.0,5.0,20.0,0.0,1.0,1.0,1.0,0.54,0.5152,0.52,0.2836,323.0
4.0,1.0,10.0,23.0,0.0,4.0,1.0,2.0,0.54,0.5152,0.83,0.1343,135.0
1.0,0.0,2.0,23.0,1.0,1.0,0.0,3.0,0.2,0.1667,0.75,0.4179,2.0
2.0,1.0,6.0,22.0,0.0,1.0,1.0,1.0,0.56,0.5303,0.52,0.2836,168.0
3.0,0.0,8.0,15.0,0.0,3.0,1.0,1.0,0.74,0.6515,0.4,0.1343,172.0
4.0,1.0,10.0,15.0,0.0,5.0,1.0,1.0,0.52,0.5,0.42,0.4478,455.0
3.0,1.0,8.0,7.0,0.0,2.0,1.0,2.0,0.7,0.6667,0.74,0.1343,502.0
3.0,1.0,7.0,10.0,0.0,3.0,1.0,2.0,0.72,0.6818,0.62,0.1343,195.0
4.0,1.0,11.0,22.0,0.0,1.0,1.0,1.0,0.32,0.3485,0.61,0.0,104.0
2.0,0.0,4.0,1.0,0.0,6.0,0.0,1.0,0.26,0.2727,0.65,0.1343,32.0
2.0,1.0,5.0,9.0,0.0,2.0,1.0,2.0,0.58,0.5455,0.88,0.0896,355.0
2.0,0.0,3.0,2.0,0.0,0.0,0.0,3.0,0.22,0.2273,0.55,0.194,21.0
3.0,1.0,7.0,6.0,0.0,3.0,1.0,1.0,0.72,0.6818,0.7,0.1642,162.0
4.0,0.0,12.0,4.0,0.0,5.0,1.0,2.0,0.5,0.4848,0.59,0.194,5.0
1.0,0.0,12.0,3.0,0.0,0.0,0.0,1.0,0.22,0.2727,0.72,0.0,4.0
3.0,0.0,8.0,6.0,0.0,3.0,1.0,1.0,0.54,0.5152,0.77,0.0,111.0
2.0,0.0,4.0,7.0,0.0,4.0,1.0,2.0,0.34,0.3333,0.76,0.1642,160.0
4.0,1.0,10.0,10.0,0.0,1.0,1.0,2.0,0.6,0.5909,0.73,0.3881,168.0
1.0,0.0,3.0,6.0,0.0,3.0,1.0,1.0,0.22,0.2121,0.55,0.2537,40.0
3.0,1.0,8.0,4.0,0.0,5.0,1.0,2.0,0.64,0.6061,0.73,0.0,8.0
2.0,1.0,6.0,2.0,0.0,0.0,0.0,1.0,0.52,0.5,0.59,0.1045,89.0
4.0,0.0,12.0,14.0,0.0,5.0,1.0,2.0,0.34,0.3182,0.42,0.2239,128.0
3.0,0.0,6.0,8.0,0.0,0.0,0.0,1.0,0.64,0.6212,0.61,0.194,107.0
3.0,1.0,8.0,2.0,0.0,0.0,0.0,2.0,0.64,0.5758,0.89,0.2239,116.0
1.0,0.0,2.0,16.0,0.0,1.0,1.0,2.0,0.36,0.3485,0.57,0.1343,114.0
2.0,0.0,5.0,2.0,0.0,6.0,0.0,1.0,0.52,0.5,0.72,0.1045,40.0
1.0,0.0,3.0,10.0,0.0,5.0,1.0,1.0,0.52,0.5,0.53,0.2836,117.0
4.0,0.0,11.0,12.0,0.0,4.0,1.0,2.0,0.34,0.303,0.53,0.2985,121.0
3.0,1.0,9.0,16.0,0.0,6.0,0.0,1.0,0.74,0.6667,0.51,0.3284,680.0
1.0,0.0,2.0,19.0,0.0,5.0,1.0,1.0,0.26,0.303,0.33,0.0,101.0
2.0,0.0,4.0,22.0,0.0,0.0,0.0,1.0,0.4,0.4091,0.43,0.1045,36.0
3.0,0.0,7.0,21.0,0.0,2.0,1.0,1.0,0.74,0.7121,0.74,0.1343,241.0
4.0,1.0,12.0,2.0,0.0,0.0,0.0,2.0,0.34,0.3485,0.87,0.0896,87.0
3.0,1.0,9.0,21.0,0.0,5.0,1.0,1.0,0.64,0.6061,0.73,0.2239,312.0
3.0,0.0,6.0,11.0,0.0,3.0,1.0,1.0,0.74,0.697,0.7,0.1642,145.0
1.0,0.0,2.0,2.0,0.0,1.0,1.0,1.0,0.36,0.3333,0.4,0.2985,2.0
3.0,1.0,8.0,6.0,0.0,1.0,1.0,1.0,0.62,0.5909,0.73,0.0896,159.0
2.0,0.0,4.0,2.0,0.0,4.0,1.0,1.0,0.42,0.4242,0.54,0.0,7.0
3.0,0.0,8.0,4.0,0.0,1.0,1.0,1.0,0.66,0.5909,0.89,0.1045,10.0
2.0,0.0,4.0,18.0,0.0,3.0,1.0,1.0,0.52,0.5,0.29,0.3582,325.0
3.0,1.0,9.0,11.0,0.0,4.0,1.0,1.0,0.66,0.6212,0.5,0.1642,254.0
3.0,1.0,7.0,16.0,0.0,0.0,0.0,1.0,0.92,0.8333,0.33,0.2985,313.0
2.0,0.0,6.0,0.0,0.0,0.0,0.0,1.0,0.66,0.6061,0.78,0.2239,119.0
3.0,0.0,8.0,12.0,0.0,0.0,0.0,2.0,0.7,0.6667,0.79,0.2239,281.0
4.0,1.0,11.0,14.0,0.0,5.0,1.0,2.0,0.4,0.4091,0.4,0.4925,262.0
2.0,0.0,6.0,12.0,0.0,6.0,0.0,1.0,0.8,0.7576,0.55,0.2239,347.0
4.0,1.0,10.0,12.0,0.0,6.0,0.0,1.0,0.6,0.6212,0.53,0.2537,668.0
2.0,1.0,4.0,16.0,0.0,5.0,1.0,1.0,0.56,0.5303,0.26,0.2537,463.0
1.0,1.0,12.0,18.0,0.0,1.0,1.0,2.0,0.26,0.2727,0.48,0.1343,122.0
3.0,0.0,9.0,17.0,0.0,6.0,0.0,1.0,0.72,0.6818,0.7,0.2239,371.0
4.0,1.0,11.0,0.0,0.0,0.0,0.0,1.0,0.34,0.3485,0.81,0.0896,124.0
4.0,0.0,11.0,14.0,0.0,2.0,1.0,1.0,0.56,0.5303,0.46,0.1045,161.0
4.0,0.0,11.0,6.0,0.0,6.0,0.0,1.0,0.22,0.2273,0.75,0.1642,7.0
2.0,1.0,4.0,3.0,0.0,0.0,0.0,2.0,0.36,0.3485,0.87,0.194,16.0
1.0,0.0,1.0,20.0,0.0,0.0,0.0,2.0,0.26,0.2727,0.65,0.1045,33.0
1.0,1.0,2.0,8.0,0.0,2.0,1.0,1.0,0.26,0.2424,0.48,0.2836,559.0
4.0,1.0,11.0,4.0,0.0,4.0,1.0,2.0,0.34,0.3485,0.66,0.1045,10.0
3.0,0.0,8.0,15.0,0.0,2.0,1.0,1.0,0.8,0.7121,0.41,0.2985,159.0
3.0,0.0,8.0,13.0,0.0,2.0,1.0,1.0,0.76,0.6818,0.48,0.2985,192.0
1.0,1.0,3.0,15.0,0.0,2.0,1.0,2.0,0.62,0.6061,0.69,0.1045,244.0
2.0,0.0,4.0,20.0,0.0,4.0,1.0,1.0,0.5,0.4848,0.51,0.194,169.0
1.0,0.0,2.0,23.0,0.0,2.0,1.0,1.0,0.12,0.1061,0.33,0.3284,12.0
2.0,1.0,4.0,23.0,0.0,3.0,1.0,2.0,0.5,0.4848,0.51,0.0896,104.0
2.0,1.0,4.0,17.0,0.0,3.0,1.0,1.0,0.66,0.6212,0.41,0.2985,744.0
4.0,0.0,9.0,18.0,0.0,6.0,0.0,1.0,0.64,0.5909,0.78,0.1045,400.0
3.0,1.0,8.0,4.0,0.0,3.0,1.0,1.0,0.7,0.6667,0.84,0.0,7.0
3.0,0.0,8.0,18.0,0.0,3.0,1.0,1.0,0.74,0.6818,0.55,0.2985,621.0
3.0,1.0,7.0,0.0,0.0,2.0,1.0,1.0,0.68,0.6364,0.79,0.1343,38.0
3.0,0.0,9.0,20.0,0.0,5.0,1.0,2.0,0.5,0.4848,0.55,0.0,225.0
1.0,0.0,3.0,19.0,0.0,6.0,0.0,1.0,0.42,0.4242,0.54,0.0896,112.0
4.0,0.0,11.0,17.0,0.0,4.0,1.0,1.0,0.32,0.2879,0.42,0.3881,399.0
1.0,0.0,3.0,4.0,0.0,3.0,1.0,2.0,0.3,0.303,0.93,0.1642,1.0
2.0,0.0,6.0,23.0,0.0,1.0,1.0,1.0,0.64,0.6061,0.69,0.0896,60.0
1.0,1.0,1.0,22.0,0.0,0.0,0.0,1.0,0.32,0.2879,0.26,0.3881,64.0
3.0,1.0,7.0,8.0,0.0,5.0,1.0,2.0,0.68,0.6364,0.83,0.1642,691.0
1.0,0.0,3.0,1.0,0.0,6.0,0.0,1.0,0.24,0.2273,0.65,0.194,18.0
4.0,1.0,10.0,8.0,0.0,3.0,1.0,2.0,0.52,0.5,0.83,0.1045,801.0
3.0,1.0,7.0,16.0,0.0,2.0,1.0,2.0,0.9,0.7727,0.24,0.194,527.0
3.0,1.0,8.0,4.0,0.0,1.0,1.0,2.0,0.6,0.5606,0.83,0.0896,7.0
3.0,0.0,8.0,20.0,0.0,6.0,0.0,1.0,0.74,0.6818,0.62,0.2239,248.0
1.0,1.0,3.0,18.0,0.0,4.0,1.0,2.0,0.62,0.6212,0.38,0.5522,590.0
3.0,0.0,7.0,22.0,0.0,0.0,0.0,1.0,0.72,0.6818,0.66,0.2239,181.0
2.0,0.0,4.0,19.0,0.0,2.0,1.0,2.0,0.5,0.4848,0.72,0.194,276.0
2.0,1.0,5.0,7.0,0.0,4.0,1.0,3.0,0.44,0.4394,0.94,0.1045,384.0
3.0,0.0,8.0,20.0,0.0,0.0,0.0,1.0,0.7,0.6667,0.79,0.2537,181.0
4.0,1.0,10.0,1.0,0.0,5.0,1.0,3.0,0.54,0.5152,0.88,0.0,16.0
4.0,0.0,10.0,13.0,0.0,6.0,0.0,3.0,0.24,0.197,0.87,0.5224,30.0
2.0,1.0,5.0,4.0,0.0,5.0,1.0,1.0,0.46,0.4545,0.77,0.1642,11.0
1.0,1.0,2.0,0.0,0.0,1.0,1.0,1.0,0.24,0.2424,0.65,0.1343,21.0
2.0,0.0,4.0,21.0,0.0,2.0,1.0,1.0,0.62,0.5909,0.78,0.2836,195.0
4.0,1.0,12.0,1.0,0.0,4.0,1.0,2.0,0.28,0.2576,0.52,0.2836,23.0
2.0,1.0,6.0,20.0,0.0,6.0,0.0,2.0,0.66,0.6212,0.47,0.194,352.0
4.0,0.0,10.0,23.0,0.0,2.0,1.0,2.0,0.52,0.5,0.77,0.194,70.0
1.0,1.0,2.0,7.0,0.0,2.0,1.0,1.0,0.32,0.3485,0.45,0.0,299.0
2.0,0.0,5.0,2.0,0.0,4.0,1.0,1.0,0.5,0.4848,0.94,0.0,15.0
2.0,1.0,5.0,8.0,0.0,1.0,1.0,2.0,0.5,0.4848,0.82,0.194,639.0
4.0,0.0,11.0,20.0,0.0,3.0,1.0,1.0,0.44,0.4394,0.77,0.0,219.0
2.0,1.0,4.0,5.0,1.0,1.0,0.0,1.0,0.54,0.5152,0.77,0.2239,38.0
2.0,1.0,5.0,19.0,0.0,3.0,1.0,1.0,0.54,0.5152,0.77,0.2537,504.0
2.0,1.0,4.0,15.0,0.0,0.0,0.0,1.0,0.62,0.6061,0.17,0.3582,486.0
4.0,1.0,11.0,2.0,0.0,5.0,1.0,1.0,0.24,0.2879,0.75,0.0,12.0
1.0,0.0,2.0,22.0,0.0,1.0,1.0,1.0,0.34,0.2879,0.46,0.6567,45.0
4.0,0.0,12.0,19.0,0.0,2.0,1.0,3.0,0.46,0.4545,1.0,0.2985,233.0
4.0,0.0,10.0,2.0,0.0,0.0,0.0,1.0,0.22,0.2121,0.87,0.2836,50.0
1.0,0.0,1.0,15.0,1.0,1.0,0.0,2.0,0.2,0.2121,0.47,0.1642,93.0
2.0,0.0,4.0,21.0,0.0,5.0,1.0,3.0,0.3,0.303,0.93,0.1642,28.0
2.0,1.0,5.0,15.0,0.0,2.0,1.0,1.0,0.7,0.6515,0.61,0.0896,245.0
3.0,1.0,7.0,18.0,0.0,1.0,1.0,1.0,0.84,0.7273,0.32,0.1642,730.0
2.0,1.0,6.0,0.0,0.0,1.0,1.0,1.0,0.56,0.5303,0.73,0.2537,40.0
1.0,0.0,2.0,2.0,0.0,6.0,0.0,1.0,0.44,0.4394,0.13,0.3881,17.0
2.0,0.0,3.0,13.0,0.0,2.0,1.0,1.0,0.5,0.4848,0.45,0.2239,106.0
2.0,0.0,4.0,16.0,0.0,4.0,1.0,1.0,0.6,0.6212,0.35,0.0,213.0
1.0,1.0,1.0,18.0,0.0,0.0,0.0,1.0,0.34,0.3182,0.46,0.2239,181.0
2.0,0.0,4.0,14.0,0.0,2.0,1.0,2.0,0.54,0.5152,0.64,0.194,107.0
2.0,1.0,6.0,15.0,0.0,3.0,1.0,1.0,0.72,0.6515,0.32,0.4925,281.0
1.0,0.0,2.0,21.0,0.0,1.0,1.0,1.0,0.32,0.3485,0.7,0.0,78.0
3.0,0.0,7.0,20.0,0.0,3.0,1.0,1.0,0.76,0.6818,0.45,0.2239,294.0
3.0,1.0,7.0,22.0,0.0,3.0,1.0,1.0,0.72,0.6667,0.58,0.2537,244.0
1.0,1.0,3.0,23.0,0.0,1.0,1.0,1.0,0.22,0.1818,0.37,0.5821,31.0
4.0,0.0,11.0,22.0,0.0,0.0,0.0,1.0,0.36,0.3788,0.87,0.0,45.0
1.0,0.0,1.0,19.0,0.0,1.0,1.0,1.0,0.2,0.2576,0.47,0.0,110.0
4.0,0.0,11.0,5.0,0.0,3.0,1.0,1.0,0.3,0.3333,0.81,0.0,27.0
1.0,1.0,3.0,20.0,0.0,5.0,1.0,2.0,0.36,0.3485,0.87,0.194,100.0
1.0,1.0,1.0,22.0,0.0,0.0,0.0,1.0,0.26,0.2727,0.6,0.1045,58.0
2.0,0.0,5.0,4.0,0.0,2.0,1.0,1.0,0.42,0.4242,0.62,0.2537,2.0
1.0,1.0,1.0,23.0,0.0,1.0,1.0,1.0,0.26,0.2576,0.6,0.194,52.0
4.0,1.0,12.0,22.0,0.0,2.0,1.0,2.0,0.5,0.4848,0.63,0.2985,181.0
3.0,0.0,8.0,0.0,0.0,2.0,1.0,1.0,0.72,0.697,0.79,0.1343,35.0
3.0,1.0,8.0,6.0,0.0,5.0,1.0,2.0,0.62,0.5758,0.83,0.0,151.0
2.0,1.0,3.0,23.0,0.0,4.0,1.0,1.0,0.42,0.4242,0.47,0.2985,94.0
2.0,0.0,3.0,1.0,0.0,2.0,1.0,1.0,0.42,0.4242,1.0,0.1343,19.0
1.0,0.0,3.0,15.0,0.0,6.0,0.0,1.0,0.5,0.4848,0.29,0.4179,313.0
1.0,0.0,1.0,21.0,0.0,4.0,1.0,1.0,0.18,0.2121,0.74,0.0896,38.0
2.0,0.0,5.0,1.0,0.0,0.0,0.0,2.0,0.52,0.5,0.55,0.0,64.0
2.0,0.0,5.0,15.0,0.0,5.0,1.0,1.0,0.78,0.7121,0.49,0.2836,356.0
2.0,1.0,4.0,19.0,0.0,5.0,1.0,1.0,0.54,0.5152,0.24,0.1642,427.0
1.0,1.0,12.0,6.0,0.0,6.0,0.0,2.0,0.26,0.2424,0.7,0.1045,7.0
3.0,1.0,9.0,21.0,0.0,4.0,1.0,1.0,0.62,0.6061,0.65,0.1045,317.0
3.0,1.0,9.0,6.0,0.0,1.0,1.0,1.0,0.5,0.4848,0.72,0.1343,180.0
4.0,1.0,10.0,20.0,0.0,3.0,1.0,2.0,0.4,0.4091,0.5,0.194,268.0
3.0,0.0,8.0,8.0,0.0,2.0,1.0,1.0,0.62,0.6212,0.57,0.1343,493.0
3.0,0.0,9.0,8.0,0.0,6.0,0.0,1.0,0.64,0.6061,0.69,0.1642,89.0
4.0,0.0,11.0,7.0,0.0,4.0,1.0,2.0,0.32,0.3333,0.81,0.0896,292.0
3.0,1.0,8.0,0.0,0.0,6.0,0.0,1.0,0.7,0.6515,0.7,0.2836,180.0
4.0,1.0,10.0,11.0,0.0,6.0,0.0,1.0,0.64,0.6061,0.65,0.2537,647.0
3.0,0.0,7.0,17.0,0.0,2.0,1.0,1.0,0.86,0.7576,0.36,0.3582,537.0
4.0,1.0,12.0,3.0,0.0,0.0,0.0,2.0,0.26,0.303,0.93,0.0,25.0
3.0,1.0,9.0,4.0,0.0,4.0,1.0,1.0,0.44,0.4394,0.77,0.1045,6.0
4.0,1.0,11.0,21.0,0.0,6.0,0.0,1.0,0.24,0.2273,0.44,0.194,75.0
4.0,0.0,11.0,5.0,1.0,5.0,0.0,1.0,0.3,0.2879,0.49,0.2537,13.0
2.0,1.0,5.0,21.0,1.0,1.0,0.0,1.0,0.76,0.7273,0.66,0.2836,247.0
3.0,1.0,7.0,23.0,0.0,5.0,1.0,1.0,0.76,0.7273,0.66,0.0,189.0
3.0,0.0,9.0,13.0,0.0,2.0,1.0,3.0,0.54,0.5152,0.88,0.2985,29.0
1.0,0.0,2.0,8.0,0.0,1.0,1.0,2.0,0.34,0.303,0.93,0.2985,255.0
2.0,0.0,5.0,3.0,0.0,3.0,1.0,3.0,0.42,0.4242,0.88,0.5224,1.0
3.0,1.0,6.0,12.0,0.0,1.0,1.0,2.0,0.76,0.6818,0.45,0.2985,270.0
4.0,1.0,10.0,3.0,0.0,2.0,1.0,3.0,0.36,0.3333,0.87,0.2836,3.0
2.0,1.0,4.0,20.0,0.0,6.0,0.0,2.0,0.38,0.3939,0.66,0.0,102.0
2.0,0.0,4.0,4.0,1.0,5.0,0.0,1.0,0.38,0.3939,0.82,0.0896,3.0
3.0,0.0,9.0,20.0,0.0,0.0,0.0,2.0,0.54,0.5152,0.68,0.0896,180.0
4.0,1.0,9.0,6.0,0.0,4.0,1.0,1.0,0.56,0.5303,0.88,0.0896,169.0
4.0,1.0,10.0,0.0,0.0,0.0,0.0,1.0,0.44,0.4394,0.54,0.1642,154.0
1.0,0.0,3.0,6.0,0.0,2.0,1.0,1.0,0.2,0.1818,0.59,0.2985,46.0
1.0,0.0,3.0,6.0,0.0,4.0,1.0,1.0,0.14,0.1212,0.33,0.2985,35.0
3.0,0.0,7.0,22.0,0.0,5.0,1.0,1.0,0.8,0.7424,0.49,0.2239,174.0
3.0,0.0,7.0,0.0,0.0,0.0,0.0,1.0,0.7,0.6515,0.61,0.1642,154.0
2.0,1.0,3.0,20.0,0.0,4.0,1.0,1.0,0.62,0.5909,0.73,0.2836,424.0
1.0,0.0,1.0,10.0,0.0,3.0,1.0,3.0,0.22,0.2121,0.93,0.2836,28.0
2.0,0.0,6.0,13.0,0.0,0.0,0.0,1.0,0.78,0.7424,0.59,0.2836,373.0
3.0,0.0,8.0,6.0,0.0,6.0,0.0,1.0,0.64,0.6061,0.73,0.0896,22.0
4.0,1.0,10.0,12.0,0.0,4.0,1.0,1.0,0.46,0.4545,0.36,0.0,326.0
4.0,0.0,11.0,6.0,0.0,4.0,1.0,1.0,0.34,0.3333,0.76,0.194,99.0
2.0,0.0,3.0,6.0,0.0,1.0,1.0,3.0,0.32,0.303,0.76,0.2537,32.0
2.0,0.0,4.0,23.0,0.0,2.0,1.0,2.0,0.6,0.5606,0.83,0.2239,78.0
1.0,0.0,1.0,13.0,0.0,2.0,1.0,2.0,0.2,0.197,0.86,0.2239,22.0
4.0,0.0,12.0,16.0,0.0,1.0,1.0,1.0,0.4,0.4091,0.4,0.2537,208.0
4.0,1.0,12.0,12.0,0.0,0.0,0.0,2.0,0.38,0.3939,0.82,0.194,417.0
2.0,0.0,4.0,1.0,1.0,5.0,0.0,1.0,0.44,0.4394,0.62,0.0,15.0
3.0,1.0,8.0,8.0,0.0,4.0,1.0,2.0,0.66,0.6212,0.74,0.0896,707.0
4.0,1.0,10.0,12.0,0.0,2.0,1.0,2.0,0.48,0.4697,0.69,0.194,260.0
1.0,1.0,1.0,16.0,0.0,0.0,0.0,1.0,0.22,0.2121,0.29,0.2985,205.0
3.0,1.0,8.0,18.0,0.0,6.0,0.0,2.0,0.7,0.6667,0.74,0.2985,300.0
1.0,1.0,12.0,17.0,0.0,3.0,1.0,3.0,0.26,0.2273,0.93,0.3582,53.0
1.0,1.0,3.0,2.0,0.0,4.0,1.0,2.0,0.46,0.4545,0.94,0.2836,6.0
1.0,1.0,12.0,9.0,0.0,4.0,1.0,1.0,0.26,0.2121,0.6,0.4925,133.0
2.0,0.0,4.0,21.0,0.0,1.0,1.0,1.0,0.62,0.6061,0.69,0.2537,190.0
3.0,1.0,9.0,14.0,0.0,6.0,0.0,1.0,0.76,0.6818,0.48,0.2836,654.0
1.0,1.0,12.0,7.0,0.0,3.0,1.0,3.0,0.2,0.1818,0.86,0.3284,26.0
2.0,1.0,6.0,17.0,0.0,4.0,1.0,1.0,0.72,0.6667,0.48,0.2239,867.0
4.0,1.0,11.0,16.0,0.0,5.0,1.0,1.0,0.4,0.4091,0.43,0.1343,405.0
2.0,0.0,5.0,0.0,0.0,1.0,1.0,1.0,0.52,0.5,0.94,0.1045,38.0
1.0,0.0,2.0,5.0,0.0,1.0,1.0,2.0,0.34,0.3636,0.93,0.0,5.0
1.0,1.0,2.0,15.0,0.0,3.0,1.0,1.0,0.42,0.4242,0.41,0.2239,171.0
2.0,1.0,5.0,20.0,0.0,2.0,1.0,3.0,0.64,0.6061,0.73,0.1343,263.0
3.0,0.0,8.0,18.0,0.0,5.0,1.0,1.0,0.76,0.697,0.52,0.2537,466.0
4.0,0.0,9.0,3.0,0.0,0.0,0.0,3.0,0.6,0.5152,0.94,0.0,59.0
2.0,0.0,3.0,10.0,0.0,1.0,1.0,2.0,0.38,0.3939,0.76,0.3881,62.0
1.0,1.0,1.0,11.0,0.0,5.0,1.0,1.0,0.24,0.1818,0.38,0.6119,114.0
1.0,0.0,1.0,20.0,0.0,4.0,1.0,2.0,0.26,0.2424,0.6,0.2836,126.0
1.0,1.0,2.0,19.0,0.0,3.0,1.0,2.0,0.46,0.4545,0.44,0.2836,327.0
4.0,1.0,10.0,10.0,0.0,0.0,0.0,1.0,0.5,0.4848,0.48,0.2985,443.0
1.0,1.0,12.0,5.0,0.0,6.0,0.0,1.0,0.26,0.2273,0.48,0.4179,5.0
2.0,0.0,6.0,14.0,0.0,6.0,0.0,2.0,0.8,0.7273,0.46,0.2836,334.0
3.0,1.0,7.0,22.0,0.0,0.0,0.0,1.0,0.7,0.6515,0.7,0.1045,148.0
1.0,1.0,2.0,1.0,0.0,0.0,0.0,3.0,0.08,0.0455,0.79,0.4627,24.0
1.0,0.0,1.0,17.0,0.0,6.0,0.0,1.0,0.24,0.2879,0.6,0.0,91.0
2.0,1.0,5.0,14.0,0.0,2.0,1.0,2.0,0.64,0.6061,0.73,0.1045,222.0
1.0,1.0,1.0,20.0,0.0,0.0,0.0,1.0,0.3,0.2879,0.39,0.2239,111.0
3.0,1.0,7.0,22.0,0.0,0.0,0.0,1.0,0.7,0.6667,0.74,0.194,191.0
2.0,1.0,4.0,0.0,1.0,1.0,0.0,1.0,0.64,0.6212,0.53,0.3284,41.0
4.0,1.0,10.0,13.0,0.0,2.0,1.0,2.0,0.6,0.5455,0.88,0.1343,154.0
1.0,0.0,1.0,11.0,0.0,1.0,1.0,2.0,0.16,0.1515,0.59,0.194,48.0
3.0,0.0,8.0,21.0,0.0,0.0,0.0,3.0,0.6,0.5455,0.88,0.4925,155.0
4.0,0.0,10.0,17.0,0.0,4.0,1.0,2.0,0.48,0.4697,0.48,0.3881,494.0
3.0,1.0,9.0,16.0,0.0,0.0,0.0,1.0,0.68,0.6364,0.36,0.2836,701.0
1.0,1.0,2.0,10.0,0.0,0.0,0.0,2.0,0.26,0.2424,0.65,0.2836,148.0
2.0,1.0,4.0,2.0,0.0,3.0,1.0,1.0,0.36,0.3788,0.62,0.0,7.0
4.0,1.0,10.0,8.0,0.0,6.0,0.0,1.0,0.46,0.4545,0.67,0.1343,193.0
1.0,0.0,2.0,21.0,0.0,5.0,1.0,1.0,0.2,0.2121,0.59,0.1343,47.0
1.0,1.0,1.0,18.0,0.0,6.0,0.0,1.0,0.54,0.5152,0.45,0.1343,297.0
2.0,0.0,4.0,9.0,0.0,2.0,1.0,3.0,0.52,0.5,0.63,0.0896,162.0
2.0,0.0,5.0,10.0,0.0,2.0,1.0,3.0,0.54,0.5152,0.88,0.2537,104.0
1.0,1.0,3.0,10.0,0.0,4.0,1.0,1.0,0.52,0.5,0.55,0.1642,133.0
4.0,1.0,10.0,22.0,0.0,1.0,1.0,1.0,0.46,0.4545,0.82,0.1343,183.0
4.0,0.0,10.0,3.0,0.0,3.0,1.0,1.0,0.46,0.4545,0.82,0.1045,6.0
4.0,1.0,10.0,6.0,0.0,0.0,0.0,2.0,0.44,0.4394,0.54,0.194,23.0
3.0,0.0,8.0,23.0,0.0,2.0,1.0,1.0,0.66,0.6212,0.65,0.1343,77.0
1.0,0.0,1.0,23.0,0.0,3.0,1.0,1.0,0.2,0.2576,0.47,0.0,19.0
4.0,0.0,11.0,0.0,0.0,0.0,0.0,2.0,0.4,0.4091,0.58,0.194,73.0
4.0,0.0,10.0,8.0,0.0,4.0,1.0,3.0,0.54,0.5152,1.0,0.0896,209.0
3.0,0.0,9.0,10.0,0.0,0.0,0.0,1.0,0.7,0.6515,0.65,0.0,334.0
3.0,1.0,7.0,3.0,0.0,3.0,1.0,1.0,0.74,0.697,0.66,0.1343,4.0
3.0,0.0,9.0,11.0,0.0,6.0,0.0,2.0,0.52,0.5,0.68,0.2239,367.0
2.0,1.0,3.0,7.0,0.0,3.0,1.0,1.0,0.36,0.3333,0.46,0.3284,358.0
1.0,0.0,2.0,21.0,0.0,4.0,1.0,1.0,0.18,0.2121,0.55,0.1045,54.0
2.0,1.0,5.0,23.0,0.0,2.0,1.0,3.0,0.62,0.5455,0.94,0.0,50.0
4.0,1.0,10.0,2.0,0.0,5.0,1.0,1.0,0.4,0.4091,0.66,0.0896,16.0
3.0,1.0,7.0,21.0,0.0,6.0,0.0,1.0,0.88,0.7879,0.37,0.194,201.0
1.0,1.0,12.0,12.0,0.0,1.0,1.0,2.0,0.24,0.2273,0.56,0.194,224.0
2.0,0.0,5.0,23.0,0.0,3.0,1.0,1.0,0.46,0.4545,0.88,0.2537,81.0
4.0,1.0,11.0,16.0,0.0,4.0,1.0,1.0,0.42,0.4242,0.16,0.3881,339.0
1.0,0.0,2.0,16.0,0.0,0.0,0.0,1.0,0.48,0.4697,0.44,0.1642,268.0
3.0,1.0,7.0,17.0,0.0,3.0,1.0,1.0,0.74,0.697,0.7,0.2537,370.0
2.0,0.0,3.0,21.0,0.0,6.0,0.0,2.0,0.26,0.2576,0.44,0.194,51.0
4.0,0.0,9.0,7.0,0.0,6.0,0.0,2.0,0.56,0.5303,0.88,0.1045,46.0
2.0,0.0,3.0,3.0,0.0,3.0,1.0,2.0,0.34,0.3182,0.76,0.2537,3.0
2.0,1.0,5.0,14.0,0.0,6.0,0.0,1.0,0.76,0.7273,0.66,0.2239,564.0
4.0,1.0,11.0,15.0,0.0,5.0,1.0,2.0,0.4,0.4091,0.4,0.4179,306.0
1.0,1.0,3.0,5.0,0.0,6.0,0.0,1.0,0.22,0.2121,0.42,0.2836,10.0
2.0,0.0,4.0,4.0,0.0,1.0,1.0,2.0,0.52,0.5,1.0,0.0,5.0
4.0,0.0,11.0,16.0,0.0,5.0,1.0,1.0,0.46,0.4545,0.36,0.3881,290.0
4.0,1.0,10.0,6.0,0.0,2.0,1.0,2.0,0.38,0.3939,0.82,0.2537,143.0
4.0,0.0,10.0,21.0,0.0,3.0,1.0,2.0,0.58,0.5455,0.94,0.1343,85.0
2.0,1.0,5.0,2.0,1.0,1.0,0.0,1.0,0.6,0.5606,0.83,0.2239,48.0
1.0,0.0,2.0,20.0,0.0,5.0,1.0,2.0,0.24,0.2424,0.65,0.1642,71.0
4.0,0.0,12.0,0.0,0.0,3.0,1.0,1.0,0.26,0.303,0.75,0.0,22.0
1.0,1.0,1.0,0.0,0.0,2.0,1.0,2.0,0.3,0.2879,1.0,0.2836,25.0
4.0,0.0,12.0,11.0,0.0,6.0,0.0,2.0,0.28,0.2576,0.45,0.3284,209.0
4.0,1.0,12.0,0.0,0.0,0.0,0.0,2.0,0.36,0.3788,0.62,0.0,110.0
3.0,0.0,7.0,12.0,0.0,6.0,0.0,1.0,0.82,0.7121,0.3,0.1343,374.0
2.0,0.0,3.0,4.0,0.0,2.0,1.0,1.0,0.2,0.2121,0.44,0.1642,2.0
2.0,1.0,5.0,14.0,0.0,2.0,1.0,2.0,0.64,0.6061,0.73,0.194,184.0
2.0,1.0,5.0,13.0,0.0,5.0,1.0,1.0,0.74,0.6818,0.62,0.1343,333.0
2.0,0.0,3.0,21.0,0.0,2.0,1.0,1.0,0.34,0.3636,0.42,0.0,83.0
2.0,0.0,4.0,23.0,0.0,2.0,1.0,1.0,0.3,0.2879,0.49,0.2836,26.0
1.0,1.0,2.0,7.0,0.0,0.0,0.0,1.0,0.2,0.1818,0.51,0.2985,22.0
1.0,1.0,2.0,19.0,0.0,5.0,1.0,1.0,0.38,0.3939,0.37,0.2239,282.0
2.0,0.0,4.0,11.0,0.0,6.0,0.0,2.0,0.46,0.4545,0.88,0.2239,232.0
1.0,1.0,3.0,14.0,0.0,4.0,1.0,2.0,0.72,0.6515,0.3,0.1045,258.0
1.0,1.0,1.0,21.0,1.0,1.0,0.0,2.0,0.24,0.2121,0.41,0.3284,66.0
2.0,1.0,6.0,23.0,0.0,3.0,1.0,1.0,0.52,0.5,0.77,0.0,123.0
2.0,1.0,4.0,0.0,0.0,4.0,1.0,1.0,0.32,0.303,0.66,0.2836,23.0
3.0,1.0,7.0,0.0,0.0,0.0,0.0,1.0,0.82,0.7879,0.56,0.1343,147.0
4.0,0.0,10.0,9.0,0.0,6.0,0.0,3.0,0.4,0.4091,0.82,0.3582,129.0
3.0,1.0,6.0,4.0,0.0,4.0,1.0,1.0,0.62,0.6061,0.61,0.1045,11.0
1.0,0.0,2.0,14.0,0.0,1.0,1.0,2.0,0.36,0.3636,0.57,0.0896,60.0
2.0,0.0,5.0,14.0,0.0,2.0,1.0,1.0,0.62,0.5909,0.73,0.4627,184.0
3.0,0.0,8.0,18.0,0.0,0.0,0.0,1.0,0.72,0.697,0.79,0.2537,311.0
3.0,1.0,9.0,1.0,0.0,2.0,1.0,1.0,0.5,0.4848,0.63,0.0,10.0
3.0,0.0,8.0,3.0,0.0,2.0,1.0,1.0,0.66,0.6212,0.74,0.194,5.0
4.0,1.0,11.0,8.0,0.0,0.0,0.0,2.0,0.22,0.2273,0.51,0.194,34.0
4.0,0.0,9.0,20.0,0.0,3.0,1.0,3.0,0.6,0.5606,0.83,0.2985,102.0
1.0,0.0,1.0,21.0,0.0,0.0,0.0,1.0,0.14,0.1061,0.46,0.4179,20.0
1.0,1.0,1.0,7.0,0.0,6.0,0.0,1.0,0.22,0.2727,0.75,0.0,31.0
3.0,0.0,7.0,15.0,0.0,3.0,1.0,3.0,0.64,0.5606,0.94,0.1343,46.0
4.0,1.0,12.0,19.0,0.0,4.0,1.0,1.0,0.26,0.2576,0.6,0.194,373.0
3.0,0.0,7.0,7.0,0.0,5.0,1.0,2.0,0.8,0.803,0.66,0.1045,252.0
4.0,0.0,11.0,19.0,0.0,3.0,1.0,1.0,0.38,0.3939,0.58,0.3881,122.0
2.0,1.0,5.0,8.0,0.0,4.0,1.0,1.0,0.62,0.6212,0.57,0.2537,693.0
2.0,0.0,5.0,8.0,0.0,0.0,0.0,2.0,0.44,0.4394,0.77,0.1343,59.0
2.0,0.0,6.0,8.0,0.0,1.0,1.0,1.0,0.58,0.5455,0.49,0.4478,476.0
1.0,1.0,2.0,23.0,1.0,1.0,0.0,1.0,0.3,0.3333,0.39,0.0,26.0
1.0,0.0,3.0,20.0,0.0,4.0,1.0,1.0,0.2,0.2273,0.4,0.0896,70.0
1.0,1.0,1.0,12.0,0.0,0.0,0.0,2.0,0.16,0.1515,0.8,0.2239,185.0
4.0,1.0,11.0,17.0,0.0,1.0,1.0,1.0,0.42,0.4242,0.32,0.0,553.0
4.0,1.0,9.0,22.0,0.0,4.0,1.0,3.0,0.62,0.5758,0.83,0.2985,47.0
2.0,0.0,5.0,12.0,0.0,4.0,1.0,1.0,0.58,0.5455,0.6,0.2239,207.0
1.0,0.0,3.0,5.0,0.0,1.0,1.0,1.0,0.24,0.2424,0.7,0.1343,8.0
2.0,0.0,3.0,9.0,0.0,2.0,1.0,1.0,0.28,0.2576,0.28,0.3881,172.0
3.0,0.0,8.0,9.0,0.0,6.0,0.0,2.0,0.7,0.6667,0.74,0.1642,208.0
3.0,1.0,8.0,23.0,0.0,6.0,0.0,2.0,0.62,0.5758,0.83,0.2537,158.0
3.0,1.0,9.0,6.0,0.0,4.0,1.0,1.0,0.44,0.4394,0.77,0.0,170.0
3.0,0.0,8.0,16.0,0.0,5.0,1.0,1.0,0.8,0.7424,0.49,0.2537,330.0
1.0,0.0,3.0,14.0,0.0,6.0,0.0,1.0,0.4,0.4091,0.5,0.4478,166.0
4.0,0.0,9.0,5.0,0.0,6.0,0.0,2.0,0.56,0.5303,0.94,0.1045,5.0
4.0,1.0,11.0,13.0,0.0,3.0,1.0,1.0,0.36,0.3333,0.43,0.2537,214.0
2.0,1.0,5.0,23.0,0.0,4.0,1.0,1.0,0.66,0.6212,0.54,0.2239,140.0
3.0,1.0,7.0,3.0,0.0,2.0,1.0,1.0,0.72,0.6818,0.66,0.0,3.0
3.0,0.0,8.0,23.0,0.0,5.0,1.0,1.0,0.68,0.6364,0.69,0.2239,139.0
2.0,0.0,3.0,7.0,0.0,4.0,1.0,3.0,0.26,0.2576,1.0,0.2239,108.0
2.0,0.0,3.0,0.0,0.0,0.0,0.0,2.0,0.26,0.2576,0.41,0.1642,31.0
1.0,1.0,3.0,5.0,0.0,3.0,1.0,1.0,0.44,0.4394,0.82,0.1343,27.0
4.0,0.0,10.0,15.0,0.0,1.0,1.0,1.0,0.56,0.5303,0.6,0.1642,177.0
4.0,0.0,12.0,7.0,0.0,6.0,0.0,1.0,0.24,0.2273,0.65,0.194,11.0
2.0,1.0,4.0,17.0,0.0,4.0,1.0,1.0,0.5,0.4848,0.31,0.1642,822.0
3.0,1.0,8.0,20.0,0.0,4.0,1.0,1.0,0.76,0.6818,0.4,0.0896,514.0
1.0,1.0,12.0,4.0,1.0,2.0,0.0,2.0,0.24,0.2576,0.87,0.0896,1.0
2.0,0.0,4.0,3.0,0.0,0.0,0.0,2.0,0.38,0.3939,0.87,0.1343,16.0
4.0,0.0,10.0,10.0,0.0,3.0,1.0,2.0,0.52,0.5,0.62,0.2537,131.0
2.0,1.0,4.0,20.0,0.0,2.0,1.0,1.0,0.6,0.6061,0.23,0.2836,402.0
4.0,1.0,11.0,20.0,0.0,3.0,1.0,2.0,0.32,0.303,0.49,0.3284,256.0
4.0,0.0,10.0,1.0,0.0,3.0,1.0,3.0,0.56,0.5303,0.83,0.1343,10.0
1.0,0.0,3.0,6.0,0.0,3.0,1.0,2.0,0.3,0.3182,0.93,0.1045,31.0
3.0,0.0,8.0,18.0,0.0,2.0,1.0,1.0,0.8,0.7576,0.55,0.194,585.0
4.0,0.0,12.0,5.0,0.0,5.0,1.0,1.0,0.48,0.4697,0.44,0.3881,26.0
4.0,1.0,10.0,6.0,0.0,5.0,1.0,1.0,0.52,0.5,0.83,0.0,137.0
3.0,0.0,9.0,11.0,0.0,4.0,1.0,2.0,0.68,0.6364,0.65,0.1343,159.0
3.0,0.0,9.0,22.0,0.0,4.0,1.0,3.0,0.62,0.5152,1.0,0.0896,70.0
1.0,1.0,2.0,3.0,0.0,4.0,1.0,2.0,0.3,0.3333,0.61,0.0,1.0
3.0,0.0,8.0,22.0,0.0,3.0,1.0,3.0,0.68,0.6364,0.89,0.1045,77.0
1.0,0.0,3.0,1.0,0.0,3.0,1.0,1.0,0.26,0.2727,0.52,0.1343,4.0
4.0,1.0,10.0,3.0,0.0,5.0,1.0,2.0,0.52,0.5,0.88,0.1642,13.0
1.0,1.0,1.0,16.0,0.0,2.0,1.0,1.0,0.4,0.4091,0.71,0.1343,278.0
2.0,1.0,5.0,14.0,0.0,2.0,1.0,1.0,0.82,0.7727,0.52,0.4179,238.0
4.0,1.0,10.0,11.0,0.0,4.0,1.0,1.0,0.46,0.4545,0.36,0.0,251.0
2.0,1.0,5.0,5.0,0.0,1.0,1.0,1.0,0.46,0.4545,0.88,0.1045,23.0
2.0,0.0,5.0,15.0,0.0,1.0,1.0,1.0,0.66,0.6212,0.61,0.194,155.0
1.0,0.0,2.0,12.0,0.0,6.0,0.0,2.0,0.32,0.3182,0.45,0.1642,160.0
3.0,1.0,8.0,11.0,0.0,3.0,1.0,1.0,0.72,0.6667,0.58,0.0896,267.0
4.0,0.0,12.0,10.0,0.0,5.0,1.0,1.0,0.3,0.2879,0.75,0.2239,105.0
1.0,1.0,1.0,13.0,0.0,4.0,1.0,2.0,0.38,0.3939,0.71,0.0,173.0
3.0,1.0,9.0,8.0,0.0,2.0,1.0,2.0,0.66,0.6061,0.83,0.5522,672.0
4.0,0.0,11.0,14.0,0.0,6.0,0.0,1.0,0.42,0.4242,0.32,0.2985,349.0
3.0,0.0,7.0,14.0,0.0,6.0,0.0,1.0,0.84,0.7121,0.2,0.0,392.0
1.0,0.0,1.0,16.0,1.0,1.0,0.0,2.0,0.2,0.2121,0.47,0.1642,82.0
1.0,0.0,2.0,18.0,0.0,6.0,0.0,2.0,0.28,0.2424,0.93,0.4478,83.0
1.0,1.0,2.0,23.0,0.0,2.0,1.0,2.0,0.36,0.3636,0.5,0.0896,57.0
4.0,1.0,10.0,22.0,0.0,3.0,1.0,1.0,0.36,0.3485,0.57,0.1343,165.0
2.0,1.0,4.0,1.0,0.0,4.0,1.0,1.0,0.32,0.303,0.66,0.2239,9.0
3.0,1.0,9.0,14.0,0.0,6.0,0.0,1.0,0.68,0.6364,0.34,0.3284,715.0
4.0,1.0,10.0,15.0,0.0,6.0,0.0,1.0,0.56,0.5303,0.43,0.0,711.0
2.0,1.0,5.0,10.0,0.0,2.0,1.0,1.0,0.62,0.5909,0.78,0.2537,174.0
1.0,1.0,1.0,10.0,0.0,1.0,1.0,1.0,0.24,0.2879,0.6,0.0,108.0
2.0,0.0,6.0,9.0,0.0,4.0,1.0,1.0,0.84,0.7879,0.49,0.0,168.0
2.0,1.0,5.0,15.0,0.0,0.0,0.0,2.0,0.62,0.6061,0.61,0.1045,571.0
1.0,1.0,2.0,13.0,0.0,2.0,1.0,1.0,0.36,0.3636,0.32,0.1045,190.0
3.0,0.0,7.0,10.0,0.0,3.0,1.0,1.0,0.78,0.6818,0.33,0.0,114.0
4.0,1.0,12.0,17.0,0.0,1.0,1.0,1.0,0.52,0.5,0.63,0.1045,708.0
3.0,1.0,8.0,8.0,0.0,0.0,0.0,1.0,0.68,0.6364,0.79,0.2836,133.0
3.0,0.0,9.0,17.0,0.0,0.0,0.0,1.0,0.72,0.6667,0.51,0.1343,380.0
1.0,1.0,12.0,0.0,0.0,6.0,0.0,1.0,0.26,0.2121,0.44,0.5821,31.0
3.0,1.0,8.0,11.0,0.0,4.0,1.0,1.0,0.82,0.7727,0.52,0.1045,226.0
2.0,1.0,4.0,1.0,0.0,3.0,1.0,1.0,0.42,0.4242,0.41,0.0,25.0
3.0,1.0,7.0,6.0,0.0,2.0,1.0,2.0,0.68,0.6364,0.79,0.1045,187.0
3.0,1.0,7.0,12.0,0.0,0.0,0.0,1.0,0.9,0.8182,0.37,0.2239,433.0
1.0,1.0,2.0,13.0,0.0,5.0,1.0,2.0,0.42,0.4242,0.71,0.1045,183.0
3.0,1.0,7.0,21.0,0.0,1.0,1.0,1.0,0.76,0.7121,0.62,0.194,296.0
2.0,0.0,4.0,7.0,0.0,0.0,0.0,2.0,0.36,0.3636,1.0,0.0896,10.0
4.0,1.0,10.0,19.0,0.0,3.0,1.0,2.0,0.64,0.6212,0.53,0.0896,572.0
2.0,0.0,3.0,8.0,0.0,0.0,0.0,1.0,0.2,0.197,0.69,0.2239,14.0
3.0,0.0,7.0,19.0,0.0,6.0,0.0,1.0,0.74,0.6818,0.48,0.194,406.0
1.0,1.0,1.0,6.0,0.0,4.0,1.0,2.0,0.2,0.2121,0.75,0.1343,78.0
4.0,1.0,9.0,9.0,0.0,0.0,0.0,1.0,0.5,0.4848,0.51,0.3284,276.0
3.0,0.0,9.0,16.0,0.0,3.0,1.0,1.0,0.64,0.5758,0.89,0.0,144.0
1.0,1.0,12.0,0.0,0.0,0.0,0.0,2.0,0.26,0.2576,0.6,0.1642,41.0
3.0,0.0,6.0,2.0,0.0,2.0,1.0,2.0,0.66,0.6212,0.74,0.0,11.0
4.0,0.0,10.0,20.0,0.0,1.0,1.0,3.0,0.4,0.4091,0.82,0.0,204.0
2.0,0.0,5.0,18.0,0.0,2.0,1.0,1.0,0.7,0.6515,0.48,0.4179,544.0
4.0,1.0,11.0,20.0,0.0,6.0,0.0,2.0,0.34,0.3485,0.66,0.0896,172.0
3.0,0.0,8.0,21.0,0.0,1.0,1.0,1.0,0.66,0.6212,0.65,0.194,184.0
3.0,0.0,9.0,19.0,0.0,0.0,0.0,1.0,0.64,0.6061,0.69,0.1045,333.0
2.0,1.0,5.0,10.0,0.0,0.0,0.0,2.0,0.54,0.5152,0.77,0.1045,333.0
3.0,0.0,9.0,6.0,0.0,4.0,1.0,3.0,0.62,0.5455,0.94,0.1642,56.0
1.0,0.0,2.0,0.0,0.0,4.0,1.0,1.0,0.34,0.3333,0.53,0.194,17.0
4.0,0.0,12.0,14.0,0.0,3.0,1.0,2.0,0.38,0.3939,0.54,0.0896,151.0
4.0,0.0,10.0,14.0,0.0,6.0,0.0,2.0,0.48,0.4697,0.48,0.2239,310.0
4.0,0.0,10.0,16.0,0.0,5.0,1.0,1.0,0.5,0.4848,0.45,0.2537,302.0
1.0,1.0,3.0,16.0,0.0,5.0,1.0,1.0,0.48,0.4697,0.23,0.4179,343.0
4.0,0.0,10.0,10.0,0.0,2.0,1.0,2.0,0.56,0.5303,0.68,0.0,102.0
1.0,1.0,2.0,20.0,0.0,1.0,1.0,1.0,0.3,0.303,0.42,0.1642,214.0
2.0,1.0,5.0,21.0,0.0,4.0,1.0,1.0,0.5,0.4848,0.42,0.194,230.0
1.0,0.0,12.0,6.0,0.0,3.0,1.0,1.0,0.32,0.303,0.57,0.2537,43.0
3.0,0.0,9.0,19.0,0.0,5.0,1.0,1.0,0.66,0.6212,0.69,0.1343,287.0
4.0,0.0,11.0,18.0,0.0,4.0,1.0,2.0,0.36,0.3485,0.81,0.1642,273.0
1.0,0.0,3.0,16.0,0.0,6.0,0.0,1.0,0.5,0.4848,0.31,0.3881,304.0
4.0,0.0,11.0,5.0,0.0,5.0,1.0,2.0,0.38,0.3939,0.87,0.0,23.0
1.0,1.0,1.0,13.0,0.0,2.0,1.0,1.0,0.18,0.1212,0.34,0.6567,73.0
3.0,0.0,7.0,13.0,0.0,1.0,1.0,2.0,0.74,0.7121,0.74,0.1343,78.0
1.0,0.0,2.0,1.0,0.0,5.0,1.0,2.0,0.16,0.2273,0.59,0.0,7.0
1.0,1.0,2.0,6.0,0.0,3.0,1.0,2.0,0.28,0.303,0.75,0.0896,104.0
1.0,1.0,2.0,0.0,0.0,2.0,1.0,1.0,0.26,0.303,0.65,0.0,12.0
2.0,0.0,4.0,5.0,0.0,6.0,0.0,3.0,0.34,0.3636,1.0,0.0,7.0
3.0,1.0,9.0,12.0,0.0,6.0,0.0,1.0,0.72,0.6667,0.54,0.2985,688.0
2.0,0.0,5.0,18.0,0.0,4.0,1.0,1.0,0.56,0.5303,0.26,0.2836,520.0
2.0,1.0,6.0,21.0,0.0,1.0,1.0,1.0,0.58,0.5455,0.49,0.2537,265.0
3.0,0.0,8.0,9.0,0.0,6.0,0.0,1.0,0.7,0.6515,0.65,0.0,190.0
2.0,0.0,3.0,4.0,0.0,2.0,1.0,2.0,0.42,0.4242,0.82,0.1642,1.0
2.0,0.0,4.0,8.0,0.0,1.0,1.0,1.0,0.46,0.4545,0.63,0.0,297.0
1.0,1.0,2.0,18.0,0.0,4.0,1.0,1.0,0.34,0.3333,0.31,0.1642,417.0
3.0,0.0,8.0,23.0,0.0,5.0,1.0,1.0,0.7,0.6667,0.84,0.0896,136.0
1.0,0.0,1.0,6.0,0.0,2.0,1.0,2.0,0.16,0.1818,0.55,0.1343,27.0
1.0,0.0,1.0,16.0,0.0,5.0,1.0,1.0,0.22,0.2727,0.8,0.0,80.0
3.0,0.0,6.0,11.0,0.0,6.0,0.0,1.0,0.74,0.6667,0.42,0.0,331.0
3.0,0.0,9.0,23.0,0.0,4.0,1.0,3.0,0.62,0.5152,1.0,0.0896,26.0
1.0,1.0,1.0,11.0,0.0,2.0,1.0,2.0,0.34,0.3485,0.87,0.1045,75.0
2.0,0.0,6.0,17.0,0.0,3.0,1.0,1.0,0.86,0.803,0.47,0.2985,486.0
3.0,0.0,8.0,16.0,0.0,3.0,1.0,1.0,0.74,0.6667,0.42,0.1343,309.0
4.0,0.0,10.0,2.0,0.0,3.0,1.0,2.0,0.56,0.5303,0.83,0.2836,2.0
3.0,0.0,6.0,1.0,0.0,5.0,1.0,1.0,0.66,0.6061,0.83,0.3284,28.0
3.0,0.0,8.0,6.0,0.0,5.0,1.0,1.0,0.62,0.5606,0.88,0.0,105.0
2.0,1.0,5.0,20.0,0.0,6.0,0.0,1.0,0.62,0.6212,0.46,0.1642,287.0
4.0,0.0,11.0,18.0,0.0,6.0,0.0,1.0,0.36,0.3636,0.5,0.0896,237.0
1.0,1.0,1.0,12.0,1.0,1.0,0.0,1.0,0.2,0.1818,0.55,0.3284,185.0
3.0,0.0,7.0,11.0,0.0,3.0,1.0,1.0,0.8,0.7879,0.63,0.0896,142.0
2.0,0.0,4.0,0.0,0.0,6.0,0.0,2.0,0.44,0.4394,0.54,0.2537,106.0
1.0,1.0,1.0,13.0,0.0,4.0,1.0,1.0,0.22,0.2121,0.47,0.2836,124.0
3.0,1.0,8.0,22.0,0.0,5.0,1.0,3.0,0.66,0.2424,0.83,0.194,213.0
2.0,0.0,5.0,7.0,0.0,2.0,1.0,1.0,0.74,0.697,0.66,0.1045,235.0
2.0,1.0,3.0,6.0,0.0,6.0,0.0,2.0,0.36,0.3485,0.87,0.1642,23.0
3.0,1.0,8.0,1.0,0.0,0.0,0.0,1.0,0.64,0.6061,0.65,0.0,131.0
2.0,1.0,5.0,1.0,0.0,6.0,0.0,1.0,0.5,0.4848,0.48,0.0,104.0
1.0,0.0,1.0,17.0,0.0,0.0,0.0,1.0,0.3,0.2879,0.56,0.194,77.0
3.0,1.0,9.0,2.0,0.0,3.0,1.0,2.0,0.54,0.5152,0.64,0.3284,3.0
1.0,0.0,2.0,8.0,0.0,2.0,1.0,2.0,0.12,0.1212,0.8,0.2537,114.0
3.0,1.0,7.0,15.0,0.0,1.0,1.0,1.0,0.86,0.803,0.47,0.2537,237.0
1.0,1.0,3.0,21.0,0.0,3.0,1.0,1.0,0.44,0.4394,0.62,0.2537,188.0
3.0,1.0,7.0,14.0,0.0,2.0,1.0,1.0,0.8,0.7576,0.55,0.2836,260.0
1.0,0.0,3.0,16.0,0.0,5.0,1.0,2.0,0.34,0.303,0.49,0.2985,113.0
1.0,0.0,1.0,0.0,0.0,5.0,1.0,2.0,0.2,0.197,0.64,0.194,17.0
3.0,0.0,8.0,12.0,0.0,0.0,0.0,1.0,0.82,0.803,0.59,0.2836,374.0
4.0,0.0,11.0,3.0,0.0,3.0,1.0,1.0,0.32,0.3485,0.93,0.0,4.0
4.0,0.0,11.0,17.0,0.0,1.0,1.0,3.0,0.42,0.4242,0.94,0.2985,210.0
1.0,0.0,12.0,8.0,0.0,5.0,1.0,2.0,0.24,0.2576,0.75,0.0896,205.0
2.0,0.0,5.0,7.0,0.0,4.0,1.0,1.0,0.38,0.3939,0.58,0.2537,271.0
4.0,1.0,10.0,2.0,0.0,6.0,0.0,1.0,0.44,0.4394,0.77,0.1045,78.0
3.0,1.0,9.0,15.0,0.0,6.0,0.0,2.0,0.68,0.6364,0.34,0.2836,654.0
4.0,0.0,11.0,22.0,0.0,6.0,0.0,1.0,0.3,0.3333,0.65,0.0,82.0
1.0,0.0,2.0,13.0,0.0,5.0,1.0,3.0,0.54,0.5152,0.6,0.4627,83.0
3.0,0.0,7.0,1.0,0.0,3.0,1.0,1.0,0.7,0.6667,0.74,0.1343,15.0
2.0,1.0,4.0,23.0,0.0,6.0,0.0,2.0,0.46,0.4545,0.82,0.2836,91.0
3.0,1.0,6.0,18.0,0.0,5.0,1.0,1.0,0.96,0.8636,0.31,0.0,464.0
4.0,1.0,10.0,0.0,0.0,3.0,1.0,1.0,0.38,0.3939,0.76,0.0,49.0
2.0,0.0,6.0,17.0,0.0,1.0,1.0,1.0,0.7,0.6364,0.39,0.3284,601.0
3.0,0.0,7.0,13.0,0.0,1.0,1.0,1.0,0.86,0.8182,0.5,0.2537,141.0
4.0,0.0,11.0,14.0,0.0,1.0,1.0,2.0,0.48,0.4697,0.82,0.194,135.0
2.0,0.0,4.0,2.0,0.0,2.0,1.0,1.0,0.56,0.5303,0.83,0.3284,26.0
1.0,0.0,1.0,13.0,0.0,6.0,0.0,2.0,0.22,0.2273,0.55,0.1642,65.0
1.0,1.0,1.0,11.0,0.0,0.0,0.0,3.0,0.16,0.1515,0.8,0.2537,133.0
4.0,0.0,12.0,23.0,0.0,1.0,1.0,1.0,0.36,0.3485,0.53,0.1642,60.0
1.0,0.0,1.0,6.0,0.0,4.0,1.0,1.0,0.12,0.1515,0.54,0.1343,28.0
1.0,1.0,3.0,13.0,0.0,6.0,0.0,1.0,0.32,0.303,0.29,0.2836,357.0
3.0,0.0,8.0,6.0,0.0,2.0,1.0,1.0,0.68,0.6364,0.69,0.1045,117.0
4.0,1.0,10.0,4.0,0.0,0.0,0.0,2.0,0.5,0.4848,0.63,0.3582,20.0
2.0,1.0,5.0,17.0,0.0,6.0,0.0,2.0,0.78,0.7121,0.52,0.2537,462.0
3.0,1.0,8.0,5.0,0.0,1.0,1.0,1.0,0.64,0.6061,0.69,0.1045,36.0
2.0,0.0,6.0,4.0,0.0,6.0,0.0,1.0,0.68,0.6364,0.79,0.0896,13.0
1.0,1.0,2.0,4.0,0.0,2.0,1.0,2.0,0.26,0.2727,0.65,0.1045,2.0
3.0,0.0,9.0,8.0,0.0,5.0,1.0,1.0,0.62,0.5909,0.78,0.194,456.0
3.0,0.0,8.0,0.0,0.0,0.0,0.0,3.0,0.66,0.6061,0.83,0.2985,90.0
3.0,0.0,8.0,14.0,0.0,4.0,1.0,1.0,0.82,0.7576,0.46,0.3284,182.0
2.0,1.0,3.0,5.0,0.0,0.0,0.0,2.0,0.4,0.4091,1.0,0.2537,6.0
3.0,1.0,6.0,5.0,0.0,3.0,1.0,1.0,0.6,0.6212,0.43,0.2836,36.0
2.0,0.0,5.0,22.0,0.0,6.0,0.0,1.0,0.66,0.6061,0.78,0.2239,161.0
1.0,1.0,3.0,1.0,0.0,5.0,1.0,2.0,0.42,0.4242,0.82,0.3284,26.0
1.0,1.0,12.0,7.0,0.0,0.0,0.0,1.0,0.24,0.2121,0.56,0.3582,13.0
3.0,0.0,8.0,3.0,0.0,1.0,1.0,3.0,0.7,0.6515,0.65,0.1343,5.0
2.0,0.0,6.0,21.0,0.0,2.0,1.0,1.0,0.72,0.6818,0.7,0.1343,218.0
4.0,1.0,9.0,7.0,0.0,1.0,1.0,1.0,0.46,0.4545,0.67,0.1343,530.0
2.0,0.0,5.0,9.0,0.0,5.0,1.0,1.0,0.7,0.6515,0.65,0.2836,227.0
3.0,0.0,6.0,11.0,0.0,4.0,1.0,1.0,0.74,0.6515,0.37,0.1343,169.0
3.0,1.0,6.0,13.0,0.0,4.0,1.0,1.0,0.86,0.7424,0.26,0.2239,236.0
1.0,1.0,2.0,1.0,0.0,6.0,0.0,1.0,0.26,0.2727,0.7,0.1045,43.0
4.0,0.0,11.0,2.0,0.0,0.0,0.0,1.0,0.26,0.303,0.81,0.0,29.0
4.0,1.0,11.0,9.0,0.0,0.0,0.0,1.0,0.32,0.3333,0.53,0.0,217.0
4.0,1.0,12.0,10.0,0.0,4.0,1.0,1.0,0.32,0.303,0.45,0.2836,167.0
4.0,0.0,10.0,20.0,0.0,3.0,1.0,1.0,0.52,0.5,0.77,0.1642,246.0
1.0,1.0,3.0,6.0,0.0,5.0,1.0,2.0,0.4,0.4091,0.87,0.1642,99.0
3.0,0.0,8.0,18.0,0.0,3.0,1.0,1.0,0.82,0.7121,0.28,0.2985,559.0
3.0,1.0,9.0,15.0,0.0,4.0,1.0,1.0,0.72,0.6515,0.42,0.1045,352.0
3.0,1.0,7.0,3.0,0.0,0.0,0.0,2.0,0.68,0.6364,0.89,0.1642,57.0
1.0,1.0,3.0,16.0,0.0,1.0,1.0,1.0,0.66,0.6212,0.5,0.2239,385.0
3.0,1.0,8.0,9.0,0.0,4.0,1.0,2.0,0.7,0.6515,0.7,0.0,412.0
4.0,0.0,10.0,11.0,0.0,2.0,1.0,2.0,0.6,0.5909,0.73,0.1642,123.0
4.0,0.0,10.0,12.0,0.0,0.0,0.0,1.0,0.5,0.4848,0.59,0.2537,413.0
1.0,1.0,3.0,18.0,0.0,1.0,1.0,2.0,0.6,0.6212,0.43,0.194,712.0
4.0,1.0,10.0,4.0,0.0,2.0,1.0,2.0,0.56,0.5303,0.83,0.0896,10.0
4.0,1.0,11.0,13.0,0.0,1.0,1.0,1.0,0.36,0.3333,0.4,0.2537,222.0
1.0,1.0,1.0,7.0,0.0,3.0,1.0,1.0,0.02,0.0455,0.44,0.194,152.0
3.0,0.0,9.0,19.0,0.0,5.0,1.0,2.0,0.5,0.4848,0.55,0.1642,315.0
1.0,1.0,3.0,0.0,0.0,4.0,1.0,2.0,0.42,0.4242,0.94,0.0,11.0
1.0,0.0,2.0,3.0,0.0,6.0,0.0,1.0,0.22,0.2273,0.55,0.1343,8.0
1.0,0.0,12.0,15.0,0.0,6.0,0.0,1.0,0.46,0.4545,0.47,0.4925,253.0
4.0,0.0,12.0,12.0,0.0,6.0,0.0,2.0,0.28,0.2576,0.45,0.2836,244.0
2.0,1.0,4.0,20.0,0.0,6.0,0.0,2.0,0.56,0.5303,0.46,0.1343,321.0
2.0,0.0,4.0,9.0,1.0,5.0,0.0,1.0,0.5,0.4848,0.55,0.194,178.0
1.0,0.0,1.0,7.0,0.0,4.0,1.0,1.0,0.22,0.2121,0.55,0.2239,101.0
1.0,1.0,3.0,21.0,0.0,2.0,1.0,1.0,0.32,0.3182,0.49,0.194,148.0
4.0,0.0,11.0,4.0,0.0,3.0,1.0,2.0,0.44,0.4394,1.0,0.2239,4.0
4.0,1.0,11.0,4.0,0.0,3.0,1.0,1.0,0.22,0.2273,0.69,0.194,6.0
3.0,1.0,7.0,19.0,0.0,0.0,0.0,1.0,0.84,0.7424,0.39,0.1343,382.0
2.0,1.0,3.0,21.0,0.0,6.0,0.0,3.0,0.44,0.4394,1.0,0.194,104.0
2.0,0.0,5.0,12.0,0.0,0.0,0.0,1.0,0.62,0.5909,0.73,0.2985,367.0
1.0,1.0,2.0,16.0,1.0,1.0,0.0,1.0,0.36,0.3788,0.29,0.1045,280.0
2.0,1.0,4.0,17.0,0.0,0.0,0.0,1.0,0.7,0.6364,0.42,0.3284,623.0
1.0,0.0,2.0,17.0,0.0,2.0,1.0,2.0,0.24,0.2879,0.75,0.0,176.0
2.0,0.0,3.0,6.0,0.0,1.0,1.0,1.0,0.18,0.1667,0.34,0.2836,40.0
4.0,0.0,10.0,15.0,0.0,6.0,0.0,1.0,0.48,0.4697,0.51,0.2239,382.0
2.0,0.0,4.0,12.0,0.0,4.0,1.0,2.0,0.62,0.5909,0.78,0.2537,107.0
2.0,1.0,4.0,17.0,0.0,6.0,0.0,2.0,0.42,0.4242,0.41,0.1343,322.0
1.0,1.0,12.0,8.0,0.0,0.0,0.0,1.0,0.24,0.197,0.52,0.4627,33.0
3.0,0.0,7.0,19.0,0.0,5.0,1.0,1.0,0.9,0.8485,0.42,0.2239,241.0
3.0,1.0,8.0,17.0,0.0,6.0,0.0,1.0,0.88,0.7879,0.37,0.2985,492.0
2.0,0.0,5.0,18.0,0.0,4.0,1.0,1.0,0.8,0.7273,0.46,0.3284,478.0
1.0,1.0,12.0,18.0,0.0,6.0,0.0,1.0,0.26,0.2121,0.44,0.4627,82.0
4.0,0.0,10.0,17.0,0.0,2.0,1.0,1.0,0.56,0.5303,0.6,0.3881,585.0
1.0,1.0,2.0,22.0,0.0,6.0,0.0,2.0,0.14,0.1061,0.39,0.3881,46.0
3.0,1.0,6.0,17.0,0.0,6.0,0.0,1.0,0.82,0.7121,0.26,0.2537,530.0
3.0,1.0,8.0,20.0,0.0,5.0,1.0,2.0,0.78,0.7576,0.66,0.2239,389.0
3.0,0.0,7.0,2.0,0.0,0.0,0.0,1.0,0.68,0.6364,0.69,0.0896,96.0
4.0,1.0,9.0,3.0,0.0,5.0,1.0,2.0,0.6,0.5606,0.83,0.1343,7.0
2.0,1.0,4.0,6.0,1.0,1.0,0.0,1.0,0.52,0.5,0.83,0.1642,133.0
2.0,0.0,5.0,2.0,0.0,2.0,1.0,1.0,0.44,0.4394,0.58,0.1343,5.0
3.0,0.0,7.0,23.0,0.0,2.0,1.0,3.0,0.72,0.697,0.79,0.1642,92.0
3.0,1.0,7.0,0.0,0.0,2.0,1.0,1.0,0.7,0.6667,0.74,0.1343,64.0
1.0,0.0,2.0,16.0,0.0,2.0,1.0,1.0,0.34,0.3182,0.19,0.2537,98.0
2.0,0.0,4.0,7.0,0.0,5.0,1.0,2.0,0.34,0.3182,0.53,0.2836,180.0
2.0,1.0,5.0,5.0,0.0,2.0,1.0,2.0,0.52,0.5,0.72,0.2836,20.0
1.0,0.0,1.0,23.0,0.0,2.0,1.0,1.0,0.2,0.2273,0.69,0.0896,11.0
4.0,0.0,10.0,3.0,0.0,0.0,0.0,1.0,0.42,0.4242,0.54,0.1343,42.0
4.0,1.0,9.0,5.0,0.0,2.0,1.0,1.0,0.42,0.4242,0.77,0.0896,47.0
4.0,1.0,11.0,7.0,0.0,3.0,1.0,2.0,0.26,0.2273,0.56,0.2985,319.0
2.0,1.0,4.0,20.0,0.0,5.0,1.0,1.0,0.46,0.4545,0.31,0.2836,289.0
2.0,0.0,5.0,6.0,0.0,4.0,1.0,2.0,0.6,0.5,1.0,0.0896,98.0
1.0,0.0,2.0,6.0,0.0,3.0,1.0,1.0,0.2,0.197,0.55,0.2239,33.0
3.0,0.0,9.0,19.0,0.0,4.0,1.0,1.0,0.7,0.6515,0.58,0.1642,443.0
3.0,0.0,7.0,8.0,0.0,0.0,0.0,1.0,0.82,0.7879,0.56,0.2836,104.0
4.0,0.0,11.0,2.0,1.0,5.0,0.0,1.0,0.32,0.2879,0.57,0.2836,11.0
1.0,0.0,3.0,16.0,0.0,5.0,1.0,1.0,0.68,0.6364,0.39,0.2836,204.0
2.0,1.0,5.0,10.0,0.0,1.0,1.0,3.0,0.54,0.5152,0.88,0.2537,59.0
2.0,0.0,6.0,3.0,0.0,4.0,1.0,1.0,0.66,0.6212,0.44,0.1045,4.0
2.0,1.0,4.0,14.0,0.0,6.0,0.0,1.0,0.42,0.4242,0.38,0.1045,440.0
4.0,1.0,11.0,7.0,0.0,6.0,0.0,1.0,0.26,0.2727,0.87,0.1045,71.0
4.0,1.0,11.0,16.0,0.0,2.0,1.0,2.0,0.3,0.2727,0.75,0.2985,257.0
1.0,1.0,3.0,16.0,0.0,5.0,1.0,3.0,0.48,0.4697,0.77,0.0,129.0
4.0,1.0,10.0,18.0,0.0,6.0,0.0,1.0,0.52,0.5,0.48,0.4179,495.0
4.0,0.0,11.0,14.0,0.0,0.0,0.0,1.0,0.62,0.6212,0.43,0.4627,313.0
1.0,0.0,1.0,8.0,0.0,1.0,1.0,1.0,0.14,0.1212,0.5,0.2836,154.0
3.0,1.0,9.0,7.0,0.0,3.0,1.0,1.0,0.52,0.5,0.72,0.0,557.0
3.0,1.0,9.0,20.0,0.0,4.0,1.0,1.0,0.62,0.6061,0.69,0.1045,463.0
2.0,1.0,4.0,2.0,0.0,5.0,1.0,1.0,0.36,0.3333,0.5,0.3881,11.0
3.0,1.0,7.0,3.0,0.0,3.0,1.0,1.0,0.64,0.5758,0.89,0.1343,5.0
2.0,1.0,5.0,19.0,0.0,5.0,1.0,1.0,0.7,0.6515,0.51,0.1343,452.0
3.0,1.0,7.0,8.0,0.0,0.0,0.0,1.0,0.78,0.7424,0.62,0.1045,142.0
3.0,0.0,8.0,3.0,0.0,0.0,0.0,2.0,0.7,0.6667,0.84,0.1343,32.0
2.0,0.0,5.0,20.0,0.0,3.0,1.0,1.0,0.7,0.6515,0.61,0.1642,340.0
2.0,1.0,5.0,3.0,0.0,5.0,1.0,1.0,0.46,0.4545,0.72,0.0896,14.0
4.0,1.0,11.0,5.0,0.0,6.0,0.0,1.0,0.26,0.2273,0.41,0.3284,3.0
3.0,0.0,9.0,12.0,0.0,4.0,1.0,2.0,0.66,0.6212,0.69,0.2985,179.0
4.0,0.0,10.0,15.0,0.0,2.0,1.0,1.0,0.58,0.5455,0.56,0.2836,194.0
3.0,0.0,8.0,14.0,0.0,1.0,1.0,1.0,0.92,0.8182,0.29,0.194,123.0
2.0,0.0,5.0,20.0,0.0,0.0,0.0,1.0,0.52,0.5,0.77,0.1343,174.0
4.0,0.0,10.0,12.0,0.0,6.0,0.0,3.0,0.24,0.197,0.87,0.4925,50.0
2.0,1.0,4.0,19.0,0.0,0.0,0.0,1.0,0.7,0.6364,0.42,0.2537,379.0
2.0,0.0,5.0,7.0,0.0,0.0,0.0,2.0,0.62,0.5606,0.88,0.2537,30.0
2.0,1.0,4.0,7.0,0.0,5.0,1.0,1.0,0.42,0.4242,0.94,0.0,359.0
2.0,1.0,4.0,6.0,0.0,0.0,0.0,1.0,0.5,0.4848,0.63,0.1343,16.0
2.0,0.0,5.0,0.0,0.0,0.0,0.0,2.0,0.52,0.5,1.0,0.0,39.0
1.0,1.0,1.0,4.0,0.0,3.0,1.0,1.0,0.26,0.2424,0.7,0.2836,4.0
3.0,1.0,9.0,7.0,1.0,1.0,0.0,1.0,0.68,0.6364,0.85,0.0,43.0
3.0,0.0,7.0,4.0,0.0,3.0,1.0,1.0,0.72,0.6667,0.51,0.194,4.0
2.0,1.0,4.0,23.0,0.0,5.0,1.0,1.0,0.4,0.4091,0.4,0.2537,116.0
1.0,1.0,3.0,11.0,0.0,5.0,1.0,2.0,0.36,0.3333,0.34,0.3582,187.0
4.0,1.0,11.0,4.0,0.0,6.0,0.0,2.0,0.32,0.303,0.49,0.2985,16.0
3.0,0.0,9.0,7.0,0.0,2.0,1.0,2.0,0.54,0.5152,0.88,0.1642,329.0
4.0,1.0,11.0,6.0,0.0,4.0,1.0,1.0,0.34,0.3333,0.61,0.1642,148.0
1.0,1.0,1.0,7.0,0.0,2.0,1.0,2.0,0.18,0.197,0.93,0.1642,222.0
2.0,0.0,4.0,10.0,0.0,6.0,0.0,1.0,0.48,0.4697,0.44,0.3881,279.0
4.0,0.0,10.0,2.0,0.0,4.0,1.0,1.0,0.46,0.4545,0.67,0.194,10.0
3.0,0.0,7.0,9.0,0.0,6.0,0.0,1.0,0.82,0.7576,0.46,0.2985,174.0
3.0,1.0,7.0,14.0,0.0,0.0,0.0,1.0,0.8,0.7273,0.46,0.194,522.0
2.0,0.0,4.0,21.0,0.0,3.0,1.0,1.0,0.62,0.5606,0.88,0.2836,145.0
2.0,0.0,6.0,22.0,0.0,6.0,0.0,1.0,0.64,0.6212,0.57,0.2239,190.0
1.0,0.0,12.0,23.0,1.0,1.0,0.0,1.0,0.26,0.2727,0.7,0.1045,29.0
4.0,1.0,10.0,9.0,0.0,2.0,1.0,2.0,0.5,0.4848,0.72,0.1045,334.0
1.0,0.0,1.0,7.0,0.0,0.0,0.0,1.0,0.14,0.2121,0.86,0.0,3.0
3.0,1.0,7.0,5.0,0.0,0.0,0.0,1.0,0.6,0.5455,0.88,0.0,6.0
4.0,0.0,11.0,22.0,0.0,6.0,0.0,2.0,0.38,0.3939,0.76,0.0,65.0
4.0,0.0,10.0,1.0,0.0,6.0,0.0,3.0,0.3,0.2727,0.87,0.2985,18.0
1.0,0.0,1.0,17.0,0.0,0.0,0.0,1.0,0.18,0.1515,0.37,0.3881,62.0
1.0,0.0,2.0,21.0,0.0,6.0,0.0,1.0,0.26,0.2576,1.0,0.194,56.0
4.0,1.0,12.0,14.0,0.0,6.0,0.0,2.0,0.36,0.3788,0.71,0.0,479.0
1.0,1.0,3.0,3.0,0.0,2.0,1.0,3.0,0.52,0.5,0.72,0.2985,2.0
4.0,1.0,9.0,14.0,0.0,0.0,0.0,1.0,0.6,0.6212,0.38,0.194,666.0
4.0,0.0,9.0,3.0,0.0,2.0,1.0,2.0,0.62,0.5455,0.94,0.0,10.0
1.0,0.0,3.0,18.0,0.0,5.0,1.0,2.0,0.34,0.303,0.53,0.2985,187.0
2.0,1.0,6.0,7.0,0.0,5.0,1.0,1.0,0.52,0.5,0.72,0.1045,428.0
3.0,1.0,8.0,6.0,0.0,0.0,0.0,1.0,0.62,0.5606,0.88,0.2985,21.0
3.0,1.0,9.0,13.0,0.0,0.0,0.0,3.0,0.72,0.697,0.74,0.0896,493.0
4.0,1.0,11.0,7.0,0.0,0.0,0.0,1.0,0.28,0.2727,0.81,0.194,42.0
2.0,0.0,4.0,23.0,0.0,6.0,0.0,2.0,0.38,0.3939,0.87,0.0896,57.0
2.0,1.0,4.0,3.0,0.0,4.0,1.0,2.0,0.42,0.4242,0.77,0.0,4.0
1.0,1.0,3.0,20.0,0.0,5.0,1.0,1.0,0.38,0.3939,0.32,0.3582,159.0
3.0,0.0,7.0,10.0,0.0,0.0,0.0,1.0,0.74,0.6818,0.6,0.2239,304.0
4.0,0.0,10.0,21.0,0.0,0.0,0.0,1.0,0.32,0.3485,0.66,0.0,79.0
3.0,1.0,7.0,7.0,0.0,5.0,1.0,1.0,0.78,0.697,0.46,0.1343,353.0
4.0,1.0,10.0,17.0,0.0,0.0,0.0,1.0,0.52,0.5,0.39,0.2537,491.0
3.0,0.0,8.0,2.0,0.0,3.0,1.0,1.0,0.56,0.5303,0.73,0.0,6.0
1.0,1.0,3.0,4.0,0.0,4.0,1.0,1.0,0.48,0.4697,0.88,0.194,5.0
2.0,1.0,4.0,15.0,1.0,1.0,0.0,1.0,0.8,0.697,0.33,0.4478,275.0
1.0,0.0,2.0,9.0,0.0,3.0,1.0,1.0,0.24,0.2121,0.52,0.2836,124.0
2.0,0.0,5.0,21.0,0.0,6.0,0.0,3.0,0.54,0.5152,0.94,0.2239,59.0
3.0,1.0,6.0,15.0,0.0,4.0,1.0,1.0,0.86,0.7273,0.25,0.3284,219.0
2.0,1.0,6.0,2.0,0.0,4.0,1.0,1.0,0.52,0.5,0.77,0.0896,12.0
2.0,1.0,3.0,18.0,0.0,6.0,0.0,3.0,0.46,0.4545,0.94,0.2239,137.0
4.0,1.0,10.0,19.0,0.0,1.0,1.0,3.0,0.52,0.5,0.83,0.0896,239.0
4.0,1.0,10.0,23.0,0.0,4.0,1.0,1.0,0.6,0.6212,0.56,0.0896,155.0
2.0,1.0,6.0,9.0,0.0,1.0,1.0,1.0,0.62,0.6212,0.43,0.2836,282.0
4.0,0.0,10.0,16.0,0.0,2.0,1.0,1.0,0.62,0.6212,0.57,0.2537,304.0
1.0,1.0,1.0,7.0,0.0,0.0,0.0,2.0,0.16,0.1515,0.74,0.2239,13.0
1.0,0.0,1.0,6.0,0.0,2.0,1.0,1.0,0.12,0.1515,0.74,0.1045,36.0
1.0,1.0,2.0,15.0,0.0,6.0,0.0,2.0,0.3,0.2727,0.61,0.2985,124.0
3.0,1.0,9.0,16.0,0.0,2.0,1.0,3.0,0.6,0.5455,0.88,0.2985,141.0
4.0,1.0,9.0,23.0,0.0,6.0,0.0,1.0,0.5,0.4848,0.59,0.0896,196.0
2.0,0.0,4.0,8.0,0.0,3.0,1.0,1.0,0.62,0.6061,0.69,0.4627,396.0
2.0,0.0,4.0,4.0,0.0,2.0,1.0,2.0,0.56,0.5303,0.64,0.1343,6.0
1.0,0.0,1.0,13.0,0.0,4.0,1.0,2.0,0.28,0.2879,0.45,0.1045,98.0
4.0,0.0,10.0,5.0,0.0,4.0,1.0,2.0,0.54,0.5152,1.0,0.1045,17.0
1.0,1.0,2.0,1.0,0.0,5.0,1.0,1.0,0.44,0.4394,0.62,0.194,18.0
3.0,1.0,8.0,1.0,0.0,0.0,0.0,1.0,0.64,0.5758,0.89,0.194,134.0
1.0,1.0,2.0,19.0,0.0,5.0,1.0,1.0,0.34,0.3485,0.49,0.1045,267.0
3.0,0.0,9.0,5.0,0.0,0.0,0.0,1.0,0.6,0.5606,0.83,0.1343,39.0
1.0,1.0,3.0,12.0,0.0,4.0,1.0,1.0,0.56,0.5303,0.37,0.2239,220.0
3.0,1.0,8.0,21.0,0.0,1.0,1.0,1.0,0.72,0.6818,0.66,0.194,290.0
4.0,1.0,12.0,1.0,0.0,3.0,1.0,1.0,0.28,0.2727,0.61,0.2239,21.0
3.0,0.0,7.0,11.0,0.0,6.0,0.0,1.0,0.8,0.7121,0.36,0.0896,357.0
3.0,1.0,9.0,7.0,0.0,6.0,0.0,1.0,0.58,0.5455,0.78,0.2537,77.0
3.0,0.0,9.0,13.0,0.0,4.0,1.0,2.0,0.72,0.6667,0.48,0.0896,219.0
2.0,0.0,6.0,13.0,0.0,5.0,1.0,1.0,0.74,0.6818,0.62,0.2836,204.0
3.0,1.0,9.0,19.0,0.0,6.0,0.0,3.0,0.78,0.7424,0.62,0.0,392.0
1.0,0.0,1.0,11.0,1.0,1.0,0.0,2.0,0.16,0.1515,0.55,0.194,64.0
3.0,1.0,6.0,23.0,0.0,0.0,0.0,1.0,0.74,0.6818,0.58,0.1045,87.0
1.0,1.0,2.0,11.0,0.0,4.0,1.0,3.0,0.32,0.3333,0.7,0.1045,71.0
4.0,1.0,11.0,10.0,0.0,6.0,0.0,1.0,0.36,0.3333,0.46,0.2537,320.0
1.0,1.0,3.0,1.0,0.0,1.0,1.0,1.0,0.46,0.4545,0.88,0.1045,15.0
3.0,0.0,8.0,0.0,0.0,0.0,0.0,1.0,0.7,0.6667,0.74,0.194,74.0
2.0,1.0,4.0,19.0,0.0,4.0,1.0,1.0,0.58,0.5455,0.46,0.1343,586.0
2.0,1.0,4.0,14.0,0.0,0.0,0.0,1.0,0.54,0.5152,0.34,0.0,653.0
1.0,1.0,12.0,21.0,0.0,5.0,1.0,1.0,0.26,0.2273,0.41,0.4179,70.0
3.0,0.0,7.0,15.0,0.0,2.0,1.0,1.0,0.9,0.8485,0.42,0.3582,148.0
4.0,1.0,12.0,10.0,0.0,6.0,0.0,1.0,0.32,0.3182,0.61,0.1642,273.0
2.0,0.0,5.0,21.0,0.0,4.0,1.0,1.0,0.54,0.5152,0.77,0.2836,209.0
4.0,0.0,12.0,23.0,0.0,3.0,1.0,1.0,0.24,0.2121,0.93,0.3881,16.0
2.0,0.0,5.0,23.0,0.0,0.0,0.0,1.0,0.66,0.5909,0.89,0.1642,135.0
3.0,0.0,9.0,19.0,0.0,2.0,1.0,1.0,0.68,0.6364,0.69,0.1642,396.0
3.0,1.0,7.0,21.0,0.0,5.0,1.0,1.0,0.72,0.6667,0.54,0.0,299.0
3.0,1.0,9.0,18.0,0.0,2.0,1.0,1.0,0.76,0.7424,0.75,0.2239,839.0
4.0,0.0,9.0,7.0,0.0,3.0,1.0,3.0,0.6,0.5152,0.94,0.1642,185.0
3.0,1.0,7.0,15.0,0.0,2.0,1.0,1.0,0.82,0.7727,0.49,0.2985,285.0
4.0,0.0,10.0,19.0,0.0,0.0,0.0,2.0,0.38,0.3939,0.76,0.1642,162.0
4.0,0.0,10.0,4.0,0.0,5.0,1.0,1.0,0.3,0.2879,0.65,0.2836,10.0
3.0,0.0,6.0,3.0,0.0,3.0,1.0,1.0,0.66,0.6061,0.78,0.1343,7.0
2.0,1.0,5.0,12.0,0.0,5.0,1.0,1.0,0.62,0.6212,0.41,0.194,360.0
3.0,0.0,7.0,8.0,0.0,4.0,1.0,1.0,0.74,0.697,0.66,0.1642,456.0
4.0,1.0,11.0,12.0,0.0,6.0,0.0,2.0,0.36,0.3182,0.46,0.4627,394.0
1.0,0.0,3.0,12.0,0.0,6.0,0.0,1.0,0.34,0.3182,0.53,0.2836,158.0
1.0,1.0,2.0,23.0,0.0,0.0,0.0,1.0,0.24,0.2424,0.7,0.1343,42.0
4.0,1.0,12.0,9.0,0.0,2.0,1.0,1.0,0.46,0.4545,0.82,0.1045,336.0
1.0,1.0,2.0,13.0,0.0,2.0,1.0,1.0,0.44,0.4394,0.38,0.2537,184.0
1.0,1.0,3.0,8.0,0.0,0.0,0.0,1.0,0.22,0.2273,0.69,0.1343,72.0
2.0,0.0,5.0,5.0,0.0,1.0,1.0,1.0,0.42,0.4242,0.77,0.1642,23.0
2.0,1.0,5.0,6.0,0.0,3.0,1.0,1.0,0.56,0.5303,0.88,0.1045,160.0
2.0,1.0,4.0,2.0,0.0,1.0,1.0,1.0,0.46,0.4545,0.31,0.194,6.0
3.0,0.0,7.0,20.0,0.0,4.0,1.0,1.0,0.7,0.6364,0.42,0.2239,348.0
3.0,0.0,8.0,5.0,0.0,4.0,1.0,1.0,0.64,0.6212,0.61,0.194,25.0
2.0,1.0,5.0,20.0,0.0,6.0,0.0,1.0,0.68,0.6364,0.41,0.0896,315.0
3.0,1.0,9.0,6.0,0.0,3.0,1.0,1.0,0.5,0.4848,0.72,0.0896,205.0
4.0,1.0,12.0,22.0,0.0,1.0,1.0,2.0,0.42,0.4242,0.94,0.1343,54.0
3.0,0.0,7.0,7.0,1.0,1.0,0.0,1.0,0.66,0.6061,0.83,0.1343,36.0
3.0,0.0,8.0,15.0,0.0,3.0,1.0,1.0,0.76,0.6818,0.48,0.4478,204.0
1.0,0.0,3.0,14.0,0.0,3.0,1.0,1.0,0.52,0.5,0.23,0.2985,96.0
2.0,1.0,5.0,23.0,0.0,3.0,1.0,1.0,0.66,0.6212,0.65,0.1045,160.0
1.0,1.0,12.0,2.0,0.0,4.0,1.0,2.0,0.24,0.197,0.87,0.4478,2.0
4.0,1.0,11.0,1.0,0.0,3.0,1.0,2.0,0.26,0.2576,0.75,0.2239,12.0
3.0,0.0,6.0,6.0,0.0,5.0,1.0,1.0,0.66,0.6061,0.83,0.1343,91.0
3.0,0.0,8.0,22.0,0.0,2.0,1.0,1.0,0.62,0.6212,0.57,0.1343,191.0
3.0,0.0,8.0,17.0,0.0,2.0,1.0,1.0,0.8,0.7576,0.55,0.1642,532.0
3.0,0.0,7.0,2.0,0.0,1.0,1.0,1.0,0.7,0.6515,0.61,0.2239,12.0
1.0,0.0,2.0,10.0,0.0,3.0,1.0,1.0,0.14,0.1818,0.36,0.0,59.0
1.0,0.0,1.0,20.0,0.0,4.0,1.0,1.0,0.2,0.2121,0.51,0.1642,69.0
2.0,0.0,4.0,5.0,0.0,3.0,1.0,1.0,0.4,0.4091,0.94,0.194,15.0
3.0,0.0,9.0,20.0,0.0,5.0,1.0,1.0,0.64,0.6061,0.73,0.0,196.0
4.0,0.0,12.0,23.0,0.0,0.0,0.0,1.0,0.34,0.3485,0.87,0.1045,45.0
4.0,0.0,11.0,18.0,0.0,0.0,0.0,2.0,0.54,0.5152,0.64,0.194,145.0
4.0,0.0,12.0,3.0,0.0,5.0,1.0,1.0,0.22,0.2727,0.8,0.0,1.0
4.0,1.0,9.0,23.0,0.0,0.0,0.0,2.0,0.5,0.4848,0.59,0.1045,100.0
3.0,1.0,7.0,6.0,0.0,3.0,1.0,1.0,0.64,0.6061,0.65,0.194,190.0
4.0,1.0,12.0,4.0,0.0,3.0,1.0,1.0,0.5,0.4848,0.63,0.4478,10.0
2.0,1.0,6.0,8.0,0.0,4.0,1.0,1.0,0.52,0.5,0.77,0.0,681.0
2.0,1.0,4.0,5.0,0.0,1.0,1.0,1.0,0.4,0.4091,0.76,0.4925,24.0
4.0,0.0,10.0,16.0,0.0,3.0,1.0,1.0,0.64,0.6212,0.47,0.3284,282.0
1.0,1.0,2.0,13.0,0.0,2.0,1.0,2.0,0.36,0.3333,0.4,0.2537,173.0
3.0,0.0,9.0,21.0,0.0,2.0,1.0,3.0,0.54,0.5152,0.88,0.2836,121.0
4.0,0.0,9.0,0.0,0.0,6.0,0.0,1.0,0.58,0.5455,1.0,0.0896,93.0
2.0,1.0,6.0,18.0,0.0,5.0,1.0,3.0,0.62,0.5606,0.88,0.3582,110.0
3.0,1.0,6.0,18.0,0.0,4.0,1.0,1.0,0.86,0.7273,0.25,0.2239,697.0
3.0,0.0,8.0,1.0,0.0,3.0,1.0,1.0,0.64,0.6061,0.73,0.1642,14.0
4.0,0.0,11.0,18.0,0.0,2.0,1.0,1.0,0.42,0.4242,0.58,0.1045,460.0
3.0,1.0,9.0,16.0,0.0,2.0,1.0,1.0,0.76,0.7273,0.7,0.4179,458.0
4.0,1.0,10.0,23.0,0.0,2.0,1.0,1.0,0.3,0.303,0.81,0.1343,39.0
4.0,0.0,10.0,19.0,0.0,2.0,1.0,1.0,0.56,0.5303,0.6,0.1045,317.0
4.0,0.0,11.0,17.0,0.0,6.0,0.0,1.0,0.38,0.3939,0.4,0.1642,334.0
1.0,0.0,3.0,9.0,0.0,6.0,0.0,2.0,0.32,0.303,0.93,0.2239,63.0
2.0,1.0,5.0,10.0,0.0,6.0,0.0,1.0,0.56,0.5303,0.49,0.0896,411.0
1.0,0.0,1.0,6.0,0.0,3.0,1.0,1.0,0.2,0.197,0.47,0.2239,33.0
3.0,1.0,8.0,0.0,0.0,3.0,1.0,1.0,0.62,0.5758,0.83,0.1045,55.0
3.0,0.0,7.0,16.0,0.0,5.0,1.0,1.0,0.82,0.697,0.17,0.0,427.0
2.0,1.0,4.0,21.0,0.0,6.0,0.0,3.0,0.36,0.3485,0.71,0.194,84.0
4.0,1.0,10.0,12.0,0.0,2.0,1.0,2.0,0.52,0.5,0.45,0.3284,325.0
1.0,0.0,1.0,23.0,0.0,6.0,0.0,1.0,0.04,0.0758,0.57,0.1045,33.0
4.0,1.0,12.0,18.0,0.0,3.0,1.0,2.0,0.32,0.303,0.49,0.2239,540.0
3.0,0.0,6.0,23.0,0.0,3.0,1.0,1.0,0.68,0.6364,0.47,0.194,129.0
3.0,1.0,8.0,14.0,0.0,4.0,1.0,1.0,0.76,0.6818,0.48,0.1343,273.0
2.0,1.0,4.0,17.0,0.0,1.0,1.0,1.0,0.54,0.5152,0.32,0.4179,632.0
2.0,1.0,5.0,7.0,0.0,2.0,1.0,1.0,0.66,0.6061,0.78,0.2239,450.0
2.0,0.0,5.0,3.0,0.0,1.0,1.0,1.0,0.44,0.4394,0.77,0.1343,16.0
2.0,1.0,6.0,3.0,0.0,1.0,1.0,2.0,0.56,0.5303,0.6,0.1642,5.0
3.0,1.0,7.0,13.0,0.0,0.0,0.0,1.0,0.92,0.8333,0.33,0.2537,420.0
4.0,1.0,9.0,7.0,0.0,5.0,1.0,2.0,0.56,0.5303,0.94,0.0,394.0
4.0,0.0,11.0,8.0,0.0,3.0,1.0,1.0,0.28,0.2727,0.81,0.194,478.0
1.0,0.0,2.0,14.0,0.0,6.0,0.0,2.0,0.34,0.303,0.36,0.3284,211.0
4.0,1.0,12.0,17.0,0.0,1.0,1.0,2.0,0.48,0.4697,0.82,0.2836,616.0
1.0,1.0,12.0,7.0,0.0,4.0,1.0,1.0,0.24,0.2273,0.7,0.2239,90.0
4.0,0.0,10.0,5.0,0.0,5.0,1.0,1.0,0.34,0.3333,0.76,0.194,31.0
2.0,0.0,5.0,5.0,0.0,4.0,1.0,1.0,0.42,0.4242,0.94,0.1343,29.0
4.0,1.0,11.0,17.0,0.0,5.0,1.0,1.0,0.36,0.3485,0.46,0.194,580.0
2.0,1.0,5.0,12.0,0.0,2.0,1.0,2.0,0.62,0.6061,0.65,0.3284,263.0
4.0,0.0,10.0,4.0,1.0,1.0,0.0,1.0,0.46,0.4545,0.94,0.0,6.0
1.0,0.0,3.0,13.0,0.0,5.0,1.0,1.0,0.36,0.3333,0.53,0.2537,107.0
2.0,0.0,4.0,7.0,0.0,4.0,1.0,2.0,0.42,0.4242,0.47,0.4627,198.0
2.0,1.0,4.0,5.0,0.0,2.0,1.0,1.0,0.6,0.6212,0.53,0.2537,30.0
4.0,0.0,11.0,3.0,0.0,5.0,1.0,1.0,0.24,0.2121,0.41,0.2836,2.0
4.0,0.0,10.0,22.0,0.0,6.0,0.0,2.0,0.36,0.3485,0.93,0.2239,70.0
1.0,0.0,3.0,0.0,0.0,0.0,0.0,1.0,0.34,0.303,0.49,0.4179,40.0
4.0,0.0,9.0,7.0,0.0,0.0,0.0,2.0,0.6,0.5152,0.94,0.1343,38.0
4.0,0.0,10.0,5.0,0.0,0.0,0.0,1.0,0.44,0.4394,0.88,0.0,15.0
1.0,1.0,12.0,4.0,0.0,0.0,0.0,2.0,0.26,0.2576,0.56,0.2239,7.0
2.0,0.0,3.0,0.0,0.0,4.0,1.0,2.0,0.32,0.303,0.93,0.2239,11.0
4.0,1.0,12.0,4.0,0.0,4.0,1.0,2.0,0.3,0.3182,0.7,0.0896,6.0
4.0,1.0,11.0,11.0,1.0,4.0,0.0,1.0,0.42,0.4242,0.41,0.0896,232.0
4.0,1.0,10.0,0.0,0.0,1.0,1.0,1.0,0.4,0.4091,0.62,0.0,31.0
1.0,1.0,1.0,9.0,0.0,4.0,1.0,1.0,0.32,0.3333,0.81,0.1045,230.0
3.0,1.0,9.0,15.0,0.0,1.0,1.0,2.0,0.64,0.6061,0.65,0.2537,338.0
4.0,0.0,11.0,15.0,0.0,4.0,1.0,2.0,0.34,0.303,0.49,0.4478,116.0
1.0,0.0,2.0,17.0,0.0,1.0,1.0,2.0,0.32,0.3182,0.7,0.1642,216.0
4.0,0.0,11.0,9.0,0.0,1.0,1.0,2.0,0.34,0.3333,1.0,0.1343,174.0
2.0,1.0,5.0,9.0,0.0,2.0,1.0,2.0,0.6,0.5606,0.83,0.1045,333.0
4.0,0.0,10.0,4.0,0.0,6.0,0.0,1.0,0.42,0.4242,0.94,0.1343,10.0
1.0,1.0,2.0,18.0,0.0,5.0,1.0,1.0,0.38,0.3939,0.4,0.1343,385.0
2.0,1.0,3.0,18.0,0.0,6.0,0.0,2.0,0.44,0.4394,0.72,0.4627,341.0
4.0,0.0,9.0,12.0,0.0,1.0,1.0,2.0,0.68,0.6364,0.79,0.1642,209.0
4.0,0.0,10.0,23.0,0.0,2.0,1.0,1.0,0.48,0.4697,0.77,0.1343,66.0
1.0,1.0,3.0,0.0,0.0,1.0,1.0,1.0,0.38,0.3939,0.54,0.194,24.0
1.0,0.0,3.0,0.0,0.0,2.0,1.0,1.0,0.3,0.2727,0.7,0.4627,7.0
1.0,0.0,12.0,0.0,0.0,6.0,0.0,2.0,0.38,0.3939,0.62,0.3284,44.0
3.0,1.0,9.0,12.0,0.0,1.0,1.0,2.0,0.62,0.6061,0.69,0.194,295.0
2.0,0.0,5.0,15.0,0.0,6.0,0.0,2.0,0.54,0.5152,0.94,0.1642,294.0
3.0,1.0,8.0,13.0,0.0,3.0,1.0,1.0,0.74,0.6667,0.42,0.0,300.0
3.0,0.0,7.0,8.0,0.0,6.0,0.0,1.0,0.68,0.6364,0.57,0.0,132.0
1.0,0.0,3.0,11.0,0.0,3.0,1.0,1.0,0.34,0.303,0.53,0.3284,73.0
4.0,0.0,10.0,13.0,0.0,3.0,1.0,2.0,0.54,0.5152,0.94,0.2836,106.0
2.0,1.0,3.0,19.0,0.0,3.0,1.0,1.0,0.6,0.6061,0.64,0.0,582.0
3.0,1.0,7.0,3.0,0.0,4.0,1.0,1.0,0.72,0.6818,0.7,0.1045,5.0
1.0,0.0,1.0,20.0,0.0,0.0,0.0,1.0,0.1,0.1061,0.36,0.2537,35.0
2.0,1.0,4.0,21.0,0.0,6.0,0.0,1.0,0.5,0.4848,0.2,0.194,234.0
4.0,0.0,11.0,21.0,0.0,6.0,0.0,1.0,0.32,0.3485,0.66,0.0,118.0
1.0,0.0,12.0,7.0,0.0,4.0,1.0,1.0,0.18,0.2121,0.64,0.0896,106.0
2.0,0.0,4.0,8.0,0.0,6.0,0.0,3.0,0.4,0.4091,0.87,0.3582,45.0
3.0,0.0,6.0,1.0,0.0,3.0,1.0,1.0,0.68,0.6364,0.79,0.2985,28.0
2.0,0.0,5.0,4.0,0.0,4.0,1.0,1.0,0.34,0.3182,0.66,0.2537,7.0
4.0,1.0,10.0,10.0,0.0,0.0,0.0,2.0,0.48,0.4697,0.51,0.4179,434.0
2.0,1.0,3.0,12.0,0.0,6.0,0.0,3.0,0.52,0.5,0.94,0.2239,183.0
4.0,1.0,12.0,19.0,0.0,6.0,0.0,1.0,0.36,0.3485,0.62,0.1343,257.0
1.0,0.0,1.0,19.0,0.0,2.0,1.0,3.0,0.16,0.2273,0.93,0.0,51.0
4.0,1.0,12.0,9.0,0.0,0.0,0.0,2.0,0.36,0.3485,0.87,0.1343,132.0
3.0,0.0,7.0,5.0,0.0,0.0,0.0,1.0,0.64,0.6061,0.69,0.2239,12.0
1.0,1.0,2.0,12.0,0.0,1.0,1.0,1.0,0.4,0.4091,0.37,0.2985,177.0
2.0,1.0,6.0,20.0,0.0,5.0,1.0,1.0,0.72,0.6515,0.32,0.1343,408.0
4.0,1.0,12.0,11.0,0.0,2.0,1.0,2.0,0.36,0.3333,0.53,0.3582,173.0
1.0,0.0,1.0,21.0,0.0,0.0,0.0,2.0,0.24,0.2424,0.7,0.1642,28.0
4.0,0.0,10.0,19.0,0.0,2.0,1.0,2.0,0.58,0.5455,0.83,0.2239,318.0
1.0,0.0,2.0,2.0,0.0,0.0,0.0,2.0,0.2,0.2273,0.75,0.0896,20.0
1.0,0.0,2.0,2.0,0.0,4.0,1.0,3.0,0.14,0.1515,0.8,0.1343,3.0
4.0,1.0,9.0,5.0,0.0,6.0,0.0,1.0,0.5,0.4848,0.63,0.194,15.0
2.0,1.0,4.0,19.0,0.0,1.0,1.0,1.0,0.52,0.5,0.34,0.3582,421.0
2.0,0.0,4.0,10.0,0.0,1.0,1.0,2.0,0.56,0.5303,0.83,0.2985,96.0
3.0,1.0,9.0,16.0,0.0,1.0,1.0,1.0,0.66,0.6212,0.34,0.3284,488.0
4.0,1.0,11.0,20.0,0.0,4.0,1.0,1.0,0.3,0.303,0.52,0.1642,252.0
4.0,1.0,10.0,3.0,0.0,1.0,1.0,1.0,0.44,0.4394,0.77,0.0,7.0
4.0,1.0,10.0,12.0,0.0,2.0,1.0,2.0,0.62,0.6212,0.46,0.0896,378.0
2.0,0.0,4.0,19.0,0.0,1.0,1.0,1.0,0.56,0.5303,0.46,0.2537,286.0
2.0,0.0,5.0,18.0,0.0,5.0,1.0,3.0,0.54,0.5152,0.52,0.3582,470.0
2.0,1.0,4.0,0.0,0.0,5.0,1.0,1.0,0.48,0.4697,0.67,0.1045,64.0
4.0,0.0,12.0,19.0,0.0,4.0,1.0,1.0,0.34,0.3485,0.46,0.1045,228.0
3.0,1.0,7.0,11.0,0.0,0.0,0.0,1.0,0.82,0.7727,0.52,0.1642,451.0
1.0,1.0,2.0,17.0,0.0,3.0,1.0,3.0,0.24,0.2576,0.87,0.1045,155.0
4.0,0.0,11.0,3.0,0.0,0.0,0.0,2.0,0.4,0.4091,0.66,0.2836,37.0
3.0,0.0,7.0,0.0,0.0,3.0,1.0,1.0,0.72,0.697,0.74,0.194,37.0
2.0,1.0,4.0,6.0,0.0,4.0,1.0,1.0,0.3,0.2879,0.65,0.2537,96.0
3.0,1.0,7.0,19.0,0.0,1.0,1.0,1.0,0.78,0.697,0.43,0.1343,581.0
1.0,1.0,1.0,0.0,0.0,5.0,1.0,2.0,0.26,0.2273,0.48,0.2985,27.0
4.0,1.0,9.0,8.0,0.0,3.0,1.0,1.0,0.56,0.5303,0.73,0.2985,838.0
2.0,1.0,4.0,6.0,0.0,0.0,0.0,2.0,0.36,0.3485,0.76,0.1343,97.0
4.0,0.0,10.0,23.0,0.0,3.0,1.0,2.0,0.58,0.5455,0.94,0.3582,69.0
1.0,1.0,2.0,16.0,0.0,3.0,1.0,1.0,0.52,0.5,0.29,0.4627,298.0
3.0,0.0,8.0,0.0,0.0,2.0,1.0,1.0,0.56,0.5303,0.73,0.1343,27.0
3.0,1.0,7.0,14.0,0.0,5.0,1.0,1.0,0.86,0.803,0.47,0.2985,326.0
4.0,0.0,9.0,23.0,0.0,5.0,1.0,1.0,0.52,0.5,0.55,0.3284,132.0
1.0,1.0,1.0,11.0,0.0,0.0,0.0,1.0,0.16,0.1515,0.47,0.2239,165.0
3.0,1.0,8.0,23.0,0.0,4.0,1.0,1.0,0.7,0.6667,0.74,0.1045,152.0
1.0,0.0,1.0,23.0,0.0,5.0,1.0,2.0,0.18,0.2424,0.55,0.0,27.0
3.0,1.0,8.0,12.0,0.0,1.0,1.0,1.0,0.76,0.7121,0.62,0.0,283.0
3.0,1.0,7.0,16.0,1.0,3.0,0.0,1.0,0.92,0.8485,0.35,0.2537,389.0
4.0,1.0,12.0,4.0,0.0,4.0,1.0,2.0,0.26,0.2576,0.56,0.194,8.0
3.0,1.0,8.0,12.0,0.0,0.0,0.0,1.0,0.86,0.803,0.47,0.5224,491.0
2.0,1.0,4.0,14.0,0.0,5.0,1.0,1.0,0.52,0.5,0.27,0.0,348.0
4.0,1.0,10.0,16.0,0.0,5.0,1.0,1.0,0.72,0.6515,0.37,0.0,634.0
3.0,0.0,7.0,10.0,0.0,4.0,1.0,1.0,0.7,0.6364,0.42,0.2537,127.0
1.0,0.0,2.0,1.0,0.0,3.0,1.0,1.0,0.1,0.1061,0.36,0.2239,7.0
2.0,0.0,6.0,22.0,0.0,1.0,1.0,2.0,0.64,0.6061,0.73,0.2239,130.0
1.0,0.0,1.0,15.0,0.0,6.0,0.0,1.0,0.22,0.2121,0.69,0.2537,120.0
1.0,1.0,1.0,4.0,0.0,4.0,1.0,1.0,0.12,0.1515,0.54,0.1045,1.0
4.0,1.0,10.0,2.0,0.0,5.0,1.0,1.0,0.54,0.5152,0.73,0.0896,11.0
4.0,0.0,10.0,5.0,0.0,1.0,1.0,1.0,0.5,0.4848,0.63,0.2985,29.0
2.0,0.0,5.0,3.0,0.0,3.0,1.0,3.0,0.52,0.5,0.94,0.2985,9.0
1.0,0.0,2.0,1.0,0.0,4.0,1.0,1.0,0.34,0.3182,0.53,0.2239,6.0
2.0,0.0,5.0,12.0,0.0,1.0,1.0,1.0,0.62,0.6061,0.69,0.2239,187.0
4.0,0.0,10.0,16.0,0.0,3.0,1.0,2.0,0.52,0.5,0.77,0.0896,213.0
1.0,0.0,1.0,9.0,0.0,5.0,1.0,1.0,0.2,0.1818,0.51,0.3582,166.0
4.0,1.0,10.0,17.0,0.0,0.0,0.0,3.0,0.4,0.4091,0.82,0.2239,157.0
4.0,0.0,10.0,6.0,0.0,2.0,1.0,1.0,0.52,0.5,0.83,0.0896,123.0
2.0,1.0,6.0,7.0,0.0,5.0,1.0,2.0,0.64,0.5758,0.89,0.194,402.0
1.0,1.0,3.0,6.0,0.0,5.0,1.0,1.0,0.3,0.3333,0.7,0.0,92.0
4.0,0.0,10.0,10.0,1.0,1.0,0.0,1.0,0.56,0.5303,0.73,0.1642,265.0
3.0,0.0,8.0,23.0,0.0,4.0,1.0,1.0,0.66,0.6212,0.74,0.1045,132.0
3.0,0.0,7.0,23.0,0.0,5.0,1.0,1.0,0.78,0.7121,0.52,0.1045,116.0
4.0,0.0,11.0,6.0,0.0,0.0,0.0,1.0,0.38,0.3939,0.82,0.1642,9.0
1.0,1.0,12.0,6.0,0.0,1.0,1.0,1.0,0.2,0.2576,0.75,0.0,17.0
1.0,1.0,1.0,0.0,0.0,0.0,0.0,1.0,0.38,0.3939,0.4,0.2836,91.0
3.0,1.0,8.0,4.0,0.0,6.0,0.0,1.0,0.62,0.5909,0.73,0.2239,13.0
2.0,1.0,6.0,5.0,0.0,3.0,1.0,1.0,0.48,0.4697,0.77,0.0,38.0
3.0,0.0,8.0,5.0,0.0,6.0,0.0,1.0,0.64,0.5758,0.89,0.0896,6.0
1.0,0.0,2.0,2.0,0.0,5.0,1.0,2.0,0.32,0.3485,1.0,0.0,3.0
3.0,0.0,8.0,19.0,0.0,5.0,1.0,3.0,0.62,0.5909,0.73,0.4627,165.0
1.0,1.0,1.0,23.0,0.0,6.0,0.0,1.0,0.16,0.1515,0.47,0.2239,76.0
1.0,0.0,3.0,4.0,0.0,0.0,0.0,2.0,0.42,0.4242,0.88,0.3582,3.0
4.0,1.0,12.0,13.0,0.0,0.0,0.0,2.0,0.38,0.3939,0.87,0.2836,285.0
1.0,0.0,1.0,23.0,0.0,1.0,1.0,2.0,0.16,0.197,0.64,0.0896,17.0
3.0,0.0,9.0,7.0,0.0,4.0,1.0,2.0,0.62,0.5909,0.78,0.194,338.0
3.0,0.0,8.0,19.0,0.0,0.0,0.0,1.0,0.72,0.6818,0.7,0.2537,282.0
3.0,0.0,7.0,0.0,0.0,5.0,1.0,1.0,0.74,0.697,0.66,0.1045,47.0
2.0,1.0,5.0,0.0,0.0,2.0,1.0,2.0,0.52,0.5,0.52,0.2537,38.0
4.0,1.0,11.0,16.0,0.0,5.0,1.0,1.0,0.38,0.3939,0.4,0.3284,421.0
4.0,1.0,12.0,22.0,0.0,4.0,1.0,1.0,0.24,0.2424,0.65,0.1642,133.0
3.0,1.0,8.0,19.0,0.0,2.0,1.0,1.0,0.76,0.7273,0.66,0.194,627.0
3.0,1.0,8.0,6.0,0.0,4.0,1.0,1.0,0.6,0.5606,0.83,0.1642,163.0
3.0,1.0,9.0,22.0,0.0,2.0,1.0,1.0,0.74,0.697,0.7,0.2836,179.0
4.0,0.0,10.0,3.0,0.0,1.0,1.0,1.0,0.36,0.3788,0.81,0.0,7.0
4.0,0.0,11.0,7.0,0.0,0.0,0.0,1.0,0.26,0.2727,0.87,0.1045,28.0
4.0,0.0,11.0,13.0,0.0,4.0,1.0,2.0,0.34,0.303,0.49,0.4478,124.0
1.0,0.0,12.0,20.0,0.0,5.0,1.0,1.0,0.32,0.303,0.61,0.3284,50.0
2.0,1.0,4.0,10.0,0.0,1.0,1.0,2.0,0.42,0.4242,0.41,0.1642,157.0
3.0,0.0,7.0,16.0,0.0,2.0,1.0,1.0,0.86,0.7879,0.44,0.2836,202.0
3.0,1.0,7.0,10.0,0.0,4.0,1.0,1.0,0.74,0.6667,0.48,0.1642,214.0
2.0,1.0,5.0,4.0,0.0,2.0,1.0,3.0,0.56,0.5303,0.94,0.0,5.0
1.0,0.0,2.0,14.0,0.0,2.0,1.0,1.0,0.22,0.197,0.37,0.4179,64.0
2.0,0.0,5.0,1.0,0.0,2.0,1.0,3.0,0.56,0.5303,0.88,0.0,13.0
4.0,0.0,9.0,9.0,0.0,6.0,0.0,2.0,0.6,0.5455,0.88,0.0896,175.0
3.0,0.0,7.0,2.0,0.0,2.0,1.0,1.0,0.66,0.6212,0.74,0.0896,13.0
1.0,0.0,2.0,5.0,0.0,4.0,1.0,1.0,0.2,0.2121,0.69,0.1343,4.0
1.0,1.0,1.0,8.0,1.0,1.0,0.0,1.0,0.24,0.2273,0.35,0.2537,53.0
4.0,0.0,11.0,21.0,1.0,5.0,0.0,1.0,0.3,0.303,0.45,0.1642,83.0
4.0,1.0,11.0,11.0,0.0,1.0,1.0,2.0,0.38,0.3939,0.66,0.2537,197.0
3.0,0.0,8.0,2.0,0.0,0.0,0.0,3.0,0.64,0.5758,0.89,0.2239,62.0
1.0,0.0,1.0,12.0,0.0,3.0,1.0,1.0,0.26,0.2273,0.33,0.3284,79.0
4.0,0.0,10.0,9.0,0.0,5.0,1.0,1.0,0.32,0.303,0.57,0.2239,229.0
2.0,0.0,5.0,11.0,0.0,2.0,1.0,2.0,0.66,0.6212,0.65,0.3284,140.0
2.0,1.0,6.0,4.0,0.0,3.0,1.0,1.0,0.46,0.4545,0.82,0.1045,10.0
3.0,1.0,6.0,20.0,0.0,3.0,1.0,1.0,0.76,0.6667,0.31,0.194,445.0
2.0,1.0,4.0,20.0,0.0,1.0,1.0,1.0,0.5,0.4848,0.36,0.4478,276.0
3.0,1.0,9.0,22.0,0.0,6.0,0.0,1.0,0.56,0.5303,0.52,0.0,279.0
1.0,0.0,1.0,5.0,0.0,6.0,0.0,1.0,0.16,0.2273,0.59,0.0,1.0
4.0,1.0,11.0,20.0,0.0,4.0,1.0,1.0,0.38,0.3939,0.29,0.4627,245.0
3.0,0.0,6.0,2.0,0.0,3.0,1.0,1.0,0.66,0.6061,0.83,0.2239,16.0
4.0,0.0,10.0,6.0,0.0,4.0,1.0,1.0,0.44,0.4394,0.82,0.4179,92.0
3.0,1.0,7.0,0.0,0.0,5.0,1.0,2.0,0.7,0.6515,0.54,0.1642,95.0
1.0,1.0,2.0,8.0,0.0,0.0,0.0,2.0,0.24,0.2273,0.56,0.194,56.0
3.0,0.0,7.0,11.0,0.0,4.0,1.0,1.0,0.72,0.6515,0.37,0.2239,148.0
2.0,1.0,3.0,19.0,0.0,6.0,0.0,3.0,0.46,0.4545,0.94,0.1343,133.0
1.0,0.0,1.0,9.0,0.0,2.0,1.0,2.0,0.2,0.2273,0.64,0.0896,144.0
4.0,0.0,9.0,13.0,0.0,4.0,1.0,1.0,0.64,0.6212,0.61,0.194,211.0
4.0,0.0,11.0,22.0,0.0,6.0,0.0,1.0,0.42,0.4242,0.47,0.2537,118.0
3.0,0.0,7.0,23.0,0.0,0.0,0.0,1.0,0.72,0.6818,0.66,0.2537,72.0
2.0,0.0,4.0,15.0,0.0,5.0,1.0,2.0,0.56,0.5303,0.4,0.2985,252.0
1.0,1.0,1.0,2.0,0.0,0.0,0.0,1.0,0.36,0.3333,0.37,0.2836,67.0
3.0,1.0,9.0,9.0,0.0,6.0,0.0,1.0,0.6,0.6212,0.43,0.4179,342.0
3.0,0.0,6.0,18.0,0.0,4.0,1.0,1.0,0.76,0.6667,0.29,0.2537,586.0
2.0,1.0,4.0,0.0,0.0,1.0,1.0,1.0,0.44,0.4394,0.72,0.1045,48.0
2.0,0.0,6.0,0.0,0.0,6.0,0.0,1.0,0.56,0.5303,0.52,0.0,93.0
2.0,0.0,5.0,17.0,0.0,1.0,1.0,1.0,0.58,0.5455,0.88,0.2239,274.0
2.0,1.0,4.0,4.0,0.0,1.0,1.0,1.0,0.38,0.3939,0.62,0.2537,2.0
1.0,1.0,1.0,6.0,0.0,4.0,1.0,1.0,0.12,0.1364,0.54,0.1642,86.0
2.0,1.0,5.0,3.0,0.0,0.0,0.0,2.0,0.54,0.5152,0.64,0.1343,28.0
1.0,0.0,3.0,19.0,0.0,6.0,0.0,2.0,0.46,0.4545,0.67,0.3284,89.0
3.0,0.0,8.0,21.0,0.0,2.0,1.0,1.0,0.78,0.697,0.46,0.2537,230.0
4.0,0.0,10.0,11.0,0.0,6.0,0.0,3.0,0.38,0.3939,0.82,0.3284,132.0
1.0,0.0,1.0,2.0,0.0,3.0,1.0,1.0,0.16,0.197,0.74,0.0896,2.0
2.0,0.0,6.0,18.0,0.0,6.0,0.0,2.0,0.74,0.6818,0.55,0.194,381.0
4.0,1.0,9.0,17.0,0.0,0.0,0.0,1.0,0.62,0.6212,0.35,0.2836,575.0
1.0,0.0,2.0,20.0,0.0,5.0,1.0,1.0,0.6,0.6212,0.31,0.194,124.0
2.0,1.0,3.0,19.0,0.0,4.0,1.0,1.0,0.48,0.4697,0.39,0.2836,468.0
1.0,1.0,1.0,7.0,0.0,3.0,1.0,1.0,0.24,0.2273,0.75,0.2239,257.0
2.0,1.0,6.0,20.0,0.0,6.0,0.0,1.0,0.76,0.6667,0.35,0.2239,363.0
2.0,0.0,3.0,23.0,0.0,1.0,1.0,1.0,0.46,0.4545,0.88,0.0896,30.0
2.0,1.0,6.0,5.0,0.0,6.0,0.0,1.0,0.54,0.5152,0.68,0.1045,23.0
4.0,0.0,10.0,20.0,0.0,4.0,1.0,1.0,0.42,0.4242,0.67,0.4925,182.0
2.0,1.0,4.0,6.0,0.0,4.0,1.0,1.0,0.36,0.3333,0.46,0.3284,126.0
1.0,0.0,1.0,18.0,0.0,2.0,1.0,2.0,0.3,0.3182,0.49,0.0896,225.0
3.0,0.0,8.0,13.0,0.0,5.0,1.0,2.0,0.76,0.7121,0.62,0.194,232.0
3.0,0.0,8.0,13.0,0.0,4.0,1.0,1.0,0.76,0.7121,0.58,0.0,205.0
3.0,1.0,7.0,14.0,0.0,2.0,1.0,1.0,0.94,0.8333,0.29,0.2537,214.0
3.0,0.0,8.0,13.0,0.0,2.0,1.0,1.0,0.84,0.7879,0.49,0.1642,175.0
2.0,0.0,6.0,21.0,0.0,0.0,0.0,1.0,0.66,0.6061,0.83,0.1045,140.0
2.0,1.0,5.0,19.0,0.0,3.0,1.0,1.0,0.72,0.6667,0.54,0.1642,556.0
4.0,1.0,10.0,1.0,0.0,0.0,0.0,1.0,0.44,0.4394,0.54,0.2239,109.0
1.0,1.0,1.0,11.0,0.0,1.0,1.0,1.0,0.26,0.2576,0.38,0.0,99.0
4.0,0.0,11.0,3.0,0.0,0.0,0.0,1.0,0.24,0.2879,0.87,0.0,9.0
3.0,1.0,8.0,20.0,0.0,1.0,1.0,1.0,0.76,0.7273,0.66,0.1642,457.0
1.0,0.0,2.0,14.0,0.0,3.0,1.0,1.0,0.38,0.3939,0.82,0.3881,63.0
4.0,0.0,10.0,5.0,0.0,4.0,1.0,1.0,0.42,0.4242,0.62,0.194,24.0
2.0,1.0,5.0,10.0,0.0,6.0,0.0,1.0,0.68,0.6364,0.79,0.2239,437.0
2.0,1.0,6.0,5.0,0.0,2.0,1.0,2.0,0.6,0.5758,0.78,0.194,37.0
1.0,1.0,1.0,1.0,0.0,0.0,0.0,1.0,0.36,0.3485,0.66,0.1343,93.0
4.0,0.0,10.0,1.0,0.0,2.0,1.0,1.0,0.44,0.4394,0.77,0.1343,11.0
3.0,1.0,7.0,20.0,0.0,5.0,1.0,1.0,0.78,0.7424,0.59,0.1045,354.0
2.0,0.0,5.0,20.0,0.0,5.0,1.0,2.0,0.52,0.5,0.83,0.1343,152.0
3.0,0.0,8.0,13.0,0.0,3.0,1.0,1.0,0.82,0.7273,0.38,0.2836,191.0
4.0,0.0,12.0,6.0,0.0,5.0,1.0,1.0,0.22,0.2727,0.8,0.0,87.0
4.0,1.0,9.0,20.0,0.0,4.0,1.0,2.0,0.64,0.6061,0.69,0.2239,457.0
1.0,0.0,1.0,15.0,0.0,0.0,0.0,1.0,0.16,0.1364,0.28,0.3582,77.0
1.0,0.0,1.0,21.0,0.0,6.0,0.0,1.0,0.06,0.1061,0.41,0.0896,39.0
3.0,0.0,8.0,23.0,0.0,3.0,1.0,1.0,0.68,0.6364,0.69,0.2985,70.0
2.0,0.0,4.0,12.0,0.0,6.0,0.0,1.0,0.52,0.5,0.83,0.4179,291.0
2.0,0.0,6.0,19.0,0.0,1.0,1.0,1.0,0.66,0.6212,0.39,0.2836,423.0
3.0,1.0,6.0,5.0,0.0,5.0,1.0,1.0,0.7,0.6515,0.61,0.1045,45.0
1.0,0.0,1.0,6.0,0.0,0.0,0.0,1.0,0.1,0.0909,0.49,0.2836,1.0
4.0,1.0,10.0,10.0,0.0,5.0,1.0,1.0,0.52,0.5,0.36,0.2985,275.0
3.0,0.0,8.0,10.0,0.0,4.0,1.0,1.0,0.74,0.697,0.66,0.2537,129.0
3.0,1.0,8.0,2.0,0.0,4.0,1.0,1.0,0.62,0.5909,0.73,0.0,17.0
3.0,1.0,6.0,8.0,0.0,4.0,1.0,1.0,0.66,0.6212,0.5,0.1343,617.0
3.0,0.0,6.0,22.0,0.0,1.0,1.0,1.0,0.68,0.6364,0.69,0.0,145.0
3.0,1.0,8.0,10.0,0.0,2.0,1.0,2.0,0.74,0.697,0.7,0.1343,250.0
3.0,0.0,7.0,20.0,0.0,5.0,1.0,1.0,0.86,0.7879,0.41,0.3284,206.0
2.0,0.0,4.0,16.0,0.0,0.0,0.0,2.0,0.52,0.5,0.72,0.1642,288.0
3.0,1.0,7.0,7.0,0.0,0.0,0.0,1.0,0.66,0.6212,0.69,0.2537,40.0
1.0,0.0,3.0,22.0,0.0,1.0,1.0,1.0,0.32,0.3333,0.49,0.1045,47.0
3.0,1.0,7.0,22.0,0.0,5.0,1.0,1.0,0.74,0.6667,0.45,0.0,263.0
2.0,1.0,5.0,17.0,0.0,3.0,1.0,1.0,0.72,0.6667,0.51,0.194,873.0
1.0,0.0,2.0,20.0,0.0,5.0,1.0,1.0,0.22,0.2273,0.55,0.1343,63.0
2.0,0.0,6.0,7.0,0.0,2.0,1.0,1.0,0.56,0.5303,0.52,0.4179,365.0
1.0,1.0,2.0,18.0,0.0,1.0,1.0,1.0,0.52,0.5,0.27,0.4179,527.0
1.0,0.0,2.0,7.0,0.0,3.0,1.0,1.0,0.06,0.1061,0.49,0.1045,99.0
3.0,0.0,7.0,17.0,0.0,4.0,1.0,1.0,0.86,0.7576,0.36,0.2537,569.0
3.0,0.0,9.0,18.0,0.0,4.0,1.0,1.0,0.72,0.6667,0.54,0.2239,531.0
3.0,1.0,7.0,11.0,0.0,4.0,1.0,1.0,0.8,0.7576,0.55,0.1045,216.0
4.0,0.0,10.0,18.0,0.0,1.0,1.0,1.0,0.54,0.5152,0.6,0.0896,486.0
4.0,0.0,12.0,8.0,0.0,3.0,1.0,2.0,0.26,0.303,0.87,0.0,467.0
2.0,0.0,6.0,21.0,0.0,6.0,0.0,2.0,0.72,0.6818,0.66,0.1045,183.0
4.0,0.0,12.0,7.0,0.0,0.0,0.0,1.0,0.18,0.2424,0.55,0.0,31.0
4.0,1.0,11.0,5.0,0.0,4.0,1.0,2.0,0.3,0.2879,0.61,0.2239,37.0
3.0,0.0,7.0,21.0,0.0,5.0,1.0,1.0,0.82,0.803,0.59,0.0896,190.0
3.0,0.0,8.0,11.0,0.0,3.0,1.0,2.0,0.74,0.6818,0.58,0.1045,122.0
1.0,1.0,3.0,4.0,0.0,6.0,0.0,1.0,0.24,0.2121,0.41,0.3582,4.0
1.0,0.0,3.0,5.0,0.0,2.0,1.0,1.0,0.2,0.1818,0.64,0.2836,2.0
3.0,1.0,7.0,3.0,0.0,4.0,1.0,1.0,0.72,0.6667,0.54,0.194,7.0
3.0,1.0,9.0,23.0,0.0,5.0,1.0,1.0,0.66,0.5909,0.89,0.2537,248.0
3.0,0.0,7.0,19.0,1.0,1.0,0.0,2.0,0.78,0.7121,0.49,0.1642,375.0
2.0,1.0,3.0,1.0,0.0,5.0,1.0,1.0,0.54,0.5152,0.88,0.0,50.0
4.0,1.0,10.0,15.0,0.0,6.0,0.0,1.0,0.5,0.4848,0.36,0.194,615.0
2.0,1.0,4.0,12.0,0.0,1.0,1.0,2.0,0.44,0.4394,0.47,0.1343,225.0
2.0,0.0,5.0,20.0,0.0,3.0,1.0,1.0,0.54,0.5152,0.64,0.1343,273.0
1.0,0.0,1.0,9.0,0.0,5.0,1.0,1.0,0.14,0.1515,0.69,0.1343,117.0
3.0,0.0,7.0,18.0,0.0,6.0,0.0,1.0,0.92,0.8788,0.4,0.2239,196.0
1.0,1.0,1.0,16.0,0.0,5.0,1.0,1.0,0.44,0.4394,0.51,0.5522,267.0
3.0,0.0,7.0,18.0,0.0,4.0,1.0,1.0,0.72,0.6515,0.42,0.194,578.0
4.0,1.0,11.0,21.0,0.0,2.0,1.0,1.0,0.36,0.3788,0.71,0.0,157.0
2.0,0.0,5.0,6.0,0.0,2.0,1.0,2.0,0.52,0.5,0.94,0.1642,109.0
2.0,0.0,5.0,9.0,0.0,1.0,1.0,2.0,0.5,0.4848,0.77,0.2836,172.0
1.0,0.0,2.0,10.0,0.0,3.0,1.0,1.0,0.26,0.2273,0.41,0.3881,69.0
4.0,0.0,9.0,1.0,0.0,2.0,1.0,1.0,0.62,0.5455,0.94,0.1642,10.0
4.0,0.0,11.0,13.0,1.0,4.0,0.0,1.0,0.48,0.4697,0.33,0.2239,175.0
1.0,0.0,1.0,17.0,0.0,1.0,1.0,1.0,0.14,0.1212,0.5,0.2537,184.0
1.0,1.0,1.0,4.0,0.0,0.0,0.0,1.0,0.28,0.303,0.81,0.0896,8.0
1.0,0.0,3.0,0.0,0.0,0.0,0.0,2.0,0.42,0.4242,0.77,0.3582,52.0
3.0,1.0,7.0,22.0,0.0,2.0,1.0,2.0,0.64,0.5758,0.83,0.1343,139.0
4.0,0.0,12.0,16.0,0.0,2.0,1.0,3.0,0.46,0.4545,1.0,0.2537,88.0
2.0,1.0,5.0,21.0,0.0,5.0,1.0,1.0,0.6,0.6061,0.28,0.1045,270.0
3.0,0.0,9.0,15.0,1.0,1.0,0.0,2.0,0.68,0.6364,0.79,0.2836,253.0
4.0,0.0,10.0,14.0,0.0,0.0,0.0,1.0,0.68,0.6364,0.47,0.1642,500.0
3.0,0.0,7.0,19.0,0.0,3.0,1.0,1.0,0.82,0.8485,0.67,0.1642,382.0
4.0,1.0,11.0,19.0,0.0,6.0,0.0,1.0,0.34,0.3485,0.53,0.0896,253.0
1.0,0.0,1.0,15.0,0.0,5.0,1.0,1.0,0.24,0.2424,0.38,0.1642,68.0
2.0,1.0,4.0,13.0,0.0,2.0,1.0,1.0,0.56,0.5303,0.19,0.2537,345.0
4.0,1.0,12.0,6.0,0.0,0.0,0.0,2.0,0.34,0.3636,0.87,0.0,6.0
1.0,1.0,12.0,5.0,0.0,0.0,0.0,2.0,0.26,0.2273,0.48,0.2985,2.0
3.0,1.0,9.0,2.0,0.0,3.0,1.0,1.0,0.52,0.5,0.72,0.0896,11.0
3.0,1.0,9.0,17.0,0.0,5.0,1.0,1.0,0.72,0.6667,0.51,0.194,894.0
3.0,0.0,7.0,3.0,0.0,0.0,0.0,3.0,0.68,0.6364,0.65,0.0896,33.0
2.0,0.0,5.0,23.0,0.0,5.0,1.0,1.0,0.58,0.5455,0.88,0.1343,127.0
1.0,1.0,12.0,17.0,0.0,1.0,1.0,3.0,0.24,0.2424,0.93,0.1642,26.0
1.0,1.0,3.0,19.0,0.0,2.0,1.0,1.0,0.64,0.6212,0.47,0.2239,479.0
1.0,0.0,1.0,18.0,0.0,1.0,1.0,1.0,0.14,0.1364,0.59,0.194,153.0
1.0,1.0,1.0,3.0,0.0,6.0,0.0,1.0,0.14,0.1667,0.54,0.1045,20.0
3.0,1.0,7.0,13.0,0.0,4.0,1.0,1.0,0.92,0.8333,0.33,0.2239,310.0
4.0,1.0,10.0,22.0,0.0,3.0,1.0,2.0,0.6,0.6061,0.64,0.1343,238.0
2.0,1.0,5.0,13.0,1.0,1.0,0.0,1.0,0.8,0.7879,0.63,0.2836,556.0
4.0,1.0,12.0,12.0,0.0,2.0,1.0,2.0,0.36,0.3182,0.53,0.4478,226.0
3.0,1.0,7.0,16.0,0.0,2.0,1.0,1.0,0.8,0.7576,0.55,0.2985,455.0
3.0,1.0,8.0,7.0,0.0,5.0,1.0,2.0,0.64,0.5909,0.78,0.0,425.0
3.0,1.0,6.0,17.0,0.0,3.0,1.0,1.0,0.82,0.697,0.24,0.3881,843.0
4.0,0.0,10.0,8.0,0.0,4.0,1.0,3.0,0.48,0.4697,0.88,0.194,316.0
3.0,0.0,8.0,7.0,0.0,2.0,1.0,1.0,0.72,0.6667,0.61,0.2836,335.0
3.0,0.0,9.0,15.0,0.0,6.0,0.0,1.0,0.74,0.6818,0.55,0.2239,480.0
1.0,0.0,3.0,20.0,0.0,1.0,1.0,1.0,0.34,0.3182,0.46,0.2239,129.0
2.0,1.0,4.0,6.0,0.0,3.0,1.0,1.0,0.34,0.3636,0.66,0.0,106.0
3.0,1.0,8.0,16.0,0.0,6.0,0.0,2.0,0.66,0.6212,0.74,0.2985,434.0
3.0,1.0,8.0,5.0,0.0,3.0,1.0,2.0,0.68,0.6364,0.89,0.1642,43.0
1.0,0.0,3.0,19.0,0.0,0.0,0.0,1.0,0.36,0.3333,0.43,0.2836,79.0
3.0,0.0,7.0,4.0,0.0,0.0,0.0,1.0,0.62,0.5909,0.73,0.1642,10.0
1.0,1.0,3.0,3.0,0.0,5.0,1.0,2.0,0.4,0.4091,0.87,0.2836,3.0
3.0,0.0,8.0,19.0,0.0,4.0,1.0,1.0,0.66,0.6061,0.83,0.1045,141.0
3.0,0.0,9.0,10.0,0.0,0.0,0.0,1.0,0.5,0.4848,0.72,0.1642,260.0
1.0,1.0,1.0,1.0,0.0,3.0,1.0,2.0,0.46,0.4545,0.77,0.3284,10.0
3.0,0.0,8.0,7.0,0.0,1.0,1.0,1.0,0.74,0.6818,0.62,0.0,282.0
4.0,1.0,10.0,21.0,0.0,3.0,1.0,2.0,0.4,0.4091,0.5,0.194,192.0
3.0,1.0,7.0,13.0,0.0,0.0,0.0,1.0,0.8,0.7424,0.49,0.2239,483.0
1.0,1.0,3.0,4.0,0.0,1.0,1.0,1.0,0.2,0.2273,0.55,0.0896,1.0
2.0,0.0,5.0,1.0,0.0,4.0,1.0,1.0,0.5,0.4848,0.94,0.0,6.0
4.0,1.0,12.0,3.0,0.0,6.0,0.0,2.0,0.26,0.2727,0.81,0.1343,15.0
3.0,0.0,8.0,6.0,0.0,3.0,1.0,1.0,0.62,0.5909,0.78,0.0,105.0
3.0,0.0,7.0,10.0,0.0,6.0,0.0,1.0,0.72,0.6667,0.54,0.194,322.0
1.0,1.0,2.0,23.0,0.0,6.0,0.0,2.0,0.36,0.3333,0.4,0.3881,74.0
1.0,1.0,12.0,23.0,0.0,1.0,1.0,3.0,0.24,0.2879,0.93,0.0,11.0
2.0,0.0,5.0,18.0,0.0,4.0,1.0,1.0,0.62,0.6061,0.69,0.2239,527.0
1.0,1.0,1.0,18.0,0.0,2.0,1.0,1.0,0.4,0.4091,0.4,0.1045,385.0
4.0,0.0,12.0,4.0,0.0,0.0,0.0,1.0,0.16,0.1667,0.59,0.1642,5.0
4.0,0.0,11.0,1.0,0.0,6.0,0.0,1.0,0.32,0.303,0.45,0.2985,62.0
3.0,0.0,7.0,22.0,0.0,5.0,1.0,1.0,0.66,0.6212,0.57,0.2239,223.0
3.0,1.0,7.0,7.0,0.0,5.0,1.0,2.0,0.7,0.6515,0.54,0.0,380.0
3.0,1.0,8.0,11.0,0.0,6.0,0.0,1.0,0.74,0.697,0.66,0.1642,499.0
2.0,0.0,6.0,2.0,0.0,1.0,1.0,1.0,0.64,0.5758,0.89,0.0896,2.0
1.0,0.0,3.0,12.0,0.0,2.0,1.0,2.0,0.36,0.3788,0.23,0.0,99.0
1.0,1.0,12.0,9.0,0.0,5.0,1.0,2.0,0.24,0.2121,0.6,0.2836,191.0
3.0,0.0,8.0,2.0,0.0,4.0,1.0,1.0,0.66,0.6212,0.54,0.1343,11.0
1.0,0.0,1.0,15.0,0.0,1.0,1.0,2.0,0.16,0.1818,0.59,0.1343,44.0
1.0,0.0,3.0,14.0,0.0,1.0,1.0,1.0,0.32,0.2879,0.36,0.4179,77.0
3.0,1.0,7.0,15.0,0.0,6.0,0.0,3.0,0.6,0.5455,0.88,0.2537,380.0
1.0,1.0,3.0,22.0,0.0,3.0,1.0,1.0,0.46,0.4545,0.59,0.2985,159.0
1.0,1.0,12.0,0.0,1.0,2.0,0.0,3.0,0.24,0.2576,0.93,0.0896,13.0
2.0,0.0,5.0,1.0,0.0,1.0,1.0,1.0,0.56,0.5303,0.88,0.1045,9.0
4.0,1.0,12.0,5.0,0.0,0.0,0.0,2.0,0.4,0.4091,0.87,0.1045,8.0
1.0,1.0,1.0,5.0,0.0,5.0,1.0,2.0,0.3,0.2424,0.7,0.5522,21.0
3.0,1.0,8.0,1.0,0.0,4.0,1.0,1.0,0.64,0.6061,0.65,0.0,23.0
3.0,1.0,8.0,23.0,0.0,6.0,0.0,1.0,0.64,0.6061,0.65,0.0896,235.0
4.0,1.0,9.0,0.0,0.0,5.0,1.0,3.0,0.6,0.5455,0.88,0.1642,17.0
1.0,0.0,2.0,15.0,0.0,5.0,1.0,1.0,0.66,0.6212,0.36,0.3284,172.0
3.0,1.0,8.0,6.0,0.0,2.0,1.0,3.0,0.64,0.5758,0.83,0.194,64.0
1.0,0.0,1.0,0.0,0.0,2.0,1.0,1.0,0.14,0.1667,0.59,0.1045,12.0
4.0,1.0,12.0,17.0,0.0,4.0,1.0,1.0,0.32,0.3333,0.42,0.1045,550.0
3.0,0.0,7.0,17.0,0.0,5.0,1.0,1.0,0.82,0.697,0.21,0.194,461.0
3.0,0.0,8.0,6.0,0.0,1.0,1.0,1.0,0.66,0.6212,0.61,0.2985,112.0
2.0,1.0,5.0,10.0,0.0,5.0,1.0,1.0,0.6,0.6212,0.46,0.1343,255.0
3.0,1.0,8.0,17.0,0.0,5.0,1.0,1.0,0.82,0.2424,0.36,0.3284,791.0
2.0,0.0,6.0,17.0,0.0,5.0,1.0,1.0,0.82,0.7727,0.52,0.2239,517.0
3.0,0.0,7.0,11.0,0.0,4.0,1.0,1.0,0.84,0.8182,0.56,0.2836,154.0
2.0,0.0,5.0,3.0,0.0,4.0,1.0,1.0,0.48,0.4697,1.0,0.0,4.0
1.0,1.0,2.0,11.0,0.0,4.0,1.0,1.0,0.24,0.2273,0.52,0.2239,99.0
4.0,0.0,12.0,1.0,0.0,6.0,0.0,2.0,0.26,0.2576,0.7,0.1642,66.0
3.0,1.0,9.0,5.0,0.0,5.0,1.0,1.0,0.5,0.4848,0.82,0.0,49.0
4.0,1.0,11.0,12.0,0.0,5.0,1.0,1.0,0.4,0.4091,0.43,0.2836,290.0
4.0,1.0,12.0,2.0,0.0,6.0,0.0,2.0,0.26,0.303,0.81,0.0,50.0
4.0,0.0,10.0,18.0,0.0,1.0,1.0,1.0,0.4,0.4091,0.66,0.0896,422.0
4.0,0.0,12.0,22.0,0.0,2.0,1.0,3.0,0.46,0.4545,1.0,0.1642,87.0
3.0,0.0,9.0,0.0,0.0,4.0,1.0,1.0,0.6,0.5152,0.94,0.1045,41.0
4.0,0.0,12.0,4.0,0.0,5.0,1.0,1.0,0.22,0.2727,0.8,0.0,2.0
3.0,0.0,9.0,10.0,0.0,4.0,1.0,2.0,0.64,0.5606,0.94,0.1045,65.0
3.0,0.0,8.0,23.0,0.0,3.0,1.0,1.0,0.74,0.6515,0.37,0.0896,108.0
1.0,0.0,12.0,0.0,0.0,3.0,1.0,2.0,0.34,0.3333,0.71,0.1343,25.0
2.0,1.0,5.0,6.0,1.0,1.0,0.0,1.0,0.62,0.5909,0.73,0.1642,20.0
3.0,1.0,7.0,4.0,0.0,0.0,0.0,1.0,0.7,0.6667,0.79,0.194,4.0
2.0,0.0,5.0,10.0,0.0,3.0,1.0,1.0,0.7,0.6515,0.61,0.0896,135.0
1.0,1.0,2.0,18.0,0.0,4.0,1.0,1.0,0.54,0.5152,0.37,0.1343,522.0
2.0,0.0,5.0,23.0,0.0,0.0,0.0,1.0,0.54,0.5152,0.88,0.2239,69.0
1.0,1.0,1.0,16.0,0.0,5.0,1.0,1.0,0.52,0.5,0.27,0.2836,294.0
2.0,0.0,3.0,11.0,0.0,4.0,1.0,2.0,0.3,0.2727,0.81,0.2985,71.0
3.0,0.0,8.0,23.0,0.0,4.0,1.0,2.0,0.7,0.6667,0.74,0.1343,114.0
2.0,1.0,4.0,20.0,0.0,5.0,1.0,1.0,0.46,0.4545,0.24,0.2836,252.0
1.0,1.0,2.0,1.0,0.0,1.0,1.0,1.0,0.22,0.2576,0.75,0.0896,6.0
4.0,0.0,10.0,1.0,0.0,4.0,1.0,2.0,0.54,0.5152,0.94,0.0,12.0
4.0,0.0,12.0,22.0,0.0,5.0,1.0,2.0,0.3,0.303,0.49,0.1642,106.0
4.0,0.0,11.0,6.0,0.0,0.0,0.0,1.0,0.34,0.3333,0.66,0.1343,23.0
1.0,0.0,3.0,16.0,0.0,3.0,1.0,2.0,0.34,0.303,0.76,0.3284,112.0
1.0,1.0,2.0,8.0,0.0,3.0,1.0,2.0,0.28,0.2879,0.75,0.1045,116.0
1.0,1.0,3.0,21.0,0.0,5.0,1.0,1.0,0.36,0.3333,0.34,0.3284,141.0
4.0,1.0,10.0,19.0,0.0,4.0,1.0,1.0,0.66,0.6212,0.57,0.1045,534.0
3.0,0.0,8.0,15.0,0.0,1.0,1.0,1.0,0.84,0.7576,0.41,0.2985,126.0
3.0,1.0,9.0,11.0,0.0,5.0,1.0,2.0,0.68,0.6364,0.61,0.1045,280.0
4.0,0.0,9.0,8.0,0.0,5.0,1.0,3.0,0.62,0.5455,0.94,0.1343,317.0
2.0,1.0,6.0,17.0,0.0,1.0,1.0,2.0,0.8,0.7121,0.41,0.3582,800.0
3.0,1.0,7.0,6.0,0.0,0.0,0.0,1.0,0.68,0.6364,0.83,0.1343,15.0
2.0,0.0,4.0,10.0,0.0,2.0,1.0,3.0,0.5,0.4848,0.82,0.4179,40.0
2.0,1.0,5.0,14.0,0.0,4.0,1.0,1.0,0.56,0.5303,0.37,0.4179,247.0
4.0,0.0,10.0,0.0,0.0,6.0,0.0,1.0,0.48,0.4697,0.72,0.0,89.0
1.0,0.0,1.0,20.0,0.0,5.0,1.0,1.0,0.18,0.2424,0.59,0.0,68.0
1.0,1.0,1.0,8.0,0.0,2.0,1.0,2.0,0.18,0.197,0.93,0.1642,471.0
3.0,0.0,8.0,17.0,0.0,1.0,1.0,2.0,0.7,0.6364,0.47,0.2239,591.0
2.0,1.0,3.0,3.0,0.0,4.0,1.0,1.0,0.58,0.5455,0.28,0.2537,5.0
4.0,0.0,10.0,0.0,0.0,0.0,0.0,3.0,0.36,0.3333,0.93,0.2985,47.0
4.0,1.0,11.0,8.0,0.0,1.0,1.0,2.0,0.3,0.2879,0.49,0.2239,648.0
1.0,0.0,2.0,3.0,0.0,6.0,0.0,1.0,0.12,0.197,0.8,0.0,10.0
4.0,0.0,10.0,9.0,0.0,3.0,1.0,3.0,0.52,0.5,0.88,0.4925,202.0
1.0,0.0,2.0,13.0,0.0,0.0,0.0,1.0,0.34,0.3636,0.46,0.0,182.0
4.0,0.0,10.0,3.0,1.0,1.0,0.0,1.0,0.46,0.4545,0.88,0.0,11.0
4.0,1.0,11.0,16.0,0.0,1.0,1.0,1.0,0.36,0.3333,0.43,0.2836,360.0
4.0,0.0,11.0,12.0,0.0,6.0,0.0,1.0,0.36,0.3485,0.46,0.1642,372.0
4.0,0.0,10.0,13.0,0.0,0.0,0.0,1.0,0.66,0.6212,0.44,0.0896,418.0
2.0,0.0,6.0,5.0,0.0,0.0,0.0,2.0,0.62,0.6061,0.61,0.1343,6.0
3.0,0.0,7.0,18.0,0.0,6.0,0.0,1.0,0.82,0.7121,0.3,0.2836,383.0
4.0,0.0,10.0,15.0,0.0,4.0,1.0,2.0,0.52,0.5,0.83,0.1045,107.0
1.0,0.0,3.0,19.0,0.0,6.0,0.0,1.0,0.44,0.4394,0.33,0.2836,154.0
2.0,0.0,6.0,2.0,0.0,1.0,1.0,1.0,0.62,0.5909,0.73,0.2836,10.0
2.0,0.0,6.0,0.0,0.0,4.0,1.0,1.0,0.74,0.6515,0.4,0.3582,42.0
1.0,1.0,12.0,15.0,0.0,5.0,1.0,2.0,0.3,0.2727,0.42,0.3881,263.0
1.0,0.0,1.0,5.0,0.0,3.0,1.0,2.0,0.22,0.2576,0.93,0.0896,7.0
2.0,1.0,5.0,7.0,0.0,5.0,1.0,1.0,0.42,0.4242,0.5,0.2537,351.0
1.0,0.0,1.0,19.0,0.0,5.0,1.0,1.0,0.16,0.197,0.59,0.0896,92.0
4.0,1.0,11.0,22.0,0.0,6.0,0.0,1.0,0.38,0.3939,0.71,0.0896,193.0
4.0,0.0,11.0,7.0,0.0,2.0,1.0,3.0,0.38,0.3939,0.94,0.2239,121.0
4.0,0.0,10.0,12.0,0.0,2.0,1.0,2.0,0.6,0.5909,0.73,0.1642,181.0
1.0,1.0,2.0,14.0,0.0,3.0,1.0,1.0,0.44,0.4394,0.54,0.3284,177.0
3.0,0.0,8.0,4.0,0.0,1.0,1.0,1.0,0.68,0.6364,0.65,0.194,12.0
4.0,0.0,11.0,19.0,0.0,2.0,1.0,2.0,0.5,0.4848,0.72,0.3582,286.0
4.0,0.0,9.0,13.0,0.0,3.0,1.0,1.0,0.7,0.6667,0.74,0.2537,162.0
4.0,0.0,10.0,2.0,0.0,5.0,1.0,1.0,0.56,0.5303,0.94,0.1642,6.0
2.0,0.0,6.0,21.0,0.0,6.0,0.0,1.0,0.66,0.6212,0.74,0.2239,220.0
2.0,0.0,6.0,10.0,0.0,0.0,0.0,1.0,0.76,0.7121,0.58,0.0896,311.0
3.0,1.0,8.0,16.0,0.0,5.0,1.0,2.0,0.76,0.6818,0.48,0.1343,515.0
2.0,0.0,5.0,22.0,0.0,0.0,0.0,1.0,0.6,0.5606,0.83,0.1343,121.0
4.0,1.0,10.0,7.0,0.0,2.0,1.0,3.0,0.58,0.5455,0.83,0.1045,260.0
2.0,1.0,4.0,18.0,0.0,2.0,1.0,1.0,0.54,0.5152,0.22,0.4179,704.0
1.0,0.0,3.0,3.0,0.0,5.0,1.0,2.0,0.18,0.1667,0.74,0.2537,1.0
2.0,0.0,6.0,20.0,0.0,6.0,0.0,1.0,0.68,0.6364,0.74,0.2537,275.0
2.0,0.0,6.0,22.0,0.0,2.0,1.0,1.0,0.7,0.6515,0.65,0.1343,153.0
3.0,0.0,7.0,0.0,0.0,6.0,0.0,1.0,0.62,0.6061,0.65,0.194,110.0
3.0,1.0,7.0,10.0,1.0,3.0,0.0,1.0,0.8,0.7273,0.46,0.0,447.0
2.0,1.0,4.0,1.0,0.0,1.0,1.0,1.0,0.46,0.4545,0.41,0.1343,16.0
2.0,1.0,4.0,3.0,0.0,2.0,1.0,1.0,0.38,0.3939,0.46,0.0,3.0
2.0,0.0,5.0,9.0,0.0,2.0,1.0,2.0,0.64,0.6061,0.73,0.194,138.0
4.0,1.0,10.0,21.0,0.0,2.0,1.0,2.0,0.3,0.3182,0.87,0.1045,64.0
4.0,0.0,10.0,3.0,0.0,5.0,1.0,1.0,0.56,0.5303,0.94,0.1343,7.0
3.0,1.0,8.0,1.0,0.0,4.0,1.0,1.0,0.7,0.6667,0.79,0.1343,28.0
1.0,0.0,3.0,15.0,0.0,3.0,1.0,2.0,0.4,0.4091,0.76,0.2537,101.0
1.0,1.0,1.0,18.0,0.0,4.0,1.0,2.0,0.42,0.4242,0.71,0.0,406.0
4.0,0.0,10.0,1.0,0.0,6.0,0.0,1.0,0.4,0.4091,0.62,0.194,70.0
3.0,0.0,7.0,5.0,0.0,4.0,1.0,1.0,0.64,0.5758,0.89,0.1045,32.0
4.0,1.0,12.0,6.0,0.0,3.0,1.0,3.0,0.48,0.4697,0.55,0.3881,124.0
4.0,0.0,11.0,9.0,0.0,0.0,0.0,1.0,0.46,0.4545,0.72,0.2836,111.0
3.0,1.0,7.0,14.0,0.0,3.0,1.0,1.0,0.94,0.8788,0.38,0.3284,170.0
1.0,1.0,3.0,14.0,0.0,4.0,1.0,1.0,0.58,0.5455,0.35,0.2239,211.0
3.0,1.0,9.0,22.0,0.0,0.0,0.0,1.0,0.58,0.5455,0.49,0.2537,189.0
4.0,0.0,9.0,14.0,0.0,4.0,1.0,1.0,0.68,0.6364,0.51,0.2985,167.0
4.0,0.0,11.0,18.0,1.0,5.0,0.0,1.0,0.34,0.3182,0.39,0.2537,208.0
1.0,1.0,1.0,7.0,1.0,1.0,0.0,1.0,0.24,0.2121,0.32,0.3881,16.0
4.0,1.0,10.0,2.0,0.0,3.0,1.0,1.0,0.54,0.5152,0.68,0.0,6.0
2.0,1.0,5.0,6.0,0.0,3.0,1.0,2.0,0.56,0.5303,0.88,0.1045,126.0
2.0,0.0,6.0,15.0,0.0,6.0,0.0,2.0,0.74,0.6515,0.27,0.4179,404.0
4.0,0.0,11.0,20.0,0.0,0.0,0.0,1.0,0.36,0.3636,0.81,0.1045,116.0
3.0,0.0,7.0,14.0,0.0,5.0,1.0,1.0,0.82,0.697,0.23,0.194,303.0
4.0,1.0,11.0,5.0,0.0,5.0,1.0,2.0,0.32,0.3182,0.66,0.1642,26.0
1.0,0.0,3.0,23.0,0.0,6.0,0.0,1.0,0.38,0.3939,0.66,0.0896,49.0
1.0,1.0,3.0,12.0,0.0,2.0,1.0,1.0,0.26,0.2727,0.41,0.1045,138.0
3.0,0.0,9.0,12.0,0.0,3.0,1.0,2.0,0.64,0.5909,0.78,0.0896,193.0
3.0,0.0,9.0,1.0,0.0,4.0,1.0,1.0,0.64,0.6061,0.69,0.1642,20.0
3.0,1.0,7.0,9.0,0.0,5.0,1.0,2.0,0.72,0.6667,0.51,0.0,414.0
2.0,1.0,3.0,16.0,0.0,3.0,1.0,1.0,0.58,0.5455,0.73,0.0,378.0
2.0,1.0,4.0,12.0,0.0,3.0,1.0,2.0,0.36,0.3333,0.46,0.3881,182.0
4.0,0.0,10.0,17.0,0.0,1.0,1.0,1.0,0.42,0.4242,0.54,0.1343,486.0
2.0,1.0,6.0,23.0,0.0,1.0,1.0,3.0,0.6,0.5758,0.78,0.194,74.0
2.0,1.0,4.0,9.0,0.0,6.0,0.0,1.0,0.42,0.4242,0.54,0.1343,265.0
1.0,0.0,2.0,20.0,1.0,1.0,0.0,3.0,0.24,0.2121,0.81,0.3881,29.0
3.0,1.0,8.0,15.0,0.0,5.0,1.0,1.0,0.86,0.2424,0.3,0.4627,383.0
3.0,0.0,6.0,12.0,0.0,4.0,1.0,2.0,0.76,0.7273,0.66,0.2836,160.0
3.0,0.0,6.0,17.0,0.0,5.0,1.0,1.0,0.76,0.6667,0.37,0.2537,557.0
4.0,1.0,11.0,3.0,0.0,1.0,1.0,1.0,0.2,0.2576,0.69,0.0,5.0
3.0,1.0,6.0,0.0,0.0,6.0,0.0,1.0,0.64,0.5758,0.83,0.0,116.0
1.0,0.0,1.0,23.0,0.0,0.0,0.0,1.0,0.12,0.1364,0.5,0.194,6.0
1.0,0.0,1.0,21.0,0.0,1.0,1.0,1.0,0.14,0.1515,0.63,0.1642,59.0
1.0,0.0,12.0,22.0,1.0,1.0,0.0,1.0,0.26,0.303,0.7,0.0,27.0
1.0,0.0,1.0,10.0,1.0,1.0,0.0,2.0,0.16,0.1515,0.5,0.2537,57.0
2.0,0.0,3.0,9.0,0.0,0.0,0.0,1.0,0.22,0.2273,0.55,0.1343,54.0
3.0,0.0,7.0,8.0,0.0,0.0,0.0,1.0,0.76,0.697,0.55,0.2239,142.0
1.0,0.0,12.0,4.0,0.0,3.0,1.0,2.0,0.36,0.3788,0.71,0.0,2.0
2.0,0.0,4.0,5.0,0.0,2.0,1.0,1.0,0.54,0.5152,0.88,0.2537,16.0
1.0,1.0,3.0,17.0,0.0,1.0,1.0,1.0,0.64,0.6212,0.53,0.2239,721.0
4.0,1.0,10.0,23.0,0.0,1.0,1.0,3.0,0.54,0.5152,0.77,0.0,105.0
2.0,1.0,3.0,4.0,0.0,2.0,1.0,1.0,0.24,0.2121,0.32,0.3582,3.0
3.0,0.0,9.0,10.0,0.0,4.0,1.0,2.0,0.64,0.5758,0.89,0.2239,120.0
1.0,1.0,2.0,10.0,0.0,3.0,1.0,1.0,0.34,0.3485,0.71,0.0896,139.0
3.0,1.0,8.0,14.0,0.0,0.0,0.0,3.0,0.64,0.6061,0.73,0.0,149.0
1.0,0.0,2.0,14.0,0.0,4.0,1.0,1.0,0.22,0.197,0.37,0.3881,47.0
3.0,1.0,8.0,20.0,0.0,4.0,1.0,1.0,0.78,0.7576,0.66,0.0,427.0
3.0,0.0,9.0,0.0,0.0,0.0,0.0,1.0,0.66,0.5909,0.89,0.194,109.0
2.0,1.0,3.0,23.0,0.0,2.0,1.0,1.0,0.36,0.3485,0.37,0.194,64.0
4.0,0.0,10.0,22.0,0.0,2.0,1.0,2.0,0.56,0.5303,0.83,0.194,147.0
2.0,1.0,5.0,3.0,0.0,1.0,1.0,1.0,0.5,0.4848,0.77,0.194,5.0
4.0,0.0,10.0,19.0,0.0,3.0,1.0,3.0,0.54,0.5152,0.94,0.1343,109.0
3.0,1.0,8.0,17.0,0.0,3.0,1.0,1.0,0.78,0.6818,0.35,0.2239,870.0
2.0,0.0,5.0,3.0,0.0,0.0,0.0,1.0,0.5,0.4848,1.0,0.1045,33.0
2.0,1.0,4.0,21.0,0.0,6.0,0.0,2.0,0.56,0.5303,0.43,0.1343,220.0
3.0,0.0,9.0,17.0,0.0,4.0,1.0,1.0,0.72,0.6667,0.54,0.2537,628.0
4.0,1.0,10.0,19.0,0.0,4.0,1.0,1.0,0.54,0.5152,0.83,0.194,542.0
4.0,1.0,10.0,17.0,0.0,2.0,1.0,3.0,0.3,0.2879,0.87,0.2239,124.0
1.0,0.0,1.0,8.0,0.0,4.0,1.0,1.0,0.14,0.1364,0.5,0.194,202.0
1.0,0.0,1.0,2.0,0.0,1.0,1.0,1.0,0.12,0.1212,0.5,0.2239,3.0
2.0,1.0,4.0,12.0,0.0,0.0,0.0,1.0,0.48,0.4697,0.44,0.1045,584.0
1.0,0.0,2.0,20.0,0.0,4.0,1.0,1.0,0.14,0.1818,0.31,0.0896,97.0
4.0,1.0,12.0,23.0,0.0,1.0,1.0,1.0,0.42,0.4242,0.82,0.1045,102.0
1.0,1.0,2.0,18.0,0.0,0.0,0.0,1.0,0.16,0.1212,0.4,0.4627,96.0
4.0,1.0,12.0,5.0,0.0,4.0,1.0,1.0,0.22,0.2121,0.55,0.2836,32.0
3.0,0.0,7.0,12.0,0.0,2.0,1.0,1.0,0.84,0.7273,0.28,0.0,147.0
4.0,0.0,11.0,2.0,0.0,2.0,1.0,1.0,0.32,0.3485,0.87,0.0,1.0
4.0,1.0,10.0,23.0,0.0,4.0,1.0,1.0,0.42,0.4242,0.58,0.0896,186.0
4.0,0.0,11.0,7.0,0.0,4.0,1.0,3.0,0.34,0.3182,0.61,0.2836,168.0
1.0,1.0,3.0,19.0,0.0,6.0,0.0,1.0,0.46,0.4545,0.33,0.1642,225.0
1.0,0.0,1.0,10.0,0.0,4.0,1.0,1.0,0.2,0.2576,0.47,0.0,45.0
4.0,0.0,10.0,2.0,0.0,1.0,1.0,1.0,0.24,0.2879,0.87,0.0,3.0
3.0,1.0,6.0,17.0,0.0,2.0,1.0,1.0,0.72,0.6515,0.28,0.4179,900.0
1.0,0.0,3.0,3.0,0.0,1.0,1.0,1.0,0.26,0.2727,0.65,0.1343,3.0
4.0,0.0,11.0,13.0,1.0,5.0,0.0,1.0,0.38,0.3939,0.37,0.5522,236.0
2.0,0.0,4.0,23.0,0.0,1.0,1.0,1.0,0.5,0.4848,0.59,0.2537,46.0
4.0,0.0,12.0,0.0,0.0,6.0,0.0,2.0,0.26,0.2727,0.81,0.1045,77.0
1.0,0.0,2.0,22.0,0.0,5.0,1.0,1.0,0.2,0.2273,0.64,0.0896,43.0
1.0,1.0,2.0,17.0,1.0,1.0,0.0,1.0,0.38,0.3939,0.27,0.2537,253.0
4.0,1.0,11.0,16.0,0.0,0.0,0.0,2.0,0.4,0.4091,0.62,0.3284,372.0
2.0,1.0,6.0,21.0,0.0,5.0,1.0,1.0,0.7,0.6364,0.37,0.1343,339.0
1.0,0.0,2.0,8.0,0.0,1.0,1.0,1.0,0.38,0.3939,0.4,0.4627,256.0
3.0,1.0,8.0,17.0,0.0,3.0,1.0,1.0,0.8,0.7424,0.49,0.1642,837.0
2.0,0.0,4.0,14.0,0.0,6.0,0.0,1.0,0.58,0.5455,0.78,0.3582,391.0
4.0,0.0,10.0,10.0,0.0,4.0,1.0,1.0,0.46,0.4545,0.59,0.4478,130.0
4.0,0.0,11.0,11.0,1.0,4.0,0.0,1.0,0.42,0.4242,0.41,0.2985,142.0
4.0,1.0,11.0,1.0,0.0,2.0,1.0,3.0,0.44,0.4394,0.88,0.6418,5.0
1.0,0.0,1.0,10.0,0.0,2.0,1.0,2.0,0.16,0.1364,0.69,0.3284,42.0
4.0,0.0,10.0,14.0,0.0,4.0,1.0,1.0,0.66,0.6061,0.78,0.194,133.0
2.0,1.0,4.0,3.0,0.0,0.0,0.0,2.0,0.52,0.5,0.59,0.1343,45.0
4.0,1.0,11.0,9.0,0.0,5.0,1.0,1.0,0.24,0.2576,0.75,0.0896,330.0
4.0,0.0,10.0,21.0,0.0,6.0,0.0,1.0,0.24,0.2121,0.87,0.3582,50.0
1.0,1.0,3.0,6.0,0.0,6.0,0.0,1.0,0.22,0.2121,0.44,0.2836,12.0
2.0,1.0,5.0,12.0,0.0,3.0,1.0,2.0,0.62,0.6212,0.57,0.2239,280.0
4.0,0.0,10.0,18.0,0.0,0.0,0.0,2.0,0.36,0.3485,0.81,0.194,174.0
2.0,0.0,4.0,8.0,0.0,6.0,0.0,1.0,0.3,0.3182,0.7,0.1045,55.0
1.0,0.0,1.0,16.0,0.0,5.0,1.0,1.0,0.16,0.1364,0.26,0.3582,97.0
2.0,0.0,3.0,2.0,0.0,2.0,1.0,1.0,0.44,0.4394,0.94,0.0896,1.0
4.0,0.0,11.0,16.0,0.0,6.0,0.0,1.0,0.52,0.5,0.32,0.2537,361.0
2.0,0.0,5.0,0.0,0.0,6.0,0.0,1.0,0.52,0.5,0.77,0.1045,98.0
3.0,0.0,8.0,20.0,0.0,4.0,1.0,1.0,0.72,0.6515,0.37,0.1343,288.0
1.0,1.0,3.0,4.0,0.0,0.0,0.0,2.0,0.42,0.4242,0.94,0.1642,14.0
1.0,1.0,3.0,7.0,0.0,4.0,1.0,1.0,0.42,0.4242,0.77,0.3582,334.0
3.0,1.0,7.0,17.0,0.0,4.0,1.0,1.0,0.86,0.7879,0.41,0.0,771.0
4.0,1.0,11.0,13.0,1.0,4.0,0.0,1.0,0.46,0.4545,0.31,0.0,269.0
3.0,0.0,8.0,10.0,0.0,1.0,1.0,1.0,0.66,0.6212,0.47,0.2239,115.0
3.0,1.0,7.0,13.0,0.0,0.0,0.0,1.0,0.86,0.7879,0.41,0.1045,480.0
3.0,0.0,8.0,14.0,0.0,0.0,0.0,1.0,0.74,0.697,0.7,0.194,370.0
4.0,1.0,10.0,20.0,0.0,2.0,1.0,2.0,0.3,0.2879,0.81,0.194,81.0
2.0,0.0,6.0,15.0,0.0,3.0,1.0,1.0,0.76,0.6667,0.27,0.0,164.0
2.0,0.0,5.0,20.0,0.0,5.0,1.0,2.0,0.62,0.5909,0.73,0.2239,144.0
1.0,0.0,1.0,7.0,0.0,5.0,1.0,2.0,0.16,0.197,0.86,0.0896,60.0
1.0,0.0,3.0,16.0,0.0,1.0,1.0,1.0,0.4,0.4091,0.35,0.1045,107.0
2.0,0.0,5.0,5.0,0.0,3.0,1.0,3.0,0.36,0.3333,0.87,0.3284,9.0
3.0,0.0,7.0,15.0,0.0,2.0,1.0,1.0,0.88,0.8182,0.44,0.194,158.0
4.0,1.0,12.0,4.0,0.0,4.0,1.0,1.0,0.22,0.2121,0.55,0.2985,9.0
4.0,0.0,11.0,12.0,0.0,2.0,1.0,1.0,0.52,0.5,0.52,0.1343,203.0
4.0,0.0,10.0,7.0,0.0,0.0,0.0,1.0,0.34,0.3485,0.87,0.0896,21.0
1.0,0.0,2.0,18.0,0.0,5.0,1.0,1.0,0.28,0.3182,0.28,0.0,174.0
4.0,1.0,11.0,22.0,0.0,0.0,0.0,2.0,0.36,0.3333,0.66,0.2537,74.0
3.0,1.0,6.0,6.0,0.0,5.0,1.0,2.0,0.7,0.6515,0.61,0.1642,163.0
3.0,1.0,9.0,16.0,0.0,1.0,1.0,2.0,0.64,0.6061,0.69,0.2537,453.0
1.0,0.0,2.0,10.0,0.0,5.0,1.0,2.0,0.44,0.4394,0.72,0.2239,95.0
4.0,0.0,12.0,0.0,0.0,5.0,1.0,1.0,0.5,0.4848,0.72,0.3284,72.0
1.0,1.0,3.0,18.0,0.0,5.0,1.0,3.0,0.48,0.4697,0.82,0.0896,408.0
2.0,1.0,4.0,0.0,0.0,1.0,1.0,3.0,0.36,0.3333,0.81,0.4179,6.0
2.0,1.0,4.0,2.0,0.0,6.0,0.0,1.0,0.52,0.5,0.77,0.1343,81.0
3.0,0.0,9.0,7.0,0.0,4.0,1.0,1.0,0.6,0.5758,0.78,0.0,342.0
2.0,0.0,3.0,8.0,0.0,6.0,0.0,1.0,0.22,0.2273,0.44,0.1343,66.0
1.0,0.0,2.0,23.0,0.0,4.0,1.0,1.0,0.12,0.1515,0.42,0.1045,34.0
4.0,1.0,10.0,13.0,0.0,0.0,0.0,2.0,0.48,0.4697,0.59,0.4179,391.0
2.0,0.0,5.0,11.0,0.0,3.0,1.0,1.0,0.74,0.6667,0.51,0.0896,140.0
3.0,1.0,7.0,20.0,0.0,4.0,1.0,1.0,0.74,0.6667,0.48,0.2239,514.0
3.0,1.0,7.0,23.0,0.0,4.0,1.0,1.0,0.8,0.7576,0.55,0.1642,131.0
4.0,0.0,9.0,1.0,0.0,5.0,1.0,1.0,0.52,0.5,0.77,0.0896,23.0
1.0,0.0,12.0,20.0,0.0,6.0,0.0,1.0,0.26,0.2727,0.56,0.1343,24.0
2.0,1.0,4.0,17.0,0.0,1.0,1.0,1.0,0.56,0.5303,0.6,0.1642,683.0
3.0,0.0,7.0,6.0,0.0,6.0,0.0,2.0,0.64,0.5758,0.83,0.194,38.0
4.0,1.0,10.0,22.0,0.0,4.0,1.0,1.0,0.64,0.6212,0.47,0.1343,232.0
2.0,0.0,5.0,20.0,0.0,6.0,0.0,1.0,0.56,0.5303,0.43,0.1343,219.0
3.0,1.0,9.0,15.0,0.0,5.0,1.0,1.0,0.8,0.7576,0.55,0.2537,331.0
1.0,1.0,2.0,3.0,0.0,3.0,1.0,1.0,0.44,0.4394,0.44,0.194,3.0
1.0,0.0,2.0,18.0,0.0,6.0,0.0,1.0,0.28,0.2576,0.38,0.3284,64.0
1.0,1.0,1.0,10.0,0.0,0.0,0.0,1.0,0.3,0.3182,0.81,0.1045,70.0
4.0,1.0,10.0,17.0,0.0,4.0,1.0,1.0,0.7,0.6515,0.51,0.2239,901.0
4.0,0.0,10.0,5.0,0.0,2.0,1.0,1.0,0.4,0.4091,0.82,0.1343,27.0
3.0,1.0,7.0,13.0,0.0,1.0,1.0,1.0,0.8,0.7424,0.49,0.1642,226.0
1.0,0.0,2.0,23.0,0.0,6.0,0.0,1.0,0.26,0.2576,0.93,0.2239,59.0
2.0,1.0,5.0,2.0,0.0,0.0,0.0,2.0,0.54,0.5152,0.83,0.2836,93.0
2.0,1.0,4.0,10.0,0.0,2.0,1.0,1.0,0.46,0.4545,0.47,0.1642,181.0
1.0,1.0,2.0,7.0,0.0,2.0,1.0,1.0,0.28,0.2576,0.45,0.2985,325.0
3.0,0.0,6.0,16.0,0.0,2.0,1.0,1.0,0.8,0.7727,0.59,0.2239,335.0
3.0,0.0,8.0,18.0,0.0,4.0,1.0,3.0,0.76,0.697,0.55,0.2537,274.0
4.0,0.0,10.0,9.0,0.0,2.0,1.0,1.0,0.46,0.4545,0.67,0.2537,187.0
4.0,0.0,11.0,3.0,0.0,0.0,0.0,1.0,0.34,0.3636,0.87,0.0,17.0
1.0,0.0,2.0,0.0,0.0,5.0,1.0,1.0,0.44,0.4394,0.72,0.2836,32.0
4.0,0.0,10.0,4.0,0.0,5.0,1.0,1.0,0.36,0.3485,0.71,0.1642,6.0
3.0,1.0,8.0,21.0,0.0,2.0,1.0,1.0,0.72,0.6667,0.48,0.0896,314.0
4.0,1.0,11.0,8.0,0.0,5.0,1.0,2.0,0.22,0.2576,0.8,0.0896,729.0
2.0,1.0,4.0,20.0,0.0,4.0,1.0,1.0,0.44,0.4394,0.33,0.2537,280.0
1.0,1.0,1.0,2.0,0.0,0.0,0.0,1.0,0.32,0.3485,0.76,0.0,75.0
1.0,1.0,12.0,17.0,0.0,0.0,0.0,1.0,0.32,0.3182,0.49,0.194,114.0
2.0,1.0,5.0,2.0,0.0,0.0,0.0,1.0,0.56,0.5303,0.52,0.0,98.0
2.0,1.0,4.0,4.0,0.0,4.0,1.0,1.0,0.38,0.3939,0.43,0.2836,1.0
2.0,1.0,5.0,4.0,0.0,0.0,0.0,3.0,0.52,0.5,0.83,0.1642,16.0
1.0,0.0,2.0,6.0,0.0,3.0,1.0,1.0,0.12,0.1515,0.5,0.1045,36.0
4.0,1.0,10.0,1.0,0.0,0.0,0.0,1.0,0.42,0.4242,0.58,0.2239,117.0
3.0,1.0,6.0,1.0,0.0,0.0,0.0,2.0,0.68,0.6364,0.54,0.0896,127.0
2.0,1.0,5.0,18.0,0.0,0.0,0.0,2.0,0.62,0.6061,0.61,0.194,463.0
4.0,1.0,11.0,22.0,0.0,5.0,1.0,1.0,0.3,0.3333,0.75,0.0,163.0
4.0,1.0,9.0,17.0,0.0,2.0,1.0,1.0,0.66,0.6212,0.39,0.2836,967.0
3.0,1.0,7.0,10.0,0.0,2.0,1.0,2.0,0.84,0.7879,0.49,0.194,159.0
3.0,0.0,6.0,10.0,0.0,1.0,1.0,2.0,0.72,0.6667,0.54,0.1343,150.0
2.0,0.0,4.0,0.0,0.0,4.0,1.0,1.0,0.64,0.5909,0.78,0.3582,54.0
1.0,0.0,1.0,22.0,0.0,4.0,1.0,2.0,0.24,0.2121,0.65,0.2836,56.0
3.0,1.0,7.0,18.0,0.0,3.0,1.0,1.0,0.78,0.6818,0.38,0.2537,814.0
3.0,0.0,7.0,4.0,0.0,2.0,1.0,1.0,0.72,0.6818,0.7,0.1343,5.0
2.0,0.0,6.0,19.0,0.0,3.0,1.0,2.0,0.74,0.7121,0.79,0.1642,264.0
4.0,1.0,10.0,12.0,0.0,2.0,1.0,2.0,0.6,0.5455,0.88,0.194,104.0
3.0,0.0,7.0,2.0,0.0,3.0,1.0,1.0,0.76,0.697,0.55,0.0,5.0
3.0,0.0,9.0,6.0,0.0,5.0,1.0,2.0,0.62,0.5152,1.0,0.1343,57.0
1.0,0.0,1.0,17.0,0.0,1.0,1.0,2.0,0.16,0.1515,0.59,0.194,161.0
2.0,0.0,6.0,16.0,0.0,2.0,1.0,1.0,0.8,0.7121,0.38,0.2239,308.0
1.0,0.0,1.0,22.0,0.0,4.0,1.0,1.0,0.18,0.2121,0.74,0.0896,27.0
2.0,0.0,3.0,8.0,0.0,4.0,1.0,2.0,0.24,0.2273,1.0,0.2537,192.0
3.0,1.0,8.0,19.0,0.0,6.0,0.0,2.0,0.66,0.5909,0.89,0.1045,275.0
3.0,0.0,6.0,3.0,0.0,3.0,1.0,2.0,0.66,0.6061,0.83,0.1045,5.0
2.0,1.0,6.0,9.0,0.0,2.0,1.0,2.0,0.64,0.5758,0.89,0.2836,285.0
1.0,0.0,3.0,23.0,0.0,6.0,0.0,2.0,0.44,0.4394,0.77,0.2985,44.0
2.0,1.0,4.0,10.0,0.0,3.0,1.0,2.0,0.54,0.5152,0.45,0.1343,167.0
4.0,0.0,10.0,15.0,0.0,6.0,0.0,1.0,0.66,0.6212,0.39,0.0,496.0
4.0,0.0,12.0,16.0,0.0,0.0,0.0,1.0,0.28,0.2727,0.48,0.2537,234.0
4.0,0.0,11.0,15.0,0.0,5.0,1.0,1.0,0.34,0.3333,0.29,0.1343,178.0
2.0,1.0,5.0,5.0,0.0,4.0,1.0,1.0,0.62,0.6061,0.69,0.2537,33.0
2.0,1.0,5.0,10.0,0.0,4.0,1.0,1.0,0.7,0.6364,0.39,0.3881,220.0
3.0,1.0,9.0,14.0,0.0,2.0,1.0,3.0,0.6,0.5152,0.94,0.4627,143.0
2.0,1.0,3.0,9.0,0.0,6.0,0.0,2.0,0.52,0.5,0.83,0.1343,249.0
3.0,0.0,6.0,13.0,0.0,4.0,1.0,1.0,0.76,0.6667,0.33,0.194,232.0
1.0,1.0,3.0,17.0,0.0,4.0,1.0,1.0,0.56,0.5303,0.35,0.2985,600.0
1.0,1.0,1.0,0.0,0.0,6.0,0.0,3.0,0.16,0.1515,0.64,0.2239,24.0
1.0,0.0,12.0,1.0,0.0,3.0,1.0,2.0,0.36,0.3636,0.66,0.1045,11.0
3.0,1.0,9.0,20.0,0.0,6.0,0.0,1.0,0.6,0.6212,0.43,0.0896,330.0
1.0,0.0,3.0,8.0,0.0,6.0,0.0,1.0,0.42,0.4242,0.47,0.4925,48.0
4.0,1.0,11.0,5.0,0.0,6.0,0.0,2.0,0.32,0.303,0.49,0.2537,9.0
1.0,1.0,2.0,1.0,0.0,4.0,1.0,2.0,0.3,0.3333,0.7,0.0,5.0
4.0,0.0,12.0,10.0,0.0,0.0,0.0,1.0,0.24,0.2273,0.6,0.2537,129.0
4.0,1.0,12.0,4.0,0.0,0.0,0.0,2.0,0.26,0.303,0.93,0.0,7.0
3.0,1.0,6.0,14.0,0.0,1.0,1.0,1.0,0.78,0.697,0.43,0.2537,251.0
2.0,0.0,5.0,3.0,0.0,4.0,1.0,1.0,0.6,0.5455,0.88,0.0896,4.0
1.0,0.0,2.0,4.0,0.0,2.0,1.0,1.0,0.22,0.1818,0.37,0.5224,1.0
4.0,0.0,12.0,6.0,0.0,6.0,0.0,1.0,0.24,0.2576,0.65,0.1045,11.0
1.0,0.0,12.0,22.0,0.0,4.0,1.0,3.0,0.36,0.3636,0.93,0.1045,17.0
4.0,1.0,9.0,9.0,0.0,0.0,0.0,1.0,0.52,0.5,0.63,0.1045,285.0
2.0,0.0,4.0,1.0,0.0,2.0,1.0,1.0,0.62,0.5909,0.73,0.2836,21.0
2.0,0.0,4.0,0.0,0.0,5.0,1.0,2.0,0.36,0.3485,0.76,0.2239,25.0
3.0,0.0,9.0,20.0,0.0,4.0,1.0,1.0,0.66,0.6212,0.61,0.2239,280.0
4.0,0.0,10.0,18.0,0.0,1.0,1.0,2.0,0.4,0.4091,0.76,0.1642,412.0
2.0,0.0,6.0,7.0,0.0,5.0,1.0,1.0,0.6,0.5606,0.83,0.0,250.0
4.0,0.0,11.0,11.0,0.0,1.0,1.0,1.0,0.42,0.4242,0.77,0.1045,128.0
4.0,0.0,10.0,12.0,0.0,4.0,1.0,2.0,0.62,0.5606,0.88,0.0,105.0
1.0,1.0,3.0,19.0,0.0,0.0,0.0,1.0,0.56,0.5303,0.64,0.1642,352.0
3.0,0.0,8.0,3.0,0.0,3.0,1.0,1.0,0.64,0.5909,0.78,0.0,5.0
4.0,1.0,11.0,2.0,0.0,3.0,1.0,2.0,0.28,0.2576,0.56,0.2985,74.0
2.0,0.0,6.0,12.0,0.0,3.0,1.0,1.0,0.7,0.6364,0.34,0.2239,211.0
2.0,1.0,3.0,3.0,0.0,6.0,0.0,1.0,0.54,0.5152,0.77,0.1045,32.0
3.0,1.0,9.0,0.0,0.0,1.0,1.0,1.0,0.56,0.5303,0.52,0.2836,41.0
1.0,1.0,12.0,15.0,0.0,0.0,0.0,1.0,0.28,0.2576,0.38,0.3284,138.0
2.0,1.0,4.0,22.0,0.0,5.0,1.0,1.0,0.44,0.4394,0.62,0.1045,215.0
4.0,0.0,10.0,12.0,0.0,5.0,1.0,1.0,0.6,0.6212,0.53,0.0,235.0
1.0,0.0,1.0,18.0,0.0,4.0,1.0,1.0,0.2,0.1818,0.4,0.3284,144.0
2.0,0.0,3.0,13.0,0.0,5.0,1.0,1.0,0.32,0.3182,0.39,0.194,138.0
4.0,1.0,11.0,16.0,0.0,1.0,1.0,1.0,0.42,0.4242,0.58,0.2537,380.0
3.0,1.0,8.0,8.0,0.0,2.0,1.0,1.0,0.6,0.5758,0.78,0.1343,723.0
3.0,0.0,7.0,7.0,0.0,0.0,0.0,2.0,0.64,0.5758,0.89,0.194,25.0
2.0,0.0,6.0,1.0,0.0,4.0,1.0,1.0,0.72,0.6515,0.38,0.1045,15.0
4.0,1.0,10.0,5.0,0.0,5.0,1.0,2.0,0.52,0.5,0.88,0.1045,50.0
2.0,0.0,3.0,18.0,0.0,5.0,1.0,1.0,0.3,0.2879,0.39,0.2537,198.0
3.0,0.0,7.0,3.0,0.0,3.0,1.0,1.0,0.72,0.6667,0.58,0.1642,4.0
4.0,0.0,10.0,9.0,1.0,1.0,0.0,1.0,0.54,0.5152,0.77,0.0,219.0
1.0,1.0,2.0,20.0,0.0,2.0,1.0,1.0,0.36,0.3485,0.5,0.1343,212.0
3.0,1.0,7.0,15.0,0.0,2.0,1.0,1.0,0.8,0.7121,0.41,0.2239,265.0
1.0,1.0,2.0,20.0,0.0,6.0,0.0,3.0,0.24,0.2273,0.93,0.194,77.0
1.0,0.0,3.0,20.0,0.0,6.0,0.0,1.0,0.4,0.4091,0.58,0.1045,86.0
1.0,0.0,12.0,16.0,0.0,3.0,1.0,3.0,0.44,0.4394,1.0,0.3284,101.0
4.0,0.0,11.0,9.0,0.0,1.0,1.0,2.0,0.44,0.4394,0.88,0.2239,208.0
4.0,0.0,10.0,8.0,0.0,4.0,1.0,1.0,0.44,0.4394,0.67,0.5224,426.0
2.0,1.0,5.0,3.0,0.0,4.0,1.0,2.0,0.46,0.4545,0.88,0.0,6.0
1.0,1.0,1.0,15.0,0.0,0.0,0.0,1.0,0.46,0.4545,0.51,0.2985,265.0
2.0,1.0,6.0,11.0,0.0,0.0,0.0,1.0,0.76,0.6818,0.45,0.0896,499.0
2.0,1.0,6.0,5.0,0.0,2.0,1.0,3.0,0.48,0.4697,0.82,0.1642,36.0
3.0,1.0,8.0,5.0,0.0,2.0,1.0,1.0,0.7,0.6667,0.79,0.1045,36.0
2.0,0.0,3.0,17.0,0.0,2.0,1.0,1.0,0.5,0.4848,0.42,0.1045,307.0
2.0,0.0,5.0,5.0,0.0,2.0,1.0,1.0,0.66,0.6061,0.83,0.0896,26.0
2.0,0.0,3.0,5.0,0.0,2.0,1.0,1.0,0.22,0.2121,0.37,0.2537,8.0
4.0,1.0,12.0,1.0,0.0,0.0,0.0,3.0,0.34,0.3485,0.76,0.1045,96.0
4.0,0.0,9.0,12.0,0.0,3.0,1.0,2.0,0.68,0.6364,0.79,0.0,184.0
1.0,0.0,12.0,6.0,0.0,0.0,0.0,1.0,0.2,0.2273,0.75,0.1045,1.0
2.0,0.0,5.0,15.0,0.0,5.0,1.0,1.0,0.6,0.6212,0.38,0.3881,260.0
3.0,1.0,6.0,7.0,0.0,6.0,0.0,1.0,0.64,0.5758,0.83,0.1642,78.0
2.0,1.0,6.0,5.0,0.0,5.0,1.0,1.0,0.54,0.5152,0.88,0.1045,33.0
2.0,1.0,3.0,1.0,0.0,3.0,1.0,1.0,0.36,0.3333,0.46,0.2985,8.0
3.0,1.0,7.0,4.0,0.0,2.0,1.0,1.0,0.66,0.6061,0.83,0.0896,6.0
3.0,0.0,7.0,4.0,0.0,6.0,0.0,1.0,0.6,0.5909,0.73,0.0896,16.0
1.0,1.0,2.0,3.0,0.0,4.0,1.0,2.0,0.42,0.4242,0.67,0.1343,2.0
3.0,1.0,7.0,22.0,0.0,0.0,0.0,1.0,0.82,0.7424,0.43,0.1343,151.0
1.0,0.0,2.0,3.0,0.0,2.0,1.0,2.0,0.16,0.2273,0.69,0.0,2.0
3.0,0.0,9.0,9.0,0.0,3.0,1.0,1.0,0.64,0.5909,0.78,0.1642,202.0
1.0,0.0,3.0,14.0,0.0,6.0,0.0,2.0,0.48,0.4697,0.59,0.2836,198.0
4.0,0.0,10.0,17.0,0.0,6.0,0.0,3.0,0.22,0.197,0.93,0.3284,31.0
2.0,1.0,4.0,21.0,0.0,4.0,1.0,1.0,0.42,0.4242,0.35,0.1343,187.0
3.0,0.0,9.0,14.0,0.0,4.0,1.0,2.0,0.7,0.6667,0.79,0.3582,120.0
1.0,0.0,1.0,16.0,0.0,6.0,0.0,1.0,0.12,0.1364,0.28,0.194,83.0
3.0,1.0,7.0,3.0,0.0,5.0,1.0,2.0,0.66,0.5909,0.89,0.1045,36.0
2.0,0.0,5.0,21.0,0.0,0.0,0.0,1.0,0.54,0.5152,0.88,0.0,151.0
4.0,1.0,10.0,13.0,0.0,3.0,1.0,2.0,0.7,0.6667,0.74,0.1045,279.0
3.0,0.0,7.0,20.0,0.0,0.0,0.0,1.0,0.84,0.7879,0.49,0.1642,195.0
3.0,1.0,8.0,12.0,0.0,2.0,1.0,1.0,0.8,0.7424,0.49,0.2836,297.0
2.0,1.0,3.0,16.0,0.0,0.0,0.0,1.0,0.48,0.4697,0.77,0.0,492.0
2.0,0.0,6.0,10.0,0.0,6.0,0.0,1.0,0.74,0.6818,0.58,0.1642,264.0
4.0,1.0,12.0,20.0,0.0,3.0,1.0,1.0,0.3,0.2879,0.52,0.2836,268.0
1.0,0.0,2.0,4.0,0.0,4.0,1.0,2.0,0.14,0.1364,0.59,0.2239,1.0
1.0,0.0,1.0,23.0,0.0,0.0,0.0,2.0,0.2,0.2273,0.4,0.1045,18.0
3.0,1.0,9.0,5.0,0.0,2.0,1.0,2.0,0.66,0.5909,0.89,0.0,38.0
1.0,1.0,3.0,21.0,0.0,0.0,0.0,1.0,0.42,0.4242,0.54,0.2239,147.0
3.0,0.0,8.0,2.0,0.0,4.0,1.0,1.0,0.66,0.6212,0.65,0.2239,6.0
1.0,1.0,1.0,15.0,0.0,0.0,0.0,1.0,0.4,0.4091,0.37,0.2836,330.0
3.0,0.0,8.0,0.0,0.0,5.0,1.0,1.0,0.64,0.6212,0.53,0.1642,65.0
4.0,1.0,10.0,10.0,0.0,3.0,1.0,2.0,0.46,0.4545,0.67,0.0,228.0
1.0,1.0,1.0,20.0,1.0,1.0,0.0,1.0,0.24,0.2273,0.41,0.2239,88.0
1.0,1.0,1.0,21.0,0.0,2.0,1.0,1.0,0.46,0.4545,0.67,0.4627,180.0
4.0,1.0,12.0,14.0,0.0,3.0,1.0,1.0,0.42,0.4242,0.5,0.194,218.0
2.0,0.0,6.0,10.0,0.0,6.0,0.0,1.0,0.72,0.6818,0.62,0.194,244.0
2.0,1.0,4.0,9.0,0.0,0.0,0.0,1.0,0.4,0.4091,0.71,0.1343,185.0
2.0,1.0,5.0,23.0,0.0,4.0,1.0,1.0,0.48,0.4697,0.48,0.1045,135.0
1.0,1.0,12.0,23.0,0.0,6.0,0.0,2.0,0.26,0.2424,0.6,0.0,32.0
3.0,0.0,6.0,19.0,0.0,2.0,1.0,2.0,0.74,0.7121,0.74,0.2239,425.0
3.0,0.0,9.0,9.0,0.0,3.0,1.0,2.0,0.56,0.5303,1.0,0.0896,208.0
3.0,0.0,9.0,3.0,0.0,5.0,1.0,2.0,0.6,0.5606,0.83,0.1642,8.0
4.0,1.0,10.0,21.0,0.0,1.0,1.0,1.0,0.48,0.4697,0.67,0.0896,174.0
4.0,1.0,11.0,13.0,0.0,5.0,1.0,2.0,0.4,0.4091,0.4,0.1642,262.0
2.0,1.0,3.0,5.0,0.0,5.0,1.0,2.0,0.5,0.4848,0.94,0.0,34.0
4.0,1.0,12.0,17.0,0.0,0.0,0.0,2.0,0.38,0.3939,0.82,0.1045,243.0
3.0,1.0,7.0,3.0,0.0,5.0,1.0,1.0,0.7,0.6667,0.74,0.1642,12.0
3.0,1.0,8.0,1.0,0.0,2.0,1.0,2.0,0.6,0.5606,0.83,0.1343,33.0
1.0,0.0,3.0,3.0,0.0,6.0,0.0,2.0,0.3,0.2879,0.87,0.194,2.0
4.0,1.0,12.0,0.0,0.0,2.0,1.0,1.0,0.42,0.4242,0.88,0.1045,55.0
1.0,1.0,1.0,9.0,0.0,2.0,1.0,1.0,0.16,0.1364,0.5,0.2836,153.0
1.0,0.0,3.0,22.0,0.0,1.0,1.0,1.0,0.26,0.2576,0.48,0.1642,35.0
3.0,0.0,8.0,8.0,0.0,1.0,1.0,1.0,0.62,0.6212,0.57,0.2537,404.0
1.0,1.0,1.0,4.0,0.0,0.0,0.0,1.0,0.32,0.303,0.49,0.2537,6.0
1.0,1.0,1.0,2.0,0.0,2.0,1.0,2.0,0.22,0.2273,0.87,0.1642,4.0
3.0,1.0,8.0,20.0,0.0,2.0,1.0,1.0,0.64,0.6061,0.73,0.0,358.0
4.0,1.0,12.0,15.0,0.0,1.0,1.0,2.0,0.5,0.4848,0.87,0.1642,236.0
4.0,0.0,11.0,12.0,0.0,3.0,1.0,1.0,0.5,0.4848,0.51,0.1642,180.0
2.0,1.0,6.0,13.0,0.0,4.0,1.0,1.0,0.68,0.6364,0.57,0.1642,284.0
2.0,1.0,6.0,16.0,0.0,4.0,1.0,1.0,0.72,0.6515,0.34,0.2239,466.0
4.0,0.0,10.0,12.0,0.0,0.0,0.0,1.0,0.58,0.5455,0.35,0.2537,444.0
2.0,1.0,4.0,18.0,0.0,5.0,1.0,1.0,0.5,0.4848,0.22,0.4627,484.0
2.0,1.0,6.0,3.0,0.0,6.0,0.0,1.0,0.56,0.5303,0.6,0.0896,27.0
1.0,0.0,2.0,3.0,0.0,1.0,1.0,1.0,0.2,0.2576,0.86,0.0,1.0
4.0,1.0,10.0,14.0,0.0,5.0,1.0,1.0,0.66,0.6212,0.61,0.2537,365.0
4.0,0.0,11.0,11.0,0.0,1.0,1.0,2.0,0.54,0.5152,0.6,0.2836,128.0
1.0,0.0,2.0,0.0,0.0,0.0,0.0,1.0,0.26,0.2576,0.7,0.194,39.0
4.0,1.0,11.0,7.0,0.0,2.0,1.0,1.0,0.2,0.2121,0.69,0.1642,387.0
3.0,0.0,7.0,5.0,0.0,4.0,1.0,2.0,0.72,0.7121,0.84,0.1045,18.0
3.0,0.0,8.0,0.0,0.0,3.0,1.0,1.0,0.66,0.6212,0.69,0.0896,24.0
4.0,1.0,10.0,9.0,0.0,4.0,1.0,2.0,0.64,0.5758,0.89,0.194,359.0
4.0,0.0,11.0,10.0,0.0,0.0,0.0,2.0,0.44,0.4394,0.72,0.1045,229.0
2.0,1.0,3.0,0.0,0.0,1.0,1.0,2.0,0.48,0.4697,0.82,0.1642,33.0
1.0,0.0,2.0,12.0,0.0,0.0,0.0,1.0,0.36,0.3182,0.32,0.4627,152.0
2.0,0.0,6.0,11.0,0.0,5.0,1.0,1.0,0.64,0.6212,0.31,0.3284,192.0
4.0,0.0,11.0,22.0,0.0,6.0,0.0,2.0,0.38,0.3939,0.62,0.1642,106.0
2.0,1.0,5.0,19.0,0.0,4.0,1.0,1.0,0.72,0.6515,0.34,0.1642,591.0
3.0,0.0,6.0,15.0,0.0,2.0,1.0,1.0,0.78,0.7424,0.59,0.2537,170.0
2.0,1.0,4.0,8.0,0.0,5.0,1.0,1.0,0.3,0.2727,0.49,0.3284,508.0
3.0,1.0,8.0,23.0,0.0,2.0,1.0,1.0,0.72,0.6818,0.66,0.1642,167.0
4.0,1.0,11.0,10.0,1.0,4.0,0.0,1.0,0.36,0.3636,0.57,0.1045,219.0
3.0,0.0,8.0,2.0,0.0,5.0,1.0,1.0,0.62,0.6212,0.57,0.194,15.0
4.0,1.0,10.0,5.0,0.0,6.0,0.0,1.0,0.54,0.5152,0.83,0.194,10.0
3.0,1.0,8.0,23.0,0.0,1.0,1.0,1.0,0.7,0.6667,0.84,0.1642,114.0
3.0,0.0,9.0,8.0,0.0,3.0,1.0,1.0,0.62,0.5758,0.83,0.1642,429.0
1.0,1.0,1.0,12.0,0.0,6.0,0.0,2.0,0.2,0.2121,0.8,0.1642,67.0
4.0,0.0,11.0,18.0,0.0,4.0,1.0,1.0,0.32,0.3182,0.39,0.194,307.0
2.0,0.0,6.0,22.0,0.0,0.0,0.0,1.0,0.64,0.5909,0.78,0.2239,130.0
3.0,0.0,9.0,1.0,0.0,0.0,0.0,1.0,0.66,0.6061,0.83,0.1343,75.0
1.0,1.0,2.0,23.0,0.0,4.0,1.0,1.0,0.32,0.303,0.49,0.2537,61.0
1.0,0.0,2.0,1.0,0.0,5.0,1.0,2.0,0.32,0.3485,1.0,0.0,10.0
4.0,1.0,12.0,13.0,0.0,6.0,0.0,2.0,0.4,0.4091,0.87,0.1642,547.0
2.0,1.0,6.0,6.0,0.0,2.0,1.0,1.0,0.48,0.4697,0.82,0.2537,184.0
4.0,0.0,12.0,5.0,0.0,1.0,1.0,1.0,0.3,0.3182,0.87,0.1045,25.0
4.0,0.0,11.0,4.0,0.0,0.0,0.0,1.0,0.34,0.3485,0.87,0.1045,4.0
2.0,1.0,3.0,11.0,0.0,4.0,1.0,2.0,0.52,0.5,0.94,0.0,219.0
4.0,0.0,10.0,13.0,0.0,5.0,1.0,1.0,0.48,0.4697,0.48,0.3284,206.0
4.0,0.0,11.0,12.0,0.0,1.0,1.0,1.0,0.56,0.5303,0.6,0.1045,178.0
1.0,1.0,2.0,21.0,0.0,0.0,0.0,1.0,0.14,0.1212,0.43,0.2985,36.0
1.0,0.0,1.0,22.0,0.0,6.0,0.0,1.0,0.12,0.1061,0.36,0.3881,34.0
2.0,1.0,4.0,22.0,0.0,3.0,1.0,1.0,0.5,0.4848,0.51,0.0,192.0
2.0,0.0,6.0,8.0,0.0,3.0,1.0,1.0,0.58,0.5455,0.53,0.1343,498.0
2.0,1.0,5.0,23.0,0.0,2.0,1.0,1.0,0.62,0.5909,0.73,0.1045,105.0
2.0,0.0,3.0,16.0,0.0,6.0,0.0,1.0,0.34,0.3333,0.23,0.194,248.0
2.0,1.0,4.0,2.0,0.0,2.0,1.0,1.0,0.56,0.5303,0.83,0.1045,4.0
4.0,1.0,12.0,1.0,0.0,5.0,1.0,1.0,0.22,0.2576,0.69,0.0896,26.0
2.0,1.0,4.0,0.0,0.0,4.0,1.0,3.0,0.42,0.4242,0.77,0.0,25.0
3.0,0.0,7.0,17.0,0.0,5.0,1.0,1.0,0.88,0.8485,0.47,0.1045,306.0
1.0,0.0,1.0,7.0,0.0,6.0,0.0,1.0,0.16,0.1818,0.59,0.1045,5.0
1.0,1.0,3.0,4.0,0.0,2.0,1.0,1.0,0.18,0.1667,0.51,0.2985,3.0
2.0,0.0,5.0,6.0,0.0,5.0,1.0,1.0,0.36,0.3636,0.81,0.0896,82.0
1.0,0.0,2.0,10.0,0.0,0.0,0.0,2.0,0.26,0.2576,0.41,0.194,104.0
3.0,1.0,8.0,4.0,0.0,0.0,0.0,2.0,0.64,0.5758,0.89,0.194,16.0
1.0,0.0,1.0,17.0,0.0,6.0,0.0,1.0,0.16,0.1212,0.37,0.5522,69.0
1.0,1.0,3.0,17.0,0.0,1.0,1.0,3.0,0.3,0.2727,0.45,0.2985,387.0
3.0,1.0,7.0,10.0,0.0,6.0,0.0,1.0,0.92,0.8636,0.37,0.2239,325.0
2.0,1.0,5.0,18.0,0.0,4.0,1.0,1.0,0.72,0.6667,0.54,0.3284,752.0
2.0,1.0,5.0,2.0,0.0,1.0,1.0,1.0,0.6,0.6061,0.6,0.2985,2.0
2.0,0.0,4.0,6.0,0.0,2.0,1.0,2.0,0.48,0.4697,0.88,0.3284,38.0
2.0,0.0,6.0,21.0,0.0,5.0,1.0,1.0,0.76,0.7273,0.66,0.1343,218.0
4.0,1.0,10.0,14.0,1.0,1.0,0.0,2.0,0.42,0.4242,0.58,0.1045,420.0
3.0,1.0,7.0,12.0,0.0,3.0,1.0,1.0,0.76,0.6667,0.33,0.0,310.0
2.0,1.0,3.0,0.0,0.0,4.0,1.0,1.0,0.54,0.5152,0.68,0.194,48.0
1.0,1.0,1.0,4.0,0.0,2.0,1.0,1.0,0.16,0.1515,0.55,0.2537,5.0
4.0,1.0,10.0,21.0,0.0,4.0,1.0,2.0,0.54,0.5152,0.77,0.194,283.0
4.0,1.0,10.0,19.0,0.0,1.0,1.0,2.0,0.54,0.5152,0.68,0.1045,516.0
2.0,0.0,6.0,18.0,0.0,6.0,0.0,2.0,0.74,0.6515,0.3,0.1642,341.0
3.0,0.0,7.0,1.0,0.0,2.0,1.0,2.0,0.74,0.697,0.66,0.1343,13.0
1.0,1.0,1.0,2.0,0.0,4.0,1.0,3.0,0.36,0.3485,0.93,0.2537,2.0
4.0,1.0,10.0,10.0,0.0,4.0,1.0,2.0,0.66,0.6061,0.83,0.1343,177.0
3.0,1.0,9.0,6.0,0.0,5.0,1.0,1.0,0.54,0.5152,0.88,0.0,152.0
1.0,1.0,2.0,17.0,0.0,2.0,1.0,1.0,0.42,0.4242,0.38,0.3582,523.0
4.0,0.0,10.0,21.0,0.0,2.0,1.0,2.0,0.54,0.5152,0.68,0.1343,206.0
1.0,1.0,2.0,13.0,0.0,1.0,1.0,1.0,0.32,0.303,0.22,0.2239,140.0
2.0,1.0,4.0,22.0,0.0,2.0,1.0,1.0,0.54,0.5152,0.3,0.2537,162.0
2.0,0.0,5.0,22.0,0.0,2.0,1.0,2.0,0.58,0.5455,0.6,0.3881,113.0
3.0,0.0,9.0,7.0,0.0,3.0,1.0,1.0,0.6,0.5606,0.83,0.1045,370.0
1.0,0.0,12.0,1.0,0.0,0.0,0.0,1.0,0.22,0.2273,0.69,0.1343,4.0
3.0,0.0,9.0,0.0,0.0,4.0,1.0,3.0,0.6,0.5,1.0,0.194,14.0
3.0,0.0,8.0,18.0,0.0,5.0,1.0,2.0,0.74,0.7121,0.74,0.1343,410.0
1.0,0.0,1.0,23.0,0.0,3.0,1.0,1.0,0.3,0.2727,0.52,0.4627,28.0
1.0,1.0,3.0,10.0,0.0,2.0,1.0,1.0,0.24,0.2576,0.44,0.0,129.0
3.0,0.0,8.0,12.0,0.0,2.0,1.0,1.0,0.82,0.7879,0.56,0.194,185.0
2.0,1.0,6.0,8.0,0.0,6.0,0.0,1.0,0.62,0.6061,0.61,0.1045,244.0
2.0,0.0,6.0,21.0,0.0,1.0,1.0,1.0,0.64,0.6061,0.73,0.1642,206.0
3.0,0.0,8.0,5.0,0.0,2.0,1.0,1.0,0.52,0.5,0.77,0.0896,28.0
2.0,0.0,5.0,4.0,0.0,0.0,0.0,1.0,0.4,0.4091,0.76,0.1045,17.0
3.0,0.0,8.0,15.0,0.0,5.0,1.0,1.0,0.8,0.697,0.29,0.1642,249.0
2.0,0.0,5.0,22.0,0.0,4.0,1.0,3.0,0.5,0.4848,0.82,0.2985,79.0
2.0,1.0,5.0,17.0,0.0,1.0,1.0,2.0,0.66,0.6212,0.69,0.2537,508.0
1.0,0.0,12.0,15.0,0.0,3.0,1.0,1.0,0.32,0.2879,0.36,0.4179,117.0
2.0,1.0,5.0,0.0,0.0,1.0,1.0,3.0,0.58,0.5455,0.88,0.2985,40.0
4.0,0.0,9.0,0.0,0.0,3.0,1.0,1.0,0.6,0.5455,0.88,0.0,36.0
3.0,1.0,8.0,16.0,0.0,1.0,1.0,1.0,0.8,0.7121,0.36,0.0896,464.0
2.0,1.0,4.0,18.0,1.0,1.0,0.0,1.0,0.8,0.697,0.31,0.3881,676.0
2.0,1.0,5.0,6.0,0.0,2.0,1.0,3.0,0.56,0.5303,0.94,0.2239,24.0
4.0,1.0,10.0,15.0,0.0,0.0,0.0,2.0,0.5,0.4848,0.63,0.4925,301.0
3.0,1.0,8.0,2.0,0.0,5.0,1.0,1.0,0.66,0.2424,0.61,0.1343,19.0
3.0,0.0,9.0,15.0,0.0,5.0,1.0,1.0,0.74,0.697,0.66,0.0,188.0
2.0,1.0,3.0,10.0,0.0,5.0,1.0,2.0,0.56,0.5303,0.88,0.1045,275.0
2.0,0.0,3.0,21.0,0.0,1.0,1.0,1.0,0.46,0.4545,0.94,0.194,91.0
3.0,0.0,9.0,14.0,0.0,5.0,1.0,2.0,0.7,0.6515,0.61,0.1045,283.0
2.0,0.0,5.0,20.0,0.0,0.0,0.0,2.0,0.46,0.4545,0.82,0.0,121.0
3.0,0.0,7.0,11.0,0.0,1.0,1.0,1.0,0.82,0.7879,0.56,0.2985,128.0
3.0,0.0,7.0,5.0,0.0,4.0,1.0,1.0,0.7,0.6515,0.65,0.1045,27.0
4.0,0.0,11.0,21.0,0.0,0.0,0.0,1.0,0.36,0.3636,0.81,0.0896,88.0
1.0,0.0,1.0,5.0,0.0,0.0,0.0,2.0,0.26,0.2576,0.56,0.1642,2.0
4.0,1.0,11.0,6.0,0.0,4.0,1.0,1.0,0.3,0.2879,0.39,0.2239,124.0
1.0,1.0,1.0,3.0,0.0,2.0,1.0,2.0,0.32,0.3333,0.93,0.1343,3.0
3.0,1.0,9.0,5.0,0.0,1.0,1.0,1.0,0.48,0.4697,0.82,0.0896,45.0
4.0,0.0,11.0,3.0,0.0,3.0,1.0,3.0,0.5,0.4848,0.94,0.3582,3.0
3.0,1.0,9.0,10.0,0.0,6.0,0.0,2.0,0.78,0.7273,0.55,0.194,417.0
3.0,1.0,9.0,4.0,0.0,0.0,0.0,1.0,0.52,0.5,0.77,0.2537,28.0
3.0,0.0,8.0,7.0,0.0,3.0,1.0,1.0,0.7,0.6515,0.58,0.0896,305.0
3.0,1.0,9.0,17.0,0.0,1.0,1.0,1.0,0.66,0.6212,0.34,0.3284,871.0
4.0,0.0,11.0,16.0,1.0,5.0,0.0,1.0,0.36,0.3333,0.34,0.3284,238.0
4.0,1.0,12.0,20.0,0.0,5.0,1.0,3.0,0.38,0.3939,0.76,0.1045,241.0
1.0,1.0,3.0,9.0,0.0,5.0,1.0,2.0,0.42,0.4242,0.82,0.0,312.0
3.0,1.0,6.0,1.0,0.0,4.0,1.0,1.0,0.72,0.697,0.79,0.1343,18.0
2.0,0.0,4.0,11.0,0.0,1.0,1.0,1.0,0.64,0.6061,0.73,0.2239,147.0
1.0,1.0,12.0,23.0,0.0,1.0,1.0,1.0,0.26,0.2727,0.65,0.1343,49.0
1.0,1.0,2.0,7.0,0.0,6.0,0.0,3.0,0.22,0.2273,0.93,0.1343,19.0
4.0,1.0,11.0,7.0,0.0,5.0,1.0,1.0,0.26,0.2727,0.65,0.1343,341.0
4.0,0.0,9.0,10.0,0.0,6.0,0.0,2.0,0.6,0.5455,0.88,0.0896,293.0
4.0,0.0,11.0,18.0,0.0,1.0,1.0,1.0,0.46,0.4545,0.59,0.1045,425.0
3.0,1.0,7.0,8.0,0.0,0.0,0.0,2.0,0.7,0.6667,0.84,0.1343,133.0
1.0,1.0,3.0,12.0,0.0,6.0,0.0,2.0,0.42,0.4242,0.67,0.2537,299.0
2.0,0.0,6.0,10.0,0.0,0.0,0.0,2.0,0.7,0.6515,0.61,0.1045,244.0
2.0,0.0,5.0,12.0,0.0,0.0,0.0,2.0,0.72,0.6667,0.51,0.194,401.0
3.0,1.0,7.0,2.0,0.0,2.0,1.0,1.0,0.66,0.6061,0.83,0.1343,8.0
3.0,1.0,9.0,19.0,0.0,3.0,1.0,1.0,0.64,0.6212,0.5,0.194,635.0
2.0,1.0,6.0,10.0,0.0,1.0,1.0,1.0,0.72,0.6818,0.62,0.1642,147.0
4.0,1.0,10.0,14.0,0.0,2.0,1.0,1.0,0.54,0.5152,0.39,0.2537,308.0
1.0,0.0,3.0,13.0,0.0,1.0,1.0,1.0,0.32,0.2879,0.36,0.3881,70.0
1.0,1.0,2.0,7.0,0.0,5.0,1.0,1.0,0.2,0.2121,0.59,0.1642,230.0
3.0,1.0,9.0,19.0,0.0,4.0,1.0,1.0,0.58,0.5455,0.6,0.2239,603.0
1.0,1.0,1.0,0.0,0.0,6.0,0.0,1.0,0.16,0.1818,0.47,0.1045,44.0
1.0,0.0,2.0,18.0,0.0,5.0,1.0,2.0,0.24,0.2576,0.6,0.1045,155.0
2.0,0.0,4.0,6.0,1.0,5.0,0.0,1.0,0.36,0.3636,0.81,0.0896,47.0
2.0,0.0,6.0,23.0,0.0,4.0,1.0,3.0,0.6,0.5606,0.83,0.2537,16.0
2.0,0.0,5.0,8.0,0.0,1.0,1.0,1.0,0.6,0.5455,0.88,0.194,409.0
2.0,1.0,5.0,15.0,0.0,1.0,1.0,2.0,0.62,0.5909,0.73,0.1642,196.0
4.0,1.0,10.0,2.0,0.0,2.0,1.0,1.0,0.44,0.4394,0.67,0.1343,3.0
2.0,0.0,5.0,11.0,0.0,3.0,1.0,2.0,0.54,0.5152,0.94,0.0896,23.0
2.0,1.0,3.0,23.0,0.0,6.0,0.0,2.0,0.36,0.3333,0.76,0.2836,112.0
4.0,1.0,12.0,5.0,0.0,2.0,1.0,3.0,0.34,0.303,0.71,0.3284,41.0
2.0,0.0,5.0,22.0,0.0,5.0,1.0,1.0,0.6,0.5758,0.78,0.1343,141.0
4.0,0.0,11.0,10.0,0.0,3.0,1.0,1.0,0.34,0.3182,0.66,0.2239,110.0
4.0,0.0,11.0,7.0,0.0,2.0,1.0,1.0,0.34,0.3333,0.76,0.194,254.0
2.0,1.0,4.0,15.0,0.0,2.0,1.0,1.0,0.56,0.5303,0.21,0.2985,203.0
3.0,1.0,8.0,1.0,0.0,3.0,1.0,1.0,0.66,0.6061,0.83,0.0896,33.0
1.0,1.0,2.0,5.0,0.0,4.0,1.0,1.0,0.4,0.4091,0.76,0.2239,32.0
4.0,1.0,10.0,12.0,0.0,6.0,0.0,1.0,0.44,0.4394,0.35,0.0,573.0
2.0,0.0,4.0,17.0,0.0,1.0,1.0,1.0,0.7,0.6515,0.54,0.2985,521.0
1.0,1.0,3.0,15.0,0.0,0.0,0.0,1.0,0.5,0.4848,0.29,0.2985,487.0
3.0,1.0,8.0,22.0,0.0,4.0,1.0,2.0,0.68,0.6364,0.61,0.1045,198.0
1.0,0.0,3.0,9.0,0.0,3.0,1.0,2.0,0.32,0.3333,0.93,0.1343,154.0
2.0,1.0,4.0,22.0,0.0,3.0,1.0,1.0,0.34,0.303,0.57,0.3284,134.0
1.0,0.0,2.0,13.0,0.0,1.0,1.0,1.0,0.58,0.5455,0.19,0.3881,120.0
3.0,0.0,9.0,12.0,0.0,3.0,1.0,3.0,0.56,0.5303,0.94,0.0,22.0
2.0,1.0,3.0,3.0,0.0,4.0,1.0,1.0,0.52,0.5,0.83,0.0896,7.0
2.0,1.0,5.0,10.0,0.0,5.0,1.0,1.0,0.52,0.5,0.36,0.3284,210.0
1.0,1.0,3.0,5.0,0.0,3.0,1.0,1.0,0.28,0.2576,0.56,0.2985,18.0
2.0,0.0,6.0,8.0,0.0,6.0,0.0,1.0,0.66,0.6061,0.78,0.0896,131.0
3.0,0.0,8.0,9.0,0.0,3.0,1.0,1.0,0.74,0.6667,0.48,0.0896,209.0
4.0,0.0,10.0,4.0,0.0,3.0,1.0,3.0,0.54,0.5152,0.94,0.3881,7.0
4.0,1.0,11.0,11.0,0.0,2.0,1.0,1.0,0.32,0.3333,0.45,0.1343,216.0
1.0,0.0,2.0,20.0,0.0,2.0,1.0,2.0,0.22,0.2273,0.87,0.1343,74.0
1.0,1.0,2.0,9.0,0.0,4.0,1.0,2.0,0.3,0.303,0.7,0.1642,202.0
1.0,0.0,1.0,18.0,0.0,1.0,1.0,2.0,0.16,0.1515,0.55,0.2239,156.0
1.0,1.0,3.0,7.0,0.0,1.0,1.0,1.0,0.18,0.197,0.59,0.1343,260.0
4.0,1.0,11.0,18.0,0.0,2.0,1.0,1.0,0.32,0.303,0.57,0.2985,497.0
1.0,0.0,1.0,3.0,0.0,0.0,0.0,2.0,0.46,0.4545,0.94,0.194,6.0
1.0,0.0,2.0,21.0,0.0,1.0,1.0,2.0,0.38,0.3939,0.87,0.3881,80.0
3.0,0.0,7.0,1.0,0.0,5.0,1.0,1.0,0.74,0.7121,0.79,0.1343,34.0
3.0,0.0,8.0,11.0,0.0,0.0,0.0,1.0,0.7,0.6515,0.58,0.3881,237.0
4.0,0.0,12.0,7.0,0.0,4.0,1.0,1.0,0.32,0.3182,0.7,0.194,258.0
4.0,0.0,10.0,19.0,0.0,5.0,1.0,2.0,0.44,0.4394,0.54,0.3881,253.0
4.0,0.0,12.0,22.0,0.0,0.0,0.0,1.0,0.22,0.2273,0.75,0.194,49.0
4.0,0.0,10.0,4.0,0.0,6.0,0.0,1.0,0.42,0.4242,0.67,0.1343,6.0
2.0,1.0,5.0,7.0,0.0,6.0,0.0,1.0,0.46,0.4545,0.67,0.1045,95.0
4.0,0.0,11.0,20.0,0.0,3.0,1.0,1.0,0.36,0.3333,0.62,0.3881,68.0
3.0,1.0,7.0,3.0,0.0,1.0,1.0,3.0,0.7,0.6667,0.89,0.194,5.0
3.0,1.0,7.0,2.0,0.0,6.0,0.0,1.0,0.72,0.6818,0.7,0.0,90.0
1.0,0.0,3.0,9.0,0.0,2.0,1.0,1.0,0.26,0.2576,0.41,0.1642,151.0
2.0,1.0,4.0,21.0,0.0,5.0,1.0,1.0,0.5,0.4848,0.36,0.0,189.0
2.0,0.0,5.0,17.0,0.0,2.0,1.0,1.0,0.62,0.6061,0.65,0.4179,604.0
4.0,1.0,11.0,11.0,0.0,5.0,1.0,1.0,0.4,0.4091,0.5,0.194,251.0
1.0,0.0,1.0,23.0,0.0,1.0,1.0,2.0,0.16,0.1515,0.64,0.2537,24.0
2.0,1.0,4.0,6.0,0.0,0.0,0.0,1.0,0.36,0.3788,0.37,0.0,28.0
3.0,1.0,9.0,7.0,0.0,0.0,0.0,1.0,0.54,0.5152,0.73,0.1642,70.0
4.0,1.0,10.0,15.0,0.0,4.0,1.0,1.0,0.62,0.6061,0.65,0.1343,305.0
4.0,0.0,10.0,8.0,0.0,6.0,0.0,1.0,0.46,0.4545,0.82,0.0,103.0
2.0,0.0,4.0,11.0,0.0,1.0,1.0,2.0,0.6,0.5909,0.73,0.2985,104.0
2.0,0.0,5.0,9.0,0.0,4.0,1.0,1.0,0.72,0.6818,0.7,0.1642,216.0
2.0,1.0,4.0,23.0,0.0,4.0,1.0,1.0,0.5,0.4848,0.63,0.1045,144.0
3.0,1.0,8.0,15.0,0.0,6.0,0.0,1.0,0.8,0.7273,0.46,0.2836,562.0
2.0,1.0,3.0,6.0,0.0,4.0,1.0,1.0,0.46,0.4545,0.59,0.2537,117.0
2.0,0.0,5.0,16.0,0.0,6.0,0.0,2.0,0.54,0.5152,0.94,0.194,295.0
3.0,1.0,7.0,15.0,1.0,3.0,0.0,1.0,0.92,0.8485,0.35,0.2985,454.0
3.0,1.0,9.0,18.0,0.0,4.0,1.0,1.0,0.72,0.6818,0.7,0.2537,835.0
2.0,0.0,5.0,17.0,0.0,4.0,1.0,1.0,0.8,0.7273,0.46,0.2836,494.0
3.0,1.0,9.0,3.0,0.0,6.0,0.0,2.0,0.66,0.5909,0.89,0.2239,43.0
1.0,0.0,1.0,1.0,0.0,3.0,1.0,3.0,0.22,0.2273,0.93,0.1343,7.0
4.0,0.0,9.0,20.0,0.0,5.0,1.0,1.0,0.54,0.5152,0.52,0.2836,230.0
1.0,0.0,12.0,10.0,0.0,3.0,1.0,2.0,0.48,0.4697,0.82,0.4179,89.0
4.0,0.0,10.0,14.0,0.0,2.0,1.0,3.0,0.6,0.5909,0.73,0.1045,171.0
2.0,0.0,5.0,11.0,0.0,0.0,0.0,1.0,0.6,0.5758,0.78,0.2239,322.0
1.0,0.0,2.0,12.0,0.0,5.0,1.0,3.0,0.54,0.5152,0.6,0.4627,115.0
1.0,1.0,1.0,23.0,1.0,1.0,0.0,1.0,0.22,0.2121,0.44,0.2537,34.0
4.0,1.0,10.0,18.0,0.0,3.0,1.0,2.0,0.4,0.4091,0.58,0.1642,584.0
4.0,1.0,10.0,7.0,0.0,1.0,1.0,1.0,0.44,0.4394,0.77,0.1642,483.0
2.0,1.0,5.0,22.0,0.0,6.0,0.0,2.0,0.58,0.5455,0.78,0.194,217.0
1.0,0.0,12.0,7.0,0.0,2.0,1.0,2.0,0.3,0.2879,0.65,0.2836,80.0
3.0,0.0,8.0,21.0,0.0,2.0,1.0,1.0,0.8,0.7424,0.52,0.2239,254.0
4.0,1.0,10.0,0.0,0.0,0.0,0.0,1.0,0.4,0.4091,0.71,0.2537,111.0
1.0,0.0,1.0,3.0,0.0,1.0,1.0,1.0,0.22,0.2273,0.64,0.194,2.0
3.0,0.0,7.0,8.0,0.0,4.0,1.0,2.0,0.76,0.7576,0.79,0.1642,381.0
3.0,0.0,7.0,4.0,0.0,0.0,0.0,1.0,0.72,0.6818,0.7,0.0,13.0
2.0,1.0,4.0,13.0,0.0,2.0,1.0,1.0,0.62,0.6212,0.29,0.2537,239.0
3.0,1.0,7.0,17.0,0.0,1.0,1.0,1.0,0.84,0.7273,0.32,0.1343,747.0
1.0,0.0,2.0,20.0,0.0,3.0,1.0,1.0,0.24,0.197,0.48,0.5522,75.0
3.0,1.0,8.0,17.0,0.0,4.0,1.0,1.0,0.76,0.6818,0.45,0.2239,820.0
2.0,1.0,5.0,3.0,0.0,2.0,1.0,2.0,0.58,0.5455,0.83,0.1045,5.0
1.0,1.0,1.0,6.0,0.0,4.0,1.0,3.0,0.36,0.3485,0.93,0.1343,89.0
2.0,1.0,5.0,20.0,0.0,4.0,1.0,1.0,0.68,0.6364,0.44,0.1642,479.0
1.0,1.0,2.0,5.0,0.0,1.0,1.0,1.0,0.22,0.2273,0.8,0.1343,16.0
4.0,0.0,11.0,21.0,0.0,5.0,1.0,1.0,0.34,0.3182,0.46,0.2537,123.0
4.0,1.0,11.0,16.0,1.0,1.0,0.0,1.0,0.56,0.5303,0.64,0.1642,434.0
2.0,1.0,5.0,0.0,0.0,3.0,1.0,2.0,0.58,0.5455,0.83,0.194,35.0
1.0,0.0,1.0,2.0,0.0,6.0,0.0,1.0,0.22,0.2273,0.64,0.1642,15.0
2.0,1.0,4.0,7.0,0.0,3.0,1.0,1.0,0.28,0.2879,0.52,0.1343,321.0
3.0,1.0,9.0,11.0,0.0,6.0,0.0,2.0,0.8,0.7576,0.55,0.2239,492.0
1.0,1.0,1.0,13.0,0.0,0.0,0.0,1.0,0.42,0.4242,0.58,0.2836,223.0
4.0,1.0,12.0,22.0,0.0,0.0,0.0,2.0,0.4,0.4091,0.82,0.194,89.0
3.0,1.0,7.0,21.0,0.0,3.0,1.0,1.0,0.72,0.6515,0.45,0.1343,397.0
1.0,1.0,2.0,0.0,0.0,1.0,1.0,1.0,0.14,0.1364,0.46,0.2239,9.0
4.0,0.0,12.0,4.0,0.0,4.0,1.0,2.0,0.24,0.197,0.6,0.4627,2.0
2.0,1.0,4.0,19.0,0.0,0.0,0.0,1.0,0.52,0.5,0.55,0.2239,346.0
3.0,1.0,7.0,5.0,0.0,4.0,1.0,1.0,0.66,0.6212,0.74,0.194,42.0
3.0,0.0,7.0,16.0,0.0,0.0,0.0,1.0,0.84,0.7576,0.41,0.2836,372.0
4.0,1.0,11.0,1.0,1.0,1.0,0.0,1.0,0.4,0.4091,0.76,0.1642,30.0
3.0,0.0,9.0,5.0,0.0,1.0,1.0,2.0,0.5,0.4848,0.77,0.194,28.0
1.0,1.0,1.0,11.0,0.0,6.0,0.0,1.0,0.34,0.3182,0.57,0.2239,324.0
2.0,0.0,4.0,16.0,0.0,4.0,1.0,1.0,0.6,0.6061,0.26,0.1045,202.0
2.0,0.0,6.0,18.0,0.0,1.0,1.0,1.0,0.7,0.6515,0.61,0.2537,538.0
3.0,1.0,9.0,12.0,0.0,4.0,1.0,1.0,0.62,0.6212,0.43,0.1343,290.0
4.0,0.0,12.0,13.0,0.0,2.0,1.0,2.0,0.44,0.4394,0.54,0.1343,181.0
2.0,0.0,4.0,7.0,0.0,4.0,1.0,1.0,0.38,0.3939,0.66,0.0,193.0
3.0,0.0,8.0,0.0,0.0,4.0,1.0,2.0,0.68,0.6364,0.89,0.0896,17.0
1.0,1.0,3.0,13.0,0.0,5.0,1.0,2.0,0.38,0.3939,0.29,0.3881,224.0
1.0,0.0,3.0,5.0,0.0,5.0,1.0,2.0,0.16,0.1818,0.74,0.1343,7.0
2.0,1.0,4.0,19.0,0.0,5.0,1.0,1.0,0.6,0.6212,0.53,0.194,492.0
4.0,0.0,9.0,23.0,0.0,2.0,1.0,1.0,0.6,0.5455,0.88,0.0896,93.0
2.0,0.0,5.0,9.0,0.0,1.0,1.0,1.0,0.6,0.5909,0.69,0.194,194.0
2.0,1.0,6.0,14.0,0.0,4.0,1.0,1.0,0.72,0.6515,0.37,0.2537,265.0
1.0,0.0,3.0,22.0,0.0,0.0,0.0,1.0,0.3,0.2727,0.56,0.3284,37.0
3.0,0.0,8.0,14.0,0.0,0.0,0.0,3.0,0.7,0.6667,0.79,0.3881,235.0
1.0,0.0,1.0,23.0,0.0,4.0,1.0,2.0,0.2,0.197,0.59,0.194,23.0
3.0,1.0,7.0,3.0,0.0,4.0,1.0,1.0,0.64,0.6061,0.69,0.1045,10.0
2.0,0.0,5.0,21.0,0.0,4.0,1.0,1.0,0.56,0.5303,0.83,0.1343,223.0
3.0,1.0,7.0,1.0,0.0,1.0,1.0,1.0,0.7,0.6667,0.74,0.0,19.0
1.0,1.0,1.0,23.0,0.0,6.0,0.0,2.0,0.16,0.1515,0.8,0.2537,52.0
4.0,0.0,10.0,21.0,0.0,5.0,1.0,3.0,0.32,0.3182,0.7,0.1642,74.0
4.0,0.0,11.0,9.0,0.0,5.0,1.0,1.0,0.26,0.2576,0.41,0.194,213.0
1.0,1.0,3.0,15.0,0.0,2.0,1.0,1.0,0.7,0.6364,0.39,0.2239,264.0
2.0,0.0,5.0,22.0,0.0,5.0,1.0,1.0,0.54,0.5152,0.73,0.0,152.0
4.0,0.0,12.0,10.0,0.0,2.0,1.0,1.0,0.3,0.303,0.52,0.1642,102.0
2.0,0.0,3.0,1.0,0.0,5.0,1.0,1.0,0.2,0.2121,0.69,0.1642,5.0
3.0,0.0,7.0,10.0,0.0,4.0,1.0,1.0,0.78,0.7424,0.62,0.0,101.0
2.0,0.0,4.0,10.0,0.0,4.0,1.0,2.0,0.62,0.5606,0.88,0.2836,54.0
3.0,0.0,6.0,3.0,0.0,0.0,0.0,1.0,0.6,0.6061,0.64,0.1045,34.0
3.0,0.0,8.0,20.0,0.0,3.0,1.0,1.0,0.66,0.6212,0.57,0.1343,289.0
3.0,0.0,7.0,11.0,0.0,3.0,1.0,1.0,0.84,0.7424,0.39,0.1642,165.0
3.0,1.0,9.0,17.0,0.0,4.0,1.0,1.0,0.64,0.6212,0.5,0.2239,976.0
4.0,0.0,12.0,8.0,0.0,2.0,1.0,2.0,0.46,0.4545,0.94,0.194,414.0
3.0,1.0,6.0,2.0,0.0,5.0,1.0,1.0,0.72,0.6667,0.58,0.194,18.0
1.0,1.0,2.0,4.0,0.0,6.0,0.0,1.0,0.24,0.2576,0.81,0.0896,6.0
4.0,1.0,10.0,15.0,0.0,2.0,1.0,1.0,0.68,0.6364,0.41,0.2239,346.0
3.0,0.0,7.0,6.0,0.0,4.0,1.0,2.0,0.72,0.7121,0.84,0.1045,117.0
4.0,0.0,9.0,20.0,0.0,2.0,1.0,1.0,0.62,0.5909,0.78,0.0,238.0
4.0,1.0,10.0,2.0,0.0,5.0,1.0,2.0,0.54,0.5152,0.88,0.0,10.0
3.0,0.0,8.0,4.0,0.0,4.0,1.0,2.0,0.68,0.6364,0.89,0.0,7.0
3.0,0.0,7.0,10.0,0.0,5.0,1.0,2.0,0.74,0.697,0.7,0.3582,138.0
1.0,0.0,3.0,4.0,0.0,6.0,0.0,1.0,0.52,0.5,0.34,0.4179,3.0
3.0,0.0,9.0,7.0,0.0,0.0,0.0,1.0,0.66,0.6061,0.78,0.194,30.0
2.0,1.0,4.0,6.0,0.0,1.0,1.0,1.0,0.36,0.3182,0.71,0.4627,110.0
1.0,0.0,1.0,23.0,0.0,4.0,1.0,1.0,0.12,0.1364,0.5,0.194,15.0
3.0,1.0,8.0,11.0,0.0,3.0,1.0,1.0,0.72,0.6515,0.45,0.0,253.0
3.0,0.0,9.0,8.0,0.0,2.0,1.0,3.0,0.54,0.5152,0.94,0.2537,209.0
2.0,1.0,4.0,12.0,0.0,1.0,1.0,1.0,0.54,0.5152,0.28,0.7164,280.0
4.0,1.0,12.0,9.0,0.0,4.0,1.0,2.0,0.3,0.3333,0.7,0.0,317.0
1.0,1.0,3.0,16.0,0.0,3.0,1.0,1.0,0.56,0.5303,0.37,0.4179,288.0
2.0,0.0,5.0,17.0,0.0,4.0,1.0,1.0,0.56,0.5303,0.78,0.1642,547.0
1.0,1.0,1.0,7.0,0.0,2.0,1.0,1.0,0.26,0.2576,0.6,0.194,279.0
3.0,0.0,6.0,9.0,0.0,6.0,0.0,1.0,0.72,0.6515,0.45,0.2537,186.0
4.0,1.0,12.0,7.0,0.0,0.0,0.0,2.0,0.24,0.2424,0.93,0.1343,31.0
2.0,0.0,4.0,22.0,0.0,1.0,1.0,2.0,0.64,0.6212,0.5,0.2836,91.0
4.0,0.0,10.0,22.0,0.0,6.0,0.0,1.0,0.4,0.4091,0.76,0.0,144.0
3.0,1.0,8.0,5.0,0.0,5.0,1.0,3.0,0.7,0.6667,0.84,0.2836,33.0
1.0,1.0,12.0,13.0,1.0,2.0,0.0,1.0,0.4,0.4091,0.5,0.3284,121.0
4.0,1.0,10.0,8.0,0.0,4.0,1.0,1.0,0.46,0.4545,0.82,0.2537,834.0
2.0,0.0,5.0,12.0,0.0,1.0,1.0,1.0,0.66,0.6212,0.54,0.0896,209.0
2.0,1.0,4.0,7.0,0.0,4.0,1.0,3.0,0.46,0.4545,0.82,0.3582,225.0
2.0,0.0,4.0,9.0,0.0,6.0,0.0,2.0,0.34,0.3485,0.87,0.1045,98.0
2.0,0.0,5.0,21.0,0.0,2.0,1.0,1.0,0.54,0.5152,0.52,0.0,203.0
1.0,1.0,1.0,11.0,0.0,5.0,1.0,1.0,0.3,0.303,0.56,0.1642,138.0
1.0,0.0,1.0,11.0,0.0,1.0,1.0,1.0,0.2,0.1818,0.4,0.3284,51.0
3.0,0.0,7.0,13.0,0.0,3.0,1.0,1.0,0.84,0.7273,0.3,0.3582,180.0
4.0,0.0,12.0,20.0,0.0,5.0,1.0,2.0,0.32,0.3182,0.45,0.194,152.0
4.0,0.0,10.0,15.0,0.0,1.0,1.0,3.0,0.4,0.4091,0.76,0.0,101.0
4.0,1.0,12.0,23.0,0.0,0.0,0.0,3.0,0.36,0.3636,1.0,0.0896,51.0
3.0,0.0,7.0,4.0,0.0,2.0,1.0,1.0,0.7,0.6667,0.79,0.1642,6.0
3.0,0.0,9.0,9.0,0.0,4.0,1.0,1.0,0.64,0.6061,0.69,0.1045,207.0
1.0,0.0,12.0,2.0,0.0,3.0,1.0,2.0,0.36,0.3788,0.71,0.0,4.0
2.0,1.0,4.0,16.0,0.0,4.0,1.0,1.0,0.62,0.6212,0.41,0.1045,387.0
2.0,1.0,3.0,17.0,0.0,5.0,1.0,2.0,0.4,0.4091,0.62,0.2239,606.0
3.0,1.0,8.0,11.0,0.0,4.0,1.0,1.0,0.76,0.6818,0.48,0.0896,278.0
4.0,0.0,12.0,7.0,0.0,0.0,0.0,1.0,0.26,0.303,0.87,0.0,26.0
2.0,0.0,4.0,7.0,0.0,1.0,1.0,2.0,0.52,0.5,1.0,0.0896,196.0
2.0,0.0,4.0,8.0,0.0,1.0,1.0,2.0,0.52,0.5,0.88,0.2836,314.0
3.0,0.0,7.0,21.0,0.0,4.0,1.0,1.0,0.82,0.8939,0.75,0.2239,225.0
4.0,1.0,11.0,18.0,0.0,2.0,1.0,1.0,0.26,0.2273,0.81,0.3582,482.0
3.0,0.0,9.0,16.0,0.0,3.0,1.0,2.0,0.66,0.6212,0.74,0.1045,281.0
2.0,0.0,5.0,23.0,0.0,2.0,1.0,1.0,0.72,0.697,0.79,0.0896,61.0
4.0,1.0,11.0,0.0,0.0,1.0,1.0,1.0,0.22,0.2727,0.69,0.0,23.0
1.0,0.0,1.0,10.0,0.0,6.0,0.0,2.0,0.18,0.2121,0.64,0.1045,55.0
2.0,1.0,6.0,6.0,0.0,4.0,1.0,1.0,0.46,0.4545,0.88,0.1045,170.0
4.0,1.0,11.0,1.0,0.0,1.0,1.0,2.0,0.3,0.303,0.56,0.1642,8.0
2.0,1.0,5.0,4.0,0.0,4.0,1.0,2.0,0.46,0.4545,0.88,0.2537,2.0
4.0,0.0,10.0,3.0,0.0,2.0,1.0,1.0,0.4,0.4091,0.82,0.1045,6.0
4.0,0.0,9.0,13.0,0.0,2.0,1.0,2.0,0.7,0.6667,0.74,0.2239,151.0
1.0,0.0,1.0,4.0,0.0,1.0,1.0,1.0,0.02,0.0606,0.48,0.1343,1.0
3.0,0.0,8.0,13.0,0.0,3.0,1.0,1.0,0.8,0.7121,0.41,0.194,176.0
3.0,1.0,9.0,16.0,0.0,5.0,1.0,1.0,0.8,0.7576,0.55,0.2836,470.0
1.0,0.0,1.0,15.0,0.0,0.0,0.0,1.0,0.22,0.197,0.35,0.3582,82.0
1.0,0.0,1.0,4.0,0.0,4.0,1.0,1.0,0.14,0.1212,0.5,0.2537,4.0
4.0,1.0,11.0,12.0,0.0,3.0,1.0,1.0,0.34,0.303,0.42,0.3881,208.0
4.0,1.0,11.0,15.0,0.0,4.0,1.0,1.0,0.44,0.4394,0.18,0.4179,233.0
2.0,0.0,5.0,12.0,0.0,6.0,0.0,1.0,0.72,0.6667,0.58,0.2537,358.0
4.0,0.0,9.0,22.0,0.0,5.0,1.0,1.0,0.52,0.5,0.55,0.3284,159.0
4.0,1.0,9.0,1.0,0.0,0.0,0.0,1.0,0.5,0.4848,0.59,0.0,116.0
4.0,0.0,11.0,1.0,0.0,2.0,1.0,3.0,0.4,0.4091,0.94,0.1343,6.0
1.0,1.0,1.0,6.0,0.0,2.0,1.0,1.0,0.28,0.2727,0.52,0.1642,104.0
1.0,1.0,2.0,23.0,0.0,3.0,1.0,3.0,0.42,0.4242,0.94,0.2537,33.0
2.0,1.0,4.0,15.0,0.0,1.0,1.0,1.0,0.58,0.5455,0.28,0.5522,255.0
2.0,0.0,6.0,16.0,0.0,1.0,1.0,1.0,0.76,0.6667,0.33,0.1343,267.0
4.0,0.0,11.0,19.0,0.0,1.0,1.0,1.0,0.6,0.6212,0.53,0.2985,302.0
4.0,0.0,10.0,15.0,0.0,1.0,1.0,1.0,0.44,0.4394,0.47,0.1642,168.0
2.0,1.0,5.0,23.0,0.0,6.0,0.0,1.0,0.58,0.5455,0.56,0.0896,176.0
4.0,0.0,10.0,21.0,0.0,1.0,1.0,1.0,0.46,0.4545,0.87,0.1045,126.0
3.0,1.0,9.0,12.0,0.0,4.0,1.0,2.0,0.72,0.697,0.79,0.2239,137.0
3.0,0.0,7.0,18.0,0.0,5.0,1.0,1.0,0.72,0.6515,0.45,0.2239,496.0
3.0,0.0,8.0,9.0,0.0,5.0,1.0,1.0,0.7,0.6515,0.65,0.1343,218.0
1.0,1.0,2.0,13.0,0.0,1.0,1.0,1.0,0.4,0.4091,0.43,0.2836,182.0
1.0,0.0,3.0,0.0,0.0,5.0,1.0,2.0,0.2,0.197,0.55,0.194,12.0
2.0,1.0,4.0,11.0,0.0,2.0,1.0,1.0,0.6,0.6212,0.33,0.4179,239.0
2.0,0.0,5.0,17.0,0.0,5.0,1.0,1.0,0.58,0.5455,0.4,0.3582,553.0
2.0,0.0,4.0,9.0,0.0,6.0,0.0,1.0,0.44,0.4394,0.51,0.3582,156.0
2.0,1.0,5.0,0.0,0.0,2.0,1.0,1.0,0.58,0.5455,0.83,0.2537,36.0
4.0,1.0,10.0,22.0,0.0,3.0,1.0,1.0,0.46,0.4545,0.55,0.2985,197.0
2.0,0.0,4.0,17.0,0.0,0.0,0.0,2.0,0.46,0.4545,0.28,0.1343,274.0
1.0,1.0,1.0,9.0,0.0,6.0,0.0,1.0,0.22,0.2727,0.8,0.0,158.0
2.0,0.0,6.0,23.0,0.0,6.0,0.0,2.0,0.72,0.6818,0.62,0.0,150.0
1.0,1.0,3.0,0.0,0.0,2.0,1.0,2.0,0.56,0.5303,0.78,0.0896,29.0
3.0,1.0,7.0,7.0,0.0,3.0,1.0,1.0,0.66,0.6212,0.5,0.3284,507.0
4.0,1.0,11.0,3.0,1.0,4.0,0.0,1.0,0.24,0.2576,0.75,0.1045,6.0
2.0,1.0,6.0,18.0,0.0,0.0,0.0,1.0,0.7,0.6364,0.34,0.2537,496.0
4.0,1.0,12.0,14.0,0.0,1.0,1.0,1.0,0.6,0.6212,0.53,0.0,260.0
4.0,0.0,11.0,16.0,0.0,6.0,0.0,2.0,0.46,0.4545,0.47,0.1343,275.0
4.0,0.0,9.0,1.0,0.0,5.0,1.0,2.0,0.6,0.5,1.0,0.0,31.0
1.0,1.0,1.0,2.0,0.0,3.0,1.0,1.0,0.2,0.2121,0.85,0.1642,5.0
2.0,0.0,5.0,21.0,0.0,0.0,0.0,1.0,0.52,0.5,0.77,0.0896,127.0
4.0,0.0,12.0,17.0,0.0,0.0,0.0,1.0,0.28,0.2727,0.46,0.1642,136.0
2.0,0.0,3.0,18.0,0.0,3.0,1.0,2.0,0.26,0.2576,0.93,0.2239,85.0
3.0,1.0,8.0,10.0,0.0,4.0,1.0,1.0,0.8,0.7576,0.55,0.0,181.0
2.0,0.0,5.0,3.0,0.0,4.0,1.0,1.0,0.34,0.3182,0.66,0.2537,4.0
2.0,1.0,4.0,15.0,0.0,0.0,0.0,1.0,0.7,0.6364,0.39,0.3881,617.0
3.0,0.0,8.0,19.0,0.0,1.0,1.0,1.0,0.7,0.6515,0.65,0.0,397.0
1.0,1.0,2.0,7.0,0.0,3.0,1.0,2.0,0.24,0.2576,0.7,0.1045,281.0
2.0,0.0,5.0,14.0,0.0,5.0,1.0,1.0,0.76,0.697,0.55,0.2537,239.0
1.0,1.0,1.0,4.0,0.0,6.0,0.0,1.0,0.26,0.2576,0.6,0.1642,8.0
1.0,1.0,1.0,20.0,0.0,2.0,1.0,1.0,0.12,0.1212,0.33,0.2537,115.0
3.0,1.0,7.0,10.0,0.0,2.0,1.0,1.0,0.76,0.7121,0.62,0.194,190.0
1.0,1.0,3.0,13.0,0.0,2.0,1.0,1.0,0.3,0.303,0.39,0.1343,164.0
2.0,1.0,5.0,12.0,0.0,5.0,1.0,1.0,0.72,0.6818,0.66,0.1045,321.0
1.0,1.0,3.0,10.0,0.0,3.0,1.0,1.0,0.36,0.3333,0.5,0.2985,147.0
4.0,1.0,12.0,13.0,0.0,1.0,1.0,3.0,0.44,0.4394,1.0,0.2239,220.0
2.0,0.0,4.0,4.0,0.0,2.0,1.0,3.0,0.5,0.4848,0.88,0.4925,2.0
3.0,1.0,7.0,0.0,0.0,4.0,1.0,1.0,0.74,0.697,0.66,0.0896,66.0
4.0,1.0,9.0,9.0,0.0,5.0,1.0,2.0,0.62,0.5758,0.83,0.1045,426.0
4.0,0.0,11.0,15.0,0.0,2.0,1.0,1.0,0.5,0.4848,0.45,0.1343,186.0
1.0,1.0,1.0,5.0,0.0,2.0,1.0,1.0,0.14,0.1364,0.54,0.194,12.0
2.0,1.0,5.0,16.0,0.0,6.0,0.0,2.0,0.7,0.6364,0.21,0.194,591.0
3.0,1.0,6.0,3.0,0.0,1.0,1.0,1.0,0.68,0.6364,0.69,0.2537,5.0
3.0,1.0,8.0,23.0,0.0,5.0,1.0,1.0,0.72,0.6818,0.7,0.2836,192.0
2.0,1.0,5.0,3.0,0.0,6.0,0.0,1.0,0.5,0.4848,0.48,0.1045,33.0
3.0,1.0,7.0,7.0,0.0,4.0,1.0,1.0,0.7,0.6667,0.74,0.2537,495.0
4.0,0.0,9.0,16.0,0.0,3.0,1.0,1.0,0.7,0.6515,0.7,0.194,280.0
2.0,0.0,5.0,7.0,0.0,1.0,1.0,2.0,0.56,0.5303,0.94,0.1045,236.0
1.0,1.0,3.0,10.0,0.0,4.0,1.0,1.0,0.5,0.4848,0.68,0.4627,138.0
2.0,1.0,5.0,11.0,0.0,2.0,1.0,2.0,0.66,0.6212,0.65,0.2836,229.0
4.0,0.0,11.0,4.0,0.0,4.0,1.0,2.0,0.4,0.4091,0.62,0.4179,4.0
3.0,1.0,8.0,14.0,0.0,2.0,1.0,1.0,0.76,0.6667,0.37,0.0896,302.0
2.0,1.0,4.0,10.0,0.0,0.0,0.0,1.0,0.5,0.4848,0.25,0.2239,299.0
3.0,1.0,8.0,10.0,0.0,3.0,1.0,2.0,0.72,0.6818,0.62,0.194,233.0
2.0,0.0,5.0,20.0,0.0,2.0,1.0,1.0,0.58,0.5455,0.83,0.4179,283.0
2.0,1.0,6.0,6.0,0.0,3.0,1.0,1.0,0.48,0.4697,0.77,0.0,172.0
3.0,1.0,8.0,4.0,0.0,5.0,1.0,1.0,0.66,0.6061,0.83,0.2537,12.0
1.0,1.0,1.0,21.0,0.0,5.0,1.0,1.0,0.34,0.2879,0.53,0.5224,135.0
1.0,0.0,2.0,13.0,1.0,1.0,0.0,3.0,0.3,0.2727,0.81,0.3284,103.0
1.0,0.0,12.0,6.0,0.0,5.0,1.0,1.0,0.38,0.3939,0.82,0.2537,40.0
3.0,1.0,8.0,18.0,0.0,3.0,1.0,1.0,0.74,0.6667,0.42,0.1642,812.0
4.0,1.0,12.0,15.0,0.0,3.0,1.0,1.0,0.48,0.4697,0.33,0.2836,285.0
4.0,0.0,12.0,8.0,0.0,3.0,1.0,3.0,0.44,0.4394,1.0,0.0,86.0
1.0,1.0,12.0,2.0,0.0,6.0,0.0,2.0,0.24,0.2424,0.7,0.0,19.0
4.0,0.0,12.0,13.0,0.0,2.0,1.0,3.0,0.46,0.4545,1.0,0.194,71.0
4.0,1.0,12.0,22.0,0.0,2.0,1.0,1.0,0.3,0.2879,0.56,0.2239,106.0
3.0,0.0,9.0,21.0,0.0,4.0,1.0,1.0,0.46,0.4545,0.63,0.3284,145.0
2.0,0.0,5.0,11.0,0.0,1.0,1.0,1.0,0.68,0.6364,0.69,0.3881,180.0
4.0,1.0,9.0,13.0,0.0,6.0,0.0,1.0,0.62,0.6212,0.41,0.2985,686.0
2.0,1.0,5.0,21.0,0.0,4.0,1.0,1.0,0.62,0.5909,0.78,0.1343,299.0
2.0,0.0,6.0,16.0,0.0,0.0,0.0,2.0,0.76,0.6818,0.48,0.0,378.0
3.0,0.0,7.0,1.0,0.0,5.0,1.0,1.0,0.62,0.5909,0.73,0.194,20.0
4.0,0.0,9.0,9.0,0.0,2.0,1.0,3.0,0.64,0.5758,0.89,0.194,193.0
1.0,1.0,3.0,17.0,0.0,4.0,1.0,1.0,0.62,0.6212,0.38,0.6567,597.0
1.0,1.0,1.0,18.0,0.0,2.0,1.0,1.0,0.4,0.4091,0.62,0.0896,423.0
4.0,0.0,12.0,14.0,0.0,0.0,0.0,1.0,0.3,0.3333,0.28,0.0,242.0
1.0,1.0,2.0,0.0,0.0,6.0,0.0,1.0,0.36,0.3333,0.43,0.3881,61.0
1.0,1.0,1.0,19.0,0.0,2.0,1.0,1.0,0.5,0.4848,0.29,0.2836,328.0
3.0,0.0,8.0,12.0,0.0,0.0,0.0,1.0,0.74,0.6667,0.51,0.3881,306.0
2.0,0.0,4.0,5.0,0.0,5.0,1.0,1.0,0.34,0.3182,0.53,0.2239,16.0
3.0,0.0,9.0,23.0,0.0,0.0,0.0,2.0,0.72,0.6818,0.7,0.1642,104.0
1.0,1.0,3.0,18.0,0.0,0.0,0.0,1.0,0.52,0.5,0.29,0.2836,389.0
2.0,0.0,6.0,4.0,0.0,3.0,1.0,2.0,0.68,0.6364,0.89,0.2239,4.0
4.0,1.0,11.0,7.0,0.0,6.0,0.0,1.0,0.24,0.2273,0.7,0.194,78.0
3.0,1.0,9.0,1.0,0.0,6.0,0.0,1.0,0.58,0.5455,0.83,0.2985,124.0
4.0,1.0,12.0,22.0,0.0,5.0,1.0,2.0,0.36,0.3636,0.93,0.0896,165.0
4.0,1.0,10.0,21.0,0.0,3.0,1.0,1.0,0.46,0.4545,0.82,0.194,329.0
2.0,0.0,5.0,19.0,0.0,2.0,1.0,1.0,0.6,0.5909,0.69,0.2537,349.0
2.0,1.0,5.0,0.0,0.0,2.0,1.0,1.0,0.7,0.6667,0.79,0.194,45.0
1.0,1.0,1.0,20.0,0.0,3.0,1.0,1.0,0.22,0.2121,0.37,0.2537,165.0
1.0,1.0,3.0,23.0,0.0,0.0,0.0,1.0,0.26,0.2576,0.41,0.194,26.0
1.0,0.0,2.0,6.0,0.0,6.0,0.0,1.0,0.4,0.4091,0.17,0.4179,6.0
2.0,1.0,5.0,4.0,0.0,4.0,1.0,1.0,0.62,0.6061,0.69,0.0,8.0
3.0,1.0,7.0,1.0,0.0,5.0,1.0,1.0,0.72,0.6818,0.7,0.1045,54.0
3.0,0.0,8.0,12.0,0.0,4.0,1.0,1.0,0.78,0.6818,0.31,0.2537,214.0
1.0,1.0,2.0,5.0,0.0,6.0,0.0,1.0,0.24,0.2576,0.81,0.0896,4.0
4.0,1.0,9.0,13.0,0.0,0.0,0.0,1.0,0.62,0.6212,0.41,0.2537,594.0
1.0,0.0,2.0,11.0,0.0,6.0,0.0,1.0,0.3,0.3333,0.45,0.0,126.0
3.0,1.0,8.0,17.0,0.0,4.0,1.0,1.0,0.82,0.7273,0.34,0.2239,844.0
3.0,0.0,9.0,17.0,0.0,4.0,1.0,3.0,0.48,0.4697,0.82,0.4627,261.0
1.0,1.0,2.0,19.0,0.0,0.0,0.0,2.0,0.3,0.2879,0.52,0.2537,119.0
1.0,1.0,2.0,6.0,0.0,2.0,1.0,1.0,0.32,0.303,0.45,0.2985,100.0
4.0,1.0,10.0,10.0,0.0,4.0,1.0,1.0,0.44,0.4394,0.41,0.3582,204.0
2.0,0.0,4.0,13.0,0.0,6.0,0.0,3.0,0.46,0.4545,0.94,0.5224,58.0
3.0,1.0,9.0,10.0,0.0,4.0,1.0,1.0,0.64,0.6212,0.61,0.0896,212.0
1.0,0.0,1.0,8.0,0.0,4.0,1.0,1.0,0.22,0.2121,0.55,0.2836,249.0
3.0,1.0,8.0,16.0,0.0,6.0,0.0,1.0,0.9,0.8182,0.39,0.2985,450.0
1.0,0.0,2.0,7.0,0.0,4.0,1.0,1.0,0.2,0.197,0.72,0.194,104.0
4.0,0.0,10.0,8.0,0.0,3.0,1.0,3.0,0.54,0.5152,0.7,0.4925,210.0
3.0,1.0,7.0,8.0,0.0,4.0,1.0,2.0,0.7,0.6667,0.74,0.2537,729.0
4.0,0.0,12.0,3.0,0.0,2.0,1.0,2.0,0.34,0.3636,0.61,0.0,2.0
3.0,0.0,9.0,1.0,0.0,2.0,1.0,1.0,0.58,0.5455,0.83,0.1045,10.0
2.0,1.0,5.0,20.0,0.0,2.0,1.0,2.0,0.64,0.6061,0.69,0.2836,302.0
3.0,0.0,7.0,5.0,0.0,6.0,0.0,1.0,0.58,0.5455,0.78,0.0896,10.0
2.0,1.0,4.0,2.0,0.0,0.0,0.0,2.0,0.54,0.5152,0.56,0.1045,74.0
1.0,1.0,1.0,9.0,1.0,1.0,0.0,1.0,0.24,0.2576,0.35,0.0,68.0
3.0,0.0,9.0,17.0,1.0,1.0,0.0,2.0,0.66,0.5909,0.89,0.1045,114.0
4.0,0.0,12.0,12.0,0.0,1.0,1.0,2.0,0.4,0.4091,0.76,0.1045,154.0
1.0,1.0,1.0,7.0,0.0,0.0,0.0,1.0,0.12,0.1212,0.54,0.2836,17.0
3.0,1.0,6.0,23.0,0.0,5.0,1.0,3.0,0.82,0.8333,0.63,0.194,48.0
2.0,0.0,6.0,20.0,0.0,6.0,0.0,2.0,0.72,0.6667,0.58,0.1343,188.0
2.0,1.0,4.0,8.0,0.0,3.0,1.0,2.0,0.44,0.4394,0.72,0.1045,684.0
1.0,1.0,3.0,1.0,0.0,1.0,1.0,1.0,0.38,0.3939,0.5,0.1343,10.0
3.0,0.0,9.0,20.0,0.0,2.0,1.0,1.0,0.66,0.6212,0.74,0.194,272.0
1.0,1.0,2.0,7.0,0.0,3.0,1.0,1.0,0.32,0.3333,0.76,0.0896,302.0
4.0,0.0,11.0,2.0,0.0,0.0,0.0,1.0,0.36,0.3636,0.57,0.1045,57.0
4.0,1.0,11.0,13.0,0.0,1.0,1.0,1.0,0.42,0.4242,0.35,0.1045,217.0
3.0,1.0,7.0,23.0,0.0,3.0,1.0,2.0,0.7,0.6515,0.58,0.2537,152.0
4.0,0.0,10.0,4.0,0.0,6.0,0.0,1.0,0.44,0.4394,0.58,0.4179,8.0
2.0,0.0,6.0,15.0,0.0,2.0,1.0,2.0,0.82,0.7424,0.41,0.3284,183.0
2.0,1.0,4.0,2.0,0.0,3.0,1.0,1.0,0.46,0.4545,0.51,0.0,5.0
2.0,1.0,5.0,6.0,0.0,0.0,0.0,1.0,0.5,0.4848,0.63,0.1343,25.0
3.0,0.0,8.0,16.0,0.0,1.0,1.0,1.0,0.72,0.6515,0.42,0.1642,282.0
1.0,0.0,3.0,10.0,0.0,2.0,1.0,2.0,0.32,0.3182,0.66,0.194,78.0
4.0,1.0,11.0,16.0,0.0,5.0,1.0,1.0,0.42,0.4242,0.35,0.2836,383.0
1.0,0.0,3.0,8.0,0.0,5.0,1.0,1.0,0.42,0.4242,0.67,0.2537,280.0
3.0,1.0,8.0,21.0,0.0,2.0,1.0,2.0,0.72,0.697,0.74,0.0,317.0
3.0,1.0,9.0,23.0,0.0,3.0,1.0,1.0,0.48,0.4697,0.67,0.0896,123.0
3.0,1.0,8.0,5.0,0.0,4.0,1.0,1.0,0.6,0.5758,0.78,0.1642,37.0
3.0,1.0,7.0,15.0,0.0,4.0,1.0,1.0,0.84,0.7727,0.47,0.0896,292.0
2.0,1.0,6.0,19.0,0.0,3.0,1.0,1.0,0.7,0.6364,0.34,0.3881,671.0
2.0,1.0,6.0,13.0,0.0,2.0,1.0,1.0,0.74,0.6818,0.58,0.1343,272.0
2.0,1.0,6.0,8.0,0.0,1.0,1.0,1.0,0.66,0.6212,0.74,0.1343,651.0
4.0,0.0,11.0,13.0,0.0,1.0,1.0,2.0,0.5,0.4848,0.77,0.1343,134.0
4.0,0.0,12.0,5.0,0.0,6.0,0.0,1.0,0.24,0.2576,0.7,0.0896,6.0
2.0,0.0,3.0,7.0,0.0,1.0,1.0,1.0,0.2,0.1818,0.32,0.3284,110.0
1.0,0.0,3.0,11.0,0.0,6.0,0.0,1.0,0.46,0.4545,0.36,0.4478,196.0
1.0,1.0,2.0,19.0,0.0,2.0,1.0,1.0,0.42,0.4242,0.26,0.0,306.0
4.0,1.0,9.0,7.0,0.0,0.0,0.0,1.0,0.44,0.4394,0.77,0.0,57.0
2.0,0.0,5.0,21.0,0.0,1.0,1.0,2.0,0.6,0.5909,0.73,0.1045,232.0
3.0,1.0,7.0,22.0,0.0,2.0,1.0,1.0,0.68,0.6364,0.79,0.194,177.0
2.0,1.0,6.0,13.0,0.0,3.0,1.0,1.0,0.62,0.6212,0.41,0.0896,303.0
4.0,0.0,11.0,6.0,0.0,0.0,0.0,2.0,0.42,0.4242,0.67,0.2537,9.0
2.0,0.0,4.0,14.0,0.0,6.0,0.0,1.0,0.54,0.5152,0.39,0.2239,452.0
4.0,0.0,10.0,23.0,0.0,2.0,1.0,1.0,0.44,0.4394,0.72,0.1343,94.0
2.0,0.0,5.0,2.0,0.0,0.0,0.0,1.0,0.52,0.5,0.94,0.1045,68.0
3.0,1.0,6.0,0.0,0.0,5.0,1.0,2.0,0.76,0.7273,0.7,0.1045,93.0
4.0,0.0,11.0,23.0,0.0,1.0,1.0,1.0,0.56,0.5303,0.64,0.2985,61.0
4.0,0.0,10.0,1.0,0.0,0.0,0.0,1.0,0.44,0.4394,0.47,0.1343,77.0
3.0,0.0,9.0,12.0,0.0,2.0,1.0,2.0,0.56,0.5303,0.94,0.1642,60.0
2.0,1.0,6.0,16.0,0.0,5.0,1.0,1.0,0.72,0.6515,0.37,0.194,558.0
3.0,0.0,7.0,8.0,0.0,4.0,1.0,1.0,0.64,0.6212,0.5,0.3582,486.0
2.0,0.0,6.0,6.0,0.0,0.0,0.0,2.0,0.66,0.6061,0.78,0.1642,33.0
3.0,0.0,8.0,19.0,0.0,2.0,1.0,1.0,0.74,0.6667,0.48,0.194,376.0
4.0,1.0,10.0,5.0,0.0,3.0,1.0,2.0,0.36,0.3788,0.81,0.0,41.0
3.0,1.0,9.0,4.0,0.0,2.0,1.0,2.0,0.62,0.5455,0.94,0.3582,7.0
1.0,0.0,1.0,15.0,0.0,3.0,1.0,3.0,0.22,0.1818,0.93,0.4627,43.0
2.0,0.0,4.0,1.0,0.0,3.0,1.0,1.0,0.26,0.2727,0.6,0.1343,2.0
2.0,1.0,4.0,9.0,0.0,5.0,1.0,1.0,0.42,0.4242,0.41,0.1642,330.0
2.0,1.0,3.0,0.0,0.0,2.0,1.0,1.0,0.32,0.2879,0.26,0.5224,10.0
4.0,0.0,10.0,17.0,0.0,4.0,1.0,2.0,0.5,0.4848,0.72,0.4627,322.0
1.0,1.0,3.0,17.0,0.0,6.0,0.0,1.0,0.64,0.6212,0.5,0.1343,648.0
4.0,0.0,12.0,18.0,0.0,6.0,0.0,1.0,0.34,0.3333,0.53,0.1343,224.0
3.0,1.0,7.0,15.0,0.0,1.0,1.0,1.0,0.8,0.7576,0.55,0.194,281.0
3.0,1.0,9.0,2.0,0.0,1.0,1.0,1.0,0.54,0.5152,0.6,0.3582,17.0
1.0,0.0,1.0,17.0,0.0,5.0,1.0,1.0,0.14,0.1212,0.28,0.3582,161.0
2.0,0.0,6.0,12.0,0.0,4.0,1.0,1.0,0.72,0.6667,0.54,0.3881,206.0
3.0,0.0,9.0,8.0,0.0,2.0,1.0,1.0,0.6,0.5606,0.81,0.1045,425.0
1.0,0.0,3.0,23.0,0.0,1.0,1.0,1.0,0.32,0.3485,0.53,0.0,19.0
4.0,1.0,10.0,18.0,0.0,3.0,1.0,1.0,0.7,0.6515,0.65,0.0,810.0
4.0,1.0,12.0,22.0,0.0,0.0,0.0,3.0,0.36,0.3636,0.93,0.1045,78.0
2.0,0.0,5.0,7.0,0.0,5.0,1.0,1.0,0.64,0.6061,0.73,0.1642,249.0
3.0,1.0,7.0,17.0,1.0,3.0,0.0,1.0,0.92,0.8485,0.35,0.2985,414.0
1.0,1.0,3.0,6.0,0.0,4.0,1.0,1.0,0.44,0.4394,0.72,0.0896,117.0
1.0,1.0,1.0,21.0,0.0,6.0,0.0,1.0,0.44,0.4394,0.44,0.2239,140.0
4.0,0.0,10.0,13.0,0.0,1.0,1.0,1.0,0.56,0.5303,0.46,0.0896,205.0
4.0,1.0,9.0,0.0,0.0,2.0,1.0,1.0,0.46,0.4545,0.67,0.1642,64.0
4.0,1.0,10.0,7.0,0.0,6.0,0.0,1.0,0.4,0.4091,0.82,0.0,65.0
2.0,1.0,6.0,4.0,0.0,2.0,1.0,3.0,0.6,0.5455,0.88,0.1642,4.0
2.0,0.0,4.0,21.0,0.0,5.0,1.0,2.0,0.3,0.2879,0.93,0.2537,54.0
4.0,0.0,11.0,21.0,0.0,3.0,1.0,1.0,0.32,0.2879,0.53,0.3881,135.0
2.0,1.0,4.0,20.0,0.0,5.0,1.0,1.0,0.5,0.4848,0.29,0.1343,286.0
2.0,1.0,3.0,2.0,0.0,2.0,1.0,1.0,0.26,0.2273,0.3,0.2985,7.0
3.0,1.0,9.0,6.0,0.0,3.0,1.0,1.0,0.52,0.5,0.63,0.2537,172.0
2.0,0.0,4.0,9.0,0.0,3.0,1.0,2.0,0.38,0.3939,0.94,0.2239,65.0
2.0,1.0,6.0,21.0,0.0,3.0,1.0,1.0,0.84,0.7576,0.44,0.0896,344.0
3.0,0.0,9.0,21.0,1.0,1.0,0.0,2.0,0.66,0.5909,0.94,0.2985,60.0
3.0,1.0,7.0,0.0,0.0,0.0,0.0,2.0,0.6,0.5455,0.88,0.1045,113.0
2.0,1.0,4.0,4.0,0.0,0.0,0.0,2.0,0.44,0.4394,0.77,0.1642,7.0
1.0,1.0,1.0,4.0,0.0,2.0,1.0,2.0,0.2,0.2121,0.86,0.1642,4.0
4.0,0.0,11.0,12.0,0.0,5.0,1.0,1.0,0.46,0.4545,0.51,0.1045,272.0
2.0,1.0,3.0,18.0,0.0,5.0,1.0,1.0,0.7,0.6364,0.45,0.1642,830.0
1.0,0.0,3.0,21.0,0.0,0.0,0.0,3.0,0.24,0.1818,0.93,0.6119,7.0
4.0,0.0,10.0,23.0,0.0,1.0,1.0,2.0,0.4,0.4091,0.82,0.1045,54.0
2.0,1.0,5.0,9.0,0.0,4.0,1.0,2.0,0.48,0.4697,0.88,0.1045,304.0
3.0,1.0,6.0,22.0,0.0,4.0,1.0,1.0,0.8,0.7879,0.63,0.1642,243.0
3.0,1.0,7.0,16.0,0.0,5.0,1.0,1.0,0.92,0.8182,0.29,0.1045,369.0
1.0,1.0,1.0,7.0,0.0,6.0,0.0,1.0,0.22,0.2273,0.87,0.194,20.0
2.0,1.0,4.0,20.0,0.0,2.0,1.0,1.0,0.46,0.4545,0.28,0.3881,282.0
3.0,0.0,7.0,18.0,0.0,2.0,1.0,1.0,0.8,0.7576,0.55,0.1642,496.0
4.0,1.0,12.0,0.0,0.0,3.0,1.0,1.0,0.5,0.4848,0.59,0.2836,37.0
1.0,1.0,1.0,16.0,0.0,6.0,0.0,2.0,0.2,0.1818,0.8,0.2985,118.0
1.0,0.0,12.0,21.0,1.0,1.0,0.0,1.0,0.26,0.303,0.7,0.0,49.0
2.0,1.0,6.0,1.0,0.0,6.0,0.0,1.0,0.64,0.6212,0.53,0.0896,123.0
1.0,1.0,2.0,1.0,0.0,6.0,0.0,1.0,0.32,0.3182,0.49,0.1642,45.0
1.0,1.0,2.0,22.0,0.0,4.0,1.0,1.0,0.44,0.4394,0.54,0.2537,137.0
1.0,1.0,2.0,6.0,0.0,0.0,0.0,1.0,0.24,0.2121,0.52,0.3284,5.0
4.0,0.0,12.0,6.0,0.0,2.0,1.0,2.0,0.44,0.4394,0.94,0.2836,86.0
1.0,1.0,2.0,22.0,1.0,1.0,0.0,1.0,0.3,0.3182,0.45,0.0896,62.0
4.0,1.0,11.0,18.0,0.0,0.0,0.0,1.0,0.36,0.3485,0.66,0.2239,276.0
4.0,1.0,10.0,4.0,0.0,1.0,1.0,2.0,0.56,0.5303,0.68,0.2239,10.0
3.0,0.0,9.0,11.0,0.0,6.0,0.0,3.0,0.66,0.6212,0.69,0.2836,194.0
3.0,0.0,8.0,16.0,0.0,1.0,1.0,1.0,0.9,0.7879,0.27,0.0,231.0
4.0,0.0,12.0,14.0,0.0,1.0,1.0,1.0,0.36,0.3485,0.46,0.2239,137.0
4.0,1.0,11.0,22.0,0.0,2.0,1.0,2.0,0.3,0.2879,0.56,0.2239,153.0
1.0,1.0,1.0,20.0,0.0,6.0,0.0,2.0,0.18,0.1667,0.8,0.2985,67.0
1.0,0.0,2.0,17.0,0.0,6.0,0.0,1.0,0.36,0.3485,0.43,0.2239,183.0
2.0,1.0,3.0,15.0,0.0,4.0,1.0,1.0,0.52,0.5,0.39,0.3582,307.0
2.0,0.0,5.0,1.0,0.0,0.0,0.0,1.0,0.42,0.4242,0.69,0.1045,59.0
3.0,0.0,7.0,15.0,0.0,4.0,1.0,1.0,0.9,0.9242,0.53,0.2537,133.0
2.0,1.0,5.0,22.0,0.0,4.0,1.0,1.0,0.66,0.6212,0.5,0.1642,264.0
3.0,1.0,7.0,10.0,0.0,3.0,1.0,1.0,0.9,0.8485,0.42,0.194,138.0
4.0,1.0,11.0,18.0,0.0,5.0,1.0,2.0,0.38,0.3939,0.43,0.3284,522.0
4.0,1.0,10.0,9.0,0.0,3.0,1.0,2.0,0.52,0.5,0.77,0.0896,373.0
2.0,0.0,4.0,2.0,0.0,3.0,1.0,1.0,0.24,0.2424,0.7,0.1343,5.0
3.0,0.0,7.0,15.0,0.0,5.0,1.0,1.0,0.94,0.9848,0.51,0.2985,133.0
2.0,1.0,6.0,2.0,0.0,6.0,0.0,1.0,0.58,0.5455,0.53,0.0,67.0
2.0,1.0,5.0,21.0,0.0,5.0,1.0,1.0,0.7,0.6515,0.65,0.1343,255.0
3.0,0.0,8.0,14.0,0.0,5.0,1.0,1.0,0.78,0.7273,0.55,0.194,220.0
3.0,1.0,9.0,6.0,0.0,6.0,0.0,1.0,0.54,0.5152,0.49,0.4179,33.0
1.0,0.0,1.0,11.0,0.0,4.0,1.0,1.0,0.22,0.2576,0.44,0.0896,59.0
4.0,1.0,11.0,6.0,0.0,6.0,0.0,1.0,0.24,0.2121,0.44,0.2836,10.0
3.0,1.0,6.0,19.0,0.0,6.0,0.0,1.0,0.8,0.697,0.27,0.194,425.0
3.0,1.0,8.0,8.0,0.0,1.0,1.0,2.0,0.72,0.6667,0.51,0.0896,673.0
4.0,1.0,10.0,17.0,0.0,2.0,1.0,3.0,0.62,0.5606,0.88,0.1045,715.0
4.0,0.0,11.0,10.0,0.0,2.0,1.0,1.0,0.44,0.4394,0.62,0.1343,135.0
2.0,0.0,6.0,12.0,0.0,1.0,1.0,1.0,0.76,0.6667,0.37,0.1642,153.0
4.0,0.0,10.0,0.0,0.0,2.0,1.0,1.0,0.44,0.4394,0.77,0.1343,30.0
3.0,1.0,9.0,7.0,0.0,1.0,1.0,1.0,0.52,0.5,0.68,0.2239,447.0
4.0,1.0,11.0,15.0,0.0,5.0,1.0,1.0,0.42,0.4242,0.38,0.1343,267.0
4.0,0.0,12.0,2.0,0.0,4.0,1.0,1.0,0.26,0.2273,0.56,0.2985,9.0
2.0,1.0,6.0,2.0,0.0,1.0,1.0,1.0,0.66,0.6212,0.74,0.1045,17.0
2.0,0.0,3.0,17.0,0.0,4.0,1.0,2.0,0.3,0.2879,0.7,0.2239,233.0
4.0,1.0,11.0,2.0,1.0,4.0,0.0,1.0,0.24,0.2576,0.75,0.0896,18.0
4.0,1.0,11.0,10.0,0.0,0.0,0.0,1.0,0.34,0.3333,0.49,0.194,360.0
4.0,1.0,10.0,18.0,0.0,1.0,1.0,1.0,0.54,0.5152,0.64,0.1045,786.0
4.0,1.0,11.0,10.0,0.0,4.0,1.0,1.0,0.28,0.303,0.65,0.0896,178.0
2.0,0.0,5.0,7.0,0.0,2.0,1.0,2.0,0.54,0.5152,0.88,0.2239,265.0
3.0,0.0,8.0,13.0,0.0,6.0,0.0,3.0,0.66,0.6061,0.83,0.3881,43.0
2.0,1.0,5.0,1.0,0.0,5.0,1.0,1.0,0.6,0.5758,0.78,0.1045,48.0
3.0,1.0,9.0,15.0,0.0,2.0,1.0,1.0,0.7,0.6364,0.28,0.1045,326.0
3.0,1.0,9.0,17.0,1.0,1.0,0.0,1.0,0.74,0.697,0.7,0.1343,498.0
1.0,0.0,2.0,12.0,0.0,6.0,0.0,1.0,0.44,0.4394,0.18,0.4925,119.0
2.0,0.0,3.0,9.0,0.0,3.0,1.0,2.0,0.32,0.303,0.81,0.2537,182.0
4.0,1.0,10.0,9.0,1.0,1.0,0.0,2.0,0.38,0.3939,0.66,0.1642,332.0
2.0,0.0,4.0,20.0,0.0,0.0,0.0,1.0,0.46,0.4545,0.82,0.1343,92.0
2.0,1.0,6.0,3.0,0.0,1.0,1.0,2.0,0.52,0.5,0.83,0.2239,4.0
2.0,1.0,4.0,2.0,1.0,1.0,0.0,1.0,0.6,0.6061,0.64,0.2537,14.0
1.0,0.0,1.0,21.0,0.0,2.0,1.0,2.0,0.22,0.2424,0.93,0.1045,41.0
1.0,0.0,3.0,1.0,0.0,2.0,1.0,1.0,0.24,0.2424,0.52,0.1343,4.0
2.0,1.0,4.0,11.0,0.0,0.0,0.0,1.0,0.5,0.4848,0.25,0.2836,404.0
2.0,0.0,6.0,9.0,0.0,2.0,1.0,2.0,0.72,0.6667,0.58,0.2239,217.0
3.0,0.0,9.0,6.0,0.0,3.0,1.0,3.0,0.6,0.5455,0.88,0.1045,75.0
4.0,1.0,10.0,4.0,0.0,2.0,1.0,3.0,0.36,0.3485,0.87,0.1642,7.0
2.0,1.0,6.0,19.0,0.0,3.0,1.0,1.0,0.56,0.5303,0.73,0.2985,538.0
4.0,1.0,12.0,18.0,0.0,3.0,1.0,1.0,0.38,0.3939,0.5,0.3582,569.0
4.0,1.0,11.0,22.0,0.0,4.0,1.0,1.0,0.36,0.3485,0.57,0.1642,202.0
4.0,1.0,12.0,23.0,0.0,2.0,1.0,1.0,0.3,0.2879,0.52,0.2239,64.0
1.0,0.0,3.0,1.0,0.0,5.0,1.0,2.0,0.18,0.1818,0.64,0.194,4.0
1.0,0.0,2.0,13.0,0.0,4.0,1.0,1.0,0.18,0.1667,0.29,0.2985,62.0
2.0,0.0,6.0,13.0,0.0,1.0,1.0,1.0,0.78,0.6818,0.35,0.0,180.0
1.0,1.0,2.0,15.0,0.0,5.0,1.0,1.0,0.42,0.4242,0.35,0.4179,221.0
2.0,0.0,6.0,7.0,0.0,3.0,1.0,1.0,0.54,0.5152,0.6,0.1343,370.0
1.0,0.0,12.0,12.0,0.0,0.0,0.0,1.0,0.3,0.2727,0.75,0.2985,66.0
1.0,1.0,1.0,14.0,0.0,5.0,1.0,2.0,0.22,0.2121,0.35,0.2985,115.0
3.0,0.0,9.0,9.0,0.0,5.0,1.0,2.0,0.62,0.5758,0.83,0.1045,220.0
3.0,0.0,8.0,13.0,0.0,4.0,1.0,1.0,0.8,0.7424,0.52,0.3582,187.0
4.0,1.0,11.0,21.0,0.0,4.0,1.0,1.0,0.36,0.3333,0.37,0.3881,233.0
2.0,0.0,5.0,8.0,0.0,2.0,1.0,1.0,0.78,0.7424,0.59,0.1343,406.0
1.0,1.0,2.0,17.0,0.0,3.0,1.0,1.0,0.42,0.4242,0.38,0.194,487.0
1.0,1.0,2.0,9.0,0.0,0.0,0.0,2.0,0.24,0.2273,0.7,0.2239,92.0
1.0,0.0,2.0,3.0,0.0,1.0,1.0,1.0,0.34,0.3182,0.46,0.2239,2.0
4.0,0.0,11.0,3.0,0.0,6.0,0.0,1.0,0.3,0.3333,0.81,0.0,17.0
1.0,0.0,2.0,16.0,0.0,4.0,1.0,1.0,0.2,0.1818,0.27,0.2985,80.0
1.0,1.0,2.0,7.0,0.0,5.0,1.0,2.0,0.4,0.4091,0.76,0.2239,272.0
2.0,0.0,5.0,7.0,0.0,1.0,1.0,2.0,0.46,0.4545,0.82,0.3284,209.0
1.0,0.0,1.0,1.0,0.0,1.0,1.0,1.0,0.12,0.1212,0.5,0.2836,1.0
2.0,1.0,5.0,22.0,0.0,6.0,0.0,1.0,0.64,0.6212,0.47,0.0,338.0
4.0,1.0,10.0,0.0,0.0,2.0,1.0,1.0,0.46,0.4545,0.63,0.3881,48.0
1.0,0.0,3.0,1.0,0.0,0.0,0.0,2.0,0.42,0.4242,0.77,0.2836,39.0
1.0,1.0,3.0,2.0,0.0,4.0,1.0,1.0,0.46,0.4545,0.63,0.3881,11.0
2.0,1.0,5.0,16.0,0.0,0.0,0.0,1.0,0.72,0.6515,0.42,0.3582,577.0
2.0,0.0,4.0,22.0,0.0,6.0,0.0,2.0,0.36,0.3485,0.93,0.1343,87.0
3.0,1.0,8.0,9.0,0.0,0.0,0.0,1.0,0.7,0.6515,0.48,0.2239,217.0
1.0,0.0,2.0,17.0,0.0,0.0,0.0,1.0,0.42,0.4242,0.28,0.3284,125.0
3.0,1.0,8.0,9.0,0.0,3.0,1.0,2.0,0.76,0.7273,0.66,0.0,341.0
2.0,0.0,4.0,6.0,0.0,4.0,1.0,1.0,0.32,0.303,0.81,0.2537,64.0
3.0,0.0,6.0,14.0,0.0,2.0,1.0,1.0,0.76,0.7121,0.62,0.2239,152.0
1.0,0.0,1.0,5.0,0.0,2.0,1.0,2.0,0.16,0.1818,0.55,0.1343,6.0
4.0,0.0,12.0,11.0,0.0,3.0,1.0,3.0,0.44,0.4394,1.0,0.0896,50.0
3.0,1.0,8.0,10.0,0.0,2.0,1.0,1.0,0.66,0.6212,0.61,0.1045,178.0
3.0,0.0,8.0,16.0,0.0,6.0,0.0,3.0,0.74,0.7121,0.79,0.1642,343.0
1.0,1.0,2.0,10.0,0.0,4.0,1.0,1.0,0.22,0.2121,0.51,0.2239,97.0
4.0,0.0,10.0,21.0,0.0,1.0,1.0,2.0,0.4,0.4091,0.82,0.0,138.0
1.0,0.0,1.0,19.0,0.0,1.0,1.0,1.0,0.3,0.3182,0.61,0.1045,111.0
3.0,0.0,6.0,5.0,0.0,3.0,1.0,1.0,0.64,0.5758,0.83,0.194,22.0
4.0,1.0,11.0,3.0,0.0,3.0,1.0,1.0,0.28,0.2879,0.87,0.1045,2.0
2.0,1.0,3.0,12.0,0.0,1.0,1.0,1.0,0.48,0.4697,0.33,0.5224,279.0
1.0,0.0,3.0,18.0,0.0,0.0,0.0,3.0,0.32,0.2879,1.0,0.3582,23.0
1.0,1.0,1.0,7.0,0.0,0.0,0.0,1.0,0.2,0.2121,0.37,0.1343,12.0
3.0,1.0,9.0,20.0,0.0,2.0,1.0,1.0,0.74,0.697,0.7,0.2537,385.0
2.0,0.0,5.0,23.0,0.0,1.0,1.0,1.0,0.56,0.5303,0.88,0.0896,57.0
1.0,1.0,2.0,12.0,0.0,6.0,0.0,1.0,0.32,0.2727,0.29,0.6567,258.0
2.0,0.0,5.0,21.0,0.0,4.0,1.0,1.0,0.5,0.4848,0.36,0.194,180.0
3.0,1.0,6.0,12.0,0.0,4.0,1.0,1.0,0.9,0.8182,0.35,0.194,215.0
2.0,1.0,6.0,9.0,0.0,6.0,0.0,1.0,0.56,0.5303,0.6,0.2537,332.0
3.0,1.0,8.0,10.0,0.0,5.0,1.0,2.0,0.76,0.6818,0.48,0.0,262.0
1.0,1.0,3.0,0.0,0.0,1.0,1.0,1.0,0.48,0.4697,0.82,0.1045,23.0
1.0,1.0,2.0,19.0,0.0,3.0,1.0,1.0,0.54,0.5152,0.52,0.2836,335.0
1.0,1.0,2.0,12.0,0.0,4.0,1.0,3.0,0.32,0.3333,0.76,0.0896,45.0
1.0,1.0,2.0,16.0,0.0,3.0,1.0,3.0,0.26,0.2727,0.81,0.1045,75.0
1.0,0.0,1.0,7.0,0.0,2.0,1.0,1.0,0.12,0.1515,0.74,0.1343,94.0
4.0,0.0,9.0,11.0,0.0,5.0,1.0,1.0,0.64,0.6212,0.57,0.0896,217.0
3.0,0.0,9.0,11.0,0.0,4.0,1.0,2.0,0.64,0.5606,0.94,0.2239,98.0
4.0,0.0,10.0,22.0,0.0,2.0,1.0,1.0,0.5,0.4848,0.72,0.1343,114.0
3.0,0.0,6.0,21.0,0.0,5.0,1.0,1.0,0.7,0.6515,0.48,0.1343,233.0
1.0,1.0,1.0,2.0,0.0,2.0,1.0,1.0,0.3,0.2879,0.42,0.2239,2.0
4.0,0.0,9.0,13.0,0.0,0.0,0.0,2.0,0.68,0.6364,0.74,0.0,369.0
3.0,1.0,9.0,23.0,0.0,4.0,1.0,1.0,0.54,0.5152,0.68,0.1045,154.0
2.0,0.0,5.0,4.0,0.0,4.0,1.0,1.0,0.48,0.4697,0.94,0.0,5.0
2.0,1.0,5.0,22.0,0.0,0.0,0.0,2.0,0.62,0.6061,0.61,0.1642,131.0
2.0,1.0,6.0,18.0,0.0,4.0,1.0,1.0,0.7,0.6364,0.34,0.2836,813.0
1.0,0.0,2.0,0.0,0.0,6.0,0.0,2.0,0.24,0.2424,0.7,0.1642,39.0
2.0,0.0,4.0,10.0,0.0,6.0,0.0,2.0,0.36,0.3485,0.57,0.1642,154.0
4.0,0.0,11.0,13.0,0.0,5.0,1.0,1.0,0.5,0.4848,0.45,0.2239,283.0
1.0,0.0,2.0,13.0,0.0,0.0,0.0,1.0,0.38,0.3939,0.29,0.3582,154.0
3.0,0.0,6.0,19.0,0.0,2.0,1.0,2.0,0.74,0.6818,0.58,0.4627,299.0
4.0,0.0,12.0,5.0,0.0,0.0,0.0,1.0,0.26,0.303,0.81,0.0,4.0
4.0,1.0,12.0,23.0,0.0,6.0,0.0,2.0,0.32,0.3485,0.81,0.0,126.0
4.0,0.0,11.0,3.0,0.0,2.0,1.0,2.0,0.54,0.5152,0.68,0.3284,4.0
2.0,1.0,5.0,12.0,0.0,2.0,1.0,1.0,0.8,0.7576,0.55,0.3284,237.0
2.0,1.0,4.0,9.0,0.0,4.0,1.0,1.0,0.36,0.3333,0.57,0.3582,287.0
4.0,1.0,9.0,2.0,0.0,0.0,0.0,1.0,0.48,0.4697,0.63,0.0,92.0
3.0,0.0,6.0,22.0,0.0,6.0,0.0,1.0,0.68,0.6364,0.47,0.194,187.0
1.0,0.0,3.0,10.0,0.0,6.0,0.0,1.0,0.44,0.4394,0.38,0.4179,140.0
2.0,1.0,5.0,22.0,0.0,0.0,0.0,3.0,0.62,0.5758,0.83,0.0,59.0
4.0,1.0,10.0,8.0,0.0,6.0,0.0,1.0,0.5,0.4848,0.77,0.2537,213.0
2.0,1.0,5.0,11.0,0.0,3.0,1.0,2.0,0.62,0.6212,0.59,0.2985,201.0
1.0,1.0,2.0,2.0,0.0,5.0,1.0,1.0,0.26,0.2879,0.52,0.0896,16.0
1.0,1.0,2.0,8.0,0.0,6.0,0.0,1.0,0.26,0.2273,0.48,0.2985,93.0
3.0,1.0,9.0,18.0,0.0,6.0,0.0,1.0,0.72,0.6667,0.54,0.2836,598.0
1.0,0.0,1.0,5.0,0.0,0.0,0.0,1.0,0.14,0.2121,0.86,0.0,3.0
4.0,0.0,11.0,4.0,0.0,2.0,1.0,3.0,0.38,0.3939,0.94,0.1642,7.0
1.0,0.0,1.0,8.0,0.0,5.0,1.0,2.0,0.16,0.197,0.86,0.0896,157.0
3.0,1.0,9.0,14.0,0.0,4.0,1.0,1.0,0.74,0.7121,0.74,0.0896,216.0
3.0,0.0,8.0,10.0,0.0,6.0,0.0,2.0,0.7,0.6667,0.79,0.4627,205.0
2.0,1.0,5.0,4.0,0.0,1.0,1.0,2.0,0.54,0.5152,0.77,0.2239,6.0
2.0,0.0,5.0,16.0,0.0,1.0,1.0,2.0,0.72,0.6818,0.62,0.2985,279.0
3.0,1.0,8.0,23.0,0.0,1.0,1.0,2.0,0.6,0.5606,0.83,0.0,102.0
1.0,0.0,1.0,17.0,0.0,6.0,0.0,2.0,0.32,0.303,0.36,0.2836,83.0
1.0,0.0,12.0,21.0,0.0,5.0,1.0,2.0,0.36,0.3636,0.66,0.1045,95.0
2.0,0.0,4.0,5.0,0.0,4.0,1.0,2.0,0.42,0.4242,0.54,0.5522,14.0
4.0,0.0,12.0,5.0,0.0,1.0,1.0,1.0,0.14,0.1667,0.93,0.1045,21.0
1.0,0.0,2.0,22.0,0.0,6.0,0.0,1.0,0.28,0.2727,0.75,0.2239,46.0
2.0,1.0,3.0,16.0,0.0,6.0,0.0,2.0,0.5,0.4848,0.63,0.2985,535.0
3.0,1.0,8.0,7.0,0.0,1.0,1.0,1.0,0.66,0.6212,0.65,0.1343,436.0
2.0,0.0,5.0,19.0,0.0,5.0,1.0,1.0,0.58,0.5455,0.64,0.0896,302.0
2.0,1.0,4.0,5.0,0.0,3.0,1.0,1.0,0.28,0.2727,0.56,0.194,27.0
4.0,0.0,11.0,23.0,0.0,3.0,1.0,1.0,0.34,0.303,0.61,0.3582,51.0
2.0,1.0,6.0,15.0,0.0,2.0,1.0,3.0,0.66,0.5909,0.89,0.194,116.0
2.0,1.0,3.0,6.0,0.0,5.0,1.0,2.0,0.5,0.4848,0.88,0.0,116.0
1.0,1.0,1.0,10.0,0.0,2.0,1.0,3.0,0.3,0.2879,0.87,0.2537,62.0
4.0,0.0,11.0,13.0,0.0,3.0,1.0,1.0,0.48,0.4697,0.48,0.1642,161.0
2.0,1.0,5.0,13.0,0.0,3.0,1.0,2.0,0.64,0.6212,0.53,0.2537,266.0
3.0,1.0,9.0,4.0,0.0,3.0,1.0,2.0,0.52,0.5,0.68,0.3582,10.0
2.0,1.0,3.0,23.0,0.0,6.0,0.0,2.0,0.44,0.4394,0.94,0.2836,105.0
1.0,0.0,1.0,0.0,0.0,4.0,1.0,1.0,0.26,0.2273,0.56,0.3881,13.0
1.0,1.0,2.0,16.0,0.0,6.0,0.0,3.0,0.22,0.197,0.75,0.4179,146.0
4.0,0.0,10.0,9.0,0.0,5.0,1.0,2.0,0.42,0.4242,0.58,0.1343,222.0
1.0,1.0,2.0,8.0,0.0,5.0,1.0,2.0,0.38,0.3939,0.76,0.3284,469.0
1.0,1.0,1.0,0.0,0.0,5.0,1.0,1.0,0.22,0.2576,0.75,0.0896,25.0
2.0,0.0,4.0,3.0,0.0,2.0,1.0,2.0,0.58,0.5455,0.56,0.1343,1.0
2.0,0.0,6.0,17.0,0.0,4.0,1.0,1.0,0.9,0.8182,0.37,0.2537,409.0
3.0,1.0,8.0,4.0,0.0,5.0,1.0,1.0,0.64,0.2424,0.73,0.1642,9.0
3.0,0.0,8.0,9.0,0.0,1.0,1.0,1.0,0.82,0.7424,0.41,0.0,166.0
1.0,1.0,1.0,3.0,1.0,1.0,0.0,1.0,0.12,0.197,0.5,0.0,3.0
4.0,1.0,12.0,18.0,0.0,1.0,1.0,1.0,0.5,0.4848,0.68,0.0896,692.0
2.0,0.0,6.0,0.0,0.0,0.0,0.0,1.0,0.64,0.6212,0.57,0.0896,113.0
4.0,1.0,11.0,19.0,0.0,5.0,1.0,2.0,0.46,0.4545,0.47,0.1642,154.0
1.0,1.0,1.0,4.0,0.0,1.0,1.0,2.0,0.2,0.2576,0.8,0.0,1.0
3.0,0.0,9.0,22.0,0.0,6.0,0.0,1.0,0.68,0.6364,0.83,0.1045,162.0
2.0,1.0,4.0,11.0,0.0,6.0,0.0,1.0,0.44,0.4394,0.24,0.2985,495.0
3.0,0.0,9.0,2.0,0.0,3.0,1.0,1.0,0.6,0.5606,0.83,0.0,5.0
2.0,1.0,5.0,17.0,0.0,1.0,1.0,2.0,0.6,0.6212,0.53,0.3284,769.0
2.0,1.0,4.0,10.0,0.0,5.0,1.0,1.0,0.5,0.4848,0.77,0.194,237.0
1.0,0.0,1.0,17.0,0.0,3.0,1.0,1.0,0.2,0.1818,0.47,0.3582,139.0
4.0,1.0,11.0,13.0,0.0,5.0,1.0,1.0,0.4,0.4091,0.43,0.3582,294.0
3.0,1.0,6.0,14.0,0.0,5.0,1.0,1.0,0.96,0.9091,0.36,0.2239,233.0
2.0,1.0,4.0,22.0,0.0,5.0,1.0,1.0,0.4,0.4091,0.35,0.2239,158.0
3.0,1.0,8.0,5.0,0.0,4.0,1.0,1.0,0.62,0.5909,0.73,0.0,35.0
4.0,1.0,10.0,9.0,0.0,4.0,1.0,2.0,0.5,0.4848,0.77,0.1642,387.0
3.0,1.0,8.0,5.0,0.0,1.0,1.0,2.0,0.6,0.5606,0.83,0.0,37.0
1.0,1.0,12.0,9.0,0.0,1.0,1.0,2.0,0.18,0.2121,0.64,0.1045,157.0
3.0,0.0,8.0,4.0,0.0,3.0,1.0,2.0,0.76,0.697,0.52,0.1642,7.0
1.0,1.0,2.0,16.0,0.0,2.0,1.0,1.0,0.42,0.4242,0.28,0.0896,287.0
3.0,0.0,8.0,13.0,0.0,1.0,1.0,1.0,0.78,0.7121,0.52,0.2836,193.0
3.0,1.0,7.0,9.0,0.0,3.0,1.0,2.0,0.7,0.6667,0.74,0.1343,328.0
4.0,1.0,11.0,1.0,0.0,0.0,0.0,1.0,0.34,0.3485,0.76,0.0896,108.0
2.0,1.0,5.0,11.0,0.0,5.0,1.0,1.0,0.68,0.6364,0.79,0.1343,283.0
3.0,1.0,9.0,4.0,0.0,2.0,1.0,1.0,0.48,0.4697,0.72,0.1045,9.0
4.0,0.0,11.0,7.0,0.0,2.0,1.0,1.0,0.3,0.3182,0.87,0.1045,323.0
4.0,0.0,12.0,15.0,0.0,5.0,1.0,1.0,0.38,0.3939,0.46,0.2836,189.0
2.0,1.0,4.0,9.0,0.0,4.0,1.0,1.0,0.4,0.4091,0.37,0.2537,351.0
1.0,1.0,3.0,10.0,0.0,2.0,1.0,1.0,0.52,0.5,0.77,0.2239,143.0
1.0,0.0,3.0,22.0,0.0,4.0,1.0,2.0,0.34,0.3333,0.0,0.1343,34.0
2.0,1.0,4.0,22.0,0.0,3.0,1.0,2.0,0.42,0.4242,0.77,0.0896,162.0
3.0,0.0,8.0,4.0,0.0,1.0,1.0,1.0,0.6,0.5606,0.83,0.1343,5.0
4.0,0.0,10.0,7.0,0.0,5.0,1.0,1.0,0.28,0.2727,0.65,0.2537,205.0
2.0,1.0,6.0,16.0,0.0,0.0,0.0,1.0,0.66,0.6212,0.54,0.2985,580.0
4.0,1.0,10.0,1.0,0.0,4.0,1.0,1.0,0.58,0.5455,0.68,0.0,28.0
2.0,1.0,6.0,2.0,0.0,0.0,0.0,1.0,0.64,0.6061,0.69,0.1343,73.0
4.0,1.0,11.0,21.0,0.0,4.0,1.0,2.0,0.38,0.3939,0.54,0.1343,267.0
3.0,0.0,9.0,18.0,0.0,5.0,1.0,2.0,0.52,0.5,0.52,0.1642,482.0
2.0,1.0,5.0,22.0,0.0,0.0,0.0,1.0,0.62,0.5909,0.73,0.3284,145.0
2.0,0.0,6.0,16.0,0.0,6.0,0.0,2.0,0.72,0.6515,0.3,0.1343,440.0
2.0,0.0,4.0,3.0,0.0,6.0,0.0,1.0,0.24,0.2424,0.7,0.1642,9.0
2.0,1.0,6.0,4.0,0.0,6.0,0.0,1.0,0.54,0.5152,0.68,0.1343,8.0
4.0,0.0,11.0,11.0,0.0,4.0,1.0,3.0,0.32,0.303,0.66,0.3284,97.0
1.0,0.0,2.0,22.0,0.0,6.0,0.0,1.0,0.3,0.2576,0.28,0.4925,44.0
3.0,1.0,7.0,13.0,0.0,2.0,1.0,1.0,0.82,0.7273,0.38,0.194,280.0
4.0,1.0,11.0,6.0,0.0,2.0,1.0,2.0,0.3,0.303,0.81,0.1642,100.0
2.0,0.0,5.0,1.0,0.0,4.0,1.0,1.0,0.34,0.3333,0.71,0.194,10.0
3.0,0.0,7.0,21.0,0.0,6.0,0.0,1.0,0.74,0.6667,0.48,0.194,232.0
3.0,1.0,8.0,19.0,0.0,3.0,1.0,1.0,0.7,0.6515,0.54,0.194,643.0
1.0,0.0,1.0,19.0,0.0,0.0,0.0,1.0,0.18,0.197,0.47,0.1343,61.0
4.0,1.0,10.0,11.0,0.0,2.0,1.0,3.0,0.58,0.5455,0.94,0.1343,99.0
3.0,0.0,8.0,9.0,0.0,3.0,1.0,1.0,0.76,0.6818,0.48,0.2239,180.0
3.0,1.0,8.0,5.0,0.0,3.0,1.0,1.0,0.64,0.5909,0.78,0.1045,39.0
1.0,1.0,3.0,15.0,0.0,5.0,1.0,3.0,0.46,0.4545,0.82,0.1045,107.0
1.0,1.0,3.0,4.0,0.0,5.0,1.0,1.0,0.32,0.3485,0.61,0.0,2.0
1.0,0.0,1.0,4.0,0.0,0.0,0.0,2.0,0.46,0.4545,0.94,0.194,3.0
4.0,1.0,11.0,23.0,0.0,5.0,1.0,1.0,0.32,0.3333,0.81,0.0896,162.0
3.0,1.0,6.0,18.0,0.0,5.0,1.0,2.0,0.8,0.7576,0.55,0.194,505.0
1.0,0.0,12.0,14.0,0.0,5.0,1.0,1.0,0.4,0.4091,0.54,0.4179,200.0
3.0,0.0,7.0,12.0,0.0,0.0,0.0,1.0,0.9,0.8636,0.45,0.1642,246.0
4.0,0.0,11.0,20.0,0.0,6.0,0.0,2.0,0.42,0.4242,0.58,0.0,141.0
2.0,1.0,5.0,7.0,0.0,0.0,0.0,1.0,0.52,0.5,0.68,0.194,90.0
4.0,0.0,12.0,14.0,0.0,5.0,1.0,1.0,0.38,0.3939,0.46,0.2836,187.0
3.0,0.0,6.0,4.0,0.0,5.0,1.0,1.0,0.66,0.6061,0.83,0.0896,9.0
1.0,1.0,2.0,9.0,0.0,4.0,1.0,1.0,0.36,0.3333,0.81,0.2537,242.0
3.0,1.0,7.0,21.0,0.0,1.0,1.0,1.0,0.72,0.6818,0.7,0.194,322.0
3.0,0.0,8.0,20.0,0.0,1.0,1.0,1.0,0.66,0.6212,0.34,0.194,268.0
1.0,1.0,1.0,10.0,0.0,3.0,1.0,1.0,0.3,0.2727,0.42,0.4627,93.0
2.0,0.0,5.0,18.0,0.0,4.0,1.0,1.0,0.6,0.6212,0.55,0.1642,513.0
4.0,1.0,11.0,3.0,0.0,6.0,0.0,1.0,0.28,0.2576,0.41,0.3582,11.0
4.0,1.0,11.0,3.0,0.0,5.0,1.0,1.0,0.32,0.2879,0.53,0.4179,9.0
2.0,1.0,5.0,16.0,0.0,5.0,1.0,1.0,0.62,0.6061,0.25,0.3284,525.0
1.0,0.0,3.0,3.0,0.0,4.0,1.0,1.0,0.34,0.3333,0.66,0.1642,2.0
1.0,1.0,12.0,13.0,0.0,5.0,1.0,2.0,0.32,0.2879,0.39,0.4179,240.0
3.0,1.0,7.0,5.0,0.0,4.0,1.0,1.0,0.72,0.6818,0.62,0.0,29.0
3.0,1.0,9.0,11.0,0.0,3.0,1.0,1.0,0.66,0.6212,0.5,0.194,232.0
4.0,0.0,10.0,23.0,0.0,6.0,0.0,1.0,0.38,0.3939,0.82,0.0,108.0
2.0,1.0,4.0,3.0,0.0,3.0,1.0,1.0,0.3,0.2879,0.49,0.2239,2.0
4.0,0.0,10.0,13.0,0.0,5.0,1.0,1.0,0.6,0.6212,0.46,0.0,305.0
1.0,0.0,2.0,20.0,0.0,1.0,1.0,2.0,0.32,0.3333,0.7,0.1045,88.0
4.0,1.0,11.0,16.0,0.0,0.0,0.0,1.0,0.54,0.5152,0.42,0.2239,653.0
3.0,0.0,9.0,21.0,0.0,0.0,0.0,1.0,0.64,0.6061,0.69,0.0,159.0
4.0,0.0,10.0,6.0,0.0,0.0,0.0,1.0,0.38,0.3939,0.66,0.1642,10.0
2.0,0.0,6.0,8.0,0.0,0.0,0.0,3.0,0.68,0.6364,0.74,0.1045,84.0
2.0,1.0,6.0,22.0,0.0,2.0,1.0,1.0,0.66,0.5909,0.94,0.1045,207.0
2.0,0.0,6.0,6.0,0.0,5.0,1.0,1.0,0.66,0.6061,0.78,0.0896,104.0
3.0,0.0,9.0,21.0,0.0,0.0,0.0,2.0,0.54,0.5152,0.68,0.0896,147.0
2.0,0.0,4.0,21.0,0.0,2.0,1.0,2.0,0.42,0.4242,0.82,0.194,84.0
1.0,1.0,2.0,13.0,0.0,4.0,1.0,1.0,0.52,0.5,0.39,0.194,218.0
1.0,0.0,12.0,18.0,0.0,4.0,1.0,2.0,0.44,0.4394,0.62,0.0896,288.0
2.0,1.0,5.0,1.0,0.0,0.0,0.0,1.0,0.56,0.5303,0.52,0.0,130.0
2.0,0.0,4.0,23.0,1.0,5.0,0.0,2.0,0.36,0.3485,0.81,0.194,64.0
3.0,0.0,6.0,17.0,0.0,0.0,0.0,2.0,0.72,0.6515,0.42,0.1642,421.0
3.0,0.0,7.0,1.0,0.0,0.0,0.0,1.0,0.7,0.6515,0.61,0.1343,113.0
4.0,0.0,11.0,9.0,0.0,0.0,0.0,1.0,0.4,0.4091,0.54,0.2836,135.0
3.0,0.0,7.0,11.0,0.0,2.0,1.0,1.0,0.82,0.803,0.59,0.0,127.0
1.0,0.0,1.0,22.0,0.0,5.0,1.0,1.0,0.24,0.2121,0.65,0.3582,26.0
4.0,0.0,10.0,5.0,0.0,1.0,1.0,1.0,0.22,0.2727,0.93,0.0,18.0
1.0,0.0,3.0,11.0,0.0,0.0,0.0,2.0,0.42,0.4242,1.0,0.2239,62.0
1.0,0.0,3.0,13.0,0.0,4.0,1.0,2.0,0.52,0.5,0.42,0.0896,111.0
4.0,0.0,9.0,13.0,0.0,6.0,0.0,1.0,0.64,0.5909,0.78,0.0,460.0
3.0,1.0,7.0,19.0,0.0,3.0,1.0,1.0,0.76,0.6667,0.33,0.1343,698.0
3.0,1.0,7.0,17.0,0.0,4.0,1.0,1.0,0.76,0.6818,0.43,0.2239,795.0
2.0,1.0,3.0,12.0,0.0,0.0,0.0,2.0,0.4,0.4091,0.94,0.2239,360.0
1.0,0.0,2.0,6.0,0.0,6.0,0.0,3.0,0.2,0.2576,1.0,0.0,4.0
3.0,0.0,9.0,20.0,0.0,6.0,0.0,1.0,0.66,0.6212,0.69,0.1045,245.0
4.0,1.0,10.0,15.0,0.0,3.0,1.0,1.0,0.7,0.6364,0.39,0.1045,308.0
2.0,0.0,4.0,1.0,0.0,1.0,1.0,1.0,0.54,0.5152,1.0,0.0896,10.0
2.0,1.0,5.0,21.0,0.0,5.0,1.0,1.0,0.6,0.6212,0.4,0.0,258.0
3.0,1.0,8.0,19.0,0.0,3.0,1.0,1.0,0.76,0.7273,0.66,0.2239,686.0
3.0,1.0,8.0,22.0,0.0,3.0,1.0,1.0,0.64,0.6061,0.73,0.0,281.0
2.0,0.0,4.0,15.0,0.0,3.0,1.0,1.0,0.52,0.5,0.32,0.3284,117.0
2.0,1.0,6.0,8.0,0.0,0.0,0.0,1.0,0.56,0.5303,0.68,0.2537,119.0
3.0,0.0,8.0,19.0,0.0,4.0,1.0,1.0,0.74,0.6515,0.35,0.194,371.0
3.0,1.0,7.0,23.0,1.0,3.0,0.0,2.0,0.78,0.697,0.43,0.0896,183.0
3.0,1.0,8.0,0.0,0.0,5.0,1.0,1.0,0.68,0.6364,0.83,0.1642,82.0
2.0,0.0,3.0,18.0,0.0,1.0,1.0,2.0,0.52,0.5,0.72,0.2239,276.0
4.0,0.0,12.0,17.0,0.0,6.0,0.0,1.0,0.36,0.3788,0.62,0.0,232.0
2.0,0.0,6.0,23.0,0.0,6.0,0.0,2.0,0.64,0.6212,0.57,0.0,150.0
2.0,1.0,5.0,4.0,0.0,3.0,1.0,1.0,0.54,0.5152,0.88,0.0,4.0
1.0,0.0,2.0,0.0,0.0,2.0,1.0,2.0,0.28,0.3182,0.87,0.0,10.0
3.0,0.0,8.0,4.0,0.0,3.0,1.0,1.0,0.56,0.5303,0.73,0.0,5.0
3.0,0.0,8.0,20.0,0.0,1.0,1.0,1.0,0.64,0.6212,0.53,0.1642,277.0
4.0,1.0,12.0,16.0,0.0,2.0,1.0,2.0,0.38,0.3939,0.5,0.2239,358.0
2.0,1.0,6.0,18.0,0.0,1.0,1.0,1.0,0.64,0.6212,0.38,0.3881,822.0
4.0,0.0,12.0,15.0,0.0,0.0,0.0,1.0,0.32,0.303,0.45,0.2836,207.0
1.0,0.0,12.0,8.0,0.0,0.0,0.0,1.0,0.2,0.2121,0.8,0.1642,5.0
4.0,0.0,12.0,14.0,0.0,3.0,1.0,3.0,0.44,0.4394,1.0,0.194,25.0
3.0,1.0,7.0,4.0,0.0,5.0,1.0,1.0,0.7,0.6667,0.79,0.0,8.0
1.0,0.0,3.0,21.0,0.0,3.0,1.0,2.0,0.42,0.4242,0.58,0.2836,78.0
4.0,1.0,12.0,12.0,0.0,1.0,1.0,1.0,0.52,0.5,0.68,0.1642,268.0
3.0,0.0,7.0,20.0,0.0,4.0,1.0,1.0,0.8,0.7879,0.63,0.194,270.0
4.0,1.0,12.0,10.0,0.0,1.0,1.0,2.0,0.38,0.3939,0.87,0.0896,135.0
2.0,0.0,5.0,4.0,0.0,1.0,1.0,2.0,0.54,0.5152,0.94,0.0,4.0
4.0,1.0,11.0,22.0,1.0,4.0,0.0,1.0,0.32,0.3485,0.61,0.0,44.0
4.0,0.0,10.0,22.0,0.0,2.0,1.0,1.0,0.46,0.4545,0.67,0.194,170.0
4.0,1.0,10.0,21.0,0.0,6.0,0.0,1.0,0.46,0.4545,0.47,0.2239,296.0
4.0,0.0,11.0,8.0,0.0,2.0,1.0,1.0,0.36,0.3333,0.71,0.2537,419.0
4.0,0.0,11.0,9.0,0.0,2.0,1.0,1.0,0.4,0.4091,0.66,0.1642,222.0
2.0,1.0,5.0,2.0,0.0,3.0,1.0,3.0,0.56,0.5303,0.88,0.4478,1.0
1.0,1.0,1.0,19.0,0.0,0.0,0.0,1.0,0.16,0.1667,0.37,0.1642,110.0
4.0,0.0,10.0,2.0,1.0,1.0,0.0,1.0,0.48,0.4697,0.88,0.0,19.0
2.0,1.0,5.0,11.0,0.0,6.0,0.0,1.0,0.62,0.6212,0.38,0.0896,586.0
2.0,0.0,5.0,5.0,0.0,4.0,1.0,1.0,0.34,0.3182,0.66,0.2537,30.0
3.0,0.0,9.0,11.0,0.0,1.0,1.0,1.0,0.7,0.6515,0.58,0.194,165.0
2.0,0.0,6.0,14.0,0.0,2.0,1.0,2.0,0.8,0.7273,0.43,0.2836,146.0
4.0,0.0,10.0,17.0,0.0,5.0,1.0,2.0,0.36,0.3485,0.5,0.1343,446.0
3.0,1.0,8.0,6.0,0.0,6.0,0.0,1.0,0.7,0.6667,0.84,0.2239,49.0
4.0,1.0,11.0,7.0,0.0,1.0,1.0,1.0,0.24,0.2879,0.65,0.0,365.0
2.0,1.0,4.0,23.0,0.0,6.0,0.0,2.0,0.54,0.5152,0.56,0.194,196.0
2.0,0.0,4.0,4.0,0.0,1.0,1.0,1.0,0.4,0.4091,0.87,0.1642,6.0
4.0,0.0,11.0,16.0,0.0,0.0,0.0,2.0,0.54,0.5152,0.28,0.3881,319.0
3.0,0.0,7.0,1.0,0.0,6.0,0.0,1.0,0.82,0.7727,0.52,0.1045,70.0
3.0,0.0,8.0,20.0,0.0,2.0,1.0,1.0,0.66,0.6212,0.5,0.0,298.0
2.0,1.0,5.0,4.0,0.0,2.0,1.0,2.0,0.52,0.5,0.68,0.3284,5.0
2.0,1.0,3.0,6.0,0.0,6.0,0.0,2.0,0.52,0.5,0.83,0.1642,28.0
2.0,1.0,5.0,2.0,0.0,4.0,1.0,2.0,0.48,0.4697,0.88,0.1045,3.0
1.0,1.0,2.0,0.0,0.0,4.0,1.0,2.0,0.24,0.2424,0.87,0.1642,26.0
1.0,1.0,2.0,16.0,0.0,0.0,0.0,1.0,0.3,0.2879,0.56,0.2239,296.0
3.0,0.0,7.0,17.0,0.0,2.0,1.0,1.0,0.8,0.803,0.66,0.0,513.0
1.0,1.0,12.0,1.0,1.0,2.0,0.0,2.0,0.26,0.2576,0.87,0.1642,13.0
2.0,0.0,6.0,10.0,0.0,2.0,1.0,2.0,0.76,0.6818,0.48,0.194,123.0
2.0,1.0,4.0,5.0,0.0,3.0,1.0,1.0,0.34,0.3636,0.66,0.0,24.0
3.0,1.0,6.0,2.0,0.0,6.0,0.0,2.0,0.64,0.5758,0.89,0.0,61.0
3.0,0.0,9.0,5.0,0.0,2.0,1.0,1.0,0.56,0.5303,0.88,0.0,20.0
2.0,0.0,5.0,2.0,0.0,3.0,1.0,3.0,0.5,0.4848,0.82,0.2836,4.0
2.0,1.0,6.0,23.0,0.0,5.0,1.0,1.0,0.64,0.6212,0.57,0.1642,215.0
4.0,1.0,11.0,23.0,0.0,5.0,1.0,1.0,0.42,0.4242,0.38,0.4478,67.0
4.0,0.0,12.0,1.0,0.0,2.0,1.0,1.0,0.36,0.3788,0.53,0.0,6.0
3.0,0.0,8.0,3.0,0.0,6.0,0.0,2.0,0.7,0.6667,0.84,0.2239,30.0
4.0,0.0,9.0,18.0,0.0,5.0,1.0,1.0,0.58,0.5455,0.49,0.3582,511.0
4.0,1.0,12.0,21.0,0.0,2.0,1.0,1.0,0.32,0.3182,0.53,0.194,207.0
4.0,0.0,12.0,1.0,0.0,1.0,1.0,1.0,0.18,0.2121,0.8,0.0896,11.0
4.0,0.0,10.0,13.0,0.0,0.0,0.0,1.0,0.6,0.6212,0.35,0.2985,438.0
1.0,0.0,2.0,3.0,0.0,5.0,1.0,2.0,0.32,0.3333,0.93,0.1045,2.0
3.0,0.0,8.0,4.0,0.0,2.0,1.0,1.0,0.7,0.6667,0.74,0.0,7.0
4.0,0.0,10.0,5.0,0.0,6.0,0.0,1.0,0.42,0.4242,0.88,0.1045,8.0
3.0,1.0,8.0,0.0,0.0,5.0,1.0,1.0,0.68,0.2424,0.57,0.1642,88.0
4.0,1.0,12.0,19.0,0.0,1.0,1.0,2.0,0.42,0.4242,0.88,0.1343,340.0
2.0,0.0,4.0,9.0,0.0,4.0,1.0,2.0,0.4,0.4091,0.66,0.1343,170.0
2.0,0.0,6.0,14.0,0.0,1.0,1.0,1.0,0.66,0.6212,0.61,0.1045,175.0
4.0,1.0,9.0,4.0,0.0,1.0,1.0,1.0,0.44,0.4394,0.67,0.1045,8.0
1.0,1.0,1.0,15.0,0.0,3.0,1.0,2.0,0.34,0.3485,0.87,0.0896,79.0
1.0,0.0,1.0,6.0,0.0,6.0,0.0,1.0,0.16,0.1818,0.64,0.1343,2.0
4.0,1.0,11.0,11.0,0.0,3.0,1.0,1.0,0.32,0.303,0.49,0.2537,151.0
4.0,1.0,11.0,3.0,0.0,4.0,1.0,1.0,0.34,0.3333,0.61,0.1343,15.0
4.0,1.0,12.0,16.0,0.0,0.0,0.0,2.0,0.44,0.4394,0.67,0.1045,443.0
2.0,1.0,6.0,9.0,0.0,0.0,0.0,1.0,0.56,0.5303,0.68,0.1642,274.0
2.0,0.0,6.0,14.0,0.0,5.0,1.0,1.0,0.7,0.6364,0.28,0.2836,240.0
2.0,0.0,4.0,2.0,0.0,4.0,1.0,1.0,0.5,0.4848,0.42,0.3881,13.0
3.0,0.0,8.0,9.0,0.0,4.0,1.0,1.0,0.72,0.697,0.74,0.3284,187.0
3.0,1.0,7.0,14.0,0.0,4.0,1.0,1.0,0.78,0.6818,0.33,0.2239,209.0
2.0,0.0,6.0,12.0,0.0,0.0,0.0,2.0,0.64,0.6061,0.69,0.1045,335.0
1.0,0.0,1.0,2.0,0.0,5.0,1.0,3.0,0.24,0.2424,0.75,0.1642,2.0
1.0,0.0,2.0,2.0,0.0,4.0,1.0,2.0,0.34,0.3182,0.53,0.2239,6.0
2.0,1.0,4.0,16.0,0.0,0.0,0.0,3.0,0.38,0.3939,0.87,0.4478,36.0
4.0,1.0,10.0,23.0,0.0,2.0,1.0,1.0,0.4,0.4091,0.71,0.0,199.0
1.0,1.0,2.0,5.0,0.0,6.0,0.0,3.0,0.22,0.2273,0.93,0.1642,2.0
4.0,1.0,10.0,1.0,0.0,1.0,1.0,2.0,0.58,0.5455,0.64,0.3881,29.0
2.0,1.0,4.0,23.0,0.0,0.0,0.0,1.0,0.48,0.4697,0.59,0.0,82.0
2.0,0.0,5.0,8.0,0.0,6.0,0.0,3.0,0.5,0.4848,0.94,0.0,88.0
2.0,0.0,5.0,22.0,0.0,1.0,1.0,1.0,0.62,0.5455,0.94,0.2239,131.0
1.0,1.0,2.0,5.0,0.0,3.0,1.0,1.0,0.24,0.2576,0.7,0.0896,20.0
3.0,0.0,7.0,11.0,0.0,5.0,1.0,2.0,0.74,0.7121,0.74,0.2537,165.0
2.0,1.0,5.0,22.0,0.0,4.0,1.0,1.0,0.56,0.5303,0.43,0.0896,251.0
4.0,0.0,11.0,1.0,0.0,6.0,0.0,1.0,0.26,0.2273,0.52,0.2985,35.0
2.0,0.0,3.0,2.0,0.0,6.0,0.0,1.0,0.22,0.2121,0.44,0.2239,25.0
2.0,1.0,4.0,0.0,0.0,0.0,0.0,2.0,0.46,0.4545,0.82,0.194,117.0
4.0,1.0,10.0,6.0,1.0,1.0,0.0,1.0,0.34,0.3485,0.76,0.1045,59.0
1.0,0.0,1.0,18.0,0.0,2.0,1.0,2.0,0.22,0.2273,0.8,0.1642,133.0
2.0,0.0,4.0,17.0,0.0,3.0,1.0,2.0,0.74,0.6515,0.37,0.4179,432.0
4.0,0.0,9.0,9.0,0.0,3.0,1.0,3.0,0.62,0.5455,0.94,0.2239,155.0
2.0,1.0,4.0,16.0,0.0,1.0,1.0,1.0,0.5,0.4848,0.34,0.3284,395.0
1.0,0.0,2.0,1.0,0.0,2.0,1.0,1.0,0.3,0.2424,0.42,0.7761,5.0
1.0,1.0,1.0,8.0,0.0,2.0,1.0,3.0,0.3,0.2879,0.81,0.2836,93.0
2.0,0.0,5.0,19.0,0.0,1.0,1.0,1.0,0.58,0.5455,0.83,0.2537,308.0
4.0,1.0,11.0,22.0,0.0,5.0,1.0,1.0,0.32,0.303,0.53,0.2537,162.0
1.0,1.0,3.0,21.0,0.0,2.0,1.0,1.0,0.56,0.5303,0.73,0.0,277.0
2.0,1.0,5.0,1.0,0.0,2.0,1.0,3.0,0.56,0.5303,0.88,0.1343,19.0
4.0,0.0,12.0,13.0,0.0,6.0,0.0,1.0,0.36,0.3636,0.5,0.0896,292.0
4.0,0.0,11.0,18.0,0.0,1.0,1.0,1.0,0.56,0.5303,0.64,0.2239,416.0
4.0,1.0,11.0,0.0,0.0,6.0,0.0,1.0,0.34,0.3333,0.53,0.1642,108.0
3.0,1.0,9.0,14.0,0.0,4.0,1.0,1.0,0.72,0.6515,0.39,0.1343,274.0
4.0,0.0,10.0,16.0,0.0,6.0,0.0,1.0,0.64,0.6212,0.44,0.0896,451.0
1.0,0.0,3.0,10.0,0.0,2.0,1.0,1.0,0.24,0.2121,0.52,0.2836,68.0
2.0,0.0,5.0,9.0,0.0,0.0,0.0,2.0,0.46,0.4545,0.72,0.1343,141.0
1.0,1.0,1.0,13.0,0.0,3.0,1.0,1.0,0.3,0.2727,0.42,0.4627,130.0
3.0,1.0,7.0,1.0,0.0,1.0,1.0,1.0,0.66,0.5909,0.89,0.194,27.0
4.0,1.0,10.0,8.0,0.0,0.0,0.0,2.0,0.5,0.4848,0.59,0.5522,173.0
3.0,0.0,7.0,1.0,0.0,6.0,0.0,2.0,0.64,0.5758,0.89,0.1045,53.0
1.0,1.0,1.0,5.0,0.0,1.0,1.0,1.0,0.2,0.2121,0.51,0.1343,26.0
2.0,0.0,5.0,16.0,0.0,4.0,1.0,2.0,0.8,0.7424,0.49,0.3582,291.0
3.0,1.0,6.0,16.0,0.0,4.0,1.0,1.0,0.88,0.7424,0.23,0.194,387.0
2.0,0.0,4.0,0.0,0.0,2.0,1.0,2.0,0.62,0.6212,0.5,0.1045,24.0
1.0,1.0,2.0,3.0,0.0,0.0,0.0,2.0,0.1,0.0455,0.46,0.6866,14.0
1.0,0.0,3.0,15.0,0.0,6.0,0.0,2.0,0.46,0.4545,0.63,0.2985,205.0
3.0,0.0,6.0,22.0,0.0,5.0,1.0,1.0,0.7,0.6515,0.48,0.0,167.0
4.0,0.0,10.0,6.0,0.0,5.0,1.0,1.0,0.28,0.2727,0.65,0.2537,75.0
1.0,1.0,3.0,9.0,0.0,3.0,1.0,1.0,0.3,0.2727,0.61,0.3284,264.0
2.0,0.0,3.0,3.0,0.0,1.0,1.0,2.0,0.34,0.303,0.71,0.3284,1.0
4.0,1.0,11.0,4.0,0.0,5.0,1.0,1.0,0.22,0.2727,0.75,0.0,3.0
4.0,0.0,11.0,13.0,0.0,0.0,0.0,2.0,0.54,0.5152,0.6,0.194,369.0
3.0,0.0,8.0,13.0,0.0,0.0,0.0,1.0,0.72,0.697,0.74,0.2537,377.0
4.0,1.0,10.0,8.0,0.0,0.0,0.0,3.0,0.42,0.4242,0.67,0.1343,62.0
3.0,0.0,7.0,8.0,0.0,2.0,1.0,1.0,0.74,0.6818,0.55,0.194,424.0
2.0,0.0,6.0,12.0,0.0,2.0,1.0,2.0,0.8,0.7273,0.46,0.2836,183.0
3.0,1.0,8.0,20.0,0.0,6.0,0.0,3.0,0.66,0.5909,0.89,0.4179,160.0
1.0,1.0,1.0,12.0,0.0,1.0,1.0,2.0,0.26,0.2727,0.56,0.1045,103.0
3.0,0.0,7.0,0.0,0.0,5.0,1.0,1.0,0.74,0.7121,0.79,0.1642,57.0
4.0,0.0,10.0,16.0,0.0,3.0,1.0,3.0,0.56,0.5303,0.94,0.1642,201.0
2.0,1.0,4.0,4.0,0.0,2.0,1.0,1.0,0.34,0.3333,0.71,0.1343,2.0
3.0,1.0,8.0,14.0,0.0,4.0,1.0,1.0,0.82,0.7121,0.32,0.0,248.0
2.0,0.0,4.0,14.0,0.0,1.0,1.0,2.0,0.74,0.6515,0.27,0.4925,123.0
2.0,1.0,6.0,19.0,0.0,2.0,1.0,1.0,0.8,0.7727,0.59,0.2239,514.0
1.0,1.0,1.0,17.0,0.0,2.0,1.0,1.0,0.54,0.5152,0.26,0.4179,559.0
1.0,1.0,3.0,17.0,0.0,2.0,1.0,1.0,0.6,0.5909,0.73,0.194,750.0
1.0,0.0,1.0,6.0,1.0,1.0,0.0,2.0,0.18,0.1818,0.43,0.194,5.0
3.0,0.0,8.0,3.0,0.0,5.0,1.0,1.0,0.64,0.5909,0.78,0.0896,6.0
4.0,1.0,11.0,6.0,0.0,1.0,1.0,1.0,0.22,0.2727,0.69,0.0,124.0
2.0,0.0,6.0,19.0,0.0,5.0,1.0,1.0,0.78,0.7424,0.59,0.194,306.0
2.0,1.0,4.0,23.0,0.0,2.0,1.0,1.0,0.36,0.3333,0.4,0.4179,62.0
4.0,1.0,10.0,1.0,0.0,6.0,0.0,1.0,0.46,0.4545,0.72,0.1343,95.0
1.0,0.0,3.0,21.0,0.0,2.0,1.0,1.0,0.3,0.2879,0.49,0.194,75.0
2.0,0.0,3.0,16.0,0.0,4.0,1.0,2.0,0.3,0.2879,0.65,0.2239,84.0
2.0,0.0,5.0,20.0,0.0,4.0,1.0,1.0,0.5,0.4848,0.34,0.1642,258.0
2.0,1.0,6.0,0.0,0.0,0.0,0.0,1.0,0.56,0.5303,0.56,0.1343,148.0
2.0,0.0,3.0,5.0,0.0,1.0,1.0,1.0,0.32,0.303,0.81,0.2985,2.0
3.0,1.0,9.0,1.0,0.0,2.0,1.0,1.0,0.68,0.6364,0.82,0.1343,24.0
3.0,1.0,7.0,16.0,0.0,5.0,1.0,1.0,0.84,0.7727,0.47,0.2239,499.0
3.0,0.0,7.0,3.0,0.0,4.0,1.0,1.0,0.64,0.5606,0.94,0.1045,4.0
2.0,1.0,5.0,7.0,0.0,2.0,1.0,3.0,0.56,0.5303,0.94,0.1343,92.0
3.0,1.0,9.0,2.0,0.0,5.0,1.0,1.0,0.56,0.5303,0.73,0.0,30.0
3.0,0.0,8.0,6.0,0.0,5.0,1.0,1.0,0.64,0.5758,0.83,0.0,93.0
3.0,1.0,6.0,3.0,0.0,5.0,1.0,1.0,0.72,0.6667,0.58,0.194,8.0
1.0,0.0,2.0,13.0,0.0,3.0,1.0,1.0,0.42,0.4242,0.3,0.3582,93.0
1.0,1.0,12.0,17.0,1.0,2.0,0.0,2.0,0.32,0.303,0.57,0.2537,50.0
4.0,0.0,12.0,12.0,0.0,4.0,1.0,1.0,0.28,0.2576,0.52,0.3284,156.0
1.0,1.0,12.0,13.0,0.0,3.0,1.0,3.0,0.22,0.197,0.87,0.3284,15.0
1.0,1.0,1.0,5.0,0.0,2.0,1.0,1.0,0.3,0.2879,0.49,0.194,22.0
3.0,1.0,9.0,19.0,0.0,4.0,1.0,1.0,0.68,0.6364,0.74,0.2537,558.0
3.0,0.0,7.0,0.0,0.0,4.0,1.0,1.0,0.7,0.6515,0.51,0.1343,45.0
3.0,1.0,9.0,3.0,0.0,3.0,1.0,1.0,0.5,0.4848,0.77,0.0896,7.0
3.0,0.0,7.0,17.0,0.0,1.0,1.0,1.0,0.86,0.8485,0.56,0.4179,514.0
4.0,1.0,11.0,7.0,0.0,4.0,1.0,1.0,0.28,0.2576,0.36,0.3881,423.0
4.0,0.0,10.0,23.0,0.0,1.0,1.0,2.0,0.48,0.4697,0.88,0.0,62.0
2.0,0.0,6.0,10.0,0.0,3.0,1.0,1.0,0.64,0.6212,0.47,0.1642,135.0
1.0,1.0,2.0,23.0,0.0,1.0,1.0,1.0,0.42,0.4242,0.5,0.1642,56.0
2.0,1.0,5.0,8.0,0.0,2.0,1.0,2.0,0.52,0.5,0.94,0.2836,557.0
3.0,1.0,9.0,13.0,0.0,6.0,0.0,1.0,0.74,0.6667,0.51,0.3582,707.0
3.0,0.0,8.0,11.0,0.0,3.0,1.0,1.0,0.72,0.6515,0.42,0.1343,171.0
3.0,0.0,9.0,9.0,0.0,3.0,1.0,3.0,0.6,0.5455,0.88,0.1343,190.0
2.0,0.0,4.0,3.0,0.0,1.0,1.0,1.0,0.38,0.3939,0.66,0.2836,1.0
3.0,1.0,7.0,7.0,0.0,2.0,1.0,1.0,0.68,0.6364,0.83,0.2239,513.0
3.0,0.0,8.0,22.0,0.0,2.0,1.0,1.0,0.7,0.6515,0.61,0.0,152.0
1.0,0.0,1.0,18.0,0.0,3.0,1.0,1.0,0.34,0.3182,0.61,0.2836,161.0
3.0,1.0,6.0,16.0,0.0,0.0,0.0,1.0,0.84,0.7273,0.3,0.2537,461.0
3.0,0.0,8.0,15.0,0.0,6.0,0.0,2.0,0.84,0.803,0.53,0.2537,362.0
4.0,0.0,12.0,5.0,0.0,0.0,0.0,1.0,0.2,0.2273,0.59,0.1045,5.0
1.0,0.0,2.0,0.0,0.0,0.0,0.0,1.0,0.26,0.2121,0.35,0.4478,17.0
4.0,1.0,9.0,17.0,0.0,0.0,0.0,1.0,0.56,0.5303,0.35,0.2985,723.0
3.0,0.0,6.0,15.0,0.0,3.0,1.0,2.0,0.82,0.7879,0.56,0.2836,146.0
1.0,1.0,1.0,22.0,0.0,2.0,1.0,1.0,0.44,0.4394,0.35,0.2985,129.0
1.0,0.0,2.0,2.0,0.0,4.0,1.0,1.0,0.18,0.1667,0.43,0.2537,2.0
3.0,0.0,6.0,14.0,0.0,4.0,1.0,1.0,0.78,0.6818,0.31,0.194,163.0
2.0,0.0,5.0,17.0,0.0,2.0,1.0,1.0,0.7,0.6515,0.61,0.1045,548.0
4.0,0.0,10.0,3.0,0.0,5.0,1.0,1.0,0.36,0.3485,0.71,0.1343,7.0
3.0,0.0,7.0,17.0,0.0,2.0,1.0,1.0,0.88,0.8182,0.44,0.2836,428.0
1.0,0.0,1.0,15.0,0.0,0.0,0.0,3.0,0.34,0.3333,0.81,0.1642,74.0
1.0,1.0,1.0,17.0,0.0,3.0,1.0,3.0,0.34,0.3182,0.87,0.2239,134.0
1.0,0.0,1.0,6.0,0.0,0.0,0.0,3.0,0.42,0.4242,0.77,0.2985,2.0
2.0,0.0,5.0,0.0,0.0,2.0,1.0,1.0,0.48,0.4697,0.63,0.0,18.0
3.0,1.0,8.0,10.0,0.0,4.0,1.0,1.0,0.74,0.6667,0.48,0.1343,199.0
4.0,0.0,10.0,5.0,0.0,2.0,1.0,2.0,0.46,0.4545,0.88,0.0,21.0
4.0,0.0,10.0,16.0,0.0,4.0,1.0,2.0,0.48,0.4697,0.51,0.4478,234.0
4.0,1.0,10.0,3.0,0.0,5.0,1.0,1.0,0.36,0.3636,0.76,0.0896,6.0
2.0,0.0,4.0,6.0,0.0,4.0,1.0,2.0,0.64,0.5909,0.78,0.4627,86.0
4.0,1.0,11.0,21.0,0.0,5.0,1.0,1.0,0.34,0.3333,0.49,0.194,178.0
1.0,1.0,3.0,18.0,0.0,0.0,0.0,1.0,0.32,0.2727,0.33,0.6119,184.0
2.0,1.0,4.0,4.0,0.0,0.0,0.0,2.0,0.34,0.3485,0.81,0.0896,12.0
1.0,0.0,2.0,7.0,0.0,6.0,0.0,1.0,0.38,0.3939,0.17,0.5224,22.0
3.0,0.0,7.0,2.0,0.0,3.0,1.0,1.0,0.76,0.697,0.52,0.2985,6.0
3.0,0.0,6.0,4.0,0.0,2.0,1.0,1.0,0.66,0.6212,0.74,0.0,8.0
4.0,1.0,11.0,8.0,0.0,0.0,0.0,1.0,0.3,0.2879,0.75,0.2537,119.0
3.0,0.0,7.0,0.0,0.0,6.0,0.0,2.0,0.66,0.6061,0.83,0.1343,121.0
1.0,0.0,1.0,9.0,0.0,5.0,1.0,3.0,0.18,0.2121,0.86,0.0896,101.0
3.0,1.0,8.0,10.0,0.0,5.0,1.0,1.0,0.76,0.7121,0.62,0.0896,256.0
4.0,0.0,10.0,9.0,0.0,6.0,0.0,3.0,0.28,0.2576,0.87,0.3582,20.0
3.0,1.0,7.0,18.0,0.0,0.0,0.0,1.0,0.8,0.7121,0.41,0.2985,419.0
2.0,0.0,5.0,5.0,1.0,1.0,0.0,2.0,0.62,0.5455,0.94,0.1045,7.0
1.0,1.0,2.0,10.0,0.0,1.0,1.0,1.0,0.22,0.2424,0.75,0.1045,116.0
4.0,0.0,12.0,23.0,0.0,1.0,1.0,1.0,0.24,0.2879,0.75,0.0,45.0
3.0,0.0,7.0,16.0,0.0,2.0,1.0,1.0,0.9,0.8485,0.42,0.2985,277.0
2.0,1.0,4.0,9.0,0.0,0.0,0.0,2.0,0.36,0.3485,0.81,0.1343,275.0
4.0,1.0,11.0,7.0,0.0,5.0,1.0,1.0,0.24,0.2879,0.81,0.0,77.0
4.0,1.0,10.0,13.0,0.0,4.0,1.0,2.0,0.56,0.5303,0.78,0.0,313.0
3.0,0.0,8.0,11.0,0.0,2.0,1.0,1.0,0.72,0.6515,0.37,0.194,175.0
2.0,0.0,3.0,22.0,0.0,4.0,1.0,3.0,0.28,0.2727,0.93,0.2537,51.0
3.0,0.0,8.0,2.0,0.0,3.0,1.0,1.0,0.66,0.6212,0.69,0.0,6.0
1.0,0.0,1.0,16.0,0.0,3.0,1.0,1.0,0.22,0.197,0.44,0.3284,68.0
1.0,0.0,1.0,21.0,0.0,3.0,1.0,1.0,0.16,0.1364,0.55,0.3284,57.0
3.0,1.0,9.0,22.0,0.0,4.0,1.0,1.0,0.54,0.5152,0.73,0.1045,287.0
4.0,0.0,11.0,19.0,0.0,5.0,1.0,1.0,0.4,0.4091,0.37,0.3582,196.0
1.0,1.0,3.0,13.0,0.0,1.0,1.0,1.0,0.62,0.6061,0.61,0.2537,263.0
4.0,0.0,11.0,20.0,0.0,0.0,0.0,1.0,0.5,0.4848,0.31,0.3582,139.0
3.0,0.0,8.0,2.0,0.0,1.0,1.0,2.0,0.6,0.5606,0.83,0.0,3.0
4.0,0.0,11.0,0.0,0.0,3.0,1.0,1.0,0.36,0.3788,0.87,0.0,13.0
2.0,0.0,3.0,16.0,0.0,1.0,1.0,1.0,0.34,0.3182,0.23,0.2239,132.0
2.0,1.0,5.0,4.0,0.0,6.0,0.0,1.0,0.62,0.5606,0.88,0.1343,2.0
3.0,0.0,6.0,15.0,0.0,5.0,1.0,1.0,0.82,0.7273,0.34,0.3881,216.0
3.0,1.0,7.0,11.0,0.0,4.0,1.0,1.0,0.9,0.8182,0.35,0.2985,244.0
2.0,1.0,3.0,21.0,0.0,3.0,1.0,1.0,0.58,0.5455,0.6,0.2537,261.0
2.0,1.0,4.0,13.0,0.0,3.0,1.0,2.0,0.6,0.6212,0.46,0.2537,251.0
2.0,0.0,4.0,22.0,0.0,4.0,1.0,1.0,0.54,0.5152,0.45,0.1642,153.0
4.0,1.0,9.0,15.0,0.0,0.0,0.0,1.0,0.64,0.6212,0.36,0.2537,649.0
3.0,1.0,6.0,22.0,0.0,3.0,1.0,1.0,0.72,0.6515,0.39,0.0896,297.0
2.0,0.0,3.0,6.0,0.0,2.0,1.0,1.0,0.4,0.4091,0.87,0.2537,60.0
4.0,0.0,11.0,12.0,0.0,6.0,0.0,1.0,0.4,0.4091,0.35,0.2836,311.0
3.0,1.0,7.0,22.0,0.0,4.0,1.0,1.0,0.82,0.803,0.59,0.1343,225.0
4.0,1.0,9.0,16.0,0.0,0.0,0.0,1.0,0.64,0.6212,0.36,0.2239,648.0
1.0,1.0,3.0,13.0,0.0,1.0,1.0,2.0,0.54,0.5152,0.32,0.2537,250.0
1.0,0.0,1.0,23.0,0.0,0.0,0.0,1.0,0.06,0.0606,0.41,0.2239,21.0
2.0,0.0,5.0,12.0,0.0,4.0,1.0,1.0,0.52,0.5,0.34,0.3582,196.0
1.0,0.0,1.0,16.0,0.0,0.0,0.0,1.0,0.2,0.1667,0.34,0.4478,92.0
3.0,0.0,7.0,23.0,0.0,6.0,0.0,1.0,0.76,0.697,0.55,0.0896,177.0
4.0,0.0,10.0,2.0,0.0,3.0,1.0,1.0,0.44,0.4394,0.67,0.1642,3.0
4.0,1.0,11.0,0.0,0.0,2.0,1.0,1.0,0.24,0.2576,0.6,0.1045,19.0
2.0,0.0,4.0,16.0,0.0,1.0,1.0,1.0,0.76,0.6515,0.22,0.5224,189.0
2.0,1.0,5.0,18.0,0.0,6.0,0.0,2.0,0.66,0.6212,0.31,0.194,546.0
4.0,1.0,11.0,20.0,0.0,3.0,1.0,1.0,0.3,0.3182,0.52,0.0896,267.0
2.0,1.0,3.0,2.0,0.0,3.0,1.0,1.0,0.5,0.4848,0.88,0.1343,10.0
1.0,0.0,2.0,1.0,0.0,0.0,0.0,1.0,0.24,0.197,0.41,0.4627,16.0
3.0,0.0,7.0,21.0,0.0,4.0,1.0,1.0,0.74,0.6818,0.62,0.1642,209.0
3.0,1.0,7.0,11.0,0.0,1.0,1.0,2.0,0.8,0.7424,0.52,0.1642,198.0
1.0,1.0,2.0,5.0,0.0,4.0,1.0,2.0,0.3,0.3333,0.7,0.0,20.0
1.0,1.0,1.0,19.0,0.0,3.0,1.0,2.0,0.34,0.3636,0.53,0.0,316.0
3.0,1.0,8.0,22.0,0.0,5.0,1.0,1.0,0.76,0.7121,0.58,0.194,277.0
2.0,0.0,4.0,8.0,0.0,6.0,0.0,2.0,0.36,0.3333,1.0,0.2537,47.0
1.0,1.0,2.0,2.0,0.0,4.0,1.0,2.0,0.44,0.4394,0.62,0.2239,9.0
3.0,1.0,6.0,4.0,0.0,5.0,1.0,1.0,0.7,0.6515,0.65,0.1642,10.0
1.0,1.0,2.0,8.0,0.0,4.0,1.0,1.0,0.34,0.3333,0.87,0.194,560.0
2.0,1.0,4.0,9.0,0.0,3.0,1.0,1.0,0.42,0.4242,0.54,0.0,321.0
2.0,1.0,6.0,18.0,0.0,6.0,0.0,1.0,0.64,0.6212,0.36,0.0,512.0
1.0,1.0,1.0,6.0,1.0,1.0,0.0,1.0,0.1,0.1364,0.54,0.0896,13.0
3.0,0.0,9.0,17.0,0.0,2.0,1.0,2.0,0.54,0.5152,0.88,0.3881,291.0
4.0,0.0,12.0,18.0,0.0,0.0,0.0,1.0,0.24,0.2273,0.48,0.194,163.0
4.0,0.0,10.0,14.0,0.0,2.0,1.0,1.0,0.58,0.5455,0.53,0.2537,183.0
2.0,0.0,5.0,14.0,0.0,1.0,1.0,2.0,0.72,0.6818,0.62,0.5224,187.0
3.0,1.0,7.0,20.0,0.0,3.0,1.0,1.0,0.74,0.6667,0.51,0.1642,483.0
3.0,1.0,7.0,10.0,0.0,5.0,1.0,2.0,0.74,0.6667,0.48,0.0,268.0
3.0,1.0,7.0,14.0,0.0,4.0,1.0,1.0,0.92,0.8333,0.33,0.3284,241.0
2.0,1.0,5.0,2.0,0.0,2.0,1.0,1.0,0.68,0.6364,0.83,0.1343,8.0
4.0,0.0,12.0,3.0,0.0,6.0,0.0,1.0,0.24,0.2424,0.7,0.1343,9.0
4.0,1.0,11.0,19.0,0.0,4.0,1.0,2.0,0.4,0.4091,0.5,0.1642,452.0
2.0,0.0,4.0,6.0,0.0,3.0,1.0,1.0,0.56,0.5303,0.94,0.2537,84.0
2.0,1.0,6.0,11.0,0.0,5.0,1.0,1.0,0.66,0.6212,0.5,0.194,286.0
1.0,1.0,1.0,9.0,0.0,2.0,1.0,2.0,0.32,0.3333,0.87,0.0896,255.0
4.0,1.0,10.0,0.0,0.0,3.0,1.0,2.0,0.46,0.4545,0.88,0.0896,33.0
1.0,1.0,2.0,12.0,0.0,6.0,0.0,1.0,0.36,0.3485,0.43,0.194,369.0
3.0,0.0,7.0,18.0,0.0,1.0,1.0,1.0,0.82,0.7727,0.49,0.3582,558.0
1.0,1.0,3.0,15.0,0.0,6.0,0.0,1.0,0.48,0.4697,0.29,0.2985,399.0
4.0,1.0,11.0,21.0,0.0,2.0,1.0,2.0,0.3,0.2879,0.56,0.2537,151.0
3.0,1.0,8.0,17.0,0.0,1.0,1.0,1.0,0.8,0.7273,0.46,0.2239,845.0
3.0,0.0,7.0,6.0,0.0,4.0,1.0,1.0,0.6,0.6061,0.6,0.2239,130.0
3.0,0.0,8.0,22.0,0.0,1.0,1.0,1.0,0.62,0.6212,0.57,0.1343,142.0
1.0,1.0,1.0,10.0,0.0,1.0,1.0,2.0,0.2,0.2576,0.93,0.0,149.0
1.0,0.0,3.0,11.0,0.0,0.0,0.0,1.0,0.34,0.3485,0.39,0.1045,203.0
1.0,0.0,1.0,19.0,0.0,6.0,0.0,2.0,0.22,0.2121,0.69,0.2537,58.0
4.0,0.0,10.0,18.0,0.0,6.0,0.0,1.0,0.6,0.6212,0.46,0.1045,359.0
4.0,0.0,10.0,22.0,0.0,5.0,1.0,3.0,0.3,0.2879,0.75,0.2836,36.0
4.0,0.0,10.0,8.0,0.0,6.0,0.0,1.0,0.46,0.4545,0.59,0.2836,125.0
4.0,0.0,11.0,8.0,1.0,5.0,0.0,1.0,0.3,0.2727,0.42,0.3582,258.0
2.0,0.0,5.0,3.0,0.0,6.0,0.0,1.0,0.42,0.4242,0.77,0.0896,18.0
4.0,1.0,12.0,18.0,0.0,4.0,1.0,1.0,0.28,0.2727,0.45,0.1642,565.0
3.0,0.0,8.0,15.0,0.0,1.0,1.0,1.0,0.74,0.6515,0.3,0.2985,199.0
4.0,1.0,10.0,14.0,0.0,3.0,1.0,1.0,0.74,0.6515,0.3,0.2537,301.0
1.0,1.0,2.0,17.0,0.0,4.0,1.0,1.0,0.34,0.3333,0.34,0.1343,399.0
3.0,1.0,9.0,3.0,0.0,5.0,1.0,1.0,0.5,0.4848,0.77,0.0896,12.0
1.0,0.0,2.0,1.0,0.0,0.0,0.0,1.0,0.26,0.2273,0.65,0.4179,44.0
2.0,0.0,3.0,22.0,0.0,5.0,1.0,2.0,0.28,0.2576,0.38,0.3284,43.0
1.0,0.0,3.0,21.0,0.0,1.0,1.0,1.0,0.28,0.2727,0.38,0.2239,54.0
2.0,1.0,6.0,15.0,0.0,3.0,1.0,1.0,0.9,0.8182,0.35,0.0,179.0
4.0,1.0,12.0,15.0,0.0,1.0,1.0,2.0,0.42,0.4242,0.88,0.0,211.0
4.0,0.0,11.0,15.0,0.0,6.0,0.0,1.0,0.42,0.4242,0.41,0.194,382.0
4.0,0.0,10.0,15.0,0.0,3.0,1.0,2.0,0.52,0.5,0.77,0.0,70.0
4.0,1.0,10.0,0.0,0.0,3.0,1.0,3.0,0.62,0.5455,0.94,0.0,52.0
2.0,0.0,3.0,20.0,0.0,1.0,1.0,1.0,0.56,0.5303,0.64,0.194,122.0
1.0,0.0,3.0,0.0,0.0,1.0,1.0,3.0,0.2,0.1818,1.0,0.3284,4.0
3.0,0.0,7.0,18.0,0.0,2.0,1.0,1.0,0.86,0.803,0.47,0.2985,511.0
2.0,1.0,4.0,0.0,0.0,3.0,1.0,1.0,0.54,0.5152,0.32,0.1642,38.0
4.0,0.0,12.0,22.0,0.0,5.0,1.0,1.0,0.32,0.3182,0.53,0.194,102.0
4.0,0.0,12.0,20.0,0.0,2.0,1.0,1.0,0.36,0.3788,0.66,0.0,147.0
1.0,0.0,1.0,18.0,0.0,6.0,0.0,1.0,0.22,0.2273,0.69,0.1343,68.0
3.0,1.0,8.0,18.0,0.0,6.0,0.0,1.0,0.74,0.6515,0.37,0.1642,554.0
3.0,1.0,8.0,12.0,0.0,0.0,0.0,1.0,0.74,0.6667,0.42,0.194,505.0
2.0,1.0,3.0,20.0,0.0,5.0,1.0,1.0,0.4,0.4091,0.62,0.1642,209.0
4.0,1.0,11.0,15.0,0.0,5.0,1.0,1.0,0.48,0.4697,0.41,0.2537,447.0
2.0,0.0,4.0,21.0,0.0,3.0,1.0,1.0,0.46,0.4545,0.41,0.2836,102.0
1.0,0.0,1.0,16.0,0.0,6.0,0.0,2.0,0.34,0.3333,0.34,0.194,128.0
3.0,1.0,8.0,8.0,0.0,6.0,0.0,1.0,0.64,0.6061,0.69,0.2537,189.0
3.0,0.0,7.0,2.0,0.0,4.0,1.0,1.0,0.64,0.6212,0.57,0.2985,10.0
2.0,0.0,5.0,7.0,0.0,1.0,1.0,1.0,0.48,0.4697,0.63,0.2537,237.0
1.0,1.0,1.0,16.0,0.0,4.0,1.0,1.0,0.36,0.3333,0.34,0.2836,197.0
4.0,1.0,9.0,17.0,0.0,6.0,0.0,1.0,0.6,0.6212,0.38,0.3582,712.0
3.0,0.0,9.0,9.0,0.0,0.0,0.0,1.0,0.66,0.6061,0.78,0.1642,189.0
1.0,0.0,2.0,10.0,0.0,5.0,1.0,1.0,0.14,0.1364,0.69,0.194,44.0
1.0,1.0,2.0,8.0,0.0,6.0,0.0,3.0,0.22,0.2273,0.93,0.1343,78.0
3.0,0.0,7.0,19.0,0.0,1.0,1.0,1.0,0.84,0.8333,0.59,0.3284,373.0
2.0,1.0,4.0,7.0,0.0,6.0,0.0,1.0,0.5,0.4848,0.82,0.2836,76.0
4.0,0.0,12.0,7.0,0.0,3.0,1.0,3.0,0.44,0.4394,1.0,0.1045,46.0
4.0,0.0,10.0,17.0,0.0,2.0,1.0,1.0,0.56,0.5303,0.37,0.1045,585.0
2.0,1.0,6.0,23.0,0.0,0.0,0.0,1.0,0.58,0.5455,0.64,0.194,108.0
1.0,1.0,12.0,14.0,0.0,6.0,0.0,2.0,0.24,0.2424,0.87,0.0896,98.0
2.0,0.0,4.0,11.0,0.0,4.0,1.0,1.0,0.52,0.5,0.45,0.1642,115.0
4.0,1.0,10.0,18.0,0.0,0.0,0.0,1.0,0.52,0.5,0.39,0.194,413.0
1.0,0.0,2.0,19.0,0.0,4.0,1.0,1.0,0.2,0.2576,0.4,0.0,96.0
3.0,0.0,7.0,17.0,0.0,3.0,1.0,1.0,0.84,0.7121,0.26,0.2239,572.0
4.0,0.0,10.0,10.0,0.0,6.0,0.0,2.0,0.44,0.4394,0.62,0.1045,236.0
2.0,0.0,3.0,20.0,0.0,4.0,1.0,3.0,0.28,0.2576,0.93,0.2836,85.0
1.0,1.0,3.0,7.0,0.0,6.0,0.0,2.0,0.36,0.3485,0.93,0.1343,16.0
2.0,0.0,4.0,8.0,0.0,3.0,1.0,3.0,0.38,0.3939,0.94,0.194,164.0
3.0,1.0,8.0,7.0,0.0,6.0,0.0,1.0,0.64,0.5758,0.83,0.0896,62.0
4.0,0.0,12.0,8.0,0.0,6.0,0.0,1.0,0.26,0.2727,0.65,0.1343,73.0
3.0,0.0,8.0,8.0,0.0,0.0,0.0,1.0,0.7,0.6667,0.79,0.2239,92.0
4.0,1.0,12.0,11.0,0.0,6.0,0.0,1.0,0.34,0.3485,0.61,0.0896,393.0
1.0,0.0,1.0,12.0,0.0,5.0,1.0,1.0,0.22,0.1818,0.27,0.5821,78.0
2.0,0.0,4.0,12.0,0.0,0.0,0.0,1.0,0.46,0.4545,0.38,0.3881,354.0
3.0,0.0,7.0,0.0,0.0,0.0,0.0,1.0,0.76,0.697,0.55,0.0896,113.0
1.0,1.0,12.0,21.0,0.0,4.0,1.0,2.0,0.24,0.2273,0.6,0.2537,63.0
4.0,0.0,10.0,16.0,0.0,0.0,0.0,1.0,0.42,0.4242,0.32,0.1343,320.0
1.0,0.0,3.0,15.0,0.0,3.0,1.0,2.0,0.36,0.3333,0.71,0.2985,79.0
4.0,1.0,11.0,21.0,0.0,5.0,1.0,1.0,0.46,0.4545,0.47,0.2537,98.0
3.0,1.0,8.0,18.0,0.0,5.0,1.0,1.0,0.76,0.7121,0.62,0.2985,640.0
2.0,1.0,3.0,12.0,0.0,5.0,1.0,2.0,0.66,0.6212,0.61,0.2239,471.0
1.0,0.0,2.0,17.0,1.0,1.0,0.0,2.0,0.28,0.2576,0.75,0.3881,80.0
4.0,1.0,9.0,22.0,0.0,1.0,1.0,1.0,0.5,0.4848,0.51,0.2239,172.0
3.0,0.0,6.0,14.0,0.0,3.0,1.0,1.0,0.8,0.697,0.31,0.194,188.0
2.0,0.0,5.0,2.0,0.0,2.0,1.0,2.0,0.6,0.5152,0.94,0.194,10.0
4.0,1.0,12.0,18.0,0.0,6.0,0.0,1.0,0.38,0.3939,0.58,0.1642,272.0
2.0,1.0,6.0,4.0,0.0,5.0,1.0,2.0,0.62,0.5909,0.73,0.0896,6.0
4.0,0.0,10.0,15.0,0.0,2.0,1.0,2.0,0.6,0.5758,0.78,0.1642,175.0
2.0,1.0,4.0,18.0,0.0,0.0,0.0,3.0,0.36,0.3182,0.93,0.4478,39.0
4.0,0.0,12.0,22.0,0.0,2.0,1.0,1.0,0.3,0.303,0.52,0.1642,107.0
2.0,0.0,5.0,12.0,0.0,2.0,1.0,1.0,0.86,0.803,0.47,0.1343,162.0
3.0,0.0,8.0,15.0,0.0,4.0,1.0,1.0,0.8,0.7273,0.46,0.3582,174.0
2.0,1.0,6.0,15.0,0.0,1.0,1.0,1.0,0.8,0.7121,0.41,0.3582,259.0
3.0,1.0,7.0,4.0,0.0,0.0,0.0,2.0,0.68,0.6364,0.89,0.1045,19.0
1.0,1.0,1.0,19.0,0.0,2.0,1.0,1.0,0.46,0.4545,0.63,0.4179,308.0
1.0,0.0,1.0,21.0,0.0,0.0,0.0,1.0,0.18,0.197,0.51,0.1642,28.0
3.0,1.0,8.0,7.0,0.0,6.0,0.0,1.0,0.6,0.5606,0.83,0.2239,64.0
3.0,0.0,7.0,5.0,0.0,0.0,0.0,1.0,0.78,0.7576,0.66,0.0896,8.0
3.0,1.0,8.0,14.0,0.0,2.0,1.0,1.0,0.82,0.7424,0.41,0.2239,255.0
1.0,1.0,2.0,14.0,0.0,6.0,0.0,1.0,0.32,0.2727,0.29,0.5522,216.0
2.0,0.0,4.0,23.0,0.0,3.0,1.0,1.0,0.6,0.6212,0.4,0.3284,93.0
3.0,0.0,8.0,7.0,0.0,4.0,1.0,2.0,0.68,0.6364,0.89,0.2985,282.0
2.0,1.0,4.0,20.0,0.0,0.0,0.0,3.0,0.36,0.3333,0.93,0.4179,35.0
2.0,1.0,6.0,10.0,0.0,4.0,1.0,1.0,0.6,0.6061,0.64,0.0896,210.0
2.0,0.0,3.0,20.0,0.0,3.0,1.0,3.0,0.36,0.303,0.87,0.6418,75.0
3.0,0.0,7.0,21.0,0.0,5.0,1.0,2.0,0.66,0.6061,0.83,0.2537,204.0
1.0,1.0,12.0,0.0,0.0,3.0,1.0,2.0,0.28,0.2727,0.65,0.2537,9.0
1.0,0.0,12.0,17.0,1.0,1.0,0.0,1.0,0.34,0.3182,0.46,0.2239,97.0
1.0,1.0,1.0,5.0,0.0,4.0,1.0,3.0,0.34,0.3485,0.93,0.0896,16.0
2.0,1.0,6.0,6.0,0.0,3.0,1.0,2.0,0.64,0.5758,0.89,0.0896,165.0
2.0,1.0,3.0,15.0,0.0,0.0,0.0,2.0,0.44,0.4394,0.88,0.194,421.0
3.0,0.0,8.0,14.0,0.0,6.0,0.0,1.0,0.82,0.7727,0.52,0.2537,380.0
1.0,0.0,1.0,1.0,0.0,5.0,1.0,1.0,0.1,0.1212,0.54,0.1642,5.0
3.0,1.0,9.0,1.0,0.0,3.0,1.0,1.0,0.52,0.5,0.72,0.1045,21.0
2.0,0.0,3.0,11.0,0.0,4.0,1.0,3.0,0.28,0.2727,0.93,0.194,58.0
1.0,1.0,1.0,10.0,0.0,2.0,1.0,1.0,0.32,0.3333,0.93,0.0896,116.0
3.0,1.0,9.0,13.0,0.0,4.0,1.0,1.0,0.7,0.6364,0.42,0.0,283.0
4.0,0.0,10.0,9.0,0.0,2.0,1.0,1.0,0.48,0.4697,0.55,0.2239,223.0
3.0,1.0,7.0,17.0,0.0,6.0,0.0,3.0,0.7,0.6667,0.79,0.1642,458.0
2.0,1.0,5.0,10.0,0.0,2.0,1.0,1.0,0.62,0.5909,0.78,0.1045,171.0
4.0,0.0,10.0,22.0,0.0,3.0,1.0,1.0,0.52,0.5,0.72,0.0,154.0
2.0,0.0,4.0,2.0,0.0,6.0,0.0,3.0,0.32,0.3333,1.0,0.1343,17.0
3.0,0.0,8.0,15.0,0.0,0.0,0.0,3.0,0.72,0.697,0.74,0.2985,326.0
1.0,1.0,1.0,20.0,0.0,1.0,1.0,1.0,0.3,0.303,0.39,0.1642,181.0
4.0,0.0,11.0,1.0,0.0,0.0,0.0,2.0,0.36,0.3485,0.66,0.194,71.0
3.0,1.0,9.0,9.0,0.0,6.0,0.0,2.0,0.76,0.7121,0.58,0.194,237.0
3.0,1.0,7.0,9.0,0.0,1.0,1.0,2.0,0.74,0.697,0.7,0.0,293.0
3.0,0.0,7.0,10.0,0.0,0.0,0.0,1.0,0.84,0.7424,0.36,0.1642,254.0
2.0,1.0,5.0,21.0,0.0,0.0,0.0,1.0,0.64,0.6061,0.69,0.3881,233.0
4.0,1.0,12.0,10.0,0.0,0.0,0.0,2.0,0.36,0.3485,0.87,0.1343,257.0
4.0,1.0,11.0,18.0,0.0,5.0,1.0,1.0,0.34,0.3333,0.53,0.1642,505.0
1.0,0.0,12.0,13.0,0.0,4.0,1.0,2.0,0.46,0.4545,0.63,0.0,188.0
2.0,1.0,4.0,19.0,0.0,0.0,0.0,1.0,0.56,0.5303,0.35,0.1343,375.0
2.0,1.0,4.0,6.0,0.0,6.0,0.0,1.0,0.34,0.3333,0.76,0.1642,21.0
3.0,1.0,8.0,21.0,0.0,3.0,1.0,1.0,0.66,0.6212,0.54,0.1045,313.0
3.0,0.0,8.0,7.0,0.0,6.0,0.0,1.0,0.68,0.6364,0.83,0.1642,63.0
1.0,1.0,2.0,18.0,0.0,1.0,1.0,1.0,0.34,0.3182,0.25,0.2537,405.0
2.0,0.0,5.0,9.0,1.0,1.0,0.0,1.0,0.72,0.697,0.74,0.0896,128.0
3.0,0.0,9.0,1.0,0.0,6.0,0.0,2.0,0.64,0.6061,0.69,0.2537,74.0
3.0,0.0,9.0,4.0,0.0,2.0,1.0,1.0,0.54,0.5152,0.88,0.194,6.0
2.0,0.0,4.0,12.0,0.0,1.0,1.0,2.0,0.56,0.5303,0.49,0.0896,184.0
3.0,0.0,7.0,6.0,0.0,2.0,1.0,1.0,0.68,0.6364,0.83,0.2239,110.0
1.0,1.0,2.0,0.0,0.0,3.0,1.0,1.0,0.32,0.3485,0.57,0.0,22.0
1.0,0.0,1.0,0.0,0.0,3.0,1.0,2.0,0.22,0.2727,0.93,0.0,3.0
4.0,1.0,11.0,1.0,0.0,6.0,0.0,1.0,0.26,0.2576,0.6,0.194,87.0
4.0,0.0,12.0,12.0,0.0,0.0,0.0,1.0,0.36,0.3485,0.81,0.1642,329.0
3.0,1.0,6.0,21.0,0.0,6.0,0.0,1.0,0.82,0.7727,0.52,0.1642,213.0
3.0,0.0,8.0,1.0,0.0,5.0,1.0,1.0,0.64,0.5909,0.78,0.0896,19.0
2.0,0.0,5.0,23.0,0.0,0.0,0.0,1.0,0.46,0.4545,0.77,0.194,146.0
4.0,0.0,10.0,18.0,0.0,3.0,1.0,1.0,0.6,0.6212,0.53,0.1642,593.0
3.0,0.0,9.0,16.0,0.0,4.0,1.0,1.0,0.74,0.6667,0.51,0.194,308.0
1.0,1.0,1.0,14.0,0.0,6.0,0.0,1.0,0.38,0.3939,0.5,0.3881,362.0
1.0,0.0,3.0,2.0,0.0,5.0,1.0,3.0,0.34,0.3485,1.0,0.1045,5.0
1.0,0.0,2.0,23.0,0.0,4.0,1.0,1.0,0.46,0.4545,0.67,0.2985,44.0
3.0,0.0,9.0,18.0,0.0,2.0,1.0,1.0,0.6,0.5606,0.83,0.1045,492.0
2.0,0.0,5.0,18.0,0.0,1.0,1.0,2.0,0.64,0.6061,0.65,0.194,518.0
4.0,0.0,11.0,6.0,0.0,2.0,1.0,2.0,0.56,0.5303,0.64,0.0896,108.0
1.0,0.0,12.0,10.0,0.0,6.0,0.0,1.0,0.4,0.4091,0.76,0.1642,128.0
2.0,1.0,4.0,7.0,0.0,1.0,1.0,3.0,0.3,0.2879,0.81,0.2537,207.0
1.0,1.0,1.0,1.0,0.0,4.0,1.0,1.0,0.2,0.2273,0.51,0.0896,5.0
1.0,0.0,1.0,8.0,0.0,5.0,1.0,1.0,0.2,0.1818,0.47,0.3284,217.0
2.0,1.0,6.0,15.0,0.0,3.0,1.0,1.0,0.64,0.6212,0.38,0.0,300.0
1.0,1.0,2.0,16.0,0.0,4.0,1.0,1.0,0.56,0.5303,0.32,0.0,343.0
1.0,0.0,2.0,9.0,0.0,5.0,1.0,2.0,0.16,0.1818,0.8,0.1343,127.0
3.0,0.0,9.0,7.0,1.0,1.0,0.0,1.0,0.66,0.6212,0.74,0.1642,41.0
3.0,1.0,9.0,1.0,0.0,0.0,0.0,1.0,0.66,0.5909,0.89,0.0,73.0
3.0,1.0,7.0,12.0,0.0,1.0,1.0,2.0,0.8,0.7424,0.52,0.1642,314.0
4.0,1.0,12.0,8.0,0.0,4.0,1.0,1.0,0.22,0.2121,0.51,0.2985,659.0
4.0,1.0,12.0,12.0,0.0,6.0,0.0,2.0,0.4,0.4091,0.87,0.2239,486.0
2.0,0.0,5.0,8.0,0.0,0.0,0.0,1.0,0.52,0.5,0.63,0.1343,86.0
1.0,1.0,2.0,12.0,0.0,2.0,1.0,2.0,0.3,0.2879,0.52,0.2239,172.0
1.0,1.0,1.0,1.0,0.0,5.0,1.0,2.0,0.38,0.3939,0.76,0.2985,12.0
3.0,0.0,7.0,10.0,0.0,5.0,1.0,1.0,0.9,0.9242,0.53,0.0896,115.0
2.0,1.0,6.0,6.0,0.0,6.0,0.0,1.0,0.54,0.5152,0.68,0.194,47.0
4.0,0.0,10.0,19.0,0.0,1.0,1.0,3.0,0.48,0.4697,0.82,0.0,237.0
2.0,1.0,3.0,18.0,0.0,2.0,1.0,1.0,0.42,0.4242,0.17,0.0896,644.0
4.0,0.0,9.0,20.0,0.0,1.0,1.0,1.0,0.64,0.5758,0.89,0.1343,251.0
4.0,1.0,12.0,16.0,0.0,1.0,1.0,3.0,0.4,0.4091,0.94,0.2537,302.0
4.0,1.0,11.0,2.0,0.0,5.0,1.0,1.0,0.32,0.303,0.53,0.2537,12.0
1.0,0.0,2.0,0.0,0.0,1.0,1.0,1.0,0.24,0.2879,0.65,0.0,15.0
2.0,1.0,6.0,10.0,0.0,2.0,1.0,2.0,0.52,0.5,0.63,0.2985,176.0
3.0,1.0,9.0,16.0,0.0,3.0,1.0,1.0,0.76,0.7273,0.7,0.2537,430.0
2.0,0.0,5.0,7.0,1.0,1.0,0.0,2.0,0.64,0.5606,0.94,0.0,31.0
3.0,0.0,8.0,21.0,0.0,2.0,1.0,1.0,0.64,0.6061,0.65,0.0896,223.0
1.0,1.0,1.0,0.0,0.0,0.0,0.0,1.0,0.16,0.1364,0.47,0.3284,59.0
2.0,1.0,4.0,2.0,0.0,4.0,1.0,2.0,0.42,0.4242,0.77,0.0,6.0
4.0,0.0,10.0,6.0,0.0,1.0,1.0,1.0,0.4,0.4091,0.87,0.1045,86.0
4.0,0.0,11.0,1.0,0.0,1.0,1.0,3.0,0.46,0.4545,0.94,0.194,12.0
3.0,0.0,8.0,22.0,0.0,3.0,1.0,1.0,0.7,0.6515,0.65,0.3582,181.0
4.0,0.0,10.0,1.0,0.0,5.0,1.0,1.0,0.44,0.4394,0.88,0.0,28.0
2.0,1.0,6.0,13.0,0.0,0.0,0.0,1.0,0.84,0.7273,0.28,0.1343,492.0
3.0,0.0,8.0,3.0,0.0,1.0,1.0,1.0,0.7,0.6667,0.79,0.1642,4.0
1.0,1.0,2.0,16.0,0.0,5.0,1.0,1.0,0.42,0.4242,0.32,0.2985,307.0
2.0,0.0,5.0,16.0,0.0,2.0,1.0,1.0,0.66,0.6212,0.69,0.194,277.0
3.0,0.0,7.0,22.0,0.0,0.0,0.0,1.0,0.74,0.697,0.7,0.2985,96.0
1.0,0.0,1.0,1.0,0.0,0.0,0.0,1.0,0.26,0.2727,0.56,0.1343,23.0
3.0,1.0,6.0,15.0,0.0,0.0,0.0,1.0,0.86,0.7424,0.28,0.2239,487.0
1.0,1.0,1.0,12.0,0.0,6.0,0.0,1.0,0.3,0.2879,0.61,0.2836,314.0
4.0,0.0,10.0,2.0,0.0,2.0,1.0,2.0,0.4,0.4091,0.87,0.0,3.0
4.0,1.0,10.0,16.0,0.0,4.0,1.0,1.0,0.5,0.4848,0.36,0.1343,481.0
4.0,1.0,11.0,21.0,0.0,0.0,0.0,1.0,0.44,0.4394,0.67,0.2239,171.0
3.0,0.0,8.0,11.0,0.0,3.0,1.0,1.0,0.8,0.7121,0.41,0.3881,149.0
3.0,1.0,8.0,11.0,0.0,3.0,1.0,1.0,0.76,0.7121,0.58,0.0896,234.0
3.0,0.0,9.0,16.0,0.0,6.0,0.0,1.0,0.54,0.5152,0.68,0.2537,305.0
4.0,0.0,11.0,6.0,0.0,6.0,0.0,1.0,0.26,0.2424,0.6,0.2537,23.0
3.0,0.0,7.0,12.0,0.0,6.0,0.0,1.0,0.92,0.8636,0.37,0.1045,235.0
2.0,1.0,3.0,12.0,0.0,2.0,1.0,1.0,0.32,0.3182,0.31,0.1642,220.0
3.0,0.0,9.0,23.0,0.0,2.0,1.0,3.0,0.54,0.5152,0.94,0.2537,58.0
2.0,1.0,5.0,23.0,0.0,5.0,1.0,1.0,0.54,0.5152,0.37,0.194,180.0
4.0,1.0,11.0,4.0,0.0,1.0,1.0,2.0,0.36,0.3485,0.66,0.2239,12.0
3.0,1.0,8.0,4.0,0.0,6.0,0.0,1.0,0.62,0.5758,0.83,0.1045,10.0
4.0,0.0,10.0,8.0,0.0,2.0,1.0,1.0,0.44,0.4394,0.72,0.0,408.0
2.0,1.0,6.0,3.0,0.0,0.0,0.0,1.0,0.64,0.6061,0.73,0.1045,29.0
1.0,0.0,12.0,19.0,0.0,5.0,1.0,2.0,0.34,0.303,0.49,0.4179,112.0
3.0,0.0,9.0,6.0,0.0,4.0,1.0,1.0,0.6,0.5758,0.78,0.0,105.0
1.0,1.0,3.0,1.0,0.0,6.0,0.0,2.0,0.44,0.4394,0.94,0.0,69.0
2.0,1.0,3.0,20.0,0.0,4.0,1.0,1.0,0.46,0.4545,0.38,0.2985,335.0
2.0,1.0,4.0,3.0,0.0,5.0,1.0,1.0,0.34,0.303,0.53,0.3284,8.0
1.0,0.0,3.0,3.0,0.0,5.0,1.0,2.0,0.32,0.3333,0.93,0.0896,2.0
2.0,0.0,5.0,16.0,0.0,6.0,0.0,1.0,0.6,0.6212,0.38,0.194,342.0
1.0,0.0,3.0,22.0,0.0,4.0,1.0,1.0,0.4,0.4091,0.66,0.2239,87.0
2.0,1.0,4.0,10.0,0.0,2.0,1.0,1.0,0.44,0.4394,0.33,0.0,219.0
4.0,0.0,11.0,14.0,0.0,1.0,1.0,1.0,0.56,0.5303,0.37,0.1642,145.0
1.0,0.0,1.0,20.0,0.0,0.0,0.0,1.0,0.18,0.197,0.47,0.1642,57.0
4.0,1.0,10.0,8.0,0.0,3.0,1.0,2.0,0.62,0.5606,0.88,0.1045,809.0
3.0,1.0,7.0,20.0,0.0,3.0,1.0,1.0,0.74,0.6818,0.62,0.0896,366.0
2.0,1.0,4.0,5.0,0.0,2.0,1.0,1.0,0.3,0.2879,0.7,0.194,22.0
2.0,0.0,4.0,4.0,0.0,6.0,0.0,3.0,0.34,0.3636,1.0,0.0,5.0
2.0,1.0,4.0,9.0,0.0,2.0,1.0,1.0,0.42,0.4242,0.38,0.0896,408.0
3.0,1.0,9.0,7.0,0.0,5.0,1.0,1.0,0.64,0.5758,0.89,0.1045,486.0
2.0,0.0,5.0,12.0,0.0,0.0,0.0,2.0,0.48,0.4697,0.77,0.1045,281.0
2.0,0.0,6.0,13.0,0.0,4.0,1.0,1.0,0.8,0.6818,0.24,0.3582,203.0
2.0,0.0,5.0,5.0,0.0,2.0,1.0,3.0,0.52,0.5,0.94,0.2537,22.0
1.0,0.0,1.0,22.0,0.0,1.0,1.0,1.0,0.14,0.1515,0.59,0.1642,24.0
3.0,1.0,8.0,20.0,0.0,1.0,1.0,1.0,0.74,0.697,0.7,0.194,416.0
1.0,1.0,1.0,22.0,0.0,1.0,1.0,2.0,0.26,0.2424,1.0,0.2836,68.0
4.0,0.0,12.0,19.0,0.0,5.0,1.0,2.0,0.32,0.303,0.45,0.2239,214.0
1.0,1.0,1.0,3.0,0.0,2.0,1.0,1.0,0.3,0.2879,0.45,0.2239,2.0
3.0,0.0,8.0,11.0,0.0,4.0,1.0,2.0,0.74,0.697,0.66,0.2239,149.0
4.0,0.0,12.0,16.0,0.0,1.0,1.0,2.0,0.32,0.3333,0.57,0.0896,214.0
4.0,0.0,10.0,15.0,0.0,4.0,1.0,2.0,0.48,0.4697,0.51,0.4478,160.0
1.0,0.0,12.0,10.0,0.0,3.0,1.0,1.0,0.34,0.3182,0.57,0.2239,96.0
1.0,0.0,12.0,21.0,0.0,4.0,1.0,3.0,0.42,0.4242,0.71,0.0,17.0
4.0,0.0,10.0,6.0,1.0,1.0,0.0,1.0,0.44,0.4394,0.94,0.0,44.0
3.0,1.0,7.0,6.0,0.0,2.0,1.0,1.0,0.72,0.6818,0.66,0.1045,213.0
1.0,0.0,1.0,15.0,0.0,2.0,1.0,2.0,0.22,0.2273,0.87,0.1642,35.0
1.0,1.0,1.0,11.0,0.0,4.0,1.0,2.0,0.34,0.3485,0.81,0.1045,119.0
1.0,0.0,3.0,4.0,0.0,4.0,1.0,1.0,0.34,0.3333,0.71,0.194,3.0
4.0,1.0,12.0,10.0,0.0,2.0,1.0,1.0,0.44,0.4394,0.77,0.0896,184.0
2.0,0.0,5.0,23.0,0.0,1.0,1.0,2.0,0.62,0.5606,0.88,0.194,72.0
3.0,0.0,7.0,15.0,0.0,6.0,0.0,1.0,0.86,0.7273,0.19,0.1642,331.0
2.0,1.0,4.0,0.0,0.0,5.0,1.0,1.0,0.4,0.4091,0.37,0.2537,55.0
3.0,1.0,9.0,23.0,0.0,2.0,1.0,1.0,0.54,0.5152,0.68,0.1045,109.0
3.0,1.0,8.0,16.0,0.0,3.0,1.0,1.0,0.76,0.6667,0.37,0.1343,493.0
3.0,1.0,9.0,4.0,0.0,2.0,1.0,2.0,0.66,0.5909,0.89,0.0,8.0
1.0,0.0,2.0,1.0,1.0,1.0,0.0,2.0,0.34,0.303,0.42,0.3284,13.0
1.0,0.0,1.0,6.0,0.0,5.0,1.0,1.0,0.1,0.1818,0.54,0.0,17.0
1.0,1.0,1.0,13.0,0.0,0.0,0.0,1.0,0.32,0.303,0.26,0.2239,316.0
1.0,1.0,3.0,8.0,0.0,4.0,1.0,1.0,0.44,0.4394,0.77,0.3881,585.0
1.0,0.0,1.0,4.0,0.0,6.0,0.0,3.0,0.18,0.197,0.55,0.1642,1.0
4.0,0.0,11.0,22.0,0.0,0.0,0.0,1.0,0.48,0.4697,0.41,0.3881,89.0
1.0,1.0,3.0,14.0,0.0,1.0,1.0,2.0,0.28,0.2576,0.57,0.3582,128.0
2.0,0.0,5.0,7.0,0.0,0.0,0.0,2.0,0.46,0.4545,0.82,0.0,23.0
2.0,1.0,6.0,17.0,0.0,0.0,0.0,1.0,0.64,0.6212,0.57,0.2239,593.0
1.0,0.0,1.0,12.0,0.0,5.0,1.0,2.0,0.2,0.197,0.37,0.2537,59.0
1.0,0.0,3.0,12.0,0.0,6.0,0.0,2.0,0.44,0.4394,0.67,0.2537,167.0
3.0,1.0,7.0,18.0,0.0,2.0,1.0,3.0,0.7,0.6667,0.74,0.2239,819.0
4.0,1.0,12.0,20.0,0.0,0.0,0.0,2.0,0.38,0.3939,0.82,0.0,122.0
4.0,0.0,11.0,7.0,0.0,6.0,0.0,1.0,0.22,0.2273,0.75,0.194,27.0
1.0,0.0,1.0,9.0,0.0,0.0,0.0,1.0,0.22,0.2121,0.51,0.2537,32.0
2.0,1.0,5.0,16.0,0.0,4.0,1.0,1.0,0.76,0.6667,0.33,0.2836,487.0
4.0,0.0,10.0,20.0,1.0,1.0,0.0,1.0,0.6,0.5909,0.73,0.0,225.0
1.0,0.0,3.0,21.0,0.0,6.0,0.0,2.0,0.44,0.4394,0.72,0.3284,72.0
4.0,1.0,10.0,6.0,0.0,0.0,0.0,1.0,0.4,0.4091,0.82,0.1642,24.0
2.0,1.0,3.0,14.0,0.0,0.0,0.0,2.0,0.44,0.4394,0.88,0.1642,414.0
1.0,0.0,12.0,15.0,0.0,6.0,0.0,1.0,0.32,0.303,0.39,0.2239,97.0
2.0,1.0,6.0,21.0,0.0,0.0,0.0,1.0,0.62,0.6212,0.57,0.194,246.0
2.0,0.0,4.0,9.0,0.0,1.0,1.0,2.0,0.56,0.5303,0.83,0.2836,165.0
2.0,1.0,6.0,17.0,0.0,1.0,1.0,1.0,0.64,0.6212,0.38,0.4478,834.0
3.0,1.0,9.0,18.0,0.0,0.0,0.0,1.0,0.74,0.7121,0.74,0.0,500.0
1.0,0.0,12.0,23.0,0.0,5.0,1.0,1.0,0.32,0.3333,0.66,0.1343,25.0
2.0,1.0,6.0,10.0,0.0,2.0,1.0,3.0,0.64,0.5758,0.89,0.2836,125.0
2.0,0.0,6.0,6.0,0.0,5.0,1.0,1.0,0.56,0.5303,0.94,0.0,97.0
1.0,0.0,3.0,14.0,0.0,0.0,0.0,1.0,0.46,0.4545,0.41,0.2985,250.0
1.0,0.0,2.0,21.0,0.0,6.0,0.0,1.0,0.28,0.2727,0.65,0.2537,68.0
1.0,1.0,3.0,2.0,0.0,4.0,1.0,1.0,0.5,0.4848,0.59,0.0,19.0
2.0,1.0,5.0,16.0,0.0,3.0,1.0,1.0,0.64,0.6061,0.65,0.1642,367.0
4.0,0.0,12.0,21.0,0.0,6.0,0.0,2.0,0.3,0.3182,0.61,0.0896,109.0
1.0,1.0,2.0,3.0,0.0,3.0,1.0,2.0,0.34,0.3182,0.71,0.2239,4.0
1.0,0.0,2.0,6.0,1.0,1.0,0.0,2.0,0.42,0.4242,0.26,0.2985,8.0
1.0,0.0,2.0,12.0,0.0,2.0,1.0,1.0,0.24,0.197,0.38,0.4925,65.0
4.0,1.0,10.0,20.0,0.0,1.0,1.0,2.0,0.52,0.5,0.72,0.3881,256.0
4.0,0.0,12.0,2.0,0.0,6.0,0.0,1.0,0.26,0.2576,0.65,0.1642,50.0
2.0,0.0,4.0,6.0,0.0,4.0,1.0,1.0,0.34,0.3485,0.76,0.1045,70.0
4.0,1.0,11.0,9.0,0.0,2.0,1.0,1.0,0.26,0.2576,0.6,0.1642,363.0
4.0,1.0,11.0,18.0,0.0,3.0,1.0,1.0,0.42,0.4242,0.38,0.1045,311.0
1.0,0.0,1.0,4.0,0.0,1.0,1.0,1.0,0.16,0.1364,0.47,0.3881,1.0
3.0,0.0,7.0,1.0,0.0,6.0,0.0,1.0,0.76,0.697,0.55,0.0896,90.0
1.0,1.0,1.0,7.0,0.0,3.0,1.0,1.0,0.2,0.2121,0.8,0.1343,256.0
3.0,0.0,8.0,4.0,0.0,5.0,1.0,1.0,0.64,0.5758,0.83,0.0,8.0
2.0,0.0,6.0,2.0,0.0,4.0,1.0,2.0,0.72,0.7121,0.84,0.1642,6.0
3.0,0.0,7.0,13.0,0.0,0.0,0.0,1.0,0.9,0.7727,0.24,0.1343,294.0
4.0,1.0,10.0,0.0,0.0,1.0,1.0,2.0,0.56,0.5303,0.73,0.2537,48.0
3.0,1.0,8.0,3.0,0.0,1.0,1.0,1.0,0.62,0.5606,0.88,0.0896,4.0
3.0,1.0,9.0,20.0,0.0,3.0,1.0,1.0,0.52,0.5,0.48,0.1642,409.0
1.0,1.0,1.0,23.0,0.0,0.0,0.0,1.0,0.3,0.2727,0.33,0.3284,25.0
4.0,0.0,11.0,5.0,0.0,3.0,1.0,1.0,0.28,0.2727,0.81,0.194,22.0
3.0,0.0,8.0,15.0,0.0,3.0,1.0,1.0,0.86,0.7424,0.3,0.3284,194.0
2.0,0.0,6.0,16.0,0.0,3.0,1.0,1.0,0.76,0.6667,0.27,0.1343,312.0
3.0,1.0,7.0,9.0,0.0,2.0,1.0,1.0,0.84,0.803,0.53,0.0,339.0
1.0,1.0,2.0,12.0,0.0,5.0,1.0,2.0,0.4,0.4091,0.76,0.1343,228.0
4.0,0.0,10.0,5.0,0.0,0.0,0.0,1.0,0.32,0.3485,0.87,0.0,3.0
3.0,0.0,8.0,4.0,0.0,1.0,1.0,1.0,0.66,0.6061,0.83,0.1343,4.0
3.0,1.0,8.0,9.0,0.0,2.0,1.0,2.0,0.7,0.6667,0.79,0.1642,395.0
1.0,1.0,1.0,22.0,0.0,0.0,0.0,1.0,0.46,0.4545,0.55,0.4179,66.0
1.0,0.0,3.0,0.0,0.0,6.0,0.0,2.0,0.6,0.6212,0.53,0.2537,76.0
3.0,0.0,6.0,8.0,0.0,2.0,1.0,2.0,0.62,0.5606,0.88,0.1045,401.0
2.0,1.0,4.0,21.0,0.0,5.0,1.0,1.0,0.44,0.4394,0.26,0.1343,190.0
2.0,1.0,5.0,2.0,0.0,2.0,1.0,2.0,0.56,0.5303,0.88,0.1343,4.0
2.0,1.0,4.0,6.0,0.0,5.0,1.0,1.0,0.42,0.4242,0.88,0.0,113.0
1.0,0.0,2.0,14.0,0.0,3.0,1.0,1.0,0.32,0.3333,0.29,0.1045,78.0
3.0,1.0,8.0,20.0,0.0,2.0,1.0,1.0,0.74,0.7121,0.74,0.2239,436.0
4.0,0.0,12.0,6.0,0.0,1.0,1.0,1.0,0.16,0.1818,0.8,0.1045,64.0
2.0,0.0,6.0,14.0,0.0,4.0,1.0,1.0,0.78,0.6667,0.24,0.3284,185.0
2.0,0.0,6.0,2.0,0.0,5.0,1.0,1.0,0.56,0.5303,0.43,0.2239,12.0
3.0,1.0,8.0,2.0,0.0,5.0,1.0,1.0,0.66,0.6212,0.69,0.0,16.0
4.0,1.0,10.0,21.0,0.0,5.0,1.0,2.0,0.54,0.5152,0.77,0.1343,292.0
4.0,0.0,11.0,10.0,0.0,6.0,0.0,1.0,0.34,0.3182,0.61,0.2836,232.0
4.0,1.0,10.0,4.0,0.0,2.0,1.0,1.0,0.42,0.4242,0.77,0.1045,7.0
3.0,0.0,8.0,5.0,0.0,6.0,0.0,2.0,0.7,0.6667,0.84,0.2985,12.0
4.0,1.0,10.0,14.0,0.0,5.0,1.0,2.0,0.6,0.6061,0.64,0.1343,351.0
3.0,1.0,8.0,16.0,0.0,3.0,1.0,2.0,0.8,0.7424,0.49,0.2836,441.0
2.0,0.0,4.0,14.0,0.0,4.0,1.0,1.0,0.56,0.5303,0.43,0.0896,157.0
3.0,1.0,8.0,16.0,0.0,0.0,0.0,3.0,0.64,0.5758,0.89,0.2836,173.0
2.0,0.0,4.0,2.0,0.0,5.0,1.0,1.0,0.36,0.3333,0.53,0.2985,9.0
1.0,1.0,1.0,20.0,0.0,4.0,1.0,2.0,0.42,0.4242,0.71,0.194,240.0
2.0,1.0,4.0,13.0,0.0,1.0,1.0,1.0,0.46,0.4545,0.36,0.2985,281.0
2.0,0.0,4.0,19.0,0.0,3.0,1.0,1.0,0.44,0.4394,0.62,0.2537,175.0
3.0,0.0,9.0,3.0,0.0,3.0,1.0,3.0,0.56,0.5303,0.94,0.1343,2.0
2.0,1.0,5.0,5.0,0.0,3.0,1.0,2.0,0.56,0.5303,0.88,0.1343,28.0
1.0,1.0,3.0,12.0,0.0,5.0,1.0,1.0,0.4,0.4091,0.43,0.1642,234.0
3.0,0.0,9.0,15.0,0.0,1.0,1.0,2.0,0.6,0.6061,0.6,0.2239,187.0
1.0,0.0,12.0,6.0,0.0,6.0,0.0,2.0,0.3,0.303,0.75,0.1642,10.0
4.0,1.0,10.0,1.0,0.0,3.0,1.0,2.0,0.46,0.4545,0.88,0.0,8.0
1.0,0.0,1.0,17.0,0.0,2.0,1.0,1.0,0.28,0.2727,0.48,0.2239,212.0
2.0,0.0,5.0,11.0,0.0,6.0,0.0,1.0,0.56,0.5303,0.43,0.0,347.0
4.0,0.0,12.0,5.0,0.0,3.0,1.0,3.0,0.46,0.4545,1.0,0.1642,3.0
1.0,1.0,3.0,8.0,0.0,2.0,1.0,2.0,0.52,0.5,0.88,0.1045,516.0
3.0,0.0,9.0,7.0,0.0,5.0,1.0,1.0,0.6,0.5606,0.83,0.1045,259.0
4.0,1.0,12.0,16.0,0.0,2.0,1.0,1.0,0.58,0.5455,0.49,0.2836,435.0
3.0,1.0,8.0,2.0,0.0,1.0,1.0,2.0,0.72,0.697,0.79,0.1343,5.0
2.0,1.0,4.0,11.0,0.0,0.0,0.0,2.0,0.4,0.4091,0.71,0.194,451.0
3.0,1.0,8.0,13.0,0.0,5.0,1.0,1.0,0.84,0.2424,0.36,0.3881,357.0
2.0,0.0,3.0,17.0,0.0,6.0,0.0,1.0,0.32,0.303,0.24,0.2239,203.0
4.0,0.0,11.0,13.0,0.0,2.0,1.0,1.0,0.54,0.5152,0.49,0.1642,196.0
1.0,1.0,3.0,10.0,0.0,2.0,1.0,1.0,0.54,0.5152,0.88,0.194,163.0
3.0,1.0,8.0,0.0,0.0,4.0,1.0,1.0,0.64,0.6061,0.69,0.0,65.0
4.0,1.0,12.0,10.0,0.0,5.0,1.0,1.0,0.26,0.2576,0.81,0.194,190.0
3.0,1.0,6.0,12.0,0.0,5.0,1.0,2.0,0.92,0.8788,0.4,0.2537,226.0
4.0,0.0,10.0,15.0,0.0,0.0,0.0,1.0,0.42,0.4242,0.35,0.1642,290.0
2.0,0.0,6.0,17.0,0.0,2.0,1.0,1.0,0.8,0.7273,0.43,0.2537,539.0
2.0,1.0,5.0,2.0,0.0,2.0,1.0,2.0,0.5,0.4848,0.72,0.0896,8.0
2.0,1.0,5.0,14.0,0.0,3.0,1.0,1.0,0.62,0.6061,0.69,0.0896,240.0
1.0,1.0,1.0,2.0,0.0,3.0,1.0,1.0,0.28,0.2727,0.7,0.194,6.0
4.0,1.0,11.0,3.0,0.0,0.0,0.0,2.0,0.3,0.303,0.81,0.1642,46.0
2.0,0.0,3.0,4.0,0.0,3.0,1.0,2.0,0.32,0.3485,0.57,0.0,1.0
1.0,1.0,12.0,4.0,0.0,1.0,1.0,1.0,0.14,0.1667,0.69,0.1045,3.0
1.0,1.0,2.0,22.0,0.0,2.0,1.0,2.0,0.34,0.3333,0.71,0.194,100.0
2.0,1.0,6.0,5.0,0.0,3.0,1.0,1.0,0.66,0.6061,0.83,0.0896,39.0
4.0,1.0,11.0,7.0,0.0,5.0,1.0,1.0,0.22,0.2727,0.8,0.0,352.0
1.0,0.0,12.0,0.0,0.0,6.0,0.0,2.0,0.32,0.3182,0.7,0.1642,23.0
4.0,1.0,10.0,21.0,0.0,1.0,1.0,2.0,0.54,0.5152,0.73,0.1343,218.0
2.0,1.0,5.0,15.0,0.0,4.0,1.0,1.0,0.66,0.6212,0.61,0.194,283.0
2.0,0.0,3.0,15.0,0.0,2.0,1.0,1.0,0.38,0.3939,0.25,0.2239,87.0
2.0,0.0,6.0,23.0,0.0,3.0,1.0,1.0,0.62,0.6212,0.53,0.0,107.0
2.0,0.0,5.0,2.0,0.0,3.0,1.0,1.0,0.52,0.5,0.59,0.0,10.0
2.0,1.0,5.0,20.0,0.0,6.0,0.0,2.0,0.74,0.6818,0.55,0.194,255.0
2.0,0.0,4.0,23.0,0.0,2.0,1.0,1.0,0.46,0.4545,0.88,0.0896,52.0
2.0,0.0,6.0,10.0,0.0,4.0,1.0,1.0,0.86,0.8182,0.5,0.2836,94.0
4.0,1.0,12.0,7.0,0.0,1.0,1.0,2.0,0.36,0.3485,0.93,0.1343,319.0
3.0,0.0,6.0,2.0,0.0,5.0,1.0,1.0,0.66,0.6061,0.83,0.3284,14.0
1.0,0.0,1.0,2.0,0.0,5.0,1.0,2.0,0.2,0.197,0.69,0.2239,1.0
1.0,0.0,3.0,19.0,0.0,3.0,1.0,1.0,0.4,0.4091,0.28,0.5224,150.0
2.0,0.0,4.0,2.0,0.0,6.0,0.0,2.0,0.32,0.303,0.87,0.2239,17.0
4.0,1.0,10.0,1.0,0.0,3.0,1.0,2.0,0.3,0.3182,0.81,0.0896,8.0
2.0,0.0,4.0,14.0,0.0,1.0,1.0,1.0,0.72,0.6667,0.54,0.2239,146.0
4.0,1.0,11.0,14.0,0.0,6.0,0.0,1.0,0.42,0.4242,0.38,0.194,555.0
3.0,1.0,9.0,17.0,0.0,5.0,1.0,1.0,0.68,0.6364,0.57,0.2836,846.0
2.0,1.0,6.0,20.0,0.0,2.0,1.0,1.0,0.56,0.5303,0.49,0.2239,415.0
4.0,1.0,12.0,18.0,0.0,5.0,1.0,2.0,0.38,0.3939,0.71,0.1045,498.0
2.0,0.0,4.0,18.0,0.0,5.0,1.0,1.0,0.52,0.5,0.48,0.3582,439.0
3.0,0.0,8.0,21.0,0.0,4.0,1.0,2.0,0.7,0.6667,0.74,0.194,211.0
1.0,0.0,3.0,2.0,0.0,2.0,1.0,1.0,0.24,0.2424,0.52,0.1343,1.0
1.0,1.0,2.0,1.0,0.0,6.0,0.0,3.0,0.28,0.2879,0.81,0.1343,45.0
1.0,0.0,2.0,6.0,0.0,4.0,1.0,2.0,0.12,0.1212,0.54,0.2836,26.0
1.0,0.0,2.0,18.0,0.0,1.0,1.0,1.0,0.4,0.4091,0.4,0.6119,205.0
3.0,1.0,6.0,14.0,0.0,6.0,0.0,1.0,0.88,0.7727,0.3,0.2537,409.0
2.0,1.0,5.0,15.0,0.0,3.0,1.0,2.0,0.7,0.6515,0.61,0.0,257.0
3.0,0.0,9.0,19.0,0.0,0.0,0.0,2.0,0.54,0.5152,0.68,0.1045,245.0
4.0,1.0,11.0,18.0,0.0,4.0,1.0,2.0,0.4,0.4091,0.5,0.1642,678.0
4.0,1.0,10.0,20.0,0.0,6.0,0.0,1.0,0.5,0.4848,0.39,0.2239,259.0
3.0,0.0,7.0,6.0,0.0,0.0,0.0,1.0,0.74,0.697,0.7,0.0,13.0
3.0,1.0,7.0,5.0,0.0,4.0,1.0,2.0,0.72,0.6818,0.7,0.1045,40.0
2.0,0.0,5.0,20.0,0.0,2.0,1.0,1.0,0.66,0.6212,0.74,0.0896,280.0
2.0,0.0,4.0,11.0,0.0,3.0,1.0,1.0,0.42,0.4242,0.38,0.3881,93.0
2.0,1.0,6.0,16.0,0.0,2.0,1.0,1.0,0.6,0.6212,0.43,0.194,473.0
1.0,0.0,2.0,7.0,0.0,5.0,1.0,1.0,0.14,0.2121,0.59,0.0,87.0
2.0,1.0,4.0,9.0,0.0,5.0,1.0,1.0,0.34,0.303,0.42,0.3284,376.0
2.0,1.0,5.0,6.0,0.0,4.0,1.0,1.0,0.44,0.4394,0.72,0.2239,139.0
3.0,0.0,6.0,14.0,0.0,3.0,1.0,2.0,0.82,0.7727,0.52,0.2836,145.0
4.0,0.0,11.0,16.0,0.0,2.0,1.0,1.0,0.48,0.4697,0.44,0.1642,298.0
2.0,1.0,3.0,18.0,0.0,4.0,1.0,1.0,0.66,0.6212,0.65,0.1642,801.0
2.0,0.0,4.0,19.0,0.0,4.0,1.0,1.0,0.46,0.4545,0.28,0.2836,324.0
2.0,0.0,6.0,15.0,0.0,0.0,0.0,2.0,0.74,0.6818,0.55,0.1045,362.0
2.0,1.0,5.0,3.0,0.0,0.0,0.0,1.0,0.64,0.6061,0.73,0.1642,36.0
3.0,1.0,8.0,15.0,0.0,3.0,1.0,1.0,0.82,0.7576,0.46,0.1642,295.0
4.0,1.0,10.0,23.0,0.0,2.0,1.0,2.0,0.48,0.4697,0.77,0.0896,84.0
2.0,0.0,4.0,1.0,0.0,5.0,1.0,3.0,0.26,0.2576,1.0,0.1642,4.0
1.0,1.0,3.0,8.0,0.0,4.0,1.0,1.0,0.42,0.4242,0.94,0.1343,594.0
2.0,1.0,3.0,0.0,0.0,6.0,0.0,1.0,0.38,0.3939,0.82,0.194,92.0
2.0,0.0,5.0,22.0,0.0,4.0,1.0,1.0,0.7,0.6515,0.65,0.1343,180.0
4.0,1.0,10.0,8.0,0.0,3.0,1.0,1.0,0.32,0.3333,0.81,0.1343,621.0
1.0,1.0,2.0,13.0,0.0,4.0,1.0,2.0,0.42,0.4242,0.77,0.0,137.0
3.0,0.0,8.0,18.0,0.0,2.0,1.0,1.0,0.76,0.6818,0.45,0.2239,570.0
4.0,0.0,12.0,16.0,0.0,2.0,1.0,1.0,0.44,0.4394,0.54,0.0,238.0
1.0,0.0,1.0,0.0,0.0,1.0,1.0,1.0,0.06,0.0606,0.41,0.194,7.0
4.0,0.0,10.0,5.0,0.0,2.0,1.0,2.0,0.52,0.5,0.88,0.0,20.0
2.0,0.0,6.0,19.0,0.0,4.0,1.0,1.0,0.72,0.6364,0.23,0.2985,379.0
3.0,0.0,8.0,17.0,0.0,5.0,1.0,1.0,0.78,0.7121,0.49,0.2985,550.0
4.0,1.0,10.0,20.0,0.0,3.0,1.0,1.0,0.7,0.6515,0.65,0.0,497.0
4.0,0.0,10.0,22.0,0.0,4.0,1.0,1.0,0.46,0.4545,0.82,0.0,148.0
1.0,0.0,2.0,7.0,0.0,5.0,1.0,3.0,0.34,0.3333,1.0,0.1343,35.0
3.0,0.0,8.0,17.0,0.0,5.0,1.0,1.0,0.82,0.7121,0.26,0.0,516.0
2.0,0.0,5.0,6.0,0.0,3.0,1.0,1.0,0.46,0.4545,0.82,0.1343,99.0
3.0,0.0,7.0,2.0,0.0,2.0,1.0,1.0,0.7,0.6667,0.79,0.1045,9.0
1.0,0.0,12.0,3.0,0.0,3.0,1.0,2.0,0.36,0.3788,0.71,0.0,2.0
3.0,0.0,7.0,12.0,0.0,1.0,1.0,2.0,0.84,0.8333,0.59,0.194,67.0
1.0,0.0,2.0,5.0,0.0,3.0,1.0,1.0,0.12,0.1515,0.5,0.1045,8.0
4.0,1.0,10.0,16.0,0.0,6.0,0.0,1.0,0.6,0.6212,0.43,0.5224,659.0
2.0,1.0,5.0,16.0,0.0,3.0,1.0,3.0,0.7,0.6515,0.61,0.0896,278.0
1.0,1.0,12.0,3.0,0.0,3.0,1.0,2.0,0.24,0.2121,0.7,0.3582,2.0
1.0,0.0,2.0,0.0,0.0,6.0,0.0,1.0,0.16,0.197,0.69,0.0896,30.0
4.0,0.0,10.0,1.0,0.0,2.0,1.0,2.0,0.52,0.5,0.94,0.0896,11.0
2.0,0.0,5.0,6.0,0.0,3.0,1.0,3.0,0.34,0.303,0.93,0.3881,21.0
2.0,1.0,4.0,20.0,0.0,2.0,1.0,1.0,0.56,0.5303,0.24,0.1343,379.0
3.0,0.0,9.0,11.0,0.0,3.0,1.0,1.0,0.72,0.6818,0.66,0.1642,164.0
4.0,1.0,12.0,2.0,0.0,5.0,1.0,2.0,0.26,0.2727,0.7,0.1343,11.0
1.0,0.0,2.0,16.0,0.0,1.0,1.0,1.0,0.52,0.5,0.27,0.4627,118.0
3.0,0.0,7.0,10.0,0.0,4.0,1.0,1.0,0.8,0.7576,0.55,0.2836,116.0
1.0,1.0,1.0,9.0,0.0,5.0,1.0,1.0,0.24,0.2424,0.7,0.1642,241.0
2.0,0.0,4.0,20.0,0.0,6.0,0.0,3.0,0.44,0.4394,0.94,0.2239,53.0
2.0,1.0,5.0,18.0,0.0,1.0,1.0,2.0,0.58,0.5455,0.83,0.0,300.0
3.0,1.0,8.0,16.0,0.0,5.0,1.0,2.0,0.84,0.2424,0.32,0.4478,488.0
2.0,0.0,5.0,7.0,0.0,2.0,1.0,2.0,0.44,0.4394,0.62,0.1343,314.0
2.0,1.0,6.0,10.0,0.0,5.0,1.0,1.0,0.66,0.6212,0.47,0.2537,249.0
1.0,0.0,3.0,4.0,0.0,2.0,1.0,1.0,0.22,0.2121,0.69,0.2537,1.0
4.0,0.0,12.0,8.0,0.0,0.0,0.0,1.0,0.16,0.2273,0.69,0.0,72.0
3.0,1.0,9.0,9.0,0.0,3.0,1.0,1.0,0.6,0.6061,0.64,0.1343,328.0
1.0,1.0,12.0,11.0,0.0,1.0,1.0,2.0,0.22,0.2273,0.6,0.194,157.0
1.0,1.0,3.0,17.0,0.0,5.0,1.0,3.0,0.36,0.3485,0.81,0.2239,128.0
3.0,1.0,6.0,10.0,0.0,3.0,1.0,1.0,0.7,0.6364,0.37,0.2537,172.0
3.0,1.0,9.0,9.0,1.0,1.0,0.0,2.0,0.7,0.6667,0.84,0.1343,229.0
3.0,1.0,6.0,10.0,0.0,5.0,1.0,1.0,0.9,0.8333,0.39,0.2985,171.0
4.0,1.0,10.0,2.0,0.0,1.0,1.0,1.0,0.38,0.3939,0.71,0.0,5.0
1.0,0.0,2.0,11.0,0.0,5.0,1.0,1.0,0.52,0.5,0.77,0.4478,59.0
1.0,1.0,2.0,9.0,0.0,3.0,1.0,2.0,0.24,0.2576,0.7,0.1642,253.0
4.0,1.0,10.0,6.0,0.0,4.0,1.0,2.0,0.52,0.5,0.88,0.194,171.0
1.0,1.0,2.0,12.0,0.0,5.0,1.0,1.0,0.34,0.3333,0.46,0.1343,216.0
4.0,1.0,11.0,5.0,0.0,1.0,1.0,2.0,0.3,0.2727,0.52,0.3284,39.0
4.0,0.0,10.0,15.0,0.0,4.0,1.0,1.0,0.66,0.6061,0.78,0.194,155.0
3.0,1.0,8.0,6.0,0.0,0.0,0.0,1.0,0.64,0.6061,0.65,0.1642,16.0
4.0,0.0,11.0,4.0,0.0,2.0,1.0,2.0,0.52,0.5,0.83,0.3284,6.0
3.0,1.0,9.0,6.0,0.0,2.0,1.0,2.0,0.68,0.6364,0.89,0.1045,172.0
2.0,1.0,4.0,6.0,0.0,3.0,1.0,1.0,0.28,0.2879,0.56,0.1045,106.0
1.0,0.0,2.0,10.0,0.0,4.0,1.0,2.0,0.26,0.2424,0.7,0.2836,57.0
2.0,1.0,6.0,1.0,0.0,5.0,1.0,1.0,0.56,0.5303,0.56,0.1642,29.0
4.0,0.0,11.0,17.0,0.0,2.0,1.0,3.0,0.44,0.4394,1.0,0.0896,165.0
3.0,1.0,7.0,15.0,0.0,4.0,1.0,1.0,0.8,0.7121,0.36,0.194,271.0
1.0,1.0,1.0,5.0,0.0,3.0,1.0,1.0,0.26,0.2424,0.7,0.2836,33.0
2.0,1.0,5.0,9.0,0.0,3.0,1.0,2.0,0.62,0.5909,0.78,0.0,297.0
4.0,1.0,10.0,19.0,0.0,6.0,0.0,2.0,0.52,0.5,0.72,0.2239,300.0
4.0,1.0,11.0,1.0,0.0,5.0,1.0,2.0,0.3,0.3182,0.65,0.0896,21.0
2.0,0.0,5.0,13.0,0.0,5.0,1.0,2.0,0.52,0.5,0.88,0.3881,226.0
1.0,0.0,1.0,12.0,0.0,6.0,0.0,1.0,0.24,0.2273,0.48,0.2239,89.0
1.0,1.0,2.0,22.0,0.0,5.0,1.0,1.0,0.4,0.4091,0.37,0.5821,106.0
3.0,0.0,7.0,7.0,0.0,2.0,1.0,1.0,0.76,0.697,0.55,0.194,330.0
1.0,0.0,1.0,12.0,0.0,2.0,1.0,1.0,0.22,0.2273,0.51,0.1642,78.0
4.0,1.0,10.0,18.0,0.0,3.0,1.0,1.0,0.66,0.6212,0.44,0.0,858.0
3.0,1.0,7.0,19.0,0.0,0.0,0.0,1.0,0.72,0.7121,0.84,0.2239,312.0
2.0,0.0,6.0,15.0,0.0,3.0,1.0,1.0,0.9,0.8333,0.39,0.2985,152.0
4.0,1.0,10.0,21.0,0.0,1.0,1.0,1.0,0.52,0.5,0.59,0.3284,206.0
1.0,0.0,2.0,6.0,0.0,4.0,1.0,1.0,0.16,0.1364,0.43,0.3582,39.0
2.0,1.0,5.0,1.0,0.0,5.0,1.0,1.0,0.62,0.5758,0.83,0.0896,42.0
2.0,1.0,4.0,1.0,0.0,4.0,1.0,2.0,0.48,0.4697,0.48,0.0896,23.0
3.0,1.0,7.0,9.0,0.0,5.0,1.0,2.0,0.7,0.6667,0.79,0.1343,373.0
4.0,1.0,11.0,9.0,1.0,4.0,0.0,1.0,0.3,0.3333,0.65,0.0,119.0
3.0,0.0,7.0,20.0,0.0,3.0,1.0,1.0,0.8,0.8333,0.75,0.2239,309.0
1.0,0.0,12.0,20.0,0.0,2.0,1.0,1.0,0.32,0.3333,0.93,0.0896,69.0
2.0,0.0,4.0,14.0,0.0,3.0,1.0,1.0,0.74,0.6515,0.4,0.4627,148.0
3.0,1.0,8.0,7.0,0.0,4.0,1.0,1.0,0.7,0.6667,0.79,0.0,473.0
4.0,0.0,10.0,1.0,0.0,2.0,1.0,2.0,0.46,0.4545,0.88,0.0,11.0
3.0,1.0,8.0,6.0,0.0,1.0,1.0,1.0,0.62,0.5606,0.88,0.0,145.0
3.0,1.0,8.0,2.0,0.0,6.0,0.0,3.0,0.64,0.5909,0.78,0.194,85.0
2.0,1.0,4.0,1.0,0.0,2.0,1.0,2.0,0.32,0.3333,0.81,0.1343,7.0
2.0,1.0,5.0,22.0,0.0,4.0,1.0,1.0,0.62,0.5909,0.78,0.0,246.0
2.0,0.0,5.0,0.0,0.0,4.0,1.0,2.0,0.46,0.4545,0.88,0.2239,44.0
3.0,0.0,9.0,2.0,1.0,1.0,0.0,2.0,0.68,0.6364,0.79,0.1642,39.0
2.0,1.0,3.0,6.0,0.0,4.0,1.0,2.0,0.48,0.4697,1.0,0.0896,136.0
2.0,1.0,4.0,9.0,1.0,1.0,0.0,1.0,0.62,0.6061,0.69,0.2239,297.0
1.0,0.0,2.0,17.0,0.0,6.0,0.0,1.0,0.42,0.4242,0.19,0.6119,127.0
3.0,1.0,8.0,14.0,0.0,4.0,1.0,1.0,0.78,0.697,0.46,0.2239,305.0
2.0,0.0,3.0,13.0,0.0,1.0,1.0,2.0,0.3,0.2879,0.24,0.2239,83.0
4.0,0.0,12.0,6.0,0.0,1.0,1.0,1.0,0.16,0.1818,0.86,0.1045,68.0
2.0,0.0,4.0,9.0,0.0,1.0,1.0,2.0,0.5,0.4848,0.51,0.3881,158.0
4.0,0.0,11.0,9.0,0.0,6.0,0.0,1.0,0.28,0.2576,0.52,0.2985,142.0
3.0,0.0,7.0,7.0,0.0,6.0,0.0,1.0,0.8,0.7424,0.52,0.1045,45.0
4.0,1.0,10.0,18.0,0.0,6.0,0.0,1.0,0.46,0.4545,0.44,0.1343,473.0
3.0,0.0,7.0,5.0,0.0,0.0,0.0,1.0,0.72,0.6818,0.69,0.0,8.0
1.0,1.0,1.0,6.0,0.0,6.0,0.0,1.0,0.26,0.2727,0.75,0.1045,7.0
3.0,1.0,9.0,2.0,0.0,0.0,0.0,1.0,0.54,0.5152,0.77,0.2836,96.0
1.0,0.0,2.0,8.0,0.0,6.0,0.0,1.0,0.38,0.3939,0.17,0.5821,45.0
4.0,1.0,10.0,14.0,0.0,4.0,1.0,2.0,0.62,0.6212,0.5,0.2985,285.0
3.0,0.0,8.0,13.0,0.0,2.0,1.0,1.0,0.86,0.7424,0.3,0.2239,203.0
3.0,0.0,9.0,13.0,0.0,2.0,1.0,2.0,0.56,0.5303,0.94,0.1343,103.0
3.0,1.0,7.0,23.0,0.0,2.0,1.0,2.0,0.66,0.6061,0.83,0.1642,147.0
4.0,1.0,10.0,10.0,0.0,2.0,1.0,3.0,0.58,0.5455,0.88,0.1343,45.0
4.0,0.0,11.0,17.0,0.0,3.0,1.0,1.0,0.46,0.4545,0.63,0.1045,485.0
3.0,1.0,7.0,22.0,0.0,1.0,1.0,1.0,0.74,0.6667,0.51,0.1642,188.0
3.0,1.0,8.0,13.0,0.0,0.0,0.0,1.0,0.88,0.8182,0.44,0.4627,523.0
3.0,1.0,7.0,12.0,1.0,3.0,0.0,1.0,0.86,0.7879,0.41,0.2239,494.0
1.0,0.0,2.0,19.0,0.0,3.0,1.0,1.0,0.28,0.2424,0.45,0.4925,91.0
3.0,0.0,7.0,16.0,0.0,5.0,1.0,1.0,0.96,0.8636,0.3,0.3881,233.0
1.0,0.0,3.0,18.0,0.0,4.0,1.0,3.0,0.44,0.4394,0.0,0.3582,82.0
2.0,1.0,5.0,13.0,0.0,4.0,1.0,1.0,0.72,0.6667,0.54,0.1642,302.0
1.0,0.0,1.0,12.0,1.0,1.0,0.0,2.0,0.18,0.197,0.47,0.1343,80.0
2.0,0.0,4.0,5.0,0.0,1.0,1.0,1.0,0.4,0.4091,0.62,0.2537,7.0
4.0,0.0,11.0,5.0,0.0,2.0,1.0,1.0,0.54,0.5152,0.68,0.2836,28.0
2.0,0.0,4.0,18.0,0.0,4.0,1.0,1.0,0.5,0.4848,0.25,0.2836,452.0
2.0,1.0,5.0,4.0,0.0,2.0,1.0,2.0,0.56,0.5303,0.88,0.1642,7.0
3.0,0.0,9.0,6.0,0.0,2.0,1.0,2.0,0.54,0.5152,0.88,0.3284,72.0
3.0,0.0,8.0,6.0,0.0,4.0,1.0,2.0,0.64,0.5909,0.78,0.2537,103.0
4.0,0.0,12.0,8.0,0.0,6.0,0.0,2.0,0.26,0.2576,0.56,0.2239,59.0
3.0,0.0,7.0,2.0,0.0,5.0,1.0,1.0,0.78,0.803,0.79,0.1343,14.0
1.0,0.0,2.0,16.0,0.0,5.0,1.0,1.0,0.32,0.2879,0.49,0.4627,102.0
1.0,1.0,1.0,2.0,0.0,1.0,1.0,2.0,0.18,0.2121,0.86,0.1045,2.0
3.0,1.0,8.0,14.0,0.0,5.0,1.0,1.0,0.9,0.7727,0.25,0.2239,436.0
4.0,1.0,11.0,4.0,0.0,5.0,1.0,2.0,0.3,0.3182,0.65,0.1045,5.0
1.0,1.0,3.0,11.0,0.0,6.0,0.0,2.0,0.52,0.5,0.77,0.1343,585.0
2.0,1.0,5.0,23.0,0.0,1.0,1.0,2.0,0.54,0.5152,0.45,0.194,113.0
3.0,0.0,8.0,7.0,0.0,5.0,1.0,1.0,0.66,0.6061,0.78,0.1343,270.0
2.0,1.0,4.0,23.0,0.0,2.0,1.0,1.0,0.5,0.4848,0.59,0.0,79.0
1.0,0.0,1.0,10.0,0.0,3.0,1.0,1.0,0.22,0.197,0.37,0.3284,57.0
2.0,0.0,4.0,14.0,0.0,1.0,1.0,2.0,0.58,0.5455,0.49,0.194,144.0
2.0,1.0,6.0,6.0,0.0,1.0,1.0,1.0,0.62,0.5758,0.83,0.1045,144.0
3.0,1.0,7.0,21.0,0.0,2.0,1.0,1.0,0.74,0.697,0.66,0.2239,378.0
1.0,1.0,1.0,14.0,0.0,4.0,1.0,1.0,0.24,0.2273,0.44,0.194,119.0
3.0,1.0,9.0,19.0,0.0,5.0,1.0,1.0,0.74,0.6818,0.62,0.2836,568.0
4.0,1.0,11.0,17.0,0.0,6.0,0.0,1.0,0.26,0.2273,0.41,0.3881,126.0
4.0,1.0,9.0,17.0,0.0,1.0,1.0,1.0,0.58,0.5455,0.3,0.0,898.0
3.0,1.0,9.0,12.0,0.0,3.0,1.0,1.0,0.6,0.6212,0.43,0.2537,313.0
2.0,0.0,6.0,22.0,0.0,1.0,1.0,1.0,0.66,0.6212,0.61,0.0896,173.0
2.0,1.0,5.0,7.0,0.0,2.0,1.0,2.0,0.5,0.4848,0.94,0.2537,169.0
1.0,1.0,3.0,7.0,0.0,3.0,1.0,1.0,0.26,0.2273,0.65,0.3881,344.0
4.0,0.0,11.0,2.0,0.0,3.0,1.0,1.0,0.32,0.3485,0.93,0.0,5.0
2.0,0.0,5.0,6.0,0.0,6.0,0.0,1.0,0.42,0.4242,0.77,0.0896,13.0
3.0,1.0,7.0,14.0,0.0,5.0,1.0,1.0,0.9,0.803,0.31,0.1642,275.0
2.0,1.0,6.0,17.0,0.0,6.0,0.0,1.0,0.64,0.6212,0.36,0.0,586.0
1.0,0.0,2.0,8.0,0.0,6.0,0.0,3.0,0.2,0.2273,1.0,0.0896,10.0
2.0,1.0,5.0,8.0,0.0,6.0,0.0,1.0,0.58,0.5455,0.83,0.0896,197.0
1.0,1.0,2.0,8.0,0.0,4.0,1.0,3.0,0.4,0.4091,0.87,0.0,445.0
4.0,1.0,9.0,7.0,0.0,3.0,1.0,1.0,0.54,0.5152,0.77,0.1343,532.0
3.0,0.0,9.0,9.0,0.0,0.0,0.0,1.0,0.66,0.6212,0.74,0.0,227.0
4.0,1.0,12.0,6.0,0.0,1.0,1.0,1.0,0.36,0.3788,0.93,0.0,138.0
1.0,0.0,1.0,9.0,0.0,5.0,1.0,1.0,0.2,0.1818,0.47,0.2985,134.0
3.0,1.0,8.0,20.0,0.0,0.0,0.0,1.0,0.7,0.6667,0.84,0.1045,193.0
1.0,1.0,12.0,2.0,0.0,5.0,1.0,1.0,0.24,0.2273,0.6,0.2537,5.0
3.0,0.0,8.0,21.0,0.0,4.0,1.0,1.0,0.7,0.6515,0.48,0.0896,206.0
1.0,1.0,1.0,17.0,0.0,5.0,1.0,2.0,0.22,0.2576,0.32,0.0896,349.0
1.0,1.0,1.0,21.0,0.0,3.0,1.0,2.0,0.2,0.2576,0.44,0.0,90.0
2.0,0.0,5.0,3.0,0.0,2.0,1.0,1.0,0.44,0.4394,0.54,0.194,4.0
4.0,1.0,10.0,12.0,0.0,0.0,0.0,1.0,0.62,0.6212,0.46,0.3284,562.0
1.0,0.0,3.0,17.0,0.0,0.0,0.0,3.0,0.34,0.303,1.0,0.2985,25.0
3.0,1.0,7.0,18.0,0.0,4.0,1.0,2.0,0.9,0.8333,0.39,0.3284,607.0
4.0,1.0,12.0,14.0,0.0,2.0,1.0,2.0,0.38,0.3939,0.5,0.2239,204.0
4.0,0.0,10.0,2.0,0.0,2.0,1.0,2.0,0.52,0.5,0.94,0.1343,5.0
3.0,0.0,8.0,11.0,0.0,1.0,1.0,2.0,0.72,0.6818,0.62,0.2537,153.0
4.0,1.0,11.0,6.0,0.0,4.0,1.0,1.0,0.22,0.2727,0.69,0.0,121.0
1.0,0.0,3.0,7.0,0.0,3.0,1.0,1.0,0.22,0.2121,0.64,0.2537,110.0
4.0,0.0,12.0,16.0,0.0,6.0,0.0,1.0,0.28,0.2727,0.45,0.2239,222.0
1.0,0.0,3.0,8.0,0.0,5.0,1.0,1.0,0.28,0.2727,0.7,0.2537,259.0
4.0,0.0,10.0,18.0,0.0,0.0,0.0,1.0,0.36,0.3485,0.4,0.1343,213.0
4.0,1.0,10.0,19.0,0.0,3.0,1.0,1.0,0.7,0.6515,0.65,0.0,593.0
2.0,1.0,4.0,7.0,0.0,3.0,1.0,2.0,0.44,0.4394,0.62,0.0,366.0
1.0,0.0,12.0,22.0,0.0,6.0,0.0,1.0,0.24,0.2879,0.52,0.0,20.0
4.0,0.0,12.0,19.0,0.0,4.0,1.0,2.0,0.52,0.5,0.59,0.2836,287.0
3.0,0.0,6.0,7.0,0.0,4.0,1.0,1.0,0.62,0.6061,0.61,0.2239,320.0
1.0,1.0,2.0,19.0,0.0,1.0,1.0,1.0,0.34,0.3333,0.25,0.1343,263.0
1.0,0.0,1.0,6.0,0.0,1.0,1.0,1.0,0.12,0.1212,0.5,0.2836,31.0
3.0,1.0,9.0,20.0,0.0,5.0,1.0,1.0,0.66,0.6212,0.61,0.1045,404.0
4.0,0.0,12.0,21.0,0.0,6.0,0.0,1.0,0.22,0.2121,0.44,0.2239,83.0
3.0,0.0,9.0,12.0,0.0,4.0,1.0,2.0,0.72,0.6667,0.51,0.1343,229.0
4.0,0.0,12.0,6.0,0.0,4.0,1.0,1.0,0.32,0.3182,0.66,0.194,92.0
4.0,1.0,12.0,19.0,0.0,6.0,0.0,2.0,0.32,0.3485,0.81,0.0,249.0
2.0,0.0,4.0,2.0,0.0,0.0,0.0,1.0,0.4,0.4091,0.62,0.194,29.0
4.0,0.0,9.0,5.0,0.0,5.0,1.0,2.0,0.62,0.5455,0.94,0.0,22.0
3.0,0.0,9.0,2.0,0.0,0.0,0.0,1.0,0.44,0.4394,0.82,0.2537,89.0
1.0,1.0,2.0,18.0,0.0,2.0,1.0,1.0,0.42,0.4242,0.28,0.1642,449.0
4.0,0.0,11.0,8.0,0.0,2.0,1.0,1.0,0.32,0.3333,0.93,0.1045,466.0
4.0,1.0,11.0,0.0,0.0,6.0,0.0,1.0,0.4,0.4091,0.37,0.4179,42.0
4.0,0.0,11.0,20.0,0.0,5.0,1.0,1.0,0.4,0.4091,0.58,0.0896,95.0
3.0,1.0,7.0,14.0,0.0,1.0,1.0,1.0,0.86,0.7576,0.34,0.2239,230.0
2.0,1.0,5.0,17.0,0.0,4.0,1.0,1.0,0.76,0.6667,0.31,0.1642,827.0
1.0,0.0,3.0,0.0,0.0,4.0,1.0,3.0,0.34,0.3182,0.0,0.2537,3.0
2.0,0.0,6.0,6.0,0.0,1.0,1.0,3.0,0.6,0.5758,0.78,0.1343,26.0
3.0,0.0,6.0,8.0,0.0,4.0,1.0,1.0,0.68,0.6364,0.47,0.2239,555.0
2.0,1.0,5.0,7.0,0.0,4.0,1.0,1.0,0.54,0.5152,0.73,0.3881,474.0
2.0,1.0,4.0,16.0,0.0,6.0,0.0,2.0,0.64,0.6212,0.27,0.3582,582.0
3.0,1.0,7.0,9.0,0.0,6.0,0.0,1.0,0.78,0.7424,0.59,0.1045,337.0
4.0,1.0,10.0,15.0,0.0,3.0,1.0,2.0,0.58,0.5455,0.43,0.2239,301.0
1.0,1.0,1.0,12.0,0.0,4.0,1.0,2.0,0.34,0.3333,0.81,0.1343,165.0
1.0,1.0,2.0,0.0,0.0,4.0,1.0,1.0,0.46,0.4545,0.59,0.1343,31.0
1.0,0.0,2.0,3.0,0.0,1.0,1.0,3.0,0.32,0.3182,0.93,0.1642,1.0
2.0,1.0,3.0,1.0,0.0,4.0,1.0,1.0,0.52,0.5,0.83,0.0896,30.0
3.0,0.0,9.0,6.0,0.0,0.0,0.0,1.0,0.58,0.5455,0.88,0.1045,20.0
2.0,0.0,4.0,6.0,0.0,2.0,1.0,2.0,0.54,0.5152,0.68,0.2836,58.0
1.0,1.0,1.0,20.0,0.0,4.0,1.0,1.0,0.26,0.2121,0.52,0.4478,191.0
3.0,1.0,7.0,18.0,0.0,1.0,1.0,1.0,0.76,0.6818,0.48,0.1343,872.0
3.0,0.0,8.0,7.0,0.0,5.0,1.0,2.0,0.66,0.6061,0.83,0.0896,263.0
4.0,0.0,11.0,10.0,0.0,0.0,0.0,1.0,0.36,0.3636,0.66,0.0896,262.0
3.0,1.0,8.0,16.0,0.0,2.0,1.0,1.0,0.82,0.7424,0.43,0.2239,458.0
2.0,1.0,5.0,22.0,0.0,0.0,0.0,1.0,0.56,0.5303,0.73,0.1642,157.0
2.0,1.0,4.0,10.0,0.0,4.0,1.0,1.0,0.48,0.4697,0.63,0.0896,189.0
4.0,1.0,12.0,7.0,0.0,5.0,1.0,1.0,0.2,0.2121,0.72,0.1045,308.0
3.0,1.0,7.0,17.0,0.0,6.0,0.0,3.0,0.6,0.5455,0.88,0.1642,241.0
3.0,0.0,8.0,10.0,0.0,0.0,0.0,1.0,0.7,0.6515,0.61,0.6119,142.0
2.0,1.0,3.0,12.0,0.0,4.0,1.0,1.0,0.5,0.4848,0.42,0.4925,292.0
3.0,0.0,7.0,7.0,0.0,5.0,1.0,2.0,0.74,0.7121,0.79,0.0896,254.0
2.0,1.0,4.0,19.0,0.0,3.0,1.0,1.0,0.4,0.4091,0.4,0.3582,384.0
3.0,1.0,6.0,12.0,0.0,5.0,1.0,1.0,0.84,0.7879,0.49,0.1343,254.0
1.0,1.0,2.0,2.0,0.0,0.0,0.0,2.0,0.3,0.2879,0.36,0.2836,48.0
2.0,0.0,6.0,21.0,0.0,4.0,1.0,3.0,0.62,0.5758,0.83,0.2537,188.0
3.0,0.0,6.0,2.0,0.0,1.0,1.0,3.0,0.62,0.5909,0.78,0.1343,6.0
2.0,0.0,4.0,21.0,0.0,6.0,0.0,1.0,0.32,0.303,0.61,0.2537,77.0
4.0,1.0,10.0,13.0,0.0,6.0,0.0,2.0,0.64,0.6212,0.57,0.5224,710.0
4.0,0.0,9.0,7.0,0.0,1.0,1.0,2.0,0.62,0.5455,0.94,0.0,332.0
2.0,1.0,5.0,21.0,0.0,0.0,0.0,1.0,0.56,0.5303,0.73,0.194,203.0
3.0,0.0,6.0,9.0,0.0,1.0,1.0,2.0,0.72,0.6667,0.54,0.0,187.0
2.0,0.0,3.0,2.0,0.0,4.0,1.0,2.0,0.3,0.2879,1.0,0.2537,6.0
2.0,0.0,4.0,14.0,0.0,5.0,1.0,3.0,0.34,0.3182,0.87,0.2239,15.0
3.0,0.0,7.0,19.0,0.0,2.0,1.0,1.0,0.82,0.7424,0.43,0.2985,398.0
3.0,0.0,7.0,12.0,0.0,5.0,1.0,1.0,0.94,0.9545,0.48,0.1642,115.0
4.0,1.0,11.0,23.0,0.0,1.0,1.0,2.0,0.32,0.3333,0.66,0.1045,65.0
2.0,1.0,5.0,11.0,0.0,3.0,1.0,1.0,0.64,0.6061,0.73,0.0,197.0
2.0,0.0,4.0,6.0,0.0,1.0,1.0,1.0,0.42,0.4242,0.58,0.2836,46.0
2.0,0.0,5.0,5.0,0.0,4.0,1.0,2.0,0.6,0.5455,0.88,0.0896,27.0
2.0,0.0,4.0,17.0,0.0,0.0,0.0,2.0,0.52,0.5,0.72,0.194,236.0
3.0,0.0,8.0,18.0,0.0,1.0,1.0,1.0,0.66,0.6212,0.47,0.2537,547.0
3.0,1.0,6.0,21.0,0.0,1.0,1.0,1.0,0.68,0.6212,0.3,0.3284,331.0
4.0,0.0,12.0,2.0,0.0,5.0,1.0,1.0,0.48,0.4697,0.77,0.1045,23.0
3.0,0.0,7.0,15.0,1.0,1.0,0.0,1.0,0.82,0.7424,0.43,0.0896,408.0
2.0,1.0,5.0,14.0,0.0,3.0,1.0,2.0,0.64,0.6212,0.53,0.2537,243.0
1.0,0.0,1.0,3.0,0.0,6.0,0.0,3.0,0.18,0.197,0.55,0.1642,7.0
2.0,1.0,5.0,19.0,0.0,6.0,0.0,2.0,0.74,0.697,0.66,0.2239,373.0
1.0,1.0,1.0,18.0,0.0,3.0,1.0,2.0,0.2,0.2121,0.37,0.1343,289.0
2.0,1.0,5.0,18.0,0.0,1.0,1.0,2.0,0.6,0.6212,0.53,0.3582,680.0
2.0,1.0,5.0,15.0,0.0,2.0,1.0,1.0,0.82,0.7727,0.49,0.3881,256.0
1.0,0.0,3.0,9.0,0.0,4.0,1.0,1.0,0.16,0.1364,0.37,0.2836,145.0
2.0,0.0,4.0,3.0,0.0,3.0,1.0,1.0,0.26,0.2727,0.6,0.1343,4.0
1.0,0.0,1.0,9.0,0.0,6.0,0.0,1.0,0.18,0.2121,0.59,0.0896,34.0
1.0,0.0,12.0,10.0,0.0,4.0,1.0,2.0,0.4,0.4091,0.82,0.0896,141.0
1.0,0.0,2.0,6.0,0.0,5.0,1.0,2.0,0.44,0.4394,0.72,0.1642,50.0
3.0,0.0,6.0,6.0,0.0,4.0,1.0,1.0,0.6,0.6061,0.64,0.2537,123.0
1.0,1.0,2.0,15.0,0.0,4.0,1.0,1.0,0.32,0.303,0.36,0.2985,134.0
1.0,0.0,2.0,1.0,0.0,4.0,1.0,3.0,0.14,0.1515,0.8,0.1343,7.0
1.0,0.0,2.0,4.0,0.0,6.0,0.0,1.0,0.4,0.4091,0.15,0.3284,3.0
4.0,1.0,12.0,1.0,0.0,1.0,1.0,1.0,0.4,0.4091,0.82,0.1343,13.0
2.0,1.0,6.0,12.0,0.0,1.0,1.0,3.0,0.56,0.5303,0.78,0.1343,168.0
3.0,1.0,8.0,0.0,0.0,3.0,1.0,1.0,0.66,0.6212,0.69,0.0,47.0
1.0,1.0,3.0,12.0,0.0,4.0,1.0,2.0,0.62,0.6212,0.5,0.1343,265.0
1.0,1.0,3.0,2.0,0.0,6.0,0.0,3.0,0.36,0.3636,0.93,0.0896,38.0
4.0,1.0,9.0,0.0,0.0,3.0,1.0,1.0,0.58,0.5455,0.64,0.2985,40.0
3.0,1.0,6.0,17.0,0.0,5.0,1.0,2.0,0.82,0.7273,0.38,0.1642,646.0
1.0,0.0,1.0,18.0,1.0,1.0,0.0,2.0,0.18,0.1667,0.55,0.2537,92.0
4.0,1.0,10.0,17.0,0.0,6.0,0.0,1.0,0.46,0.4545,0.38,0.1642,528.0
3.0,1.0,6.0,21.0,0.0,4.0,1.0,1.0,0.76,0.697,0.55,0.194,398.0
3.0,0.0,8.0,1.0,0.0,6.0,0.0,2.0,0.68,0.6364,0.57,0.0896,77.0
4.0,0.0,11.0,8.0,0.0,1.0,1.0,2.0,0.3,0.3182,1.0,0.0896,410.0
4.0,0.0,11.0,17.0,0.0,0.0,0.0,2.0,0.52,0.5,0.63,0.194,203.0
4.0,0.0,10.0,14.0,0.0,1.0,1.0,1.0,0.58,0.5455,0.49,0.194,166.0
2.0,0.0,6.0,17.0,0.0,5.0,1.0,3.0,0.76,0.6818,0.4,0.194,552.0
2.0,0.0,4.0,1.0,0.0,2.0,1.0,1.0,0.46,0.4545,0.63,0.2239,7.0
3.0,1.0,8.0,17.0,0.0,0.0,0.0,1.0,0.8,0.697,0.33,0.0,505.0
3.0,0.0,7.0,12.0,0.0,0.0,0.0,1.0,0.9,0.7727,0.25,0.194,338.0
4.0,1.0,10.0,21.0,0.0,6.0,0.0,1.0,0.4,0.4091,0.58,0.194,204.0
1.0,0.0,1.0,13.0,0.0,3.0,1.0,1.0,0.4,0.4091,0.62,0.2836,78.0
3.0,1.0,7.0,19.0,0.0,1.0,1.0,1.0,0.82,0.7727,0.52,0.1642,665.0
3.0,1.0,9.0,14.0,0.0,0.0,0.0,3.0,0.72,0.697,0.79,0.0896,457.0
3.0,1.0,9.0,22.0,0.0,2.0,1.0,3.0,0.58,0.5455,0.83,0.4627,151.0
2.0,0.0,6.0,3.0,0.0,5.0,1.0,1.0,0.68,0.6364,0.69,0.1642,6.0
3.0,0.0,9.0,18.0,0.0,6.0,0.0,1.0,0.72,0.6818,0.7,0.1642,339.0
4.0,0.0,12.0,16.0,0.0,0.0,0.0,1.0,0.3,0.3333,0.26,0.0,206.0
4.0,1.0,12.0,9.0,0.0,2.0,1.0,1.0,0.34,0.303,0.61,0.3881,334.0
3.0,0.0,7.0,3.0,0.0,1.0,1.0,1.0,0.68,0.6364,0.65,0.1642,10.0
4.0,1.0,10.0,9.0,0.0,5.0,1.0,2.0,0.54,0.5152,0.88,0.1343,403.0
3.0,0.0,7.0,16.0,0.0,0.0,0.0,1.0,0.84,0.803,0.53,0.2985,414.0
1.0,0.0,1.0,8.0,1.0,1.0,0.0,2.0,0.16,0.1515,0.47,0.2239,33.0
1.0,1.0,12.0,12.0,0.0,3.0,1.0,3.0,0.22,0.197,0.87,0.3284,10.0
3.0,1.0,7.0,11.0,0.0,6.0,0.0,1.0,0.94,0.8788,0.38,0.194,367.0
1.0,0.0,1.0,5.0,0.0,4.0,1.0,1.0,0.24,0.2273,0.6,0.2239,6.0
4.0,0.0,11.0,20.0,0.0,4.0,1.0,2.0,0.36,0.3333,0.62,0.2836,168.0
1.0,1.0,1.0,17.0,0.0,2.0,1.0,1.0,0.46,0.4545,0.63,0.4478,462.0
4.0,1.0,11.0,16.0,0.0,0.0,0.0,1.0,0.3,0.2879,0.39,0.2239,228.0
3.0,0.0,8.0,17.0,0.0,6.0,0.0,3.0,0.64,0.5758,0.89,0.8358,16.0
1.0,1.0,3.0,21.0,0.0,6.0,0.0,1.0,0.3,0.2879,0.39,0.2239,110.0
2.0,1.0,5.0,14.0,0.0,0.0,0.0,2.0,0.6,0.6061,0.64,0.1045,518.0
1.0,0.0,12.0,11.0,0.0,3.0,1.0,1.0,0.36,0.3333,0.46,0.3582,111.0
3.0,1.0,8.0,7.0,0.0,4.0,1.0,1.0,0.64,0.6061,0.69,0.2239,464.0
2.0,1.0,6.0,23.0,0.0,2.0,1.0,1.0,0.54,0.5152,0.56,0.0896,113.0
3.0,1.0,8.0,8.0,0.0,5.0,1.0,1.0,0.68,0.2424,0.65,0.1343,668.0
3.0,1.0,8.0,3.0,0.0,1.0,1.0,3.0,0.72,0.697,0.79,0.0896,5.0
2.0,0.0,4.0,13.0,0.0,5.0,1.0,1.0,0.36,0.3333,0.5,0.3582,110.0
1.0,1.0,2.0,2.0,0.0,6.0,0.0,1.0,0.24,0.2576,0.7,0.0896,44.0
4.0,0.0,10.0,2.0,0.0,1.0,1.0,1.0,0.4,0.4091,0.87,0.1045,7.0
1.0,0.0,1.0,13.0,0.0,1.0,1.0,1.0,0.24,0.2121,0.35,0.2836,61.0
2.0,1.0,4.0,15.0,0.0,1.0,1.0,2.0,0.52,0.5,0.55,0.1045,231.0
4.0,0.0,11.0,18.0,0.0,0.0,0.0,1.0,0.5,0.4848,0.63,0.1642,155.0
1.0,0.0,3.0,21.0,0.0,0.0,0.0,2.0,0.34,0.3182,0.53,0.2836,49.0
2.0,1.0,5.0,19.0,0.0,6.0,0.0,2.0,0.62,0.5909,0.73,0.3284,405.0
2.0,1.0,5.0,13.0,0.0,5.0,1.0,1.0,0.6,0.6061,0.26,0.3881,363.0
2.0,0.0,4.0,2.0,0.0,0.0,0.0,1.0,0.26,0.2727,0.7,0.1343,24.0
2.0,0.0,3.0,19.0,0.0,0.0,0.0,1.0,0.3,0.2879,0.31,0.2239,103.0
3.0,1.0,6.0,8.0,0.0,0.0,0.0,1.0,0.7,0.6515,0.58,0.0,141.0
3.0,0.0,8.0,16.0,0.0,2.0,1.0,1.0,0.72,0.6515,0.32,0.1343,444.0
2.0,0.0,3.0,16.0,0.0,3.0,1.0,3.0,0.28,0.2727,0.87,0.2537,36.0
3.0,1.0,9.0,2.0,0.0,3.0,1.0,1.0,0.7,0.6667,0.84,0.194,9.0
2.0,0.0,4.0,20.0,0.0,2.0,1.0,2.0,0.42,0.4242,0.82,0.2836,103.0
4.0,0.0,9.0,17.0,0.0,2.0,1.0,2.0,0.66,0.5909,0.89,0.194,530.0
4.0,0.0,10.0,19.0,0.0,4.0,1.0,1.0,0.46,0.4545,0.51,0.3582,298.0
4.0,1.0,10.0,10.0,0.0,5.0,1.0,1.0,0.66,0.6212,0.54,0.0,260.0
3.0,1.0,8.0,16.0,0.0,0.0,0.0,2.0,0.66,0.6212,0.65,0.0,356.0
2.0,1.0,6.0,10.0,0.0,3.0,1.0,1.0,0.6,0.6212,0.46,0.0896,203.0
2.0,1.0,5.0,14.0,0.0,1.0,1.0,3.0,0.6,0.5606,0.83,0.194,180.0
1.0,0.0,1.0,10.0,0.0,1.0,1.0,2.0,0.14,0.1212,0.5,0.2985,31.0
4.0,0.0,10.0,8.0,0.0,0.0,0.0,1.0,0.36,0.3485,0.87,0.1343,88.0
1.0,1.0,1.0,20.0,0.0,6.0,0.0,1.0,0.2,0.197,0.44,0.2537,103.0
4.0,1.0,11.0,6.0,0.0,2.0,1.0,1.0,0.22,0.2273,0.69,0.1343,149.0
3.0,1.0,7.0,12.0,0.0,6.0,0.0,2.0,0.74,0.697,0.66,0.0896,499.0
4.0,0.0,12.0,9.0,0.0,3.0,1.0,2.0,0.3,0.3333,0.61,0.0,239.0
1.0,0.0,3.0,0.0,0.0,3.0,1.0,1.0,0.26,0.2879,0.65,0.0896,9.0
2.0,1.0,5.0,17.0,0.0,5.0,1.0,1.0,0.76,0.7121,0.62,0.2836,653.0
3.0,0.0,7.0,19.0,0.0,4.0,1.0,1.0,0.82,0.803,0.59,0.194,322.0
1.0,0.0,1.0,10.0,0.0,2.0,1.0,2.0,0.22,0.2424,0.6,0.1045,55.0
1.0,0.0,2.0,20.0,0.0,3.0,1.0,1.0,0.38,0.3939,0.43,0.194,118.0
4.0,0.0,10.0,6.0,0.0,2.0,1.0,1.0,0.4,0.4091,0.82,0.1045,112.0
4.0,1.0,10.0,2.0,0.0,3.0,1.0,2.0,0.62,0.5455,0.94,0.0,9.0
3.0,1.0,7.0,9.0,0.0,1.0,1.0,1.0,0.76,0.7121,0.62,0.1642,348.0
2.0,0.0,5.0,11.0,0.0,4.0,1.0,1.0,0.58,0.5455,0.6,0.2239,179.0
2.0,0.0,6.0,9.0,0.0,4.0,1.0,2.0,0.62,0.6061,0.65,0.194,261.0
1.0,1.0,2.0,8.0,0.0,5.0,1.0,1.0,0.2,0.2121,0.59,0.1642,448.0
3.0,0.0,9.0,20.0,0.0,0.0,0.0,1.0,0.62,0.5909,0.73,0.1045,226.0
1.0,1.0,1.0,19.0,0.0,2.0,1.0,1.0,0.12,0.0909,0.28,0.4179,156.0
4.0,0.0,11.0,0.0,0.0,6.0,0.0,1.0,0.26,0.2576,0.56,0.194,53.0
2.0,0.0,4.0,4.0,0.0,3.0,1.0,1.0,0.56,0.5303,0.94,0.2239,6.0
4.0,0.0,10.0,6.0,0.0,5.0,1.0,1.0,0.36,0.3485,0.71,0.1642,85.0
3.0,1.0,8.0,12.0,0.0,2.0,1.0,2.0,0.8,0.7576,0.55,0.1343,283.0
4.0,0.0,9.0,6.0,0.0,2.0,1.0,2.0,0.62,0.5455,0.94,0.1045,124.0
3.0,1.0,9.0,12.0,0.0,5.0,1.0,1.0,0.78,0.7424,0.59,0.1642,323.0
3.0,1.0,9.0,21.0,0.0,0.0,0.0,1.0,0.7,0.6515,0.7,0.1642,171.0
3.0,1.0,8.0,18.0,0.0,4.0,1.0,1.0,0.8,0.7121,0.38,0.1343,853.0
1.0,0.0,2.0,23.0,0.0,6.0,0.0,1.0,0.22,0.2273,0.51,0.1343,32.0
1.0,1.0,3.0,10.0,0.0,1.0,1.0,1.0,0.52,0.5,0.72,0.1343,184.0
4.0,1.0,12.0,15.0,0.0,1.0,1.0,1.0,0.6,0.6212,0.56,0.0,268.0
4.0,0.0,12.0,0.0,0.0,4.0,1.0,1.0,0.28,0.2576,0.52,0.3284,20.0
3.0,0.0,9.0,10.0,0.0,1.0,1.0,2.0,0.56,0.5303,0.64,0.1343,105.0
4.0,1.0,9.0,10.0,0.0,3.0,1.0,1.0,0.6,0.5909,0.73,0.2836,185.0
4.0,1.0,11.0,4.0,0.0,0.0,0.0,1.0,0.22,0.2727,0.44,0.0,2.0
2.0,1.0,5.0,0.0,0.0,3.0,1.0,3.0,0.64,0.5758,0.89,0.1045,36.0
2.0,0.0,6.0,2.0,0.0,6.0,0.0,1.0,0.6,0.5455,0.88,0.0,53.0
3.0,1.0,9.0,23.0,0.0,3.0,1.0,1.0,0.7,0.6667,0.84,0.0896,150.0
4.0,0.0,10.0,11.0,0.0,2.0,1.0,2.0,0.6,0.6212,0.49,0.1045,147.0
2.0,0.0,6.0,16.0,0.0,1.0,1.0,1.0,0.7,0.6515,0.58,0.1642,299.0
4.0,1.0,10.0,9.0,0.0,3.0,1.0,2.0,0.62,0.5758,0.83,0.194,362.0
1.0,1.0,2.0,5.0,0.0,3.0,1.0,1.0,0.4,0.4091,0.5,0.1642,18.0
3.0,1.0,8.0,13.0,0.0,4.0,1.0,1.0,0.86,0.7879,0.44,0.2239,310.0
3.0,0.0,6.0,12.0,0.0,2.0,1.0,1.0,0.7,0.6667,0.74,0.1642,189.0
3.0,1.0,7.0,4.0,0.0,5.0,1.0,1.0,0.74,0.697,0.66,0.2239,6.0
1.0,0.0,3.0,6.0,0.0,6.0,0.0,1.0,0.22,0.2121,0.75,0.2537,4.0
4.0,1.0,11.0,10.0,0.0,1.0,1.0,1.0,0.32,0.3485,0.49,0.0,147.0
4.0,1.0,11.0,16.0,0.0,3.0,1.0,1.0,0.36,0.3333,0.29,0.2537,325.0
4.0,1.0,12.0,17.0,0.0,2.0,1.0,1.0,0.4,0.4091,0.47,0.4478,572.0
1.0,1.0,2.0,5.0,0.0,4.0,1.0,3.0,0.4,0.4091,0.82,0.0,19.0
2.0,0.0,4.0,16.0,0.0,2.0,1.0,2.0,0.48,0.4697,0.77,0.3881,99.0
3.0,1.0,9.0,10.0,0.0,2.0,1.0,1.0,0.62,0.6212,0.38,0.0,196.0
2.0,1.0,5.0,7.0,0.0,3.0,1.0,2.0,0.54,0.5152,0.88,0.194,358.0
4.0,0.0,10.0,4.0,0.0,2.0,1.0,2.0,0.44,0.4394,0.94,0.1045,4.0
2.0,0.0,4.0,22.0,0.0,2.0,1.0,2.0,0.6,0.5606,0.83,0.194,148.0
3.0,0.0,8.0,5.0,0.0,2.0,1.0,1.0,0.7,0.6515,0.65,0.0896,30.0
1.0,0.0,2.0,3.0,0.0,0.0,0.0,1.0,0.26,0.2879,0.87,0.0896,11.0
2.0,1.0,4.0,14.0,0.0,1.0,1.0,1.0,0.56,0.5303,0.28,0.5522,218.0
4.0,1.0,11.0,10.0,0.0,2.0,1.0,3.0,0.32,0.3182,0.81,0.194,57.0
3.0,0.0,8.0,8.0,0.0,2.0,1.0,1.0,0.74,0.697,0.66,0.0,392.0
1.0,0.0,2.0,8.0,0.0,0.0,0.0,1.0,0.24,0.2576,0.65,0.1045,23.0
4.0,0.0,12.0,12.0,0.0,2.0,1.0,2.0,0.44,0.4394,0.54,0.1343,175.0
1.0,0.0,2.0,18.0,0.0,4.0,1.0,2.0,0.54,0.5152,0.42,0.2836,222.0
1.0,0.0,1.0,18.0,0.0,1.0,1.0,1.0,0.2,0.197,0.4,0.2239,155.0
1.0,1.0,3.0,0.0,0.0,2.0,1.0,2.0,0.56,0.5303,0.52,0.194,26.0
4.0,0.0,11.0,0.0,0.0,3.0,1.0,2.0,0.46,0.4545,0.94,0.0,31.0
2.0,0.0,4.0,1.0,0.0,6.0,0.0,2.0,0.36,0.3333,0.87,0.2836,33.0
3.0,0.0,8.0,18.0,0.0,5.0,1.0,1.0,0.76,0.7121,0.58,0.5224,425.0
4.0,1.0,10.0,22.0,0.0,3.0,1.0,1.0,0.46,0.4545,0.88,0.2537,215.0
2.0,1.0,4.0,23.0,0.0,5.0,1.0,1.0,0.42,0.4242,0.3,0.2836,113.0
1.0,1.0,2.0,9.0,0.0,6.0,0.0,3.0,0.22,0.197,0.75,0.3284,122.0
3.0,1.0,7.0,15.0,0.0,3.0,1.0,3.0,0.92,0.8485,0.35,0.3582,194.0
3.0,1.0,7.0,0.0,0.0,1.0,1.0,2.0,0.68,0.6364,0.89,0.0896,39.0
3.0,1.0,6.0,17.0,0.0,0.0,0.0,1.0,0.84,0.7273,0.32,0.2537,532.0
2.0,0.0,5.0,6.0,1.0,1.0,0.0,2.0,0.64,0.5606,0.94,0.0896,16.0
3.0,0.0,8.0,23.0,0.0,2.0,1.0,1.0,0.76,0.6818,0.48,0.2836,75.0
3.0,1.0,9.0,14.0,0.0,3.0,1.0,1.0,0.62,0.6212,0.38,0.2537,286.0
2.0,0.0,5.0,17.0,0.0,6.0,0.0,2.0,0.72,0.6515,0.42,0.1642,444.0
2.0,0.0,5.0,22.0,0.0,2.0,1.0,1.0,0.52,0.5,0.55,0.1045,150.0
1.0,0.0,3.0,5.0,0.0,3.0,1.0,1.0,0.22,0.2121,0.69,0.2239,5.0
4.0,0.0,11.0,16.0,0.0,4.0,1.0,1.0,0.32,0.2879,0.39,0.4179,195.0
2.0,0.0,3.0,9.0,0.0,6.0,0.0,1.0,0.24,0.2424,0.41,0.1343,100.0
3.0,0.0,9.0,10.0,0.0,5.0,1.0,2.0,0.64,0.6061,0.76,0.1642,140.0
4.0,0.0,11.0,8.0,0.0,3.0,1.0,3.0,0.46,0.4545,0.94,0.0,232.0
1.0,1.0,1.0,19.0,1.0,1.0,0.0,1.0,0.24,0.2273,0.38,0.2239,93.0
2.0,0.0,6.0,0.0,0.0,6.0,0.0,1.0,0.62,0.5606,0.88,0.1343,104.0
3.0,0.0,7.0,0.0,0.0,2.0,1.0,1.0,0.7,0.6667,0.79,0.1045,28.0
4.0,1.0,11.0,8.0,0.0,0.0,0.0,1.0,0.3,0.303,0.56,0.1343,149.0
4.0,0.0,12.0,18.0,0.0,1.0,1.0,1.0,0.44,0.4394,0.77,0.0,399.0
3.0,0.0,7.0,3.0,0.0,6.0,0.0,1.0,0.78,0.7576,0.66,0.0896,22.0
3.0,1.0,8.0,3.0,0.0,0.0,0.0,2.0,0.62,0.6061,0.61,0.1642,55.0
1.0,1.0,1.0,12.0,0.0,5.0,1.0,2.0,0.5,0.4848,0.88,0.1642,180.0
1.0,0.0,12.0,16.0,0.0,5.0,1.0,1.0,0.38,0.3939,0.5,0.2985,181.0
4.0,1.0,10.0,6.0,0.0,2.0,1.0,3.0,0.58,0.5455,0.83,0.1045,179.0
1.0,0.0,1.0,16.0,0.0,3.0,1.0,4.0,0.22,0.197,0.93,0.3284,36.0
1.0,0.0,3.0,14.0,0.0,4.0,1.0,3.0,0.44,0.4394,0.0,0.2985,12.0
2.0,0.0,5.0,0.0,0.0,2.0,1.0,2.0,0.56,0.5303,0.83,0.2239,16.0
4.0,0.0,10.0,9.0,0.0,4.0,1.0,2.0,0.5,0.4848,0.82,0.1642,171.0
4.0,1.0,12.0,14.0,0.0,0.0,0.0,2.0,0.38,0.3939,0.87,0.194,232.0
4.0,0.0,11.0,1.0,0.0,6.0,0.0,1.0,0.32,0.3333,0.76,0.0896,29.0
1.0,1.0,1.0,3.0,0.0,3.0,1.0,1.0,0.26,0.2576,0.75,0.194,1.0
3.0,1.0,8.0,8.0,0.0,6.0,0.0,2.0,0.66,0.6212,0.74,0.2537,162.0
1.0,0.0,3.0,20.0,0.0,4.0,1.0,3.0,0.36,0.3333,0.0,0.3284,38.0
1.0,1.0,1.0,7.0,1.0,1.0,0.0,1.0,0.1,0.1364,0.54,0.1045,33.0
1.0,0.0,2.0,21.0,0.0,3.0,1.0,1.0,0.24,0.2879,0.48,0.0,91.0
4.0,1.0,10.0,14.0,0.0,5.0,1.0,1.0,0.74,0.6515,0.37,0.2239,400.0
4.0,0.0,11.0,3.0,0.0,2.0,1.0,1.0,0.32,0.3485,0.87,0.0,3.0
4.0,0.0,12.0,2.0,0.0,3.0,1.0,1.0,0.26,0.303,0.75,0.0,2.0
2.0,0.0,5.0,13.0,0.0,1.0,1.0,1.0,0.62,0.6212,0.38,0.2836,174.0
4.0,1.0,12.0,8.0,0.0,3.0,1.0,2.0,0.26,0.2576,0.65,0.1642,688.0
4.0,0.0,9.0,23.0,0.0,6.0,0.0,2.0,0.6,0.5455,0.88,0.0896,150.0
1.0,1.0,1.0,4.0,0.0,4.0,1.0,3.0,0.36,0.3485,0.93,0.194,2.0
4.0,1.0,10.0,5.0,0.0,3.0,1.0,2.0,0.46,0.4545,0.88,0.0896,40.0
3.0,0.0,7.0,6.0,0.0,3.0,1.0,1.0,0.7,0.6515,0.54,0.2239,123.0
4.0,0.0,11.0,5.0,0.0,4.0,1.0,3.0,0.34,0.303,0.71,0.3284,22.0
4.0,1.0,10.0,12.0,0.0,3.0,1.0,1.0,0.62,0.6061,0.61,0.0896,316.0
2.0,1.0,6.0,17.0,0.0,0.0,0.0,1.0,0.7,0.6364,0.34,0.2537,578.0
3.0,0.0,7.0,23.0,0.0,2.0,1.0,1.0,0.76,0.7121,0.58,0.1045,89.0
2.0,0.0,5.0,23.0,1.0,1.0,0.0,1.0,0.7,0.6667,0.84,0.1045,48.0
4.0,1.0,10.0,13.0,0.0,2.0,1.0,2.0,0.5,0.4848,0.67,0.1343,238.0
2.0,0.0,4.0,7.0,0.0,1.0,1.0,2.0,0.5,0.4848,0.88,0.2239,176.0
4.0,1.0,9.0,8.0,0.0,1.0,1.0,1.0,0.5,0.4848,0.55,0.194,750.0
3.0,0.0,8.0,20.0,0.0,0.0,0.0,1.0,0.72,0.7121,0.84,0.1343,183.0
4.0,0.0,10.0,21.0,0.0,2.0,1.0,1.0,0.5,0.4848,0.72,0.1343,166.0
1.0,1.0,3.0,23.0,0.0,0.0,0.0,1.0,0.4,0.4091,0.5,0.1642,52.0
3.0,0.0,6.0,14.0,0.0,5.0,1.0,1.0,0.78,0.697,0.43,0.2836,229.0
1.0,1.0,1.0,21.0,0.0,6.0,0.0,1.0,0.18,0.1515,0.74,0.3284,69.0
2.0,0.0,5.0,22.0,0.0,3.0,1.0,1.0,0.66,0.6212,0.69,0.2537,174.0
1.0,1.0,1.0,10.0,0.0,3.0,1.0,2.0,0.26,0.2273,0.7,0.3284,141.0
3.0,0.0,9.0,3.0,0.0,0.0,0.0,1.0,0.64,0.5758,0.89,0.194,43.0
3.0,1.0,6.0,11.0,0.0,3.0,1.0,1.0,0.74,0.6515,0.3,0.3284,209.0
1.0,0.0,3.0,0.0,0.0,1.0,1.0,1.0,0.26,0.2727,0.65,0.1045,11.0
3.0,1.0,7.0,18.0,1.0,3.0,0.0,1.0,0.9,0.8485,0.42,0.194,430.0
1.0,1.0,12.0,3.0,0.0,0.0,0.0,1.0,0.2,0.2121,0.51,0.1343,9.0
4.0,0.0,10.0,4.0,0.0,0.0,0.0,2.0,0.34,0.3182,0.87,0.2537,7.0
2.0,1.0,6.0,1.0,0.0,3.0,1.0,1.0,0.64,0.5909,0.78,0.0,28.0
2.0,1.0,5.0,21.0,0.0,6.0,0.0,1.0,0.64,0.6212,0.5,0.0,259.0
1.0,0.0,3.0,7.0,0.0,5.0,1.0,1.0,0.16,0.1818,0.8,0.1343,83.0
3.0,0.0,8.0,12.0,0.0,2.0,1.0,1.0,0.72,0.6515,0.37,0.0,237.0
3.0,0.0,7.0,13.0,0.0,5.0,1.0,2.0,0.78,0.7576,0.66,0.2836,229.0
3.0,0.0,9.0,10.0,0.0,6.0,0.0,1.0,0.7,0.6515,0.65,0.2537,318.0
1.0,1.0,1.0,18.0,0.0,1.0,1.0,4.0,0.2,0.2273,0.86,0.0896,164.0
2.0,1.0,4.0,18.0,0.0,0.0,0.0,1.0,0.6,0.6061,0.26,0.2836,487.0
1.0,1.0,12.0,7.0,0.0,6.0,0.0,1.0,0.26,0.2273,0.44,0.4179,20.0
4.0,0.0,12.0,16.0,0.0,4.0,1.0,1.0,0.4,0.4091,0.4,0.194,201.0
2.0,1.0,6.0,8.0,0.0,6.0,0.0,1.0,0.58,0.5455,0.64,0.1642,204.0
1.0,1.0,1.0,5.0,0.0,3.0,1.0,1.0,0.02,0.0455,0.41,0.194,14.0
3.0,1.0,9.0,20.0,0.0,3.0,1.0,1.0,0.62,0.6212,0.57,0.1343,470.0
2.0,0.0,5.0,20.0,0.0,0.0,0.0,1.0,0.54,0.5152,0.88,0.0,191.0
2.0,0.0,6.0,21.0,0.0,0.0,0.0,1.0,0.64,0.6061,0.73,0.1642,165.0
1.0,0.0,2.0,2.0,0.0,3.0,1.0,3.0,0.22,0.2273,0.93,0.1343,4.0
2.0,0.0,3.0,0.0,0.0,1.0,1.0,3.0,0.34,0.303,0.66,0.3881,13.0
3.0,0.0,7.0,13.0,0.0,0.0,0.0,1.0,0.8,0.7727,0.59,0.2239,421.0
3.0,1.0,8.0,16.0,0.0,1.0,1.0,1.0,0.8,0.7576,0.55,0.2537,444.0
3.0,1.0,8.0,9.0,0.0,5.0,1.0,2.0,0.74,0.697,0.66,0.1045,396.0
1.0,0.0,12.0,9.0,0.0,2.0,1.0,3.0,0.32,0.3333,0.66,0.1045,104.0
3.0,0.0,6.0,0.0,0.0,4.0,1.0,1.0,0.72,0.697,0.79,0.2239,49.0
4.0,1.0,12.0,14.0,0.0,4.0,1.0,1.0,0.36,0.3485,0.34,0.1642,242.0
3.0,0.0,8.0,11.0,0.0,1.0,1.0,1.0,0.72,0.6515,0.34,0.3284,131.0
1.0,1.0,2.0,21.0,0.0,6.0,0.0,1.0,0.44,0.4394,0.33,0.2985,114.0
3.0,0.0,7.0,6.0,0.0,0.0,0.0,1.0,0.64,0.5909,0.78,0.0896,25.0
2.0,1.0,5.0,18.0,0.0,3.0,1.0,1.0,0.74,0.6667,0.48,0.1642,796.0
4.0,1.0,10.0,8.0,0.0,1.0,1.0,2.0,0.6,0.6061,0.64,0.3881,737.0
2.0,0.0,6.0,21.0,0.0,3.0,1.0,1.0,0.74,0.697,0.7,0.2836,190.0
4.0,0.0,11.0,0.0,0.0,5.0,1.0,2.0,0.4,0.4091,0.82,0.0,43.0
4.0,0.0,9.0,9.0,0.0,5.0,1.0,3.0,0.62,0.5152,1.0,0.1343,111.0
1.0,0.0,3.0,7.0,0.0,2.0,1.0,1.0,0.24,0.2424,0.75,0.1642,119.0
3.0,0.0,6.0,23.0,0.0,5.0,1.0,1.0,0.68,0.6364,0.51,0.1343,172.0
1.0,1.0,2.0,10.0,1.0,1.0,0.0,1.0,0.22,0.197,0.55,0.4478,143.0
2.0,1.0,6.0,5.0,0.0,0.0,0.0,1.0,0.62,0.6061,0.69,0.0896,13.0
1.0,0.0,12.0,10.0,0.0,2.0,1.0,2.0,0.32,0.3333,0.66,0.0896,60.0
4.0,0.0,11.0,20.0,0.0,2.0,1.0,1.0,0.4,0.4091,0.71,0.0,209.0
1.0,0.0,2.0,9.0,0.0,0.0,0.0,1.0,0.28,0.2879,0.56,0.1045,45.0
4.0,0.0,11.0,13.0,0.0,3.0,1.0,3.0,0.46,0.4545,0.94,0.1343,58.0
2.0,0.0,5.0,23.0,0.0,1.0,1.0,2.0,0.56,0.5303,0.83,0.194,64.0
4.0,0.0,10.0,0.0,0.0,6.0,0.0,1.0,0.46,0.4545,0.55,0.1045,106.0
4.0,1.0,9.0,0.0,0.0,6.0,0.0,1.0,0.54,0.5152,0.6,0.2239,149.0
1.0,1.0,1.0,14.0,0.0,1.0,1.0,3.0,0.22,0.2273,0.75,0.1642,50.0
3.0,1.0,7.0,16.0,0.0,5.0,1.0,2.0,0.68,0.6364,0.83,0.3284,436.0
3.0,0.0,7.0,9.0,0.0,6.0,0.0,1.0,0.74,0.6818,0.58,0.2836,247.0
4.0,1.0,10.0,16.0,0.0,0.0,0.0,1.0,0.54,0.5152,0.37,0.2239,591.0
3.0,0.0,8.0,12.0,0.0,6.0,0.0,3.0,0.66,0.6061,0.83,0.4925,76.0
4.0,0.0,10.0,18.0,0.0,5.0,1.0,2.0,0.36,0.3485,0.53,0.1642,368.0
1.0,0.0,1.0,8.0,0.0,2.0,1.0,1.0,0.14,0.1515,0.69,0.1642,179.0
4.0,1.0,11.0,11.0,0.0,5.0,1.0,1.0,0.38,0.3939,0.43,0.2239,218.0
3.0,1.0,8.0,9.0,0.0,3.0,1.0,2.0,0.68,0.6364,0.74,0.0896,350.0
1.0,1.0,2.0,18.0,0.0,0.0,0.0,1.0,0.3,0.2879,0.52,0.2537,181.0
1.0,0.0,3.0,15.0,0.0,4.0,1.0,3.0,0.44,0.4394,0.0,0.2239,14.0
3.0,1.0,8.0,14.0,0.0,0.0,0.0,1.0,0.9,0.8485,0.42,0.4627,526.0
3.0,1.0,9.0,7.0,0.0,4.0,1.0,1.0,0.54,0.5152,0.77,0.0,571.0
1.0,0.0,2.0,18.0,0.0,4.0,1.0,2.0,0.34,0.303,0.87,0.3284,137.0
3.0,0.0,7.0,12.0,0.0,5.0,1.0,2.0,0.76,0.7273,0.7,0.2836,213.0
1.0,1.0,3.0,6.0,0.0,2.0,1.0,3.0,0.46,0.4545,0.82,0.194,113.0
1.0,0.0,2.0,17.0,0.0,0.0,0.0,1.0,0.34,0.3485,0.33,0.1642,146.0
1.0,0.0,1.0,7.0,0.0,0.0,0.0,1.0,0.08,0.0909,0.53,0.194,6.0
2.0,1.0,4.0,8.0,0.0,4.0,1.0,3.0,0.46,0.4545,0.82,0.194,362.0
3.0,1.0,9.0,4.0,0.0,6.0,0.0,2.0,0.6,0.5909,0.69,0.3582,6.0
2.0,1.0,4.0,22.0,0.0,2.0,1.0,1.0,0.44,0.4394,0.35,0.1045,157.0
3.0,0.0,9.0,15.0,0.0,5.0,1.0,2.0,0.7,0.6515,0.61,0.2537,346.0
3.0,1.0,8.0,5.0,0.0,2.0,1.0,2.0,0.68,0.6364,0.89,0.194,36.0
2.0,0.0,6.0,1.0,0.0,5.0,1.0,1.0,0.6,0.6212,0.38,0.3582,22.0
2.0,1.0,6.0,4.0,0.0,4.0,1.0,2.0,0.6,0.6212,0.56,0.2537,6.0
1.0,1.0,12.0,6.0,0.0,0.0,0.0,2.0,0.24,0.197,0.52,0.4179,8.0
3.0,1.0,8.0,11.0,0.0,3.0,1.0,2.0,0.74,0.6818,0.58,0.194,235.0
3.0,0.0,8.0,14.0,0.0,5.0,1.0,1.0,0.8,0.7727,0.59,0.0,219.0
3.0,1.0,6.0,1.0,0.0,4.0,1.0,1.0,0.66,0.6212,0.54,0.0,25.0
4.0,0.0,12.0,3.0,0.0,5.0,1.0,1.0,0.46,0.4545,0.82,0.1343,5.0
3.0,1.0,9.0,10.0,1.0,1.0,0.0,2.0,0.74,0.7121,0.74,0.2239,359.0
2.0,1.0,3.0,7.0,0.0,5.0,1.0,2.0,0.5,0.4848,0.93,0.1343,346.0
2.0,0.0,5.0,5.0,0.0,6.0,0.0,1.0,0.56,0.5303,0.88,0.2239,7.0
4.0,0.0,10.0,5.0,0.0,6.0,0.0,3.0,0.26,0.2273,0.93,0.3582,1.0
3.0,0.0,9.0,22.0,0.0,4.0,1.0,2.0,0.62,0.5152,1.0,0.0896,187.0
4.0,1.0,10.0,23.0,0.0,3.0,1.0,1.0,0.46,0.4545,0.88,0.2239,99.0
2.0,0.0,5.0,3.0,0.0,1.0,1.0,1.0,0.46,0.4545,0.82,0.0896,7.0
4.0,1.0,12.0,22.0,0.0,0.0,0.0,2.0,0.44,0.4394,0.77,0.194,96.0
3.0,0.0,8.0,10.0,0.0,4.0,1.0,1.0,0.74,0.6515,0.37,0.2537,132.0
1.0,1.0,3.0,14.0,0.0,5.0,1.0,2.0,0.44,0.4394,0.44,0.2836,205.0
3.0,1.0,8.0,12.0,0.0,1.0,1.0,2.0,0.78,0.7273,0.55,0.0896,285.0
2.0,0.0,4.0,16.0,0.0,0.0,0.0,1.0,0.74,0.6667,0.48,0.3881,359.0
3.0,0.0,7.0,21.0,0.0,3.0,1.0,1.0,0.8,0.803,0.66,0.1642,242.0
3.0,1.0,7.0,0.0,0.0,1.0,1.0,1.0,0.66,0.5909,0.89,0.0896,47.0
2.0,0.0,4.0,4.0,0.0,0.0,0.0,2.0,0.36,0.3636,0.93,0.1045,5.0
3.0,1.0,8.0,14.0,0.0,3.0,1.0,2.0,0.8,0.7424,0.52,0.2537,236.0
4.0,1.0,10.0,18.0,0.0,0.0,0.0,3.0,0.4,0.4091,0.82,0.194,106.0
4.0,0.0,10.0,7.0,0.0,1.0,1.0,1.0,0.24,0.2879,0.93,0.0,227.0
2.0,1.0,4.0,3.0,0.0,0.0,0.0,1.0,0.42,0.4242,0.26,0.1343,26.0
3.0,0.0,8.0,4.0,0.0,1.0,1.0,1.0,0.56,0.5303,0.68,0.1343,3.0
1.0,0.0,3.0,4.0,0.0,3.0,1.0,1.0,0.2,0.2121,0.75,0.1343,1.0
3.0,1.0,9.0,13.0,0.0,2.0,1.0,1.0,0.66,0.6212,0.29,0.0896,328.0
4.0,0.0,12.0,19.0,0.0,2.0,1.0,1.0,0.38,0.3939,0.66,0.0,224.0
2.0,1.0,6.0,22.0,0.0,4.0,1.0,1.0,0.6,0.6212,0.46,0.1642,228.0
2.0,1.0,4.0,20.0,0.0,0.0,0.0,1.0,0.64,0.6212,0.5,0.2239,291.0
1.0,0.0,1.0,2.0,0.0,0.0,0.0,1.0,0.1,0.0606,0.46,0.4627,11.0
1.0,0.0,1.0,12.0,0.0,2.0,1.0,2.0,0.2,0.2273,0.51,0.1045,57.0
4.0,0.0,12.0,11.0,0.0,5.0,1.0,1.0,0.32,0.303,0.7,0.2537,136.0
3.0,0.0,7.0,3.0,0.0,6.0,0.0,1.0,0.74,0.6818,0.62,0.1642,43.0
3.0,0.0,9.0,6.0,0.0,2.0,1.0,2.0,0.54,0.5152,0.88,0.194,114.0
1.0,1.0,2.0,21.0,0.0,2.0,1.0,1.0,0.34,0.3485,0.61,0.1045,190.0
1.0,0.0,3.0,20.0,0.0,2.0,1.0,1.0,0.32,0.3333,0.39,0.0896,76.0
2.0,1.0,4.0,4.0,0.0,4.0,1.0,2.0,0.48,0.4697,0.59,0.0896,3.0
2.0,0.0,6.0,5.0,0.0,1.0,1.0,1.0,0.54,0.5152,0.64,0.3881,29.0
1.0,1.0,2.0,16.0,0.0,5.0,1.0,3.0,0.4,0.4091,0.87,0.194,178.0
2.0,0.0,6.0,10.0,0.0,1.0,1.0,1.0,0.72,0.6667,0.51,0.2239,95.0
4.0,1.0,10.0,0.0,0.0,3.0,1.0,1.0,0.54,0.5152,0.73,0.0896,46.0
3.0,0.0,8.0,18.0,0.0,1.0,1.0,1.0,0.7,0.6515,0.65,0.194,483.0
4.0,0.0,11.0,21.0,0.0,6.0,0.0,2.0,0.36,0.3485,0.62,0.194,108.0
4.0,0.0,11.0,15.0,1.0,4.0,0.0,1.0,0.5,0.4848,0.31,0.2537,149.0
2.0,0.0,5.0,19.0,0.0,5.0,1.0,3.0,0.6,0.5758,0.78,0.2537,279.0
3.0,0.0,8.0,20.0,0.0,3.0,1.0,1.0,0.74,0.6818,0.58,0.2537,280.0
3.0,0.0,8.0,22.0,0.0,5.0,1.0,1.0,0.6,0.5455,0.88,0.1343,122.0
1.0,0.0,1.0,0.0,0.0,6.0,0.0,1.0,0.04,0.0303,0.45,0.2537,13.0
1.0,1.0,1.0,9.0,0.0,1.0,1.0,1.0,0.2,0.197,0.47,0.2239,198.0
3.0,0.0,9.0,19.0,0.0,6.0,0.0,1.0,0.52,0.5,0.68,0.1343,256.0
1.0,0.0,2.0,14.0,0.0,4.0,1.0,1.0,0.6,0.6212,0.31,0.2239,81.0
1.0,0.0,1.0,7.0,0.0,5.0,1.0,1.0,0.2,0.1818,0.51,0.2836,68.0
4.0,0.0,12.0,1.0,0.0,1.0,1.0,1.0,0.2,0.2576,0.69,0.0,9.0
2.0,0.0,5.0,10.0,0.0,3.0,1.0,3.0,0.54,0.5152,0.88,0.2836,106.0
3.0,0.0,7.0,23.0,0.0,5.0,1.0,1.0,0.8,0.7879,0.63,0.194,103.0
4.0,0.0,10.0,2.0,0.0,2.0,1.0,1.0,0.44,0.4394,0.94,0.0896,5.0
2.0,1.0,5.0,10.0,0.0,4.0,1.0,1.0,0.5,0.4848,0.51,0.4179,154.0
3.0,1.0,8.0,14.0,0.0,3.0,1.0,1.0,0.76,0.6818,0.45,0.1045,266.0
1.0,0.0,12.0,16.0,0.0,3.0,1.0,1.0,0.3,0.2727,0.36,0.4179,167.0
2.0,1.0,5.0,15.0,0.0,6.0,0.0,1.0,0.68,0.6212,0.24,0.194,590.0
4.0,1.0,9.0,21.0,0.0,1.0,1.0,1.0,0.5,0.4848,0.51,0.1343,256.0
4.0,1.0,12.0,4.0,0.0,1.0,1.0,1.0,0.36,0.3788,0.93,0.0,5.0
4.0,0.0,11.0,22.0,1.0,5.0,0.0,1.0,0.32,0.3182,0.39,0.194,91.0
1.0,0.0,2.0,15.0,0.0,5.0,1.0,2.0,0.28,0.2727,0.48,0.2537,90.0
2.0,0.0,5.0,10.0,0.0,4.0,1.0,2.0,0.54,0.5152,0.83,0.0,130.0
1.0,0.0,1.0,14.0,0.0,1.0,1.0,1.0,0.26,0.2424,0.3,0.2836,77.0
2.0,1.0,6.0,10.0,0.0,1.0,1.0,1.0,0.64,0.6212,0.41,0.4627,187.0
3.0,0.0,6.0,6.0,0.0,3.0,1.0,1.0,0.66,0.6212,0.69,0.2985,116.0
4.0,1.0,10.0,20.0,0.0,0.0,0.0,1.0,0.48,0.4697,0.44,0.194,195.0
4.0,1.0,10.0,17.0,0.0,1.0,1.0,1.0,0.62,0.6212,0.33,0.1045,922.0
4.0,1.0,10.0,17.0,0.0,1.0,1.0,3.0,0.56,0.5303,0.6,0.2537,856.0
2.0,1.0,5.0,11.0,0.0,5.0,1.0,2.0,0.7,0.6515,0.61,0.0,258.0
4.0,0.0,11.0,15.0,0.0,2.0,1.0,1.0,0.58,0.5455,0.46,0.1045,188.0
2.0,1.0,5.0,1.0,0.0,6.0,0.0,1.0,0.5,0.4848,0.48,0.0,93.0
2.0,1.0,4.0,15.0,0.0,2.0,1.0,1.0,0.66,0.6212,0.24,0.3284,308.0
2.0,0.0,4.0,23.0,0.0,5.0,1.0,2.0,0.3,0.2879,0.93,0.2239,35.0
1.0,0.0,2.0,16.0,0.0,4.0,1.0,3.0,0.38,0.3939,0.62,0.2836,71.0
4.0,1.0,10.0,7.0,0.0,5.0,1.0,1.0,0.52,0.5,0.83,0.1045,428.0
4.0,1.0,12.0,7.0,0.0,2.0,1.0,1.0,0.36,0.3485,0.93,0.1343,355.0
1.0,1.0,3.0,2.0,0.0,1.0,1.0,1.0,0.46,0.4545,0.88,0.1642,8.0
2.0,0.0,6.0,19.0,0.0,2.0,1.0,1.0,0.76,0.6818,0.48,0.2537,424.0
2.0,0.0,6.0,13.0,0.0,0.0,0.0,2.0,0.74,0.6667,0.51,0.0,363.0
3.0,0.0,9.0,18.0,0.0,2.0,1.0,2.0,0.54,0.5152,0.88,0.3881,373.0
2.0,0.0,5.0,19.0,0.0,6.0,0.0,1.0,0.68,0.6364,0.47,0.1642,301.0
3.0,0.0,7.0,19.0,0.0,3.0,1.0,1.0,0.7,0.6667,0.79,0.1045,419.0
1.0,1.0,3.0,15.0,0.0,5.0,1.0,1.0,0.46,0.4545,0.24,0.2537,238.0
1.0,1.0,2.0,3.0,1.0,1.0,0.0,2.0,0.24,0.2273,0.81,0.194,8.0
3.0,1.0,8.0,9.0,0.0,1.0,1.0,3.0,0.7,0.6667,0.79,0.1642,276.0
3.0,0.0,7.0,14.0,0.0,5.0,1.0,1.0,0.96,1.0,0.48,0.2985,101.0
2.0,1.0,5.0,17.0,0.0,2.0,1.0,2.0,0.64,0.6061,0.69,0.2836,717.0
3.0,0.0,7.0,20.0,1.0,1.0,0.0,2.0,0.76,0.697,0.55,0.1045,386.0
2.0,0.0,4.0,7.0,0.0,3.0,1.0,3.0,0.36,0.3485,1.0,0.2239,70.0
4.0,1.0,12.0,19.0,0.0,3.0,1.0,1.0,0.38,0.3939,0.43,0.3582,414.0
4.0,1.0,11.0,2.0,0.0,2.0,1.0,3.0,0.36,0.3182,0.87,0.4478,11.0
4.0,0.0,10.0,14.0,0.0,5.0,1.0,1.0,0.62,0.6212,0.5,0.0,256.0
4.0,0.0,10.0,14.0,0.0,0.0,0.0,3.0,0.36,0.3485,0.81,0.1642,256.0
4.0,0.0,12.0,0.0,0.0,4.0,1.0,2.0,0.26,0.2273,0.87,0.2985,21.0
2.0,0.0,3.0,3.0,0.0,4.0,1.0,2.0,0.28,0.2727,1.0,0.194,1.0
2.0,1.0,5.0,16.0,0.0,6.0,0.0,1.0,0.74,0.6515,0.3,0.1045,642.0
1.0,0.0,2.0,9.0,0.0,1.0,1.0,1.0,0.22,0.2727,0.8,0.0,118.0
1.0,0.0,2.0,18.0,0.0,6.0,0.0,1.0,0.36,0.3182,0.25,0.4478,88.0
3.0,0.0,6.0,6.0,0.0,1.0,1.0,2.0,0.62,0.5909,0.78,0.1642,94.0
1.0,1.0,2.0,3.0,0.0,2.0,1.0,1.0,0.4,0.4091,0.32,0.3582,6.0
4.0,0.0,11.0,15.0,0.0,6.0,0.0,2.0,0.5,0.4848,0.42,0.1045,314.0
2.0,0.0,6.0,2.0,0.0,0.0,0.0,2.0,0.64,0.6212,0.61,0.1642,64.0
4.0,0.0,11.0,22.0,0.0,1.0,1.0,1.0,0.58,0.5455,0.56,0.3582,113.0
1.0,1.0,2.0,1.0,0.0,1.0,1.0,1.0,0.12,0.1212,0.5,0.2239,6.0
3.0,1.0,7.0,3.0,0.0,2.0,1.0,1.0,0.68,0.6364,0.79,0.0,3.0
2.0,1.0,6.0,22.0,0.0,1.0,1.0,2.0,0.72,0.6667,0.58,0.194,164.0
1.0,1.0,3.0,6.0,0.0,0.0,0.0,2.0,0.4,0.4091,0.94,0.1045,11.0
1.0,0.0,1.0,3.0,0.0,6.0,0.0,1.0,0.24,0.2879,0.75,0.0,13.0
3.0,1.0,9.0,5.0,0.0,3.0,1.0,1.0,0.5,0.4848,0.72,0.0896,48.0
4.0,0.0,11.0,8.0,0.0,5.0,1.0,1.0,0.22,0.2273,0.44,0.194,375.0
1.0,0.0,1.0,0.0,0.0,1.0,1.0,2.0,0.24,0.2273,0.65,0.2239,7.0
3.0,1.0,9.0,20.0,0.0,4.0,1.0,1.0,0.56,0.5303,0.64,0.1343,417.0
1.0,1.0,3.0,3.0,0.0,3.0,1.0,1.0,0.3,0.2727,0.56,0.3582,3.0
3.0,1.0,9.0,20.0,0.0,6.0,0.0,1.0,0.7,0.6515,0.54,0.2537,325.0
4.0,0.0,12.0,23.0,0.0,4.0,1.0,1.0,0.24,0.2576,0.7,0.1045,61.0
4.0,1.0,10.0,1.0,0.0,5.0,1.0,1.0,0.4,0.4091,0.66,0.0896,37.0
3.0,1.0,9.0,23.0,0.0,0.0,0.0,1.0,0.56,0.5303,0.52,0.2836,92.0
2.0,1.0,4.0,4.0,0.0,6.0,0.0,1.0,0.36,0.3636,0.71,0.1045,14.0
3.0,0.0,7.0,1.0,0.0,0.0,0.0,2.0,0.7,0.6515,0.61,0.1642,78.0
4.0,0.0,11.0,8.0,0.0,1.0,1.0,2.0,0.46,0.4545,0.67,0.194,452.0
4.0,0.0,12.0,6.0,0.0,4.0,1.0,1.0,0.24,0.2121,0.65,0.2836,97.0
2.0,1.0,5.0,13.0,0.0,0.0,0.0,1.0,0.7,0.6364,0.37,0.2836,607.0
2.0,0.0,5.0,18.0,0.0,3.0,1.0,1.0,0.6,0.5909,0.73,0.2239,489.0
2.0,0.0,5.0,19.0,0.0,4.0,1.0,1.0,0.58,0.5455,0.6,0.1343,410.0
3.0,1.0,8.0,14.0,0.0,6.0,0.0,1.0,0.76,0.6667,0.37,0.2836,598.0
1.0,1.0,3.0,15.0,0.0,6.0,0.0,1.0,0.64,0.6212,0.53,0.1343,679.0
2.0,0.0,5.0,4.0,0.0,6.0,0.0,1.0,0.46,0.4545,0.88,0.1343,7.0
2.0,1.0,6.0,0.0,0.0,6.0,0.0,2.0,0.56,0.5303,0.83,0.1343,86.0
4.0,1.0,11.0,12.0,0.0,5.0,1.0,1.0,0.44,0.4394,0.38,0.2537,379.0
2.0,0.0,4.0,17.0,0.0,0.0,0.0,1.0,0.66,0.6212,0.65,0.2985,331.0
4.0,1.0,11.0,14.0,0.0,6.0,0.0,1.0,0.54,0.5152,0.37,0.0,627.0
2.0,1.0,6.0,8.0,0.0,1.0,1.0,1.0,0.6,0.6212,0.49,0.2239,665.0
4.0,1.0,10.0,16.0,0.0,2.0,1.0,3.0,0.3,0.2879,0.87,0.2537,98.0
4.0,0.0,9.0,7.0,0.0,5.0,1.0,3.0,0.62,0.5455,0.94,0.1343,254.0
4.0,1.0,11.0,12.0,0.0,3.0,1.0,1.0,0.44,0.4394,0.41,0.194,344.0
4.0,0.0,9.0,17.0,0.0,1.0,1.0,1.0,0.7,0.6515,0.7,0.1343,570.0
1.0,0.0,2.0,20.0,0.0,0.0,0.0,1.0,0.28,0.2879,0.61,0.1045,26.0
3.0,0.0,8.0,7.0,0.0,4.0,1.0,2.0,0.68,0.6364,0.79,0.3284,313.0
4.0,1.0,11.0,6.0,0.0,0.0,0.0,2.0,0.22,0.2424,0.47,0.1045,11.0
3.0,0.0,7.0,19.0,0.0,6.0,0.0,2.0,0.82,0.803,0.59,0.1343,217.0
1.0,0.0,12.0,15.0,0.0,5.0,1.0,1.0,0.38,0.3939,0.54,0.3582,203.0
4.0,1.0,11.0,5.0,0.0,2.0,1.0,2.0,0.34,0.3333,0.66,0.1343,34.0
1.0,1.0,1.0,14.0,0.0,3.0,1.0,1.0,0.3,0.2727,0.33,0.3881,105.0
3.0,0.0,7.0,7.0,0.0,4.0,1.0,1.0,0.72,0.6818,0.7,0.1642,305.0
4.0,1.0,10.0,23.0,0.0,3.0,1.0,1.0,0.44,0.4394,0.58,0.194,136.0
2.0,1.0,5.0,10.0,0.0,3.0,1.0,2.0,0.58,0.5455,0.83,0.1045,175.0
1.0,0.0,12.0,17.0,0.0,0.0,0.0,1.0,0.34,0.3333,0.61,0.1343,44.0
4.0,1.0,11.0,23.0,0.0,3.0,1.0,1.0,0.32,0.3485,0.61,0.0,57.0
3.0,0.0,7.0,2.0,0.0,1.0,1.0,1.0,0.66,0.6061,0.83,0.2239,10.0
3.0,1.0,7.0,2.0,0.0,3.0,1.0,1.0,0.64,0.5758,0.89,0.0,5.0
2.0,0.0,4.0,13.0,0.0,4.0,1.0,2.0,0.52,0.5,0.48,0.0896,135.0
3.0,1.0,9.0,12.0,0.0,2.0,1.0,1.0,0.64,0.6212,0.33,0.0,316.0
4.0,0.0,11.0,12.0,0.0,3.0,1.0,2.0,0.36,0.3333,0.53,0.2836,160.0
3.0,0.0,7.0,8.0,0.0,5.0,1.0,1.0,0.64,0.6061,0.65,0.2537,564.0
2.0,0.0,4.0,1.0,0.0,4.0,1.0,1.0,0.42,0.4242,0.47,0.1343,13.0
1.0,0.0,1.0,19.0,0.0,1.0,1.0,1.0,0.16,0.1667,0.47,0.1642,95.0
2.0,1.0,4.0,10.0,0.0,3.0,1.0,3.0,0.48,0.4697,0.47,0.2239,147.0
2.0,1.0,5.0,20.0,0.0,1.0,1.0,2.0,0.58,0.5455,0.88,0.194,189.0
3.0,1.0,9.0,8.0,0.0,3.0,1.0,1.0,0.52,0.5,0.59,0.2239,797.0
4.0,0.0,10.0,16.0,0.0,5.0,1.0,1.0,0.6,0.6212,0.43,0.2239,344.0
2.0,1.0,5.0,10.0,0.0,4.0,1.0,1.0,0.56,0.5303,0.52,0.2537,205.0
3.0,0.0,9.0,4.0,0.0,3.0,1.0,2.0,0.54,0.5152,1.0,0.1343,7.0
2.0,0.0,5.0,15.0,0.0,3.0,1.0,1.0,0.76,0.697,0.52,0.2537,182.0
3.0,0.0,8.0,19.0,0.0,1.0,1.0,1.0,0.7,0.6364,0.3,0.2836,416.0
3.0,0.0,9.0,22.0,0.0,1.0,1.0,2.0,0.56,0.5303,0.68,0.1642,129.0
4.0,0.0,10.0,0.0,0.0,0.0,0.0,1.0,0.36,0.3788,0.87,0.0,88.0
3.0,1.0,7.0,14.0,0.0,1.0,1.0,2.0,0.78,0.7424,0.59,0.1642,271.0
1.0,0.0,1.0,20.0,0.0,4.0,1.0,1.0,0.16,0.1515,0.47,0.2239,64.0
4.0,1.0,11.0,4.0,0.0,4.0,1.0,2.0,0.3,0.2879,0.45,0.2836,10.0
2.0,1.0,5.0,18.0,0.0,2.0,1.0,1.0,0.68,0.6364,0.61,0.1343,785.0
1.0,0.0,12.0,23.0,0.0,5.0,1.0,2.0,0.36,0.3333,0.66,0.2537,73.0
2.0,1.0,6.0,22.0,0.0,6.0,0.0,1.0,0.62,0.6212,0.53,0.2985,280.0
1.0,1.0,12.0,5.0,1.0,2.0,0.0,2.0,0.22,0.2273,0.93,0.1343,3.0
2.0,1.0,4.0,14.0,0.0,2.0,1.0,1.0,0.5,0.4848,0.25,0.3881,216.0
2.0,1.0,6.0,4.0,0.0,1.0,1.0,1.0,0.64,0.5909,0.78,0.1343,7.0
2.0,1.0,3.0,18.0,0.0,5.0,1.0,1.0,0.42,0.4242,0.54,0.194,560.0
4.0,0.0,9.0,21.0,0.0,3.0,1.0,3.0,0.6,0.5455,0.88,0.2537,74.0
3.0,1.0,8.0,16.0,0.0,5.0,1.0,1.0,0.9,0.7879,0.27,0.2537,528.0
3.0,1.0,6.0,0.0,0.0,4.0,1.0,1.0,0.66,0.6212,0.5,0.1045,54.0
2.0,1.0,5.0,18.0,0.0,5.0,1.0,1.0,0.64,0.6212,0.38,0.2239,669.0
3.0,0.0,7.0,20.0,0.0,0.0,0.0,1.0,0.76,0.697,0.55,0.194,268.0
1.0,1.0,12.0,9.0,0.0,6.0,0.0,2.0,0.26,0.2424,0.81,0.0,49.0
3.0,0.0,6.0,9.0,0.0,4.0,1.0,1.0,0.7,0.6364,0.42,0.2239,260.0
1.0,1.0,3.0,12.0,0.0,3.0,1.0,2.0,0.64,0.6212,0.29,0.0,267.0
4.0,0.0,10.0,7.0,0.0,4.0,1.0,2.0,0.46,0.4545,0.94,0.0896,137.0
1.0,1.0,2.0,15.0,0.0,1.0,1.0,1.0,0.36,0.3485,0.27,0.1343,155.0
4.0,0.0,11.0,3.0,0.0,5.0,1.0,2.0,0.38,0.3939,0.87,0.1642,8.0
3.0,0.0,8.0,13.0,0.0,1.0,1.0,2.0,0.7,0.6364,0.39,0.0,218.0
3.0,1.0,9.0,12.0,0.0,6.0,0.0,1.0,0.8,0.7576,0.55,0.4925,694.0
1.0,0.0,1.0,11.0,0.0,6.0,0.0,2.0,0.2,0.1818,0.69,0.3881,62.0
3.0,1.0,6.0,4.0,0.0,4.0,1.0,1.0,0.7,0.6667,0.84,0.0896,12.0
2.0,0.0,5.0,23.0,0.0,3.0,1.0,1.0,0.36,0.3485,0.62,0.2239,57.0
1.0,1.0,1.0,10.0,0.0,6.0,0.0,1.0,0.16,0.2273,0.47,0.0,149.0
4.0,1.0,11.0,23.0,0.0,2.0,1.0,2.0,0.26,0.2424,0.81,0.2537,67.0
2.0,1.0,6.0,4.0,0.0,5.0,1.0,1.0,0.52,0.5,0.63,0.0,10.0
4.0,1.0,11.0,20.0,0.0,5.0,1.0,1.0,0.46,0.4545,0.41,0.0896,142.0
3.0,1.0,8.0,14.0,0.0,2.0,1.0,1.0,0.84,0.7424,0.38,0.3284,251.0
2.0,1.0,4.0,8.0,0.0,1.0,1.0,1.0,0.36,0.3333,0.57,0.3284,589.0
1.0,1.0,1.0,13.0,0.0,1.0,1.0,2.0,0.26,0.2727,0.56,0.1045,80.0
3.0,0.0,9.0,14.0,0.0,5.0,1.0,1.0,0.72,0.697,0.74,0.0896,148.0
2.0,1.0,4.0,15.0,0.0,5.0,1.0,1.0,0.54,0.5152,0.28,0.2537,352.0
3.0,0.0,8.0,12.0,0.0,1.0,1.0,1.0,0.74,0.6515,0.35,0.3881,207.0
4.0,1.0,9.0,10.0,0.0,1.0,1.0,1.0,0.54,0.5152,0.49,0.2239,198.0
4.0,1.0,10.0,17.0,0.0,3.0,1.0,2.0,0.4,0.4091,0.58,0.1642,723.0
3.0,1.0,8.0,7.0,0.0,5.0,1.0,1.0,0.64,0.2424,0.73,0.1045,379.0
3.0,0.0,8.0,10.0,0.0,3.0,1.0,1.0,0.7,0.6364,0.45,0.1045,138.0
1.0,0.0,2.0,15.0,0.0,4.0,1.0,1.0,0.22,0.197,0.37,0.3284,60.0
4.0,1.0,10.0,21.0,0.0,3.0,1.0,2.0,0.62,0.6061,0.61,0.1045,313.0
4.0,1.0,9.0,13.0,0.0,3.0,1.0,1.0,0.7,0.6515,0.58,0.2239,340.0
4.0,0.0,10.0,8.0,0.0,0.0,0.0,2.0,0.34,0.3333,0.76,0.194,64.0
4.0,1.0,10.0,20.0,0.0,0.0,0.0,3.0,0.42,0.4242,0.94,0.4627,55.0
2.0,0.0,3.0,15.0,0.0,4.0,1.0,3.0,0.3,0.2727,0.87,0.2985,65.0
1.0,0.0,12.0,23.0,0.0,0.0,0.0,1.0,0.26,0.2727,0.65,0.1343,16.0
2.0,0.0,5.0,11.0,0.0,4.0,1.0,1.0,0.74,0.697,0.66,0.2239,160.0
2.0,0.0,4.0,9.0,0.0,0.0,0.0,1.0,0.36,0.3182,0.5,0.4925,142.0
2.0,0.0,5.0,4.0,1.0,1.0,0.0,1.0,0.62,0.5455,0.94,0.1642,6.0
1.0,1.0,1.0,12.0,0.0,2.0,1.0,1.0,0.18,0.1364,0.37,0.5224,74.0
1.0,1.0,3.0,5.0,0.0,1.0,1.0,1.0,0.2,0.2273,0.55,0.0896,18.0
4.0,0.0,11.0,9.0,0.0,5.0,1.0,1.0,0.32,0.3485,0.76,0.0,95.0
1.0,0.0,1.0,5.0,0.0,3.0,1.0,1.0,0.22,0.2273,0.47,0.1642,3.0
3.0,1.0,8.0,6.0,0.0,2.0,1.0,1.0,0.56,0.5303,0.83,0.1045,169.0
3.0,1.0,8.0,7.0,0.0,0.0,0.0,2.0,0.62,0.6061,0.69,0.1343,41.0
4.0,1.0,9.0,6.0,0.0,0.0,0.0,1.0,0.44,0.4394,0.72,0.0896,22.0
2.0,0.0,5.0,14.0,0.0,5.0,1.0,1.0,0.62,0.6212,0.53,0.2239,197.0
1.0,0.0,2.0,16.0,0.0,6.0,0.0,1.0,0.36,0.3333,0.46,0.2836,171.0
1.0,0.0,1.0,20.0,0.0,5.0,1.0,1.0,0.18,0.2121,0.47,0.1045,51.0
1.0,1.0,1.0,17.0,0.0,2.0,1.0,1.0,0.14,0.1061,0.26,0.4627,245.0
1.0,1.0,1.0,10.0,0.0,5.0,1.0,1.0,0.26,0.2576,0.65,0.194,116.0
2.0,0.0,6.0,7.0,0.0,5.0,1.0,1.0,0.54,0.5152,0.45,0.2537,277.0
1.0,0.0,3.0,10.0,0.0,1.0,1.0,1.0,0.24,0.2121,0.6,0.2985,58.0
4.0,0.0,11.0,7.0,0.0,0.0,0.0,1.0,0.42,0.4242,0.67,0.2239,23.0
2.0,1.0,4.0,23.0,0.0,4.0,1.0,1.0,0.4,0.4091,0.5,0.1343,136.0
4.0,1.0,12.0,16.0,0.0,1.0,1.0,2.0,0.5,0.4848,0.88,0.1045,345.0
4.0,0.0,11.0,16.0,0.0,2.0,1.0,3.0,0.4,0.4091,0.87,0.2239,151.0
3.0,0.0,7.0,10.0,0.0,5.0,1.0,1.0,0.9,0.8485,0.42,0.2836,106.0
4.0,1.0,10.0,19.0,0.0,5.0,1.0,1.0,0.62,0.5909,0.73,0.1642,500.0
2.0,1.0,3.0,5.0,0.0,4.0,1.0,2.0,0.48,0.4697,1.0,0.0896,34.0
3.0,0.0,7.0,12.0,0.0,3.0,1.0,1.0,0.84,0.7576,0.41,0.2836,174.0
4.0,1.0,10.0,17.0,0.0,4.0,1.0,1.0,0.5,0.4848,0.39,0.2836,827.0
2.0,0.0,5.0,16.0,0.0,5.0,1.0,1.0,0.6,0.6212,0.4,0.2537,344.0
2.0,0.0,4.0,6.0,0.0,5.0,1.0,1.0,0.5,0.4848,0.45,0.2836,71.0
1.0,0.0,1.0,23.0,0.0,1.0,1.0,1.0,0.14,0.1515,0.59,0.1642,18.0
4.0,0.0,9.0,19.0,0.0,1.0,1.0,1.0,0.66,0.6061,0.82,0.0896,383.0
1.0,0.0,2.0,10.0,0.0,1.0,1.0,1.0,0.44,0.4394,0.33,0.2239,55.0
2.0,0.0,5.0,15.0,0.0,2.0,1.0,3.0,0.74,0.6818,0.55,0.4179,188.0
1.0,0.0,1.0,0.0,0.0,5.0,1.0,1.0,0.12,0.1364,0.5,0.194,14.0
2.0,0.0,4.0,14.0,0.0,5.0,1.0,3.0,0.34,0.3182,0.87,0.2537,36.0
3.0,1.0,9.0,13.0,0.0,6.0,0.0,1.0,0.82,0.7727,0.52,0.5224,668.0
4.0,1.0,9.0,4.0,0.0,0.0,0.0,1.0,0.46,0.4545,0.67,0.0896,7.0
1.0,0.0,2.0,2.0,0.0,0.0,0.0,1.0,0.26,0.2273,0.6,0.3284,20.0
2.0,1.0,4.0,15.0,0.0,1.0,1.0,2.0,0.36,0.3333,0.62,0.3881,112.0
4.0,0.0,9.0,4.0,0.0,4.0,1.0,2.0,0.6,0.5455,0.88,0.194,7.0
2.0,0.0,3.0,0.0,0.0,4.0,1.0,3.0,0.24,0.2273,0.93,0.2239,3.0
1.0,1.0,2.0,19.0,0.0,4.0,1.0,1.0,0.38,0.3939,0.43,0.5224,327.0
1.0,1.0,3.0,14.0,0.0,2.0,1.0,1.0,0.64,0.6212,0.53,0.3284,212.0
2.0,0.0,6.0,21.0,0.0,2.0,1.0,1.0,0.6,0.6212,0.56,0.2985,243.0
2.0,1.0,4.0,12.0,0.0,3.0,1.0,3.0,0.46,0.4545,0.51,0.1045,110.0
1.0,1.0,1.0,13.0,0.0,5.0,1.0,1.0,0.22,0.2121,0.32,0.2985,156.0
3.0,0.0,6.0,20.0,0.0,6.0,0.0,1.0,0.7,0.6515,0.48,0.194,269.0
1.0,1.0,2.0,23.0,0.0,0.0,0.0,1.0,0.26,0.2576,0.56,0.1642,64.0
3.0,0.0,9.0,1.0,0.0,4.0,1.0,2.0,0.6,0.5152,0.94,0.0896,11.0
2.0,1.0,6.0,23.0,0.0,6.0,0.0,1.0,0.56,0.5303,0.52,0.1045,238.0
1.0,1.0,3.0,9.0,0.0,3.0,1.0,1.0,0.52,0.5,0.68,0.0,351.0
1.0,0.0,12.0,16.0,0.0,6.0,0.0,1.0,0.44,0.4394,0.51,0.3881,195.0
2.0,1.0,5.0,2.0,0.0,5.0,1.0,2.0,0.62,0.5758,0.83,0.0,23.0
1.0,1.0,2.0,22.0,0.0,5.0,1.0,1.0,0.36,0.3485,0.4,0.2239,107.0
1.0,0.0,1.0,0.0,0.0,2.0,1.0,1.0,0.16,0.1818,0.55,0.1045,5.0
4.0,1.0,11.0,11.0,0.0,5.0,1.0,2.0,0.34,0.3485,0.53,0.0896,201.0
3.0,1.0,8.0,0.0,0.0,5.0,1.0,1.0,0.72,0.6818,0.7,0.194,71.0
2.0,1.0,6.0,23.0,0.0,6.0,0.0,1.0,0.6,0.6212,0.53,0.2985,183.0
2.0,1.0,6.0,16.0,0.0,1.0,1.0,2.0,0.8,0.7121,0.41,0.4179,427.0
1.0,0.0,2.0,18.0,0.0,1.0,1.0,2.0,0.34,0.3333,0.66,0.1343,175.0
2.0,0.0,4.0,6.0,0.0,4.0,1.0,2.0,0.4,0.4091,0.58,0.5821,75.0
2.0,1.0,4.0,15.0,0.0,6.0,0.0,2.0,0.64,0.6212,0.27,0.3582,658.0
4.0,0.0,10.0,17.0,1.0,1.0,0.0,2.0,0.66,0.6212,0.54,0.1045,459.0
3.0,1.0,6.0,4.0,0.0,1.0,1.0,1.0,0.66,0.6061,0.78,0.2537,4.0
3.0,0.0,7.0,3.0,0.0,5.0,1.0,1.0,0.6,0.5909,0.73,0.194,7.0
4.0,1.0,10.0,3.0,0.0,1.0,1.0,2.0,0.56,0.5303,0.73,0.2537,4.0
3.0,1.0,8.0,21.0,0.0,4.0,1.0,1.0,0.74,0.6667,0.48,0.194,356.0
3.0,0.0,6.0,18.0,0.0,5.0,1.0,1.0,0.76,0.6667,0.37,0.2985,452.0
2.0,0.0,4.0,5.0,0.0,2.0,1.0,2.0,0.54,0.5152,0.68,0.1343,16.0
3.0,0.0,9.0,3.0,0.0,6.0,0.0,1.0,0.58,0.5455,1.0,0.1343,37.0
2.0,0.0,6.0,7.0,0.0,1.0,1.0,1.0,0.62,0.5909,0.78,0.1045,299.0
3.0,0.0,8.0,17.0,0.0,3.0,1.0,2.0,0.7,0.6667,0.79,0.0,425.0
4.0,0.0,10.0,17.0,0.0,3.0,1.0,3.0,0.56,0.5303,0.94,0.1642,181.0
3.0,1.0,9.0,16.0,0.0,5.0,1.0,1.0,0.7,0.6515,0.54,0.194,567.0
1.0,1.0,2.0,1.0,0.0,2.0,1.0,1.0,0.38,0.3939,0.62,0.1642,6.0
1.0,1.0,2.0,16.0,0.0,3.0,1.0,1.0,0.42,0.4242,0.38,0.194,231.0
4.0,1.0,11.0,19.0,0.0,2.0,1.0,1.0,0.3,0.2879,0.56,0.2239,371.0
1.0,0.0,12.0,2.0,0.0,4.0,1.0,1.0,0.2,0.2273,0.51,0.1045,3.0
1.0,0.0,1.0,21.0,0.0,5.0,1.0,2.0,0.22,0.2273,0.75,0.1343,58.0
2.0,1.0,4.0,2.0,0.0,1.0,1.0,3.0,0.44,0.4394,0.94,0.1343,5.0
1.0,0.0,2.0,11.0,0.0,2.0,1.0,1.0,0.22,0.1818,0.47,0.4627,50.0
1.0,0.0,2.0,22.0,0.0,4.0,1.0,1.0,0.18,0.2121,0.51,0.0896,41.0
1.0,0.0,2.0,0.0,0.0,6.0,0.0,1.0,0.24,0.2273,0.52,0.194,28.0
1.0,0.0,2.0,5.0,0.0,5.0,1.0,2.0,0.46,0.4545,0.67,0.1045,7.0
2.0,0.0,4.0,20.0,0.0,1.0,1.0,1.0,0.6,0.6212,0.33,0.2985,165.0
1.0,1.0,2.0,19.0,0.0,0.0,0.0,1.0,0.3,0.2879,0.52,0.2239,69.0
4.0,0.0,10.0,7.0,0.0,0.0,0.0,1.0,0.44,0.4394,0.86,0.0,44.0
3.0,0.0,8.0,17.0,0.0,0.0,0.0,1.0,0.72,0.697,0.79,0.1343,270.0
1.0,0.0,3.0,14.0,0.0,3.0,1.0,2.0,0.4,0.4091,0.76,0.2239,100.0
2.0,0.0,3.0,6.0,0.0,5.0,1.0,1.0,0.18,0.1818,0.74,0.2239,32.0
2.0,0.0,3.0,15.0,0.0,3.0,1.0,3.0,0.28,0.2576,0.81,0.2985,70.0
2.0,0.0,3.0,15.0,0.0,6.0,0.0,1.0,0.34,0.3333,0.29,0.194,219.0
2.0,1.0,6.0,13.0,0.0,2.0,1.0,2.0,0.6,0.6212,0.46,0.1642,267.0
4.0,1.0,12.0,16.0,0.0,0.0,0.0,3.0,0.36,0.3485,0.93,0.1642,253.0
1.0,0.0,3.0,2.0,0.0,2.0,1.0,1.0,0.3,0.303,0.62,0.0896,3.0
3.0,0.0,7.0,3.0,0.0,4.0,1.0,1.0,0.72,0.6667,0.54,0.0,5.0
4.0,0.0,9.0,23.0,0.0,0.0,0.0,2.0,0.62,0.5455,0.94,0.1045,79.0
1.0,1.0,3.0,9.0,0.0,6.0,0.0,1.0,0.24,0.2121,0.41,0.3284,148.0
4.0,1.0,10.0,14.0,0.0,6.0,0.0,1.0,0.6,0.6212,0.46,0.2537,750.0
4.0,0.0,9.0,20.0,0.0,0.0,0.0,1.0,0.64,0.5758,0.83,0.0896,186.0
2.0,0.0,5.0,12.0,0.0,6.0,0.0,1.0,0.6,0.6212,0.4,0.194,373.0
4.0,1.0,11.0,13.0,0.0,5.0,1.0,1.0,0.46,0.4545,0.38,0.2985,299.0
4.0,0.0,10.0,14.0,0.0,3.0,1.0,3.0,0.54,0.5152,0.94,0.1642,97.0
4.0,1.0,10.0,12.0,1.0,1.0,0.0,2.0,0.42,0.4242,0.63,0.1642,341.0
4.0,0.0,10.0,14.0,0.0,0.0,0.0,1.0,0.42,0.4242,0.38,0.194,300.0
4.0,0.0,9.0,21.0,0.0,4.0,1.0,1.0,0.58,0.5455,0.56,0.0,225.0
4.0,0.0,10.0,13.0,0.0,0.0,0.0,3.0,0.4,0.4091,0.62,0.2239,308.0
1.0,0.0,3.0,6.0,0.0,5.0,1.0,2.0,0.16,0.197,0.74,0.0896,29.0
1.0,1.0,3.0,5.0,0.0,4.0,1.0,1.0,0.46,0.4545,0.67,0.0,26.0
2.0,1.0,5.0,19.0,0.0,1.0,1.0,1.0,0.66,0.6212,0.69,0.0896,448.0
3.0,0.0,8.0,5.0,0.0,3.0,1.0,2.0,0.76,0.697,0.55,0.0896,24.0
2.0,1.0,5.0,14.0,1.0,1.0,0.0,1.0,0.8,0.7879,0.63,0.2836,465.0
2.0,0.0,5.0,13.0,0.0,3.0,1.0,1.0,0.62,0.6212,0.5,0.0,193.0
3.0,0.0,8.0,15.0,0.0,2.0,1.0,1.0,0.86,0.7727,0.39,0.2836,164.0
1.0,0.0,2.0,16.0,0.0,4.0,1.0,2.0,0.56,0.5303,0.35,0.2985,146.0
2.0,0.0,6.0,22.0,0.0,3.0,1.0,1.0,0.76,0.7424,0.75,0.1642,176.0
1.0,1.0,3.0,11.0,0.0,5.0,1.0,1.0,0.38,0.3939,0.46,0.194,194.0
3.0,1.0,8.0,15.0,0.0,3.0,1.0,1.0,0.76,0.697,0.52,0.2537,266.0
3.0,1.0,8.0,23.0,0.0,0.0,0.0,2.0,0.72,0.697,0.79,0.1642,87.0
3.0,1.0,9.0,9.0,0.0,0.0,0.0,1.0,0.58,0.5455,0.6,0.1343,296.0
3.0,1.0,9.0,19.0,0.0,1.0,1.0,1.0,0.62,0.6212,0.38,0.2985,633.0
1.0,0.0,3.0,18.0,0.0,3.0,1.0,2.0,0.44,0.4394,0.54,0.2239,237.0
4.0,1.0,10.0,9.0,0.0,6.0,0.0,1.0,0.6,0.5909,0.73,0.194,395.0
2.0,0.0,4.0,4.0,0.0,4.0,1.0,1.0,0.34,0.3333,0.76,0.194,1.0
2.0,1.0,5.0,15.0,0.0,1.0,1.0,2.0,0.64,0.6061,0.73,0.194,225.0
2.0,0.0,4.0,13.0,0.0,0.0,0.0,1.0,0.7,0.6515,0.58,0.2836,441.0
2.0,0.0,4.0,7.0,0.0,6.0,0.0,2.0,0.3,0.303,0.93,0.1642,21.0
1.0,0.0,1.0,6.0,0.0,5.0,1.0,1.0,0.22,0.2121,0.55,0.2537,27.0
3.0,0.0,9.0,10.0,0.0,2.0,1.0,3.0,0.56,0.5303,0.88,0.1642,30.0
4.0,0.0,10.0,10.0,0.0,0.0,0.0,1.0,0.56,0.5303,0.68,0.0896,365.0
1.0,1.0,3.0,12.0,0.0,5.0,1.0,2.0,0.44,0.4394,0.82,0.1343,294.0
3.0,1.0,8.0,23.0,0.0,1.0,1.0,1.0,0.7,0.6515,0.7,0.2239,128.0
1.0,1.0,1.0,1.0,0.0,1.0,1.0,1.0,0.24,0.2424,0.6,0.1343,5.0
2.0,0.0,4.0,3.0,0.0,0.0,0.0,1.0,0.5,0.4848,0.94,0.0896,24.0
1.0,1.0,2.0,6.0,0.0,5.0,1.0,2.0,0.28,0.2879,0.96,0.1343,71.0
2.0,0.0,4.0,22.0,0.0,4.0,1.0,1.0,0.48,0.4697,0.55,0.1045,104.0
1.0,0.0,1.0,0.0,0.0,3.0,1.0,1.0,0.2,0.2576,0.64,0.0,6.0
1.0,1.0,1.0,6.0,0.0,0.0,0.0,2.0,0.16,0.1515,0.74,0.2239,4.0
1.0,1.0,1.0,22.0,0.0,5.0,1.0,2.0,0.2,0.197,0.37,0.2239,72.0
1.0,0.0,2.0,5.0,0.0,2.0,1.0,1.0,0.22,0.1818,0.32,0.4627,4.0
3.0,1.0,7.0,7.0,0.0,4.0,1.0,1.0,0.74,0.6818,0.58,0.2836,473.0
3.0,0.0,8.0,1.0,0.0,2.0,1.0,1.0,0.58,0.5455,0.49,0.194,19.0
2.0,1.0,3.0,13.0,0.0,4.0,1.0,1.0,0.58,0.5455,0.78,0.0896,298.0
4.0,0.0,11.0,11.0,0.0,0.0,0.0,2.0,0.5,0.4848,0.63,0.1045,286.0
3.0,0.0,8.0,14.0,0.0,1.0,1.0,1.0,0.82,0.7424,0.43,0.2985,150.0
3.0,1.0,8.0,14.0,0.0,5.0,1.0,2.0,0.86,0.7879,0.44,0.2537,331.0
4.0,1.0,10.0,13.0,1.0,1.0,0.0,2.0,0.42,0.4242,0.62,0.194,405.0
2.0,0.0,4.0,1.0,0.0,6.0,0.0,2.0,0.3,0.303,0.87,0.1343,20.0
1.0,0.0,3.0,6.0,0.0,5.0,1.0,1.0,0.26,0.2424,0.81,0.2836,32.0
2.0,1.0,4.0,13.0,0.0,4.0,1.0,1.0,0.46,0.4545,0.31,0.0,291.0
2.0,0.0,6.0,14.0,0.0,5.0,1.0,1.0,0.86,0.7727,0.39,0.0,165.0
3.0,1.0,7.0,12.0,0.0,1.0,1.0,2.0,0.74,0.6818,0.58,0.1343,266.0
4.0,0.0,12.0,6.0,0.0,1.0,1.0,1.0,0.3,0.3182,0.93,0.0896,90.0
3.0,1.0,7.0,8.0,0.0,4.0,1.0,1.0,0.76,0.7121,0.58,0.2537,657.0
2.0,0.0,5.0,9.0,0.0,1.0,1.0,1.0,0.6,0.5455,0.88,0.2239,167.0
2.0,1.0,5.0,1.0,0.0,3.0,1.0,1.0,0.56,0.5303,0.83,0.0,15.0
2.0,1.0,5.0,21.0,0.0,1.0,1.0,1.0,0.62,0.6061,0.69,0.0896,241.0
2.0,0.0,5.0,10.0,0.0,4.0,1.0,1.0,0.5,0.4848,0.39,0.2836,128.0
3.0,1.0,7.0,10.0,0.0,1.0,1.0,1.0,0.8,0.7273,0.43,0.2537,174.0
3.0,1.0,9.0,20.0,0.0,0.0,0.0,2.0,0.7,0.6667,0.84,0.1642,104.0
3.0,0.0,8.0,13.0,0.0,5.0,1.0,1.0,0.78,0.6818,0.29,0.0896,253.0
3.0,1.0,9.0,4.0,0.0,6.0,0.0,1.0,0.7,0.6515,0.7,0.0,12.0
3.0,0.0,7.0,14.0,0.0,1.0,1.0,2.0,0.72,0.697,0.79,0.194,90.0
4.0,1.0,12.0,20.0,0.0,4.0,1.0,3.0,0.34,0.3333,0.76,0.1642,50.0
3.0,1.0,9.0,16.0,1.0,1.0,0.0,1.0,0.74,0.697,0.7,0.2239,500.0
4.0,1.0,11.0,21.0,0.0,5.0,1.0,1.0,0.3,0.3182,0.75,0.0896,183.0
3.0,0.0,7.0,22.0,0.0,0.0,0.0,1.0,0.74,0.697,0.66,0.2239,143.0
2.0,0.0,4.0,16.0,0.0,5.0,1.0,2.0,0.54,0.5152,0.42,0.3582,299.0
2.0,0.0,5.0,21.0,0.0,5.0,1.0,1.0,0.56,0.5303,0.64,0.1045,195.0
4.0,0.0,11.0,11.0,0.0,2.0,1.0,3.0,0.4,0.4091,0.94,0.1343,32.0
2.0,0.0,3.0,21.0,0.0,4.0,1.0,1.0,0.26,0.2576,0.65,0.2239,78.0
4.0,1.0,11.0,10.0,0.0,6.0,0.0,1.0,0.36,0.3333,0.46,0.3881,328.0
2.0,1.0,6.0,5.0,0.0,1.0,1.0,3.0,0.52,0.5,0.83,0.1343,23.0
4.0,0.0,11.0,6.0,0.0,3.0,1.0,1.0,0.26,0.2727,0.87,0.1045,103.0
4.0,0.0,11.0,16.0,0.0,3.0,1.0,1.0,0.48,0.4697,0.51,0.1045,266.0
4.0,0.0,10.0,12.0,0.0,4.0,1.0,3.0,0.5,0.4848,0.88,0.1343,53.0
1.0,1.0,3.0,8.0,0.0,0.0,0.0,2.0,0.42,0.4242,0.88,0.1045,96.0
4.0,1.0,11.0,9.0,0.0,0.0,0.0,1.0,0.36,0.3788,0.77,0.0,273.0
1.0,1.0,1.0,16.0,0.0,5.0,1.0,1.0,0.28,0.2424,0.3,0.4627,233.0
3.0,1.0,7.0,3.0,1.0,3.0,0.0,1.0,0.68,0.6364,0.74,0.194,32.0
2.0,1.0,6.0,16.0,0.0,2.0,1.0,1.0,0.8,0.7576,0.55,0.2239,334.0
2.0,0.0,4.0,15.0,0.0,1.0,1.0,2.0,0.6,0.6212,0.43,0.194,176.0
2.0,1.0,5.0,5.0,0.0,2.0,1.0,3.0,0.56,0.5303,0.94,0.2239,8.0
1.0,1.0,2.0,23.0,0.0,0.0,0.0,1.0,0.14,0.1364,0.43,0.2239,23.0
1.0,0.0,1.0,10.0,0.0,0.0,0.0,2.0,0.18,0.2424,0.8,0.0,64.0
4.0,0.0,11.0,8.0,0.0,2.0,1.0,3.0,0.38,0.3939,0.94,0.2239,190.0
3.0,1.0,8.0,23.0,0.0,5.0,1.0,1.0,0.74,0.7121,0.79,0.1343,196.0
4.0,1.0,10.0,7.0,0.0,3.0,1.0,1.0,0.5,0.4848,0.88,0.0896,526.0
3.0,1.0,8.0,12.0,0.0,6.0,0.0,1.0,0.76,0.7121,0.58,0.2239,546.0
3.0,1.0,6.0,6.0,0.0,6.0,0.0,1.0,0.64,0.5758,0.89,0.1642,42.0
3.0,0.0,8.0,10.0,0.0,5.0,1.0,1.0,0.74,0.697,0.66,0.0896,123.0
2.0,0.0,5.0,11.0,0.0,0.0,0.0,2.0,0.66,0.6061,0.83,0.2836,319.0
4.0,0.0,12.0,9.0,0.0,5.0,1.0,1.0,0.26,0.2879,0.81,0.0896,264.0
4.0,0.0,11.0,13.0,0.0,4.0,1.0,3.0,0.36,0.3333,0.81,0.3582,96.0
4.0,1.0,10.0,11.0,0.0,6.0,0.0,1.0,0.54,0.5152,0.52,0.2239,612.0
4.0,0.0,12.0,10.0,0.0,1.0,1.0,2.0,0.22,0.2424,0.69,0.1045,105.0
3.0,0.0,9.0,3.0,0.0,5.0,1.0,1.0,0.4,0.4091,0.71,0.2537,6.0
1.0,1.0,2.0,18.0,0.0,2.0,1.0,1.0,0.42,0.4242,0.38,0.194,518.0
4.0,1.0,10.0,23.0,0.0,0.0,0.0,1.0,0.36,0.3485,0.93,0.1343,80.0
4.0,1.0,12.0,12.0,0.0,0.0,0.0,2.0,0.4,0.4091,0.82,0.2985,315.0
4.0,0.0,12.0,20.0,0.0,5.0,1.0,1.0,0.38,0.3939,0.4,0.2836,190.0
2.0,0.0,5.0,8.0,0.0,4.0,1.0,1.0,0.48,0.4697,0.82,0.194,421.0
3.0,0.0,7.0,3.0,0.0,4.0,1.0,2.0,0.74,0.7121,0.79,0.1343,6.0
4.0,0.0,12.0,11.0,0.0,2.0,1.0,3.0,0.46,0.4545,0.94,0.2537,32.0
2.0,1.0,3.0,21.0,0.0,5.0,1.0,1.0,0.38,0.3939,0.66,0.1343,220.0
1.0,1.0,2.0,22.0,0.0,6.0,0.0,1.0,0.4,0.4091,0.4,0.4478,118.0
1.0,1.0,12.0,19.0,0.0,1.0,1.0,2.0,0.26,0.2576,0.6,0.1642,119.0
4.0,1.0,10.0,7.0,0.0,2.0,1.0,1.0,0.42,0.4242,0.67,0.0896,525.0
4.0,0.0,12.0,20.0,0.0,4.0,1.0,1.0,0.34,0.3485,0.46,0.1045,190.0
3.0,0.0,9.0,5.0,0.0,3.0,1.0,1.0,0.58,0.5455,0.88,0.1045,31.0
1.0,0.0,1.0,19.0,0.0,6.0,0.0,3.0,0.42,0.4242,0.88,0.2537,37.0
3.0,0.0,7.0,5.0,0.0,1.0,1.0,1.0,0.66,0.6212,0.74,0.1343,26.0
3.0,0.0,7.0,18.0,0.0,6.0,0.0,1.0,0.88,0.7576,0.28,0.194,299.0
1.0,0.0,1.0,9.0,0.0,1.0,1.0,1.0,0.16,0.1364,0.43,0.3881,88.0
1.0,1.0,12.0,13.0,0.0,1.0,1.0,3.0,0.24,0.2576,0.81,0.1045,70.0
1.0,0.0,2.0,5.0,0.0,6.0,0.0,1.0,0.4,0.4091,0.15,0.3284,3.0
4.0,0.0,11.0,16.0,0.0,0.0,0.0,1.0,0.56,0.5303,0.52,0.2537,323.0
1.0,1.0,1.0,9.0,0.0,2.0,1.0,3.0,0.32,0.303,0.81,0.2537,68.0
1.0,1.0,1.0,14.0,0.0,3.0,1.0,2.0,0.14,0.1212,0.46,0.2537,75.0
4.0,0.0,11.0,17.0,0.0,3.0,1.0,2.0,0.48,0.4697,0.88,0.194,233.0
2.0,1.0,4.0,8.0,0.0,2.0,1.0,1.0,0.34,0.3636,0.57,0.0,604.0
2.0,0.0,6.0,19.0,0.0,0.0,0.0,1.0,0.72,0.6818,0.62,0.1343,311.0
2.0,0.0,6.0,3.0,0.0,3.0,1.0,1.0,0.64,0.5758,0.89,0.0896,3.0
1.0,0.0,3.0,23.0,0.0,6.0,0.0,1.0,0.38,0.3939,0.4,0.2985,50.0
1.0,0.0,1.0,0.0,0.0,6.0,0.0,2.0,0.18,0.197,0.51,0.1642,25.0
3.0,0.0,6.0,10.0,0.0,2.0,1.0,2.0,0.64,0.5758,0.83,0.194,161.0
4.0,0.0,9.0,16.0,0.0,5.0,1.0,1.0,0.62,0.6212,0.53,0.2239,360.0
1.0,0.0,1.0,13.0,0.0,4.0,1.0,1.0,0.26,0.2727,0.35,0.1045,67.0
1.0,1.0,3.0,0.0,0.0,2.0,1.0,1.0,0.22,0.2121,0.37,0.2985,8.0
4.0,1.0,9.0,18.0,0.0,1.0,1.0,1.0,0.54,0.5152,0.37,0.1642,853.0
3.0,0.0,9.0,1.0,0.0,4.0,1.0,1.0,0.6,0.5909,0.73,0.0896,21.0
3.0,0.0,9.0,16.0,0.0,5.0,1.0,2.0,0.7,0.6515,0.61,0.1343,381.0
3.0,0.0,9.0,7.0,0.0,3.0,1.0,3.0,0.6,0.5455,0.88,0.0896,86.0
1.0,1.0,2.0,6.0,0.0,5.0,1.0,2.0,0.4,0.4091,0.87,0.1642,82.0
3.0,1.0,6.0,10.0,0.0,4.0,1.0,1.0,0.74,0.6667,0.48,0.194,184.0
3.0,0.0,6.0,19.0,0.0,6.0,0.0,1.0,0.72,0.6667,0.48,0.2836,375.0
3.0,0.0,8.0,20.0,0.0,5.0,1.0,1.0,0.72,0.6667,0.58,0.2239,291.0
3.0,0.0,8.0,21.0,0.0,2.0,1.0,1.0,0.62,0.6212,0.57,0.0,211.0
2.0,1.0,6.0,1.0,0.0,5.0,1.0,1.0,0.64,0.6212,0.53,0.2239,34.0
4.0,1.0,11.0,17.0,0.0,4.0,1.0,1.0,0.34,0.3333,0.39,0.194,561.0
1.0,0.0,1.0,16.0,0.0,2.0,1.0,2.0,0.32,0.3485,0.42,0.0,116.0
1.0,1.0,1.0,17.0,0.0,3.0,1.0,1.0,0.26,0.2121,0.33,0.4478,346.0
3.0,0.0,7.0,13.0,0.0,2.0,1.0,1.0,0.86,0.8333,0.53,0.1045,172.0
1.0,1.0,1.0,9.0,0.0,3.0,1.0,1.0,0.28,0.2576,0.52,0.3284,202.0
4.0,1.0,10.0,14.0,0.0,0.0,0.0,1.0,0.66,0.6212,0.39,0.4179,617.0
3.0,0.0,9.0,20.0,0.0,4.0,1.0,2.0,0.62,0.5455,0.94,0.1343,285.0
3.0,0.0,7.0,6.0,0.0,6.0,0.0,1.0,0.6,0.5758,0.78,0.1642,37.0
2.0,0.0,5.0,13.0,0.0,0.0,0.0,1.0,0.72,0.6818,0.7,0.2836,418.0
2.0,1.0,4.0,16.0,0.0,2.0,1.0,1.0,0.58,0.5455,0.21,0.2537,362.0
3.0,1.0,6.0,14.0,0.0,3.0,1.0,1.0,0.8,0.6818,0.24,0.3582,270.0
2.0,0.0,4.0,4.0,0.0,1.0,1.0,1.0,0.46,0.4545,0.94,0.194,1.0
1.0,0.0,2.0,5.0,0.0,5.0,1.0,2.0,0.32,0.3333,0.93,0.1045,6.0
1.0,0.0,1.0,8.0,0.0,6.0,0.0,1.0,0.02,0.0,0.44,0.3284,27.0
4.0,0.0,12.0,2.0,0.0,2.0,1.0,2.0,0.46,0.4545,0.87,0.194,3.0
2.0,0.0,3.0,11.0,0.0,2.0,1.0,1.0,0.44,0.4394,0.51,0.3284,86.0
2.0,0.0,5.0,2.0,0.0,1.0,1.0,2.0,0.44,0.4394,0.77,0.2239,35.0
4.0,1.0,10.0,14.0,0.0,0.0,0.0,2.0,0.5,0.4848,0.59,0.4478,402.0
1.0,1.0,3.0,16.0,0.0,6.0,0.0,1.0,0.5,0.4848,0.27,0.2985,467.0
1.0,0.0,2.0,19.0,0.0,4.0,1.0,3.0,0.34,0.303,0.93,0.2985,115.0
1.0,1.0,1.0,1.0,0.0,6.0,0.0,1.0,0.38,0.3939,0.46,0.1642,62.0
4.0,0.0,9.0,12.0,0.0,5.0,1.0,3.0,0.62,0.5455,0.94,0.1045,29.0
3.0,0.0,7.0,5.0,0.0,5.0,1.0,1.0,0.72,0.7121,0.84,0.0,27.0
2.0,0.0,6.0,11.0,0.0,4.0,1.0,1.0,0.9,0.8485,0.42,0.2239,118.0
1.0,0.0,12.0,12.0,0.0,4.0,1.0,2.0,0.26,0.2727,0.56,0.1045,130.0
3.0,1.0,7.0,1.0,1.0,3.0,0.0,1.0,0.68,0.6364,0.74,0.0,123.0
3.0,0.0,9.0,15.0,0.0,0.0,0.0,1.0,0.74,0.6667,0.51,0.2985,404.0
1.0,0.0,3.0,13.0,0.0,6.0,0.0,1.0,0.36,0.3333,0.51,0.3582,157.0
3.0,0.0,8.0,11.0,0.0,4.0,1.0,1.0,0.76,0.6667,0.35,0.2537,187.0
2.0,0.0,5.0,3.0,0.0,2.0,1.0,3.0,0.54,0.5152,0.94,0.2537,4.0
4.0,1.0,10.0,0.0,0.0,0.0,0.0,3.0,0.52,0.5,0.68,0.2985,117.0
2.0,0.0,4.0,4.0,0.0,4.0,1.0,1.0,0.34,0.3636,0.76,0.0,9.0
3.0,1.0,8.0,18.0,0.0,2.0,1.0,1.0,0.78,0.697,0.4,0.2537,818.0
4.0,1.0,11.0,2.0,0.0,0.0,0.0,1.0,0.22,0.197,0.44,0.3582,28.0
2.0,1.0,3.0,15.0,0.0,1.0,1.0,1.0,0.48,0.4697,0.29,0.6119,223.0
4.0,0.0,11.0,7.0,0.0,3.0,1.0,3.0,0.46,0.4545,0.94,0.0,137.0
1.0,1.0,2.0,9.0,0.0,1.0,1.0,1.0,0.18,0.2121,0.8,0.1045,277.0
1.0,0.0,3.0,2.0,0.0,6.0,0.0,2.0,0.3,0.2879,0.87,0.194,20.0
2.0,0.0,3.0,11.0,0.0,0.0,0.0,2.0,0.24,0.2424,0.48,0.1642,108.0
2.0,0.0,6.0,1.0,0.0,1.0,1.0,1.0,0.64,0.5758,0.89,0.0896,12.0
1.0,1.0,1.0,5.0,0.0,3.0,1.0,1.0,0.2,0.2121,0.8,0.1343,22.0
3.0,0.0,8.0,17.0,0.0,3.0,1.0,1.0,0.84,0.7121,0.26,0.2985,584.0
3.0,0.0,8.0,17.0,0.0,3.0,1.0,1.0,0.8,0.7424,0.49,0.2239,552.0
2.0,0.0,5.0,14.0,0.0,0.0,0.0,2.0,0.5,0.4848,0.68,0.1045,238.0
1.0,0.0,1.0,20.0,0.0,0.0,0.0,1.0,0.14,0.1212,0.46,0.2537,38.0
2.0,0.0,4.0,22.0,0.0,3.0,1.0,1.0,0.42,0.4242,0.67,0.194,99.0
2.0,1.0,5.0,13.0,0.0,3.0,1.0,2.0,0.58,0.5455,0.78,0.194,228.0
2.0,1.0,4.0,14.0,0.0,4.0,1.0,1.0,0.46,0.4545,0.33,0.1642,287.0
2.0,1.0,6.0,18.0,0.0,1.0,1.0,2.0,0.62,0.6061,0.69,0.1642,642.0
3.0,0.0,7.0,5.0,0.0,0.0,0.0,3.0,0.62,0.5758,0.83,0.194,1.0
2.0,0.0,3.0,21.0,0.0,5.0,1.0,2.0,0.3,0.303,0.39,0.1642,75.0
2.0,0.0,5.0,21.0,0.0,3.0,1.0,1.0,0.4,0.4091,0.62,0.1642,150.0
2.0,1.0,5.0,16.0,0.0,1.0,1.0,3.0,0.62,0.6061,0.69,0.2836,111.0
1.0,0.0,3.0,16.0,0.0,3.0,1.0,2.0,0.4,0.4091,0.76,0.1642,151.0
3.0,0.0,8.0,3.0,0.0,0.0,0.0,1.0,0.66,0.6061,0.83,0.2239,51.0
4.0,0.0,10.0,22.0,0.0,5.0,1.0,1.0,0.5,0.4848,0.68,0.0,146.0
3.0,1.0,6.0,9.0,0.0,4.0,1.0,1.0,0.7,0.6515,0.54,0.1642,351.0
3.0,1.0,7.0,8.0,0.0,6.0,0.0,1.0,0.82,0.8333,0.63,0.194,152.0
1.0,0.0,2.0,19.0,0.0,1.0,1.0,2.0,0.32,0.3485,0.7,0.0,128.0
3.0,1.0,7.0,10.0,0.0,1.0,1.0,2.0,0.74,0.697,0.66,0.2239,189.0
3.0,0.0,7.0,7.0,0.0,6.0,0.0,1.0,0.62,0.5909,0.73,0.1343,52.0
2.0,0.0,4.0,5.0,0.0,5.0,1.0,3.0,0.24,0.2273,0.93,0.2239,12.0
1.0,0.0,1.0,20.0,0.0,6.0,0.0,1.0,0.18,0.2121,0.74,0.0896,43.0
1.0,0.0,1.0,8.0,0.0,0.0,0.0,1.0,0.1,0.0909,0.49,0.2836,10.0
3.0,1.0,9.0,22.0,0.0,5.0,1.0,1.0,0.6,0.5909,0.73,0.194,295.0
2.0,1.0,4.0,0.0,0.0,6.0,0.0,1.0,0.38,0.3939,0.43,0.1642,103.0
3.0,1.0,8.0,11.0,0.0,5.0,1.0,1.0,0.86,0.7424,0.28,0.2985,309.0
1.0,1.0,1.0,2.0,0.0,2.0,1.0,2.0,0.32,0.303,0.93,0.2239,8.0
2.0,0.0,4.0,14.0,0.0,4.0,1.0,1.0,0.56,0.5303,0.35,0.0896,137.0
1.0,1.0,1.0,18.0,0.0,3.0,1.0,1.0,0.24,0.2121,0.32,0.3582,355.0
4.0,1.0,12.0,13.0,0.0,3.0,1.0,1.0,0.46,0.4545,0.41,0.2836,214.0
4.0,1.0,12.0,0.0,0.0,5.0,1.0,1.0,0.22,0.2576,0.64,0.0896,47.0
1.0,1.0,1.0,21.0,0.0,1.0,1.0,2.0,0.26,0.2424,1.0,0.2836,120.0
1.0,0.0,3.0,17.0,0.0,3.0,1.0,1.0,0.5,0.4848,0.23,0.2836,268.0
4.0,1.0,11.0,2.0,0.0,5.0,1.0,1.0,0.32,0.3182,0.66,0.1642,10.0
4.0,0.0,10.0,22.0,1.0,1.0,0.0,1.0,0.56,0.5303,0.88,0.0896,126.0
3.0,1.0,7.0,8.0,1.0,3.0,0.0,1.0,0.7,0.6515,0.61,0.1045,153.0
4.0,0.0,11.0,15.0,0.0,3.0,1.0,1.0,0.48,0.4697,0.51,0.1642,187.0
1.0,0.0,1.0,18.0,0.0,6.0,0.0,1.0,0.14,0.1212,0.39,0.2985,55.0
3.0,1.0,8.0,1.0,0.0,4.0,1.0,1.0,0.68,0.6364,0.79,0.1045,42.0
4.0,0.0,10.0,16.0,0.0,6.0,0.0,3.0,0.22,0.197,0.93,0.3284,22.0
4.0,1.0,10.0,6.0,0.0,0.0,0.0,2.0,0.5,0.4848,0.59,0.3284,39.0
3.0,0.0,7.0,19.0,0.0,0.0,0.0,1.0,0.8,0.7424,0.49,0.3284,303.0
3.0,0.0,7.0,3.0,0.0,2.0,1.0,1.0,0.72,0.6818,0.7,0.1642,3.0
3.0,1.0,9.0,9.0,0.0,2.0,1.0,1.0,0.6,0.6212,0.49,0.0,358.0
3.0,1.0,9.0,10.0,0.0,6.0,0.0,1.0,0.62,0.6212,0.41,0.3881,442.0
3.0,0.0,8.0,3.0,0.0,3.0,1.0,1.0,0.56,0.5303,0.78,0.0,6.0
3.0,1.0,6.0,18.0,0.0,2.0,1.0,1.0,0.72,0.6515,0.28,0.3582,824.0
2.0,1.0,3.0,0.0,0.0,4.0,1.0,1.0,0.52,0.5,0.83,0.0896,41.0
2.0,0.0,4.0,18.0,0.0,1.0,1.0,1.0,0.64,0.6212,0.31,0.3582,362.0
4.0,1.0,10.0,2.0,0.0,4.0,1.0,1.0,0.64,0.5758,0.89,0.0,13.0
2.0,1.0,3.0,19.0,0.0,5.0,1.0,1.0,0.66,0.6212,0.5,0.194,686.0
4.0,0.0,10.0,2.0,0.0,6.0,0.0,1.0,0.46,0.4545,0.63,0.4179,67.0
3.0,0.0,7.0,14.0,0.0,6.0,0.0,1.0,0.92,0.8939,0.42,0.0,236.0
4.0,1.0,9.0,19.0,0.0,3.0,1.0,1.0,0.7,0.6515,0.54,0.1642,627.0
3.0,0.0,7.0,11.0,0.0,2.0,1.0,1.0,0.78,0.697,0.46,0.1045,172.0
3.0,0.0,9.0,12.0,0.0,5.0,1.0,2.0,0.66,0.6212,0.69,0.2239,260.0
1.0,1.0,1.0,8.0,0.0,1.0,1.0,3.0,0.2,0.2121,0.86,0.1343,272.0
1.0,0.0,1.0,15.0,0.0,2.0,1.0,2.0,0.16,0.197,0.8,0.0896,47.0
2.0,1.0,5.0,8.0,0.0,5.0,1.0,1.0,0.56,0.5303,0.88,0.0,618.0
4.0,0.0,12.0,0.0,0.0,1.0,1.0,1.0,0.2,0.2273,0.75,0.0896,17.0
2.0,0.0,5.0,20.0,0.0,6.0,0.0,1.0,0.7,0.6515,0.65,0.2239,196.0
2.0,1.0,3.0,15.0,0.0,5.0,1.0,2.0,0.72,0.6515,0.42,0.1343,472.0
2.0,0.0,4.0,18.0,0.0,0.0,0.0,1.0,0.5,0.4848,0.77,0.194,240.0
4.0,1.0,10.0,2.0,0.0,2.0,1.0,1.0,0.44,0.4394,0.88,0.1343,7.0
3.0,0.0,6.0,19.0,0.0,4.0,1.0,1.0,0.72,0.6818,0.7,0.3582,400.0
3.0,1.0,9.0,1.0,0.0,4.0,1.0,1.0,0.54,0.5152,0.77,0.0896,28.0
2.0,0.0,6.0,16.0,0.0,4.0,1.0,3.0,0.66,0.6212,0.69,0.194,294.0
4.0,0.0,11.0,12.0,1.0,5.0,0.0,1.0,0.34,0.2879,0.42,0.4627,239.0
3.0,1.0,8.0,2.0,0.0,1.0,1.0,1.0,0.6,0.5606,0.83,0.1642,5.0
4.0,0.0,11.0,9.0,0.0,6.0,0.0,1.0,0.3,0.2727,0.56,0.2985,141.0
2.0,1.0,3.0,7.0,0.0,2.0,1.0,1.0,0.22,0.2273,0.37,0.194,286.0
4.0,0.0,10.0,13.0,0.0,4.0,1.0,2.0,0.5,0.4848,0.88,0.1642,74.0
3.0,0.0,8.0,16.0,0.0,4.0,1.0,1.0,0.8,0.7273,0.46,0.3582,245.0
2.0,0.0,6.0,3.0,0.0,0.0,0.0,2.0,0.66,0.6061,0.78,0.1343,30.0
4.0,0.0,12.0,19.0,0.0,0.0,0.0,1.0,0.22,0.2273,0.55,0.194,105.0
4.0,1.0,9.0,13.0,0.0,2.0,1.0,1.0,0.64,0.6212,0.47,0.2537,305.0
3.0,1.0,8.0,11.0,0.0,1.0,1.0,1.0,0.74,0.697,0.66,0.194,229.0
2.0,1.0,4.0,10.0,0.0,4.0,1.0,1.0,0.4,0.4091,0.5,0.2985,141.0
3.0,0.0,7.0,16.0,0.0,0.0,0.0,1.0,0.9,0.8485,0.42,0.2537,249.0
4.0,1.0,10.0,9.0,0.0,2.0,1.0,2.0,0.42,0.4242,0.77,0.2239,382.0
3.0,0.0,9.0,22.0,0.0,0.0,0.0,1.0,0.62,0.6061,0.69,0.3881,95.0
1.0,1.0,2.0,16.0,0.0,0.0,0.0,1.0,0.36,0.3333,0.32,0.2537,339.0
3.0,0.0,8.0,4.0,0.0,3.0,1.0,1.0,0.64,0.6061,0.73,0.0,5.0
4.0,1.0,12.0,21.0,0.0,4.0,1.0,1.0,0.28,0.3182,0.48,0.0,213.0
3.0,1.0,7.0,19.0,0.0,5.0,1.0,2.0,0.64,0.5758,0.83,0.2836,402.0
4.0,1.0,12.0,20.0,0.0,0.0,0.0,2.0,0.42,0.4242,0.82,0.194,154.0
1.0,0.0,1.0,23.0,0.0,6.0,0.0,1.0,0.3,0.2879,0.45,0.2836,44.0
1.0,0.0,12.0,10.0,0.0,5.0,1.0,1.0,0.4,0.4091,0.62,0.3582,104.0
1.0,1.0,1.0,16.0,0.0,4.0,1.0,2.0,0.4,0.4091,0.71,0.0896,224.0
3.0,0.0,6.0,9.0,0.0,5.0,1.0,1.0,0.74,0.6818,0.62,0.1343,231.0
2.0,1.0,6.0,3.0,0.0,2.0,1.0,3.0,0.5,0.4848,0.82,0.194,5.0
4.0,1.0,11.0,10.0,0.0,0.0,0.0,1.0,0.34,0.303,0.66,0.2985,329.0
1.0,0.0,1.0,12.0,0.0,0.0,0.0,1.0,0.24,0.2121,0.41,0.2836,104.0
2.0,0.0,6.0,22.0,0.0,2.0,1.0,1.0,0.58,0.5455,0.6,0.2239,188.0
2.0,1.0,6.0,21.0,0.0,0.0,0.0,1.0,0.72,0.6818,0.62,0.1642,253.0
2.0,1.0,5.0,0.0,0.0,5.0,1.0,1.0,0.52,0.5,0.59,0.1045,70.0
2.0,1.0,5.0,3.0,0.0,4.0,1.0,1.0,0.62,0.6061,0.69,0.0896,8.0
1.0,0.0,1.0,14.0,0.0,6.0,0.0,1.0,0.3,0.2879,0.39,0.2836,118.0
3.0,0.0,9.0,15.0,0.0,4.0,1.0,1.0,0.72,0.6667,0.51,0.1343,174.0
4.0,1.0,10.0,20.0,0.0,1.0,1.0,3.0,0.54,0.5152,0.68,0.0,262.0
2.0,1.0,5.0,1.0,0.0,5.0,1.0,1.0,0.5,0.4848,0.59,0.0896,49.0
4.0,0.0,12.0,20.0,0.0,1.0,1.0,1.0,0.4,0.4091,0.4,0.1642,206.0
3.0,0.0,8.0,1.0,0.0,5.0,1.0,3.0,0.64,0.5758,0.89,0.0,20.0
2.0,0.0,6.0,11.0,0.0,1.0,1.0,2.0,0.6,0.5758,0.78,0.1045,94.0
1.0,0.0,3.0,21.0,0.0,6.0,0.0,1.0,0.4,0.4091,0.37,0.2985,93.0
1.0,1.0,3.0,14.0,0.0,0.0,0.0,1.0,0.46,0.4545,0.31,0.2836,501.0
2.0,1.0,4.0,1.0,0.0,6.0,0.0,1.0,0.52,0.5,0.77,0.2239,88.0
3.0,1.0,7.0,19.0,0.0,0.0,0.0,1.0,0.76,0.697,0.55,0.1642,443.0
3.0,0.0,8.0,23.0,0.0,3.0,1.0,1.0,0.6,0.5758,0.78,0.1045,84.0
1.0,1.0,2.0,0.0,0.0,5.0,1.0,2.0,0.3,0.3333,0.87,0.0,34.0
4.0,0.0,11.0,17.0,0.0,2.0,1.0,2.0,0.4,0.4091,0.87,0.2985,354.0
3.0,1.0,9.0,15.0,0.0,0.0,0.0,1.0,0.72,0.6515,0.32,0.2537,696.0
4.0,1.0,12.0,2.0,0.0,1.0,1.0,2.0,0.38,0.3939,0.94,0.1045,5.0
1.0,0.0,3.0,4.0,0.0,5.0,1.0,2.0,0.18,0.1818,0.74,0.194,1.0
4.0,0.0,11.0,18.0,0.0,6.0,0.0,2.0,0.42,0.4242,0.62,0.1642,185.0
3.0,1.0,7.0,21.0,0.0,5.0,1.0,1.0,0.82,0.7727,0.52,0.1343,300.0
4.0,1.0,11.0,6.0,0.0,5.0,1.0,2.0,0.3,0.3182,0.61,0.0896,130.0
1.0,1.0,1.0,1.0,0.0,5.0,1.0,2.0,0.4,0.4091,0.87,0.2239,29.0
2.0,1.0,6.0,12.0,0.0,4.0,1.0,2.0,0.66,0.6212,0.61,0.2239,265.0
4.0,1.0,10.0,1.0,0.0,0.0,0.0,1.0,0.42,0.4242,0.77,0.2836,112.0
4.0,0.0,10.0,8.0,0.0,5.0,1.0,1.0,0.4,0.4091,0.62,0.194,402.0
2.0,1.0,5.0,21.0,0.0,2.0,1.0,2.0,0.64,0.6061,0.65,0.2836,223.0
4.0,1.0,9.0,14.0,0.0,3.0,1.0,1.0,0.74,0.6667,0.48,0.2836,277.0
3.0,1.0,6.0,12.0,0.0,6.0,0.0,1.0,0.88,0.7727,0.3,0.2537,471.0
2.0,1.0,4.0,21.0,0.0,1.0,1.0,2.0,0.52,0.5,0.59,0.194,221.0
3.0,0.0,7.0,6.0,0.0,5.0,1.0,1.0,0.76,0.7424,0.75,0.0896,96.0
3.0,1.0,6.0,6.0,0.0,2.0,1.0,1.0,0.52,0.5,0.52,0.2985,188.0
1.0,1.0,3.0,10.0,0.0,4.0,1.0,1.0,0.52,0.5,0.68,0.1045,164.0
2.0,0.0,4.0,13.0,0.0,3.0,1.0,1.0,0.64,0.5909,0.78,0.2985,150.0
2.0,0.0,6.0,5.0,0.0,6.0,0.0,1.0,0.68,0.6364,0.74,0.1343,16.0
1.0,0.0,3.0,18.0,0.0,3.0,1.0,1.0,0.46,0.4545,0.23,0.4925,201.0
4.0,1.0,12.0,22.0,0.0,5.0,1.0,1.0,0.28,0.2879,0.75,0.1045,138.0
1.0,0.0,2.0,13.0,0.0,2.0,1.0,2.0,0.24,0.197,0.32,0.4478,50.0
3.0,0.0,9.0,10.0,0.0,3.0,1.0,2.0,0.6,0.5455,0.88,0.0,133.0
1.0,1.0,3.0,8.0,0.0,2.0,1.0,1.0,0.46,0.4545,0.82,0.2836,593.0
3.0,0.0,8.0,16.0,0.0,0.0,0.0,1.0,0.72,0.697,0.79,0.1642,258.0
2.0,0.0,5.0,15.0,0.0,0.0,0.0,1.0,0.74,0.697,0.7,0.2985,376.0
3.0,0.0,7.0,13.0,0.0,5.0,1.0,1.0,0.94,0.8333,0.31,0.0,156.0
3.0,1.0,7.0,17.0,0.0,2.0,1.0,1.0,0.78,0.7121,0.49,0.194,872.0
4.0,1.0,12.0,21.0,0.0,2.0,1.0,1.0,0.36,0.3485,0.5,0.2239,168.0
1.0,1.0,2.0,7.0,0.0,3.0,1.0,2.0,0.3,0.2879,0.65,0.194,321.0
1.0,0.0,2.0,10.0,0.0,6.0,0.0,3.0,0.2,0.2121,1.0,0.1343,34.0
2.0,0.0,5.0,0.0,0.0,5.0,1.0,2.0,0.52,0.5,0.83,0.1642,52.0
2.0,1.0,6.0,19.0,0.0,1.0,1.0,1.0,0.62,0.6212,0.38,0.4179,645.0
3.0,0.0,7.0,6.0,0.0,0.0,0.0,2.0,0.8,0.7879,0.63,0.0896,22.0
4.0,1.0,10.0,16.0,0.0,2.0,1.0,1.0,0.54,0.5152,0.39,0.2836,446.0
1.0,1.0,12.0,17.0,0.0,5.0,1.0,1.0,0.24,0.2424,0.6,0.1343,271.0
3.0,0.0,7.0,4.0,0.0,3.0,1.0,1.0,0.68,0.6364,0.83,0.0,4.0
2.0,0.0,4.0,13.0,0.0,4.0,1.0,2.0,0.62,0.5758,0.83,0.2985,121.0
4.0,0.0,12.0,10.0,0.0,1.0,1.0,1.0,0.24,0.2273,0.67,0.194,108.0
2.0,1.0,4.0,0.0,0.0,3.0,1.0,1.0,0.34,0.303,0.36,0.4179,30.0
3.0,0.0,6.0,0.0,0.0,2.0,1.0,2.0,0.66,0.6061,0.78,0.1343,30.0
2.0,1.0,6.0,16.0,0.0,2.0,1.0,2.0,0.66,0.5909,0.89,0.2836,239.0
2.0,1.0,5.0,11.0,0.0,1.0,1.0,2.0,0.6,0.5606,0.83,0.1642,106.0
1.0,1.0,1.0,13.0,0.0,5.0,1.0,1.0,0.5,0.4848,0.59,0.4627,201.0
2.0,0.0,5.0,20.0,1.0,1.0,0.0,1.0,0.76,0.7121,0.58,0.0,237.0
1.0,0.0,3.0,6.0,0.0,1.0,1.0,1.0,0.2,0.1818,0.75,0.3881,34.0
2.0,0.0,4.0,2.0,0.0,6.0,0.0,1.0,0.24,0.2424,0.75,0.1343,21.0
3.0,0.0,7.0,14.0,0.0,6.0,0.0,1.0,0.9,0.7879,0.29,0.0,305.0
1.0,1.0,2.0,8.0,0.0,1.0,1.0,1.0,0.16,0.1818,0.86,0.1343,444.0
3.0,0.0,8.0,20.0,0.0,4.0,1.0,1.0,0.64,0.5909,0.78,0.3582,225.0
4.0,0.0,10.0,22.0,0.0,1.0,1.0,2.0,0.36,0.3485,0.76,0.194,85.0
3.0,1.0,7.0,11.0,0.0,0.0,0.0,2.0,0.66,0.6212,0.74,0.0,505.0
3.0,1.0,9.0,8.0,0.0,1.0,1.0,1.0,0.56,0.5303,0.6,0.2836,730.0
2.0,0.0,5.0,16.0,0.0,0.0,0.0,1.0,0.6,0.6212,0.46,0.1045,385.0
3.0,0.0,9.0,22.0,0.0,3.0,1.0,2.0,0.62,0.5455,0.94,0.0,127.0
2.0,0.0,4.0,19.0,0.0,6.0,0.0,1.0,0.54,0.5152,0.43,0.1343,387.0
1.0,1.0,3.0,10.0,0.0,1.0,1.0,2.0,0.24,0.2576,0.6,0.0,86.0
3.0,0.0,6.0,11.0,0.0,2.0,1.0,1.0,0.82,0.7576,0.46,0.0,167.0
4.0,1.0,11.0,9.0,0.0,6.0,0.0,1.0,0.36,0.3485,0.66,0.194,259.0
3.0,0.0,7.0,10.0,0.0,2.0,1.0,1.0,0.82,0.7727,0.52,0.1642,123.0
4.0,1.0,12.0,17.0,0.0,6.0,0.0,1.0,0.4,0.4091,0.5,0.2239,309.0
4.0,1.0,12.0,22.0,0.0,2.0,1.0,1.0,0.34,0.3333,0.49,0.0,132.0
3.0,0.0,7.0,3.0,0.0,4.0,1.0,1.0,0.62,0.6212,0.57,0.2985,6.0
4.0,0.0,11.0,7.0,0.0,5.0,1.0,1.0,0.26,0.303,0.81,0.0,35.0
2.0,0.0,5.0,21.0,0.0,5.0,1.0,2.0,0.52,0.5,0.84,0.1642,154.0
1.0,1.0,3.0,16.0,0.0,0.0,0.0,1.0,0.5,0.4848,0.31,0.3582,509.0
3.0,1.0,9.0,3.0,0.0,0.0,0.0,1.0,0.54,0.5152,0.73,0.2239,46.0
4.0,0.0,11.0,8.0,0.0,0.0,0.0,1.0,0.34,0.3485,0.66,0.0896,79.0
3.0,0.0,7.0,11.0,0.0,6.0,0.0,1.0,0.74,0.6667,0.48,0.2239,396.0
4.0,0.0,10.0,23.0,0.0,6.0,0.0,3.0,0.36,0.3485,0.93,0.2239,65.0
1.0,1.0,2.0,23.0,0.0,6.0,0.0,2.0,0.24,0.2424,0.87,0.1343,70.0
1.0,1.0,1.0,21.0,0.0,2.0,1.0,1.0,0.1,0.1061,0.36,0.2239,68.0
3.0,0.0,7.0,2.0,1.0,1.0,0.0,1.0,0.64,0.5758,0.83,0.0,63.0
1.0,1.0,3.0,0.0,0.0,4.0,1.0,1.0,0.44,0.4394,0.62,0.3284,46.0
2.0,0.0,5.0,18.0,0.0,2.0,1.0,1.0,0.64,0.6212,0.29,0.1343,550.0
3.0,0.0,6.0,7.0,0.0,3.0,1.0,1.0,0.7,0.6667,0.79,0.0,311.0
3.0,1.0,9.0,6.0,0.0,0.0,0.0,1.0,0.5,0.4848,0.72,0.0,35.0
4.0,0.0,10.0,13.0,0.0,4.0,1.0,2.0,0.64,0.5758,0.83,0.1642,162.0
3.0,1.0,6.0,7.0,0.0,2.0,1.0,1.0,0.52,0.5,0.52,0.3582,552.0
4.0,0.0,12.0,16.0,0.0,3.0,1.0,2.0,0.38,0.3939,0.54,0.1045,245.0
2.0,0.0,6.0,10.0,0.0,0.0,0.0,2.0,0.62,0.5909,0.73,0.0896,251.0
4.0,1.0,9.0,3.0,0.0,0.0,0.0,1.0,0.46,0.4545,0.67,0.0896,58.0
4.0,1.0,11.0,22.0,0.0,6.0,0.0,1.0,0.32,0.3333,0.57,0.1045,146.0
3.0,0.0,7.0,4.0,0.0,5.0,1.0,1.0,0.6,0.5909,0.73,0.1642,10.0
3.0,1.0,6.0,4.0,0.0,0.0,0.0,2.0,0.66,0.6212,0.65,0.0,13.0
2.0,1.0,6.0,17.0,0.0,3.0,1.0,1.0,0.9,0.8182,0.37,0.0,691.0
3.0,1.0,9.0,13.0,1.0,1.0,0.0,2.0,0.76,0.7273,0.66,0.2537,566.0
2.0,1.0,5.0,12.0,0.0,6.0,0.0,1.0,0.64,0.6212,0.36,0.1642,559.0
3.0,1.0,9.0,7.0,0.0,4.0,1.0,1.0,0.46,0.4545,0.82,0.1045,534.0
2.0,1.0,4.0,20.0,0.0,5.0,1.0,1.0,0.58,0.5455,0.56,0.1642,341.0
4.0,1.0,12.0,17.0,0.0,0.0,0.0,3.0,0.36,0.3485,0.93,0.1343,229.0
4.0,1.0,10.0,16.0,0.0,1.0,1.0,1.0,0.56,0.5303,0.64,0.2985,447.0
2.0,1.0,3.0,2.0,0.0,1.0,1.0,1.0,0.46,0.4545,0.88,0.2239,20.0
1.0,1.0,12.0,6.0,1.0,2.0,0.0,2.0,0.22,0.2273,0.93,0.1343,7.0
4.0,0.0,10.0,22.0,0.0,1.0,1.0,1.0,0.5,0.4848,0.77,0.0,104.0
1.0,1.0,1.0,14.0,0.0,5.0,1.0,1.0,0.26,0.2121,0.33,0.5522,129.0
1.0,1.0,2.0,22.0,0.0,0.0,0.0,3.0,0.24,0.2576,0.75,0.0896,55.0
2.0,0.0,5.0,14.0,0.0,6.0,0.0,1.0,0.74,0.6818,0.58,0.2239,382.0
1.0,1.0,12.0,18.0,0.0,0.0,0.0,2.0,0.24,0.2121,0.44,0.2985,125.0
2.0,1.0,5.0,22.0,1.0,1.0,0.0,1.0,0.74,0.697,0.7,0.1642,157.0
3.0,0.0,9.0,13.0,0.0,3.0,1.0,2.0,0.66,0.6212,0.74,0.1642,181.0
3.0,1.0,8.0,16.0,0.0,3.0,1.0,3.0,0.74,0.6818,0.55,0.2239,460.0
4.0,0.0,12.0,19.0,0.0,4.0,1.0,1.0,0.26,0.2727,0.56,0.1045,232.0
1.0,1.0,2.0,1.0,0.0,2.0,1.0,1.0,0.26,0.303,0.56,0.0,7.0
2.0,1.0,4.0,18.0,0.0,0.0,0.0,1.0,0.62,0.6061,0.25,0.3284,310.0
1.0,0.0,1.0,3.0,0.0,6.0,0.0,1.0,0.2,0.2121,0.64,0.1343,8.0
1.0,0.0,3.0,7.0,0.0,4.0,1.0,1.0,0.12,0.0909,0.42,0.4179,111.0
4.0,0.0,10.0,16.0,0.0,4.0,1.0,2.0,0.56,0.5303,0.73,0.1642,207.0
4.0,1.0,10.0,5.0,0.0,2.0,1.0,2.0,0.56,0.5303,0.83,0.1343,43.0
1.0,1.0,12.0,11.0,0.0,6.0,0.0,1.0,0.28,0.2576,0.41,0.3582,159.0
3.0,1.0,6.0,18.0,0.0,6.0,0.0,1.0,0.82,0.7121,0.26,0.2985,481.0
3.0,1.0,9.0,2.0,0.0,4.0,1.0,1.0,0.46,0.4545,0.72,0.0896,11.0
4.0,0.0,12.0,11.0,0.0,3.0,1.0,2.0,0.34,0.3636,0.55,0.0,115.0
4.0,1.0,10.0,11.0,0.0,2.0,1.0,1.0,0.6,0.6212,0.53,0.0,253.0
1.0,1.0,2.0,0.0,0.0,5.0,1.0,1.0,0.32,0.2879,0.53,0.3881,38.0
3.0,1.0,9.0,16.0,0.0,4.0,1.0,1.0,0.72,0.6515,0.39,0.0896,491.0
4.0,0.0,10.0,15.0,0.0,4.0,1.0,1.0,0.58,0.5455,0.46,0.1343,219.0
4.0,1.0,11.0,5.0,0.0,2.0,1.0,2.0,0.22,0.2273,0.64,0.194,41.0
2.0,0.0,5.0,16.0,1.0,1.0,0.0,1.0,0.88,0.7879,0.37,0.2836,309.0
4.0,1.0,10.0,1.0,0.0,0.0,0.0,2.0,0.5,0.4848,0.72,0.2836,133.0
2.0,0.0,4.0,3.0,0.0,0.0,0.0,1.0,0.3,0.3333,0.61,0.0,11.0
4.0,0.0,10.0,3.0,0.0,0.0,0.0,1.0,0.24,0.2121,0.75,0.3582,33.0
2.0,0.0,5.0,0.0,0.0,4.0,1.0,1.0,0.36,0.3485,0.66,0.194,27.0
4.0,0.0,11.0,17.0,1.0,5.0,0.0,1.0,0.34,0.303,0.39,0.3284,310.0
1.0,1.0,2.0,7.0,0.0,2.0,1.0,2.0,0.24,0.2576,0.6,0.0896,280.0
3.0,0.0,6.0,17.0,0.0,1.0,1.0,1.0,0.74,0.6818,0.55,0.1343,604.0
3.0,0.0,9.0,5.0,0.0,1.0,1.0,1.0,0.56,0.5303,0.83,0.0,24.0
1.0,1.0,3.0,16.0,0.0,4.0,1.0,1.0,0.72,0.6515,0.37,0.3881,426.0
4.0,1.0,12.0,3.0,0.0,4.0,1.0,2.0,0.3,0.3182,0.7,0.0896,4.0
2.0,1.0,5.0,5.0,1.0,1.0,0.0,1.0,0.6,0.5758,0.78,0.1343,9.0
1.0,1.0,2.0,13.0,0.0,0.0,0.0,2.0,0.28,0.2727,0.61,0.1642,274.0
1.0,0.0,1.0,8.0,0.0,3.0,1.0,1.0,0.16,0.1667,0.59,0.1642,128.0
4.0,0.0,12.0,8.0,0.0,2.0,1.0,2.0,0.42,0.4242,0.54,0.0896,432.0
4.0,1.0,11.0,10.0,0.0,4.0,1.0,1.0,0.32,0.303,0.31,0.3284,161.0
2.0,1.0,4.0,23.0,0.0,0.0,0.0,3.0,0.46,0.4545,0.72,0.0,63.0
4.0,1.0,10.0,3.0,0.0,0.0,0.0,2.0,0.5,0.4848,0.63,0.3284,79.0
3.0,0.0,7.0,9.0,0.0,4.0,1.0,1.0,0.74,0.697,0.7,0.1642,179.0
1.0,1.0,1.0,13.0,0.0,4.0,1.0,1.0,0.34,0.303,0.42,0.2985,118.0
4.0,0.0,9.0,3.0,0.0,4.0,1.0,2.0,0.6,0.5152,0.94,0.194,8.0
4.0,0.0,12.0,1.0,0.0,4.0,1.0,2.0,0.32,0.3182,0.7,0.1642,20.0
3.0,0.0,7.0,2.0,0.0,4.0,1.0,2.0,0.74,0.7273,0.84,0.2239,6.0
3.0,1.0,8.0,18.0,0.0,3.0,1.0,3.0,0.76,0.7121,0.62,0.2239,891.0
4.0,0.0,12.0,7.0,0.0,1.0,1.0,1.0,0.32,0.3485,0.9,0.0,283.0
3.0,1.0,7.0,6.0,0.0,5.0,1.0,1.0,0.74,0.697,0.66,0.194,131.0
1.0,0.0,1.0,2.0,0.0,0.0,0.0,2.0,0.42,0.4242,1.0,0.2836,9.0
1.0,1.0,2.0,10.0,0.0,3.0,1.0,2.0,0.26,0.2576,0.7,0.2239,108.0
4.0,1.0,9.0,21.0,0.0,4.0,1.0,3.0,0.62,0.5758,0.83,0.2985,253.0
2.0,1.0,5.0,8.0,0.0,6.0,0.0,1.0,0.64,0.5909,0.78,0.1343,141.0
4.0,1.0,11.0,6.0,0.0,6.0,0.0,2.0,0.32,0.3182,0.49,0.194,21.0
3.0,1.0,9.0,16.0,0.0,4.0,1.0,1.0,0.64,0.6212,0.47,0.1642,457.0
4.0,0.0,12.0,3.0,0.0,1.0,1.0,1.0,0.16,0.197,0.86,0.0896,3.0
2.0,1.0,4.0,10.0,0.0,4.0,1.0,2.0,0.46,0.4545,0.94,0.1642,139.0
3.0,1.0,8.0,1.0,0.0,4.0,1.0,1.0,0.62,0.5758,0.83,0.0,25.0
2.0,1.0,3.0,20.0,0.0,2.0,1.0,1.0,0.42,0.4242,0.17,0.0896,294.0
3.0,1.0,7.0,0.0,0.0,2.0,1.0,1.0,0.72,0.7121,0.84,0.1045,53.0
3.0,1.0,9.0,19.0,0.0,2.0,1.0,2.0,0.6,0.5455,0.88,0.2985,324.0
3.0,1.0,7.0,12.0,0.0,5.0,1.0,2.0,0.76,0.6818,0.4,0.1045,379.0
4.0,1.0,12.0,16.0,0.0,4.0,1.0,1.0,0.32,0.3485,0.42,0.0,331.0
4.0,1.0,11.0,2.0,0.0,5.0,1.0,1.0,0.26,0.2879,0.75,0.0896,5.0
1.0,0.0,3.0,15.0,0.0,3.0,1.0,1.0,0.54,0.5152,0.19,0.4179,110.0
3.0,0.0,6.0,18.0,0.0,6.0,0.0,1.0,0.72,0.6515,0.45,0.2537,307.0
4.0,0.0,10.0,13.0,0.0,3.0,1.0,3.0,0.54,0.5152,0.88,0.2239,101.0
4.0,1.0,10.0,21.0,0.0,2.0,1.0,1.0,0.56,0.5303,0.68,0.0,295.0
4.0,1.0,10.0,12.0,0.0,3.0,1.0,2.0,0.7,0.6515,0.7,0.1045,358.0
1.0,1.0,3.0,16.0,0.0,6.0,0.0,1.0,0.64,0.6212,0.5,0.0,685.0
2.0,1.0,4.0,22.0,0.0,1.0,1.0,2.0,0.46,0.4545,0.41,0.4925,108.0
2.0,1.0,6.0,23.0,0.0,2.0,1.0,3.0,0.66,0.5909,0.94,0.2239,89.0
1.0,1.0,12.0,5.0,0.0,1.0,1.0,1.0,0.16,0.1515,0.64,0.194,9.0
2.0,0.0,4.0,6.0,0.0,6.0,0.0,1.0,0.4,0.4091,0.58,0.2836,21.0
3.0,0.0,8.0,17.0,0.0,3.0,1.0,1.0,0.72,0.6515,0.45,0.1343,608.0
3.0,0.0,8.0,10.0,0.0,2.0,1.0,1.0,0.7,0.6364,0.37,0.0,148.0
1.0,1.0,1.0,18.0,0.0,3.0,1.0,1.0,0.32,0.3333,0.66,0.1343,439.0
3.0,0.0,7.0,22.0,0.0,1.0,1.0,1.0,0.76,0.7273,0.66,0.2239,140.0
1.0,0.0,2.0,18.0,0.0,3.0,1.0,1.0,0.32,0.3333,0.26,0.0896,209.0
3.0,0.0,9.0,0.0,0.0,5.0,1.0,1.0,0.64,0.6061,0.65,0.194,64.0
4.0,0.0,12.0,0.0,0.0,0.0,0.0,1.0,0.2,0.197,0.51,0.2239,74.0
1.0,0.0,2.0,23.0,0.0,3.0,1.0,3.0,0.16,0.1515,0.8,0.194,37.0
4.0,0.0,11.0,0.0,0.0,2.0,1.0,3.0,0.38,0.3939,0.94,0.1045,14.0
4.0,1.0,11.0,22.0,0.0,2.0,1.0,1.0,0.36,0.3788,0.71,0.0,122.0
2.0,0.0,5.0,17.0,0.0,2.0,1.0,1.0,0.84,0.803,0.53,0.2239,495.0
2.0,0.0,5.0,20.0,0.0,3.0,1.0,3.0,0.56,0.5303,0.88,0.1343,213.0
3.0,0.0,8.0,14.0,0.0,3.0,1.0,2.0,0.76,0.7121,0.58,0.2239,147.0
4.0,0.0,11.0,9.0,1.0,4.0,0.0,1.0,0.34,0.3485,0.61,0.0,81.0
1.0,1.0,3.0,3.0,0.0,5.0,1.0,1.0,0.46,0.4545,0.77,0.5224,7.0
4.0,1.0,10.0,3.0,0.0,6.0,0.0,1.0,0.54,0.5152,0.77,0.2239,56.0
3.0,0.0,8.0,11.0,0.0,5.0,1.0,2.0,0.76,0.697,0.52,0.2537,147.0
2.0,1.0,6.0,14.0,0.0,6.0,0.0,1.0,0.64,0.6212,0.38,0.2985,647.0
2.0,0.0,5.0,4.0,0.0,2.0,1.0,1.0,0.66,0.6061,0.83,0.0896,3.0
2.0,0.0,5.0,3.0,0.0,0.0,0.0,1.0,0.4,0.4091,0.82,0.1045,23.0
4.0,0.0,11.0,19.0,0.0,6.0,0.0,1.0,0.34,0.3636,0.53,0.0,204.0
3.0,0.0,7.0,13.0,0.0,2.0,1.0,1.0,0.84,0.7273,0.32,0.2985,182.0
3.0,1.0,8.0,6.0,0.0,0.0,0.0,2.0,0.62,0.6061,0.69,0.1045,20.0
4.0,1.0,9.0,20.0,0.0,0.0,0.0,1.0,0.52,0.5,0.42,0.1642,252.0
3.0,0.0,6.0,2.0,0.0,4.0,1.0,1.0,0.72,0.697,0.74,0.2239,4.0
3.0,0.0,8.0,16.0,0.0,6.0,0.0,2.0,0.7,0.6667,0.74,0.2836,281.0
3.0,0.0,7.0,6.0,0.0,5.0,1.0,2.0,0.72,0.7121,0.84,0.0,90.0
3.0,1.0,6.0,6.0,0.0,4.0,1.0,1.0,0.62,0.6212,0.57,0.0896,193.0
1.0,0.0,3.0,20.0,0.0,5.0,1.0,1.0,0.62,0.6212,0.46,0.1343,149.0
2.0,1.0,4.0,12.0,0.0,6.0,0.0,1.0,0.58,0.5455,0.35,0.2537,678.0
1.0,1.0,2.0,4.0,0.0,6.0,0.0,3.0,0.24,0.2273,0.87,0.2239,4.0
3.0,0.0,9.0,12.0,0.0,4.0,1.0,2.0,0.66,0.6061,0.83,0.1642,176.0
3.0,0.0,6.0,10.0,0.0,5.0,1.0,1.0,0.8,0.7273,0.43,0.2836,145.0
3.0,1.0,9.0,8.0,0.0,5.0,1.0,1.0,0.54,0.5152,0.73,0.1343,757.0
2.0,0.0,5.0,6.0,0.0,2.0,1.0,2.0,0.58,0.5455,0.94,0.194,112.0
2.0,0.0,4.0,9.0,0.0,3.0,1.0,2.0,0.6,0.5455,0.88,0.4179,181.0
2.0,1.0,3.0,11.0,0.0,2.0,1.0,1.0,0.3,0.303,0.31,0.1642,175.0
1.0,1.0,3.0,10.0,0.0,5.0,1.0,1.0,0.36,0.3485,0.5,0.1642,132.0
1.0,0.0,2.0,13.0,0.0,1.0,1.0,2.0,0.36,0.3636,0.57,0.0896,64.0
3.0,1.0,7.0,16.0,0.0,0.0,0.0,2.0,0.8,0.803,0.66,0.2239,291.0
1.0,1.0,1.0,19.0,0.0,4.0,1.0,1.0,0.34,0.3485,0.34,0.0896,265.0
2.0,1.0,6.0,22.0,0.0,1.0,1.0,2.0,0.62,0.5909,0.73,0.1642,164.0
3.0,0.0,7.0,2.0,0.0,1.0,1.0,2.0,0.74,0.7121,0.79,0.0896,6.0
2.0,0.0,4.0,3.0,0.0,6.0,0.0,3.0,0.3,0.2879,1.0,0.2537,14.0
3.0,1.0,8.0,9.0,0.0,4.0,1.0,1.0,0.7,0.6515,0.58,0.0,396.0
4.0,1.0,12.0,6.0,0.0,4.0,1.0,2.0,0.3,0.3333,0.65,0.0,118.0
2.0,0.0,4.0,11.0,0.0,0.0,0.0,1.0,0.66,0.6212,0.65,0.1343,317.0
4.0,1.0,10.0,14.0,0.0,4.0,1.0,1.0,0.7,0.6515,0.61,0.2537,267.0
4.0,0.0,12.0,9.0,0.0,2.0,1.0,2.0,0.36,0.3788,0.66,0.0,259.0
2.0,0.0,4.0,23.0,0.0,5.0,1.0,1.0,0.3,0.3182,0.61,0.0896,53.0
3.0,0.0,8.0,13.0,0.0,6.0,0.0,2.0,0.74,0.7121,0.74,0.3284,153.0
2.0,1.0,6.0,1.0,0.0,4.0,1.0,1.0,0.6,0.6212,0.56,0.2239,21.0
2.0,0.0,3.0,11.0,0.0,6.0,0.0,1.0,0.28,0.2727,0.38,0.1642,168.0
3.0,1.0,7.0,23.0,0.0,2.0,1.0,1.0,0.74,0.6818,0.58,0.3284,192.0
2.0,1.0,3.0,1.0,0.0,1.0,1.0,1.0,0.48,0.4697,0.82,0.2537,28.0
4.0,0.0,10.0,11.0,0.0,1.0,1.0,2.0,0.4,0.4091,0.71,0.2239,126.0
2.0,0.0,3.0,16.0,0.0,1.0,1.0,2.0,0.54,0.5152,0.64,0.2836,141.0
4.0,1.0,11.0,13.0,0.0,6.0,0.0,1.0,0.42,0.4242,0.38,0.2537,525.0
3.0,0.0,6.0,17.0,0.0,3.0,1.0,2.0,0.8,0.7576,0.55,0.3881,529.0
3.0,1.0,9.0,0.0,0.0,5.0,1.0,1.0,0.64,0.5758,0.89,0.1343,96.0
4.0,1.0,10.0,6.0,0.0,3.0,1.0,1.0,0.3,0.303,0.81,0.1642,116.0
1.0,1.0,1.0,2.0,0.0,6.0,0.0,1.0,0.16,0.1667,0.47,0.1642,38.0
1.0,1.0,1.0,11.0,0.0,5.0,1.0,2.0,0.48,0.4697,0.94,0.1343,105.0
4.0,1.0,11.0,6.0,0.0,3.0,1.0,2.0,0.26,0.2576,0.65,0.2239,136.0
2.0,0.0,4.0,22.0,0.0,2.0,1.0,1.0,0.32,0.303,0.49,0.2985,46.0
3.0,0.0,7.0,21.0,0.0,0.0,0.0,1.0,0.78,0.7424,0.59,0.2985,164.0
1.0,1.0,3.0,20.0,0.0,4.0,1.0,2.0,0.58,0.5455,0.6,0.3582,330.0
2.0,0.0,4.0,20.0,0.0,3.0,1.0,1.0,0.46,0.4545,0.51,0.2239,141.0
2.0,1.0,5.0,19.0,0.0,1.0,1.0,1.0,0.58,0.5455,0.56,0.3284,546.0
2.0,0.0,4.0,22.0,0.0,2.0,1.0,1.0,0.48,0.4697,0.77,0.0896,112.0
2.0,0.0,4.0,11.0,0.0,2.0,1.0,2.0,0.54,0.5152,0.68,0.1642,72.0
3.0,0.0,7.0,18.0,0.0,3.0,1.0,1.0,0.82,0.7121,0.28,0.1045,541.0
3.0,0.0,6.0,15.0,0.0,4.0,1.0,2.0,0.76,0.697,0.52,0.3582,189.0
3.0,0.0,8.0,19.0,0.0,3.0,1.0,1.0,0.74,0.6818,0.55,0.2985,440.0
2.0,1.0,3.0,0.0,0.0,3.0,1.0,1.0,0.36,0.3333,0.4,0.2836,30.0
2.0,0.0,5.0,22.0,0.0,1.0,1.0,2.0,0.6,0.5909,0.73,0.0,125.0
3.0,0.0,8.0,1.0,0.0,6.0,0.0,1.0,0.66,0.6061,0.78,0.1642,67.0
4.0,0.0,10.0,7.0,0.0,1.0,1.0,2.0,0.38,0.3939,0.94,0.1045,285.0
2.0,1.0,4.0,22.0,0.0,6.0,0.0,1.0,0.48,0.4697,0.82,0.2985,110.0
4.0,1.0,11.0,1.0,0.0,1.0,1.0,1.0,0.2,0.2576,0.69,0.0,10.0
4.0,0.0,10.0,0.0,0.0,4.0,1.0,2.0,0.54,0.5152,0.94,0.1343,15.0
1.0,1.0,3.0,11.0,0.0,1.0,1.0,1.0,0.56,0.5303,0.68,0.1642,201.0
4.0,0.0,11.0,23.0,0.0,5.0,1.0,1.0,0.26,0.2727,0.6,0.1343,59.0
1.0,1.0,2.0,10.0,0.0,4.0,1.0,1.0,0.42,0.4242,0.67,0.194,148.0
3.0,1.0,8.0,20.0,0.0,1.0,1.0,1.0,0.74,0.6818,0.62,0.2239,432.0
2.0,0.0,3.0,22.0,0.0,4.0,1.0,1.0,0.26,0.2576,0.65,0.1642,62.0
3.0,1.0,8.0,17.0,0.0,6.0,0.0,2.0,0.66,0.6212,0.74,0.3284,403.0
1.0,0.0,3.0,16.0,0.0,4.0,1.0,1.0,0.5,0.4848,0.48,0.2836,142.0
4.0,0.0,10.0,8.0,0.0,6.0,0.0,3.0,0.28,0.2576,0.87,0.3582,20.0
2.0,1.0,4.0,19.0,0.0,6.0,0.0,3.0,0.36,0.3485,0.71,0.1343,139.0
2.0,0.0,5.0,4.0,0.0,5.0,1.0,1.0,0.44,0.4394,0.94,0.0896,5.0
4.0,1.0,12.0,4.0,0.0,6.0,0.0,2.0,0.24,0.2576,0.87,0.1045,6.0
4.0,0.0,10.0,21.0,0.0,3.0,1.0,2.0,0.52,0.5,0.77,0.0,157.0
3.0,1.0,7.0,21.0,0.0,0.0,0.0,1.0,0.72,0.6818,0.7,0.1343,271.0
3.0,1.0,8.0,21.0,0.0,4.0,1.0,1.0,0.7,0.6515,0.61,0.1343,329.0
4.0,0.0,11.0,23.0,0.0,0.0,0.0,1.0,0.34,0.3485,0.87,0.0896,50.0
1.0,1.0,1.0,21.0,0.0,3.0,1.0,3.0,0.34,0.3182,0.87,0.2239,29.0
4.0,0.0,11.0,11.0,0.0,0.0,0.0,1.0,0.42,0.4242,0.58,0.0896,320.0
2.0,1.0,5.0,2.0,0.0,3.0,1.0,3.0,0.62,0.5455,0.94,0.0896,5.0
3.0,0.0,9.0,23.0,0.0,6.0,0.0,1.0,0.46,0.4545,0.82,0.1642,136.0
4.0,0.0,11.0,1.0,0.0,4.0,1.0,2.0,0.4,0.4091,0.87,0.0,11.0
1.0,0.0,1.0,15.0,0.0,0.0,0.0,1.0,0.3,0.3333,0.56,0.0,109.0
1.0,1.0,2.0,23.0,0.0,2.0,1.0,1.0,0.32,0.303,0.53,0.2239,65.0
3.0,0.0,7.0,13.0,0.0,3.0,1.0,3.0,0.82,0.7576,0.46,0.1343,158.0
2.0,1.0,4.0,19.0,0.0,1.0,1.0,2.0,0.34,0.3182,0.76,0.2239,298.0
1.0,0.0,1.0,12.0,0.0,4.0,1.0,1.0,0.2,0.1667,0.44,0.4179,52.0
3.0,0.0,7.0,18.0,0.0,5.0,1.0,1.0,0.9,0.8182,0.37,0.1642,284.0
4.0,0.0,11.0,16.0,0.0,3.0,1.0,1.0,0.36,0.3333,0.46,0.2836,226.0
1.0,1.0,1.0,10.0,0.0,2.0,1.0,2.0,0.18,0.197,0.93,0.1642,83.0
2.0,0.0,4.0,9.0,0.0,6.0,0.0,3.0,0.4,0.4091,1.0,0.2985,29.0
4.0,0.0,12.0,23.0,0.0,5.0,1.0,1.0,0.32,0.303,0.53,0.2836,95.0
4.0,1.0,11.0,11.0,0.0,0.0,0.0,1.0,0.38,0.3939,0.62,0.2836,359.0
4.0,0.0,11.0,21.0,0.0,5.0,1.0,1.0,0.28,0.2727,0.48,0.1642,111.0
4.0,1.0,10.0,16.0,0.0,3.0,1.0,1.0,0.74,0.6515,0.33,0.1343,532.0
2.0,0.0,5.0,5.0,0.0,0.0,0.0,1.0,0.4,0.4091,0.82,0.0896,10.0
2.0,1.0,5.0,20.0,0.0,3.0,1.0,1.0,0.52,0.5,0.77,0.2537,338.0
2.0,1.0,4.0,8.0,0.0,3.0,1.0,3.0,0.5,0.4848,0.39,0.194,576.0
4.0,0.0,10.0,3.0,0.0,1.0,1.0,1.0,0.4,0.4091,0.82,0.0896,4.0
3.0,0.0,8.0,6.0,0.0,2.0,1.0,1.0,0.54,0.5152,0.73,0.1045,119.0
4.0,0.0,11.0,14.0,0.0,5.0,1.0,1.0,0.44,0.4394,0.47,0.2985,201.0
4.0,1.0,10.0,17.0,0.0,6.0,0.0,2.0,0.56,0.5303,0.64,0.2836,618.0
4.0,0.0,11.0,17.0,0.0,2.0,1.0,1.0,0.44,0.4394,0.54,0.1642,506.0
2.0,0.0,5.0,4.0,0.0,0.0,0.0,1.0,0.5,0.4848,1.0,0.0,12.0
3.0,0.0,9.0,9.0,0.0,5.0,1.0,3.0,0.62,0.5455,0.94,0.1642,136.0
1.0,1.0,2.0,7.0,0.0,5.0,1.0,2.0,0.28,0.2879,0.93,0.1045,226.0
2.0,1.0,4.0,1.0,0.0,3.0,1.0,1.0,0.34,0.3182,0.39,0.2836,12.0
1.0,1.0,12.0,18.0,1.0,2.0,0.0,2.0,0.32,0.303,0.66,0.2537,43.0
4.0,1.0,10.0,20.0,0.0,5.0,1.0,2.0,0.54,0.5152,0.83,0.1642,311.0
2.0,1.0,4.0,19.0,0.0,6.0,0.0,3.0,0.56,0.5303,0.73,0.4925,54.0
3.0,1.0,6.0,8.0,0.0,2.0,1.0,1.0,0.56,0.5303,0.49,0.3284,656.0
2.0,0.0,5.0,6.0,0.0,4.0,1.0,1.0,0.44,0.4394,0.88,0.0,112.0
4.0,0.0,11.0,6.0,0.0,4.0,1.0,3.0,0.36,0.3485,0.57,0.2239,75.0
2.0,1.0,4.0,7.0,0.0,3.0,1.0,2.0,0.5,0.4848,0.39,0.194,418.0
4.0,0.0,12.0,11.0,0.0,5.0,1.0,1.0,0.34,0.3333,0.66,0.1642,160.0
2.0,0.0,6.0,18.0,0.0,0.0,0.0,2.0,0.74,0.6818,0.58,0.0896,296.0
2.0,0.0,4.0,17.0,0.0,5.0,1.0,3.0,0.32,0.303,0.93,0.2537,148.0
3.0,1.0,8.0,13.0,0.0,1.0,1.0,1.0,0.78,0.697,0.4,0.1642,254.0
1.0,1.0,1.0,15.0,0.0,5.0,1.0,1.0,0.26,0.2121,0.33,0.5821,138.0
2.0,1.0,5.0,15.0,0.0,5.0,1.0,1.0,0.62,0.6061,0.25,0.194,439.0
4.0,0.0,9.0,5.0,0.0,3.0,1.0,2.0,0.6,0.5152,0.94,0.0,22.0
3.0,1.0,8.0,17.0,0.0,5.0,1.0,1.0,0.8,0.7424,0.52,0.2836,730.0
1.0,1.0,1.0,1.0,0.0,5.0,1.0,1.0,0.22,0.2727,0.75,0.0,8.0
3.0,1.0,7.0,19.0,0.0,0.0,0.0,1.0,0.72,0.6818,0.7,0.1642,522.0
3.0,0.0,9.0,21.0,0.0,2.0,1.0,1.0,0.56,0.5303,0.94,0.0,206.0
4.0,0.0,11.0,20.0,0.0,3.0,1.0,3.0,0.44,0.4394,0.88,0.3881,99.0
3.0,1.0,9.0,16.0,0.0,0.0,0.0,1.0,0.74,0.697,0.7,0.0,474.0
4.0,1.0,11.0,8.0,0.0,3.0,1.0,2.0,0.26,0.2424,0.6,0.2836,601.0
1.0,0.0,12.0,21.0,0.0,6.0,0.0,1.0,0.4,0.4091,0.58,0.194,52.0
4.0,0.0,10.0,5.0,0.0,2.0,1.0,1.0,0.38,0.3939,0.87,0.1343,24.0
1.0,1.0,1.0,22.0,1.0,1.0,0.0,2.0,0.3,0.2727,0.49,0.3582,43.0
1.0,0.0,3.0,18.0,0.0,2.0,1.0,1.0,0.34,0.3333,0.27,0.194,235.0
3.0,1.0,7.0,22.0,0.0,0.0,0.0,1.0,0.72,0.697,0.74,0.1045,130.0
1.0,0.0,12.0,21.0,0.0,2.0,1.0,1.0,0.32,0.3333,0.87,0.0896,63.0
1.0,1.0,3.0,1.0,0.0,6.0,0.0,1.0,0.3,0.2879,0.36,0.2537,51.0
3.0,1.0,7.0,9.0,0.0,3.0,1.0,1.0,0.82,0.7879,0.56,0.0,297.0
4.0,0.0,12.0,19.0,0.0,1.0,1.0,1.0,0.28,0.303,0.61,0.0896,241.0
1.0,0.0,1.0,1.0,0.0,0.0,0.0,1.0,0.1,0.0606,0.42,0.4627,12.0
2.0,1.0,4.0,17.0,0.0,2.0,1.0,1.0,0.56,0.5303,0.21,0.5224,744.0
2.0,1.0,5.0,23.0,0.0,0.0,0.0,3.0,0.62,0.5758,0.83,0.1343,96.0
2.0,0.0,3.0,15.0,0.0,1.0,1.0,1.0,0.32,0.303,0.24,0.2836,72.0
4.0,1.0,12.0,10.0,0.0,4.0,1.0,2.0,0.32,0.3333,0.66,0.0,161.0
4.0,1.0,11.0,12.0,0.0,6.0,0.0,2.0,0.3,0.2576,0.36,0.6119,199.0
4.0,1.0,12.0,6.0,0.0,6.0,0.0,2.0,0.24,0.2879,0.75,0.0,11.0
4.0,1.0,11.0,14.0,0.0,2.0,1.0,1.0,0.38,0.3939,0.46,0.3881,203.0
4.0,0.0,12.0,7.0,0.0,1.0,1.0,1.0,0.18,0.2121,0.74,0.1045,191.0
4.0,1.0,11.0,6.0,0.0,3.0,1.0,1.0,0.24,0.2273,0.65,0.194,146.0
3.0,1.0,7.0,21.0,0.0,1.0,1.0,1.0,0.76,0.6818,0.45,0.1343,258.0
4.0,1.0,10.0,9.0,0.0,6.0,0.0,1.0,0.5,0.4848,0.59,0.1343,363.0
1.0,1.0,1.0,3.0,0.0,1.0,1.0,1.0,0.24,0.2273,0.48,0.194,4.0
4.0,1.0,11.0,14.0,0.0,3.0,1.0,2.0,0.32,0.2879,0.53,0.3582,161.0
2.0,0.0,3.0,20.0,0.0,6.0,0.0,2.0,0.28,0.2727,0.45,0.2537,85.0
2.0,0.0,6.0,22.0,0.0,3.0,1.0,1.0,0.74,0.697,0.66,0.1343,129.0
1.0,0.0,1.0,22.0,0.0,1.0,1.0,2.0,0.14,0.1364,0.63,0.2239,35.0
4.0,0.0,11.0,10.0,0.0,5.0,1.0,2.0,0.42,0.4242,0.71,0.3284,134.0
3.0,1.0,8.0,1.0,0.0,6.0,0.0,3.0,0.62,0.5455,0.94,0.1642,92.0
2.0,0.0,3.0,14.0,0.0,1.0,1.0,1.0,0.32,0.303,0.22,0.2239,80.0
1.0,1.0,1.0,21.0,0.0,3.0,1.0,1.0,0.3,0.3333,0.65,0.0,185.0
2.0,0.0,5.0,11.0,1.0,1.0,0.0,1.0,0.82,0.7727,0.52,0.0,321.0
4.0,1.0,10.0,22.0,0.0,2.0,1.0,1.0,0.4,0.4091,0.71,0.0896,181.0
2.0,1.0,4.0,1.0,0.0,1.0,1.0,1.0,0.42,0.4242,0.77,0.0896,24.0
4.0,0.0,10.0,4.0,0.0,0.0,0.0,1.0,0.22,0.197,0.8,0.3284,11.0
3.0,0.0,7.0,9.0,0.0,0.0,0.0,1.0,0.8,0.7424,0.49,0.0,183.0
3.0,0.0,9.0,7.0,0.0,5.0,1.0,3.0,0.62,0.5152,1.0,0.2537,108.0
2.0,1.0,4.0,3.0,0.0,4.0,1.0,2.0,0.48,0.4697,0.55,0.0896,6.0
1.0,0.0,3.0,4.0,0.0,3.0,1.0,1.0,0.24,0.2576,0.75,0.1045,2.0
2.0,0.0,6.0,6.0,0.0,3.0,1.0,1.0,0.64,0.5758,0.89,0.1343,116.0
2.0,1.0,6.0,21.0,0.0,5.0,1.0,1.0,0.66,0.6212,0.5,0.1045,333.0
3.0,1.0,7.0,16.0,0.0,2.0,1.0,1.0,0.92,0.8182,0.29,0.1642,381.0
2.0,0.0,3.0,17.0,0.0,3.0,1.0,2.0,0.4,0.4091,0.76,0.2239,273.0
4.0,0.0,12.0,5.0,0.0,4.0,1.0,1.0,0.22,0.2121,0.64,0.2239,12.0
1.0,1.0,1.0,11.0,0.0,1.0,1.0,2.0,0.2,0.2273,0.93,0.0896,62.0
1.0,1.0,2.0,13.0,0.0,5.0,1.0,1.0,0.4,0.4091,0.43,0.3582,205.0
1.0,1.0,2.0,10.0,0.0,4.0,1.0,3.0,0.42,0.4242,0.77,0.1045,78.0
1.0,1.0,2.0,6.0,0.0,3.0,1.0,1.0,0.32,0.3182,0.76,0.1642,90.0
3.0,1.0,9.0,10.0,0.0,0.0,0.0,1.0,0.62,0.6212,0.5,0.1045,490.0
4.0,0.0,10.0,12.0,0.0,1.0,1.0,2.0,0.4,0.4091,0.71,0.1343,147.0
4.0,0.0,10.0,2.0,0.0,5.0,1.0,1.0,0.32,0.303,0.66,0.2836,4.0
1.0,1.0,12.0,14.0,0.0,1.0,1.0,3.0,0.24,0.2576,0.87,0.1045,46.0
4.0,0.0,10.0,18.0,0.0,4.0,1.0,1.0,0.54,0.5152,0.64,0.0896,538.0
2.0,0.0,4.0,0.0,0.0,2.0,1.0,1.0,0.62,0.6061,0.69,0.2836,27.0
2.0,0.0,4.0,2.0,0.0,0.0,0.0,1.0,0.5,0.4848,0.88,0.194,72.0
4.0,0.0,10.0,17.0,0.0,6.0,0.0,1.0,0.58,0.5455,0.32,0.2836,441.0
1.0,0.0,1.0,11.0,0.0,1.0,1.0,2.0,0.16,0.1364,0.47,0.2836,30.0
3.0,1.0,6.0,3.0,0.0,6.0,0.0,2.0,0.64,0.5758,0.89,0.0,23.0
1.0,1.0,2.0,14.0,0.0,4.0,1.0,1.0,0.54,0.5152,0.37,0.2537,192.0
3.0,0.0,7.0,20.0,0.0,5.0,1.0,1.0,0.7,0.6515,0.51,0.2239,343.0
3.0,0.0,7.0,5.0,1.0,1.0,0.0,2.0,0.64,0.5758,0.83,0.1343,4.0
3.0,1.0,8.0,23.0,0.0,5.0,1.0,1.0,0.74,0.6818,0.62,0.1045,174.0
1.0,0.0,3.0,19.0,0.0,4.0,1.0,1.0,0.44,0.4394,0.58,0.194,207.0
3.0,1.0,7.0,17.0,0.0,1.0,1.0,1.0,0.82,0.7727,0.52,0.1343,847.0
2.0,1.0,3.0,1.0,0.0,4.0,1.0,1.0,0.56,0.5303,0.6,0.1343,33.0
1.0,1.0,1.0,5.0,0.0,5.0,1.0,2.0,0.42,0.4242,0.94,0.3284,24.0
4.0,0.0,9.0,17.0,0.0,0.0,0.0,1.0,0.68,0.6364,0.74,0.0,420.0
3.0,0.0,9.0,8.0,0.0,0.0,0.0,1.0,0.46,0.4545,0.72,0.2537,69.0
2.0,0.0,6.0,5.0,0.0,1.0,1.0,3.0,0.62,0.5758,0.83,0.1343,3.0
3.0,1.0,8.0,19.0,0.0,6.0,0.0,1.0,0.82,0.7727,0.52,0.3582,397.0
2.0,1.0,3.0,3.0,0.0,3.0,1.0,2.0,0.5,0.4848,0.88,0.194,8.0
1.0,1.0,12.0,15.0,0.0,1.0,1.0,3.0,0.24,0.2273,0.87,0.2239,33.0
3.0,1.0,8.0,15.0,0.0,1.0,1.0,1.0,0.8,0.7576,0.55,0.2985,282.0
2.0,0.0,5.0,21.0,0.0,0.0,0.0,2.0,0.46,0.4545,0.82,0.0,105.0
1.0,1.0,3.0,7.0,0.0,4.0,1.0,2.0,0.44,0.4394,0.94,0.1343,304.0
2.0,1.0,6.0,3.0,0.0,3.0,1.0,1.0,0.46,0.4545,0.82,0.0,8.0
3.0,0.0,8.0,22.0,0.0,0.0,0.0,3.0,0.6,0.5455,0.88,0.4925,39.0
3.0,1.0,6.0,14.0,0.0,0.0,0.0,1.0,0.84,0.7273,0.3,0.2985,551.0
3.0,1.0,7.0,5.0,0.0,4.0,1.0,1.0,0.62,0.5909,0.73,0.1045,44.0
2.0,1.0,5.0,6.0,0.0,0.0,0.0,1.0,0.62,0.5758,0.83,0.1642,22.0
1.0,0.0,1.0,1.0,0.0,0.0,0.0,2.0,0.44,0.4394,0.94,0.2537,17.0
3.0,0.0,6.0,12.0,0.0,4.0,1.0,1.0,0.76,0.6667,0.35,0.1642,233.0
1.0,0.0,3.0,23.0,0.0,2.0,1.0,1.0,0.24,0.2273,0.65,0.2239,25.0
2.0,1.0,4.0,15.0,0.0,3.0,1.0,2.0,0.64,0.6212,0.44,0.2836,268.0
4.0,1.0,10.0,0.0,0.0,3.0,1.0,2.0,0.3,0.3182,0.81,0.1045,16.0
2.0,0.0,6.0,12.0,0.0,4.0,1.0,1.0,0.76,0.6667,0.25,0.4627,232.0
1.0,1.0,2.0,23.0,0.0,3.0,1.0,1.0,0.46,0.4545,0.63,0.0896,97.0
1.0,1.0,1.0,14.0,0.0,0.0,0.0,1.0,0.32,0.303,0.26,0.2537,280.0
4.0,1.0,11.0,11.0,1.0,1.0,0.0,1.0,0.52,0.5,0.72,0.1642,367.0
3.0,0.0,8.0,8.0,0.0,3.0,1.0,1.0,0.74,0.6667,0.51,0.194,399.0
2.0,1.0,5.0,16.0,0.0,0.0,0.0,1.0,0.72,0.6515,0.42,0.2537,564.0
1.0,0.0,2.0,16.0,0.0,2.0,1.0,1.0,0.22,0.1818,0.35,0.5224,83.0
4.0,1.0,11.0,11.0,0.0,4.0,1.0,3.0,0.36,0.3485,0.62,0.194,170.0
4.0,0.0,12.0,17.0,0.0,4.0,1.0,1.0,0.36,0.3485,0.46,0.1343,418.0
1.0,0.0,3.0,16.0,0.0,2.0,1.0,1.0,0.38,0.3939,0.27,0.1642,108.0
2.0,0.0,4.0,5.0,0.0,2.0,1.0,2.0,0.46,0.4545,0.72,0.194,18.0
1.0,0.0,1.0,20.0,0.0,6.0,0.0,2.0,0.32,0.303,0.39,0.2537,41.0
4.0,0.0,11.0,7.0,1.0,5.0,0.0,1.0,0.28,0.2727,0.45,0.2537,121.0
2.0,0.0,6.0,10.0,0.0,3.0,1.0,1.0,0.82,0.7424,0.43,0.2239,90.0
3.0,0.0,7.0,23.0,0.0,4.0,1.0,1.0,0.64,0.6061,0.65,0.2537,124.0
3.0,0.0,7.0,9.0,0.0,4.0,1.0,1.0,0.78,0.7424,0.59,0.194,210.0
3.0,0.0,9.0,1.0,0.0,1.0,1.0,1.0,0.56,0.5303,0.88,0.0,12.0
4.0,0.0,11.0,2.0,0.0,1.0,1.0,1.0,0.32,0.3485,0.93,0.0,2.0
4.0,1.0,12.0,9.0,0.0,1.0,1.0,2.0,0.42,0.4242,1.0,0.2239,284.0
3.0,0.0,8.0,9.0,0.0,1.0,1.0,1.0,0.76,0.697,0.55,0.3881,183.0
1.0,0.0,3.0,9.0,0.0,5.0,1.0,1.0,0.22,0.2273,0.6,0.1343,150.0
2.0,0.0,5.0,17.0,0.0,0.0,0.0,1.0,0.74,0.697,0.7,0.2836,383.0
1.0,1.0,3.0,4.0,0.0,3.0,1.0,1.0,0.28,0.2576,0.61,0.3284,3.0
3.0,1.0,8.0,14.0,0.0,3.0,1.0,1.0,0.82,0.7576,0.46,0.1642,263.0
1.0,1.0,2.0,12.0,0.0,3.0,1.0,2.0,0.28,0.2576,0.65,0.2836,138.0
2.0,1.0,4.0,11.0,0.0,2.0,1.0,1.0,0.46,0.4545,0.31,0.3881,184.0
3.0,1.0,9.0,3.0,0.0,5.0,1.0,1.0,0.62,0.5758,0.83,0.0896,9.0
2.0,0.0,5.0,2.0,0.0,0.0,0.0,2.0,0.52,0.5,1.0,0.1343,50.0
4.0,1.0,12.0,4.0,0.0,0.0,0.0,2.0,0.4,0.4091,0.94,0.1045,12.0
1.0,1.0,2.0,5.0,0.0,1.0,1.0,1.0,0.1,0.1212,0.58,0.1343,17.0
3.0,0.0,7.0,21.0,0.0,5.0,1.0,1.0,0.82,0.7576,0.46,0.1642,163.0
2.0,0.0,5.0,10.0,0.0,1.0,1.0,1.0,0.56,0.5303,0.52,0.194,119.0
1.0,1.0,2.0,16.0,0.0,1.0,1.0,1.0,0.54,0.5152,0.26,0.4478,286.0
1.0,1.0,1.0,16.0,0.0,1.0,1.0,3.0,0.22,0.2576,0.87,0.0896,49.0
1.0,0.0,1.0,17.0,0.0,4.0,1.0,1.0,0.22,0.2273,0.51,0.1642,172.0
2.0,0.0,4.0,14.0,0.0,1.0,1.0,2.0,0.72,0.6667,0.54,0.3582,145.0
2.0,0.0,6.0,4.0,0.0,5.0,1.0,1.0,0.54,0.5152,0.94,0.1343,6.0
3.0,0.0,8.0,5.0,0.0,2.0,1.0,1.0,0.62,0.5909,0.73,0.2836,30.0
4.0,1.0,12.0,9.0,0.0,6.0,0.0,2.0,0.26,0.2424,0.93,0.2537,193.0
3.0,1.0,9.0,23.0,0.0,6.0,0.0,2.0,0.58,0.5455,0.73,0.1642,133.0
2.0,0.0,6.0,13.0,0.0,3.0,1.0,1.0,0.9,0.8182,0.37,0.194,154.0
3.0,1.0,7.0,4.0,0.0,2.0,1.0,1.0,0.68,0.6364,0.79,0.1343,4.0
3.0,1.0,7.0,9.0,0.0,0.0,0.0,1.0,0.82,0.7879,0.56,0.0,219.0
4.0,1.0,10.0,17.0,0.0,3.0,1.0,1.0,0.66,0.6212,0.47,0.0,963.0
3.0,0.0,9.0,17.0,0.0,3.0,1.0,3.0,0.64,0.5758,0.89,0.0,285.0
3.0,0.0,7.0,0.0,0.0,6.0,0.0,1.0,0.82,0.7879,0.56,0.0,101.0
4.0,0.0,11.0,19.0,0.0,4.0,1.0,1.0,0.3,0.2879,0.45,0.2239,217.0
3.0,0.0,7.0,3.0,0.0,0.0,0.0,1.0,0.66,0.6212,0.74,0.0896,25.0
3.0,0.0,7.0,7.0,0.0,0.0,0.0,1.0,0.8,0.7727,0.59,0.1343,35.0
4.0,0.0,12.0,3.0,0.0,6.0,0.0,1.0,0.26,0.2576,0.6,0.194,26.0
3.0,1.0,9.0,11.0,0.0,6.0,0.0,1.0,0.7,0.6515,0.58,0.2836,626.0
2.0,0.0,4.0,7.0,0.0,6.0,0.0,2.0,0.4,0.4091,0.82,0.4179,21.0
4.0,1.0,9.0,19.0,0.0,5.0,1.0,3.0,0.62,0.6212,0.5,0.2537,508.0
4.0,1.0,9.0,22.0,0.0,6.0,0.0,1.0,0.5,0.4848,0.63,0.1045,221.0
3.0,1.0,8.0,7.0,0.0,5.0,1.0,2.0,0.64,0.5758,0.89,0.0896,421.0
2.0,1.0,5.0,5.0,0.0,2.0,1.0,1.0,0.66,0.6061,0.78,0.2239,33.0
1.0,1.0,1.0,0.0,0.0,4.0,1.0,1.0,0.14,0.1364,0.5,0.194,16.0
4.0,1.0,10.0,4.0,0.0,1.0,1.0,1.0,0.38,0.3939,0.66,0.0,7.0
1.0,1.0,2.0,3.0,0.0,4.0,1.0,3.0,0.44,0.4394,0.67,0.194,6.0
1.0,1.0,1.0,21.0,0.0,5.0,1.0,1.0,0.24,0.2121,0.41,0.2836,102.0
1.0,1.0,1.0,6.0,0.0,2.0,1.0,1.0,0.14,0.1212,0.59,0.2836,85.0
4.0,0.0,11.0,5.0,0.0,2.0,1.0,1.0,0.3,0.3182,0.87,0.0896,18.0
3.0,0.0,9.0,4.0,0.0,0.0,0.0,1.0,0.6,0.5606,0.83,0.1343,9.0
1.0,0.0,2.0,23.0,0.0,5.0,1.0,1.0,0.52,0.5,0.08,0.2836,77.0
1.0,0.0,2.0,7.0,0.0,2.0,1.0,3.0,0.16,0.2273,0.93,0.0,52.0
3.0,1.0,8.0,12.0,0.0,2.0,1.0,1.0,0.78,0.7121,0.49,0.1343,300.0
1.0,0.0,3.0,17.0,0.0,1.0,1.0,1.0,0.34,0.303,0.29,0.3582,233.0
3.0,1.0,7.0,10.0,0.0,5.0,1.0,1.0,0.86,0.7424,0.3,0.0,210.0
1.0,1.0,2.0,22.0,0.0,4.0,1.0,2.0,0.3,0.3333,0.56,0.0,107.0
3.0,1.0,7.0,15.0,0.0,2.0,1.0,1.0,0.92,0.8182,0.31,0.1642,244.0
2.0,1.0,5.0,23.0,0.0,3.0,1.0,1.0,0.6,0.5606,0.83,0.1343,106.0
4.0,0.0,12.0,0.0,0.0,1.0,1.0,1.0,0.2,0.2273,0.69,0.0896,20.0
3.0,0.0,6.0,6.0,0.0,3.0,1.0,1.0,0.66,0.6061,0.83,0.0,122.0
3.0,0.0,7.0,16.0,0.0,4.0,1.0,1.0,0.76,0.6667,0.33,0.1343,274.0
2.0,0.0,4.0,19.0,0.0,0.0,0.0,2.0,0.42,0.4242,0.44,0.194,144.0
3.0,1.0,8.0,2.0,0.0,6.0,0.0,2.0,0.66,0.6212,0.74,0.0896,79.0
2.0,1.0,3.0,17.0,0.0,3.0,1.0,1.0,0.6,0.5909,0.69,0.0896,729.0
1.0,0.0,3.0,13.0,0.0,5.0,1.0,1.0,0.34,0.3182,0.42,0.2239,87.0
2.0,0.0,6.0,11.0,0.0,0.0,0.0,2.0,0.72,0.6667,0.58,0.0896,377.0
4.0,0.0,11.0,18.0,1.0,4.0,0.0,1.0,0.42,0.4242,0.5,0.0896,37.0
3.0,1.0,9.0,13.0,0.0,3.0,1.0,1.0,0.8,0.7879,0.63,0.1642,234.0
3.0,0.0,7.0,12.0,0.0,2.0,1.0,1.0,0.84,0.8182,0.56,0.0896,153.0
2.0,1.0,6.0,6.0,0.0,3.0,1.0,1.0,0.6,0.5606,0.83,0.2239,194.0
2.0,0.0,5.0,5.0,0.0,2.0,1.0,2.0,0.58,0.5455,0.94,0.2537,24.0
2.0,1.0,4.0,14.0,0.0,2.0,1.0,1.0,0.54,0.5152,0.24,0.194,224.0
1.0,0.0,3.0,7.0,0.0,0.0,0.0,1.0,0.36,0.3485,0.62,0.194,10.0
2.0,0.0,5.0,21.0,0.0,3.0,1.0,1.0,0.52,0.5,0.88,0.0,85.0
2.0,1.0,4.0,15.0,0.0,5.0,1.0,1.0,0.52,0.5,0.29,0.4925,324.0
2.0,0.0,6.0,4.0,0.0,4.0,1.0,1.0,0.66,0.6212,0.41,0.194,3.0
4.0,1.0,11.0,17.0,0.0,5.0,1.0,1.0,0.36,0.3485,0.5,0.194,582.0
2.0,1.0,5.0,23.0,0.0,3.0,1.0,3.0,0.48,0.4697,0.82,0.194,55.0
2.0,0.0,4.0,2.0,0.0,3.0,1.0,1.0,0.58,0.5455,0.88,0.2537,5.0
3.0,1.0,7.0,6.0,0.0,1.0,1.0,2.0,0.68,0.6364,0.89,0.0896,157.0
3.0,0.0,7.0,19.0,0.0,0.0,0.0,1.0,0.86,0.803,0.47,0.1642,240.0
4.0,1.0,12.0,3.0,0.0,1.0,1.0,2.0,0.38,0.3939,0.94,0.1045,4.0
3.0,1.0,7.0,23.0,0.0,4.0,1.0,2.0,0.7,0.6515,0.51,0.2239,211.0
4.0,1.0,11.0,14.0,1.0,4.0,0.0,1.0,0.48,0.4697,0.29,0.0,220.0
2.0,1.0,5.0,7.0,0.0,5.0,1.0,1.0,0.56,0.5303,0.88,0.0,356.0
4.0,0.0,9.0,2.0,0.0,6.0,0.0,2.0,0.58,0.5455,0.94,0.0896,68.0
4.0,0.0,12.0,6.0,0.0,5.0,1.0,2.0,0.44,0.4394,0.33,0.2985,82.0
2.0,1.0,5.0,9.0,0.0,0.0,0.0,1.0,0.6,0.6212,0.56,0.1343,222.0
2.0,0.0,3.0,13.0,0.0,3.0,1.0,2.0,0.36,0.3485,0.46,0.2239,98.0
3.0,1.0,8.0,22.0,0.0,1.0,1.0,1.0,0.74,0.697,0.7,0.0896,207.0
2.0,1.0,5.0,14.0,0.0,4.0,1.0,1.0,0.74,0.6818,0.55,0.2239,252.0
4.0,1.0,12.0,20.0,0.0,1.0,1.0,2.0,0.42,0.4242,0.94,0.2537,200.0
1.0,0.0,1.0,17.0,0.0,4.0,1.0,2.0,0.3,0.3182,0.49,0.1045,215.0
1.0,0.0,1.0,22.0,0.0,5.0,1.0,2.0,0.18,0.197,0.43,0.1642,36.0
2.0,1.0,3.0,8.0,0.0,5.0,1.0,2.0,0.5,0.4848,0.94,0.1343,662.0
2.0,1.0,5.0,12.0,0.0,6.0,0.0,1.0,0.74,0.697,0.66,0.2239,529.0
1.0,0.0,1.0,21.0,0.0,5.0,1.0,1.0,0.08,0.0758,0.38,0.2836,41.0
3.0,1.0,7.0,14.0,0.0,2.0,1.0,1.0,0.9,0.7727,0.25,0.194,310.0
3.0,0.0,9.0,5.0,0.0,5.0,1.0,1.0,0.38,0.3939,0.76,0.194,32.0
4.0,1.0,11.0,10.0,0.0,6.0,0.0,1.0,0.4,0.4091,0.58,0.0,350.0
1.0,0.0,3.0,14.0,0.0,0.0,0.0,1.0,0.4,0.4091,0.3,0.0,279.0
2.0,1.0,5.0,5.0,0.0,4.0,1.0,1.0,0.56,0.5303,0.68,0.3284,35.0
1.0,0.0,2.0,6.0,0.0,2.0,1.0,2.0,0.12,0.1212,0.8,0.2836,7.0
4.0,0.0,10.0,7.0,0.0,4.0,1.0,1.0,0.42,0.4242,0.77,0.4478,318.0
3.0,0.0,9.0,6.0,0.0,1.0,1.0,1.0,0.5,0.4848,0.77,0.2239,113.0
2.0,1.0,3.0,10.0,0.0,1.0,1.0,1.0,0.5,0.4848,0.36,0.5821,153.0
2.0,0.0,4.0,14.0,1.0,5.0,0.0,1.0,0.54,0.5152,0.52,0.2537,163.0
2.0,0.0,5.0,18.0,0.0,6.0,0.0,1.0,0.58,0.5455,0.37,0.1642,289.0
3.0,0.0,6.0,13.0,0.0,4.0,1.0,2.0,0.76,0.7121,0.62,0.2836,186.0
2.0,1.0,5.0,7.0,0.0,0.0,0.0,1.0,0.52,0.5,0.68,0.1642,60.0
3.0,1.0,8.0,10.0,0.0,0.0,0.0,1.0,0.74,0.697,0.66,0.3881,385.0
3.0,0.0,7.0,8.0,0.0,6.0,0.0,1.0,0.84,0.7879,0.49,0.2537,109.0
2.0,0.0,4.0,18.0,1.0,5.0,0.0,2.0,0.46,0.4545,0.67,0.3881,263.0
4.0,1.0,10.0,6.0,0.0,4.0,1.0,1.0,0.36,0.3485,0.5,0.1642,159.0
3.0,0.0,8.0,10.0,0.0,3.0,1.0,1.0,0.8,0.7273,0.43,0.2239,113.0
2.0,1.0,4.0,8.0,0.0,2.0,1.0,1.0,0.6,0.6212,0.43,0.2239,673.0
2.0,0.0,5.0,4.0,0.0,3.0,1.0,2.0,0.48,0.4697,0.88,0.1343,2.0
4.0,1.0,12.0,11.0,0.0,5.0,1.0,2.0,0.32,0.3182,0.76,0.194,203.0
4.0,0.0,11.0,5.0,0.0,1.0,1.0,2.0,0.44,0.4394,1.0,0.0,20.0
1.0,0.0,2.0,11.0,0.0,0.0,0.0,1.0,0.32,0.2879,0.39,0.4478,112.0
1.0,0.0,12.0,12.0,0.0,6.0,0.0,1.0,0.34,0.3182,0.39,0.2836,94.0
1.0,1.0,2.0,14.0,0.0,2.0,1.0,1.0,0.4,0.4091,0.28,0.1045,134.0
1.0,1.0,3.0,18.0,0.0,2.0,1.0,1.0,0.7,0.6364,0.34,0.2985,734.0
4.0,1.0,11.0,21.0,1.0,4.0,0.0,1.0,0.34,0.3485,0.61,0.0896,46.0
4.0,0.0,10.0,3.0,0.0,6.0,0.0,3.0,0.3,0.2727,0.81,0.4179,8.0
2.0,0.0,4.0,8.0,0.0,4.0,1.0,2.0,0.66,0.6061,0.78,0.4478,398.0
2.0,0.0,4.0,5.0,0.0,4.0,1.0,2.0,0.62,0.5758,0.83,0.3881,13.0
4.0,0.0,12.0,8.0,0.0,5.0,1.0,1.0,0.36,0.3333,0.46,0.4179,459.0
3.0,0.0,8.0,17.0,0.0,2.0,1.0,2.0,0.9,0.7879,0.27,0.1343,556.0
3.0,0.0,8.0,5.0,0.0,6.0,0.0,1.0,0.6,0.5606,0.83,0.0,8.0
1.0,0.0,2.0,8.0,0.0,0.0,0.0,1.0,0.2,0.2273,0.51,0.1045,24.0
4.0,0.0,11.0,1.0,0.0,1.0,1.0,1.0,0.46,0.4545,0.77,0.2985,13.0
2.0,0.0,5.0,15.0,0.0,4.0,1.0,1.0,0.56,0.5303,0.26,0.4925,147.0
2.0,1.0,6.0,0.0,0.0,0.0,0.0,1.0,0.66,0.6212,0.69,0.1045,158.0
2.0,1.0,5.0,6.0,0.0,5.0,1.0,1.0,0.42,0.4242,0.5,0.2537,135.0
4.0,0.0,12.0,13.0,0.0,3.0,1.0,2.0,0.36,0.3636,0.57,0.1045,133.0
3.0,0.0,8.0,12.0,0.0,5.0,1.0,2.0,0.76,0.7273,0.66,0.1045,243.0
1.0,1.0,2.0,5.0,0.0,0.0,0.0,3.0,0.26,0.2576,0.81,0.194,4.0
2.0,1.0,5.0,17.0,0.0,0.0,0.0,2.0,0.62,0.6061,0.65,0.1343,511.0
3.0,1.0,7.0,14.0,0.0,6.0,0.0,1.0,0.8,0.7576,0.55,0.1045,632.0
4.0,1.0,11.0,15.0,0.0,2.0,1.0,1.0,0.4,0.4091,0.4,0.2985,217.0
3.0,0.0,9.0,10.0,1.0,1.0,0.0,2.0,0.7,0.6515,0.7,0.1642,244.0
4.0,0.0,11.0,8.0,0.0,5.0,1.0,1.0,0.26,0.2727,0.81,0.1343,74.0
1.0,0.0,1.0,5.0,0.0,2.0,1.0,1.0,0.14,0.1364,0.74,0.2239,9.0
3.0,0.0,7.0,15.0,0.0,0.0,0.0,1.0,0.84,0.803,0.53,0.2985,376.0
2.0,1.0,5.0,11.0,0.0,5.0,1.0,1.0,0.62,0.6212,0.43,0.0,334.0
4.0,1.0,11.0,15.0,0.0,3.0,1.0,1.0,0.36,0.3333,0.32,0.3284,179.0
3.0,1.0,7.0,22.0,0.0,4.0,1.0,1.0,0.72,0.6667,0.51,0.1642,318.0
2.0,1.0,5.0,4.0,0.0,1.0,1.0,3.0,0.56,0.5303,0.88,0.2985,7.0
4.0,1.0,12.0,6.0,0.0,2.0,1.0,2.0,0.34,0.303,0.71,0.2985,118.0
4.0,0.0,11.0,1.0,0.0,3.0,1.0,1.0,0.3,0.3333,0.87,0.0,10.0
1.0,0.0,2.0,7.0,0.0,1.0,1.0,2.0,0.36,0.3636,0.93,0.1045,92.0
4.0,1.0,9.0,4.0,0.0,5.0,1.0,3.0,0.56,0.5303,0.88,0.1045,12.0
3.0,0.0,7.0,1.0,0.0,1.0,1.0,1.0,0.7,0.6667,0.74,0.2239,25.0
1.0,0.0,2.0,4.0,1.0,1.0,0.0,1.0,0.32,0.3182,0.45,0.1642,1.0
4.0,0.0,12.0,8.0,0.0,4.0,1.0,1.0,0.22,0.2121,0.55,0.2836,429.0
2.0,1.0,4.0,13.0,0.0,5.0,1.0,1.0,0.44,0.4394,0.33,0.3284,411.0
2.0,0.0,4.0,20.0,0.0,6.0,0.0,2.0,0.38,0.3939,0.87,0.1642,93.0
3.0,1.0,7.0,0.0,0.0,3.0,1.0,1.0,0.76,0.7273,0.66,0.1642,53.0
3.0,1.0,8.0,9.0,0.0,4.0,1.0,1.0,0.72,0.6667,0.54,0.1045,337.0
2.0,0.0,4.0,17.0,0.0,2.0,1.0,1.0,0.56,0.5303,0.6,0.1045,411.0
1.0,0.0,2.0,11.0,0.0,0.0,0.0,2.0,0.3,0.303,0.33,0.1642,161.0
1.0,1.0,2.0,21.0,0.0,0.0,0.0,1.0,0.28,0.2879,0.56,0.1045,66.0
3.0,1.0,8.0,15.0,0.0,4.0,1.0,1.0,0.78,0.697,0.46,0.1343,305.0
3.0,1.0,7.0,17.0,0.0,0.0,0.0,1.0,0.8,0.7727,0.59,0.4925,436.0
2.0,0.0,5.0,3.0,0.0,6.0,0.0,1.0,0.48,0.4697,0.82,0.1045,19.0
3.0,0.0,9.0,23.0,0.0,1.0,1.0,2.0,0.56,0.5303,0.73,0.194,68.0
2.0,1.0,5.0,4.0,1.0,1.0,0.0,1.0,0.6,0.5758,0.78,0.1343,6.0
4.0,0.0,12.0,5.0,0.0,2.0,1.0,1.0,0.18,0.2424,0.86,0.0,20.0
3.0,1.0,8.0,13.0,0.0,4.0,1.0,1.0,0.8,0.697,0.31,0.2239,300.0
1.0,0.0,1.0,7.0,0.0,6.0,0.0,1.0,0.2,0.2576,0.86,0.0,3.0
1.0,1.0,2.0,9.0,0.0,6.0,0.0,1.0,0.22,0.2424,0.8,0.1045,138.0
4.0,0.0,12.0,3.0,0.0,3.0,1.0,1.0,0.28,0.3182,0.65,0.0,3.0
3.0,0.0,6.0,10.0,0.0,4.0,1.0,1.0,0.72,0.6515,0.42,0.194,132.0
2.0,1.0,6.0,2.0,0.0,5.0,1.0,1.0,0.56,0.5303,0.83,0.1045,15.0
3.0,1.0,7.0,23.0,0.0,0.0,0.0,1.0,0.68,0.6364,0.79,0.1642,123.0
2.0,0.0,3.0,21.0,0.0,3.0,1.0,2.0,0.24,0.2273,0.93,0.2537,27.0
1.0,0.0,3.0,14.0,0.0,5.0,1.0,1.0,0.36,0.3333,0.4,0.2836,95.0
4.0,1.0,9.0,11.0,0.0,5.0,1.0,2.0,0.66,0.6212,0.69,0.0,361.0
1.0,0.0,1.0,18.0,0.0,4.0,1.0,2.0,0.26,0.2576,0.56,0.194,185.0
2.0,0.0,4.0,17.0,0.0,5.0,1.0,3.0,0.32,0.303,0.93,0.2239,69.0
2.0,0.0,6.0,23.0,0.0,5.0,1.0,1.0,0.62,0.5758,0.83,0.1343,178.0
4.0,0.0,10.0,1.0,0.0,0.0,0.0,3.0,0.34,0.3182,0.87,0.2537,24.0
1.0,1.0,1.0,16.0,0.0,3.0,1.0,2.0,0.18,0.1667,0.4,0.2836,131.0
3.0,0.0,6.0,23.0,0.0,4.0,1.0,1.0,0.7,0.6667,0.74,0.2836,105.0
2.0,0.0,5.0,5.0,0.0,1.0,1.0,2.0,0.44,0.4394,0.77,0.1343,20.0
2.0,0.0,3.0,7.0,0.0,2.0,1.0,2.0,0.4,0.4091,0.76,0.1045,136.0
3.0,1.0,9.0,6.0,0.0,2.0,1.0,2.0,0.64,0.5758,0.89,0.3284,167.0
2.0,1.0,6.0,5.0,0.0,2.0,1.0,3.0,0.6,0.5455,0.88,0.1343,29.0
3.0,0.0,6.0,20.0,0.0,5.0,1.0,1.0,0.72,0.6515,0.45,0.1642,288.0
2.0,1.0,6.0,0.0,0.0,2.0,1.0,2.0,0.6,0.5758,0.78,0.1642,35.0
3.0,0.0,8.0,9.0,0.0,3.0,1.0,2.0,0.74,0.6818,0.55,0.194,195.0
4.0,1.0,10.0,2.0,0.0,6.0,0.0,1.0,0.56,0.5303,0.78,0.194,75.0
2.0,1.0,3.0,22.0,0.0,1.0,1.0,1.0,0.36,0.3333,0.25,0.3582,93.0
3.0,0.0,7.0,4.0,0.0,5.0,1.0,1.0,0.7,0.6667,0.79,0.2537,11.0
2.0,0.0,5.0,3.0,0.0,2.0,1.0,2.0,0.58,0.5455,0.94,0.1045,2.0
3.0,1.0,9.0,2.0,0.0,6.0,0.0,1.0,0.66,0.5909,0.89,0.3284,77.0
1.0,0.0,3.0,2.0,0.0,5.0,1.0,2.0,0.18,0.1818,0.64,0.194,2.0
2.0,0.0,4.0,8.0,0.0,6.0,0.0,2.0,0.32,0.303,0.93,0.1642,54.0
1.0,1.0,1.0,2.0,0.0,0.0,0.0,1.0,0.28,0.2576,0.26,0.3284,51.0
3.0,1.0,7.0,12.0,0.0,4.0,1.0,1.0,0.84,0.8182,0.56,0.2537,279.0
3.0,1.0,7.0,12.0,0.0,2.0,1.0,2.0,0.82,0.7879,0.56,0.2239,229.0
3.0,1.0,8.0,9.0,0.0,6.0,0.0,1.0,0.66,0.6212,0.65,0.2836,292.0
1.0,1.0,1.0,16.0,0.0,0.0,0.0,1.0,0.4,0.4091,0.37,0.2985,314.0
3.0,0.0,8.0,3.0,0.0,5.0,1.0,1.0,0.64,0.5909,0.78,0.0,3.0
2.0,1.0,5.0,10.0,0.0,6.0,0.0,1.0,0.66,0.6212,0.65,0.1343,432.0
3.0,0.0,9.0,7.0,0.0,2.0,1.0,2.0,0.54,0.5152,0.83,0.3582,172.0
2.0,1.0,5.0,21.0,0.0,3.0,1.0,3.0,0.5,0.4848,0.82,0.1642,34.0
4.0,0.0,10.0,2.0,0.0,3.0,1.0,2.0,0.52,0.5,0.77,0.194,7.0
4.0,1.0,12.0,22.0,0.0,3.0,1.0,1.0,0.34,0.3485,0.61,0.0896,129.0
4.0,1.0,10.0,12.0,0.0,1.0,1.0,2.0,0.6,0.6212,0.43,0.1642,323.0
2.0,0.0,4.0,6.0,0.0,1.0,1.0,2.0,0.46,0.4545,1.0,0.2239,61.0
2.0,0.0,5.0,4.0,0.0,3.0,1.0,3.0,0.38,0.3939,0.94,0.3284,3.0
4.0,1.0,9.0,9.0,0.0,3.0,1.0,1.0,0.6,0.6061,0.64,0.194,334.0
3.0,0.0,8.0,16.0,0.0,2.0,1.0,1.0,0.9,0.7727,0.25,0.2836,274.0
4.0,0.0,12.0,21.0,0.0,0.0,0.0,1.0,0.36,0.3636,0.81,0.1045,72.0
1.0,1.0,12.0,11.0,0.0,3.0,1.0,3.0,0.2,0.1667,0.86,0.4627,10.0
4.0,1.0,11.0,17.0,0.0,4.0,1.0,1.0,0.4,0.4091,0.2,0.2985,592.0
1.0,0.0,1.0,3.0,0.0,6.0,0.0,2.0,0.04,0.0303,0.41,0.2836,7.0
2.0,0.0,3.0,14.0,0.0,3.0,1.0,2.0,0.36,0.3333,0.46,0.2985,80.0
3.0,1.0,9.0,3.0,0.0,4.0,1.0,1.0,0.7,0.6667,0.84,0.1045,9.0
4.0,1.0,11.0,20.0,1.0,1.0,0.0,2.0,0.52,0.5,0.77,0.2836,304.0
1.0,1.0,2.0,21.0,0.0,6.0,0.0,1.0,0.14,0.0758,0.43,0.6418,48.0
3.0,1.0,7.0,6.0,0.0,6.0,0.0,2.0,0.64,0.5909,0.78,0.0896,35.0
1.0,1.0,12.0,8.0,0.0,6.0,0.0,2.0,0.26,0.2424,0.81,0.0,44.0
2.0,1.0,4.0,17.0,0.0,0.0,0.0,3.0,0.36,0.3182,0.93,0.4478,27.0
4.0,1.0,9.0,12.0,0.0,0.0,0.0,1.0,0.56,0.5303,0.43,0.1045,776.0
2.0,1.0,6.0,5.0,0.0,1.0,1.0,1.0,0.64,0.5909,0.78,0.1343,37.0
2.0,0.0,4.0,10.0,0.0,0.0,0.0,2.0,0.4,0.4091,0.87,0.0,150.0
2.0,0.0,5.0,9.0,0.0,0.0,0.0,1.0,0.58,0.5455,0.83,0.2537,134.0
1.0,0.0,1.0,10.0,0.0,2.0,1.0,2.0,0.2,0.2121,0.51,0.1642,54.0
3.0,1.0,8.0,17.0,0.0,3.0,1.0,2.0,0.8,0.7576,0.55,0.2836,858.0
3.0,0.0,7.0,16.0,0.0,2.0,1.0,1.0,0.86,0.7576,0.36,0.2836,254.0
4.0,0.0,9.0,13.0,0.0,1.0,1.0,2.0,0.7,0.6667,0.74,0.1642,187.0
4.0,0.0,11.0,7.0,0.0,3.0,1.0,1.0,0.3,0.3333,0.87,0.0,300.0
2.0,0.0,5.0,13.0,0.0,4.0,1.0,1.0,0.82,0.7727,0.52,0.2836,197.0
1.0,1.0,2.0,18.0,0.0,3.0,1.0,2.0,0.48,0.4697,0.41,0.3284,525.0
1.0,0.0,1.0,8.0,0.0,3.0,1.0,2.0,0.24,0.2576,0.93,0.1045,197.0
3.0,0.0,7.0,9.0,0.0,6.0,0.0,1.0,0.84,0.7879,0.49,0.1642,132.0
1.0,0.0,2.0,10.0,1.0,1.0,0.0,2.0,0.32,0.303,0.57,0.2537,81.0
2.0,0.0,4.0,22.0,0.0,3.0,1.0,1.0,0.46,0.4545,0.41,0.2836,84.0
3.0,1.0,7.0,7.0,0.0,6.0,0.0,1.0,0.72,0.6818,0.7,0.1343,76.0
2.0,1.0,3.0,7.0,0.0,4.0,1.0,1.0,0.46,0.4545,0.51,0.3582,367.0
4.0,1.0,11.0,15.0,0.0,1.0,1.0,1.0,0.44,0.4394,0.54,0.194,257.0
1.0,0.0,2.0,14.0,0.0,4.0,1.0,2.0,0.4,0.4091,0.5,0.2985,69.0
4.0,0.0,10.0,9.0,0.0,1.0,1.0,2.0,0.5,0.4848,0.45,0.2836,206.0
3.0,1.0,8.0,3.0,0.0,5.0,1.0,1.0,0.66,0.5909,0.89,0.1045,5.0
1.0,1.0,1.0,19.0,0.0,3.0,1.0,2.0,0.2,0.2273,0.4,0.1045,184.0
3.0,1.0,9.0,13.0,0.0,6.0,0.0,1.0,0.68,0.6364,0.36,0.194,704.0
4.0,0.0,11.0,5.0,0.0,6.0,0.0,1.0,0.26,0.2273,0.6,0.3284,2.0
4.0,1.0,9.0,11.0,0.0,6.0,0.0,1.0,0.56,0.5303,0.52,0.2836,663.0
4.0,1.0,9.0,18.0,0.0,3.0,1.0,1.0,0.74,0.6667,0.48,0.2239,884.0
4.0,0.0,12.0,18.0,0.0,2.0,1.0,1.0,0.34,0.3182,0.42,0.2239,382.0
2.0,0.0,6.0,11.0,0.0,1.0,1.0,1.0,0.66,0.6212,0.41,0.2985,159.0
3.0,1.0,9.0,5.0,0.0,6.0,0.0,1.0,0.56,0.5303,0.83,0.3284,17.0
1.0,1.0,3.0,10.0,0.0,5.0,1.0,2.0,0.4,0.4091,0.87,0.0896,180.0
3.0,0.0,9.0,13.0,0.0,6.0,0.0,1.0,0.7,0.6515,0.65,0.2239,353.0
3.0,0.0,6.0,3.0,0.0,2.0,1.0,2.0,0.66,0.6212,0.74,0.0,2.0
3.0,1.0,7.0,19.0,0.0,6.0,0.0,1.0,0.92,0.8333,0.33,0.1343,287.0
4.0,0.0,11.0,23.0,0.0,6.0,0.0,1.0,0.36,0.3788,0.81,0.0,69.0
4.0,0.0,11.0,22.0,0.0,3.0,1.0,3.0,0.42,0.4242,0.88,0.2239,46.0
3.0,0.0,6.0,13.0,0.0,1.0,1.0,2.0,0.72,0.6667,0.58,0.2239,164.0
3.0,1.0,7.0,9.0,0.0,6.0,0.0,2.0,0.58,0.5455,0.83,0.194,207.0
3.0,1.0,7.0,0.0,0.0,6.0,0.0,1.0,0.74,0.6818,0.62,0.1343,191.0
4.0,1.0,11.0,2.0,0.0,6.0,0.0,1.0,0.26,0.2576,0.65,0.194,49.0
1.0,1.0,3.0,11.0,0.0,4.0,1.0,2.0,0.54,0.5152,0.6,0.4627,204.0
3.0,0.0,7.0,13.0,0.0,4.0,1.0,1.0,0.76,0.6667,0.33,0.3284,177.0
4.0,1.0,10.0,2.0,1.0,1.0,0.0,1.0,0.34,0.3333,0.81,0.194,15.0
3.0,1.0,6.0,7.0,0.0,3.0,1.0,1.0,0.6,0.6212,0.43,0.3582,527.0
1.0,0.0,3.0,8.0,0.0,3.0,1.0,2.0,0.32,0.3182,0.93,0.0,253.0
4.0,0.0,9.0,22.0,0.0,5.0,1.0,1.0,0.6,0.5152,0.94,0.1642,157.0
3.0,1.0,7.0,6.0,0.0,5.0,1.0,2.0,0.66,0.5909,0.89,0.1642,126.0
4.0,0.0,11.0,1.0,0.0,0.0,0.0,1.0,0.26,0.303,0.81,0.0,115.0
4.0,1.0,11.0,18.0,0.0,0.0,0.0,1.0,0.26,0.2576,0.44,0.1642,141.0
4.0,0.0,10.0,6.0,0.0,6.0,0.0,3.0,0.26,0.2273,0.87,0.3582,5.0
2.0,0.0,6.0,20.0,0.0,4.0,1.0,1.0,0.62,0.5758,0.83,0.3284,201.0
1.0,0.0,1.0,5.0,0.0,1.0,1.0,1.0,0.1,0.1061,0.54,0.2537,3.0
4.0,1.0,10.0,20.0,0.0,0.0,0.0,1.0,0.4,0.4091,0.82,0.1343,116.0
2.0,1.0,6.0,12.0,0.0,5.0,1.0,1.0,0.72,0.6515,0.39,0.3284,369.0
1.0,0.0,2.0,11.0,0.0,4.0,1.0,2.0,0.44,0.4394,0.44,0.2537,90.0
3.0,1.0,9.0,23.0,0.0,1.0,1.0,3.0,0.6,0.5152,0.94,0.2537,70.0
3.0,0.0,9.0,1.0,0.0,1.0,1.0,2.0,0.52,0.5,0.72,0.1045,10.0
3.0,1.0,9.0,0.0,0.0,6.0,0.0,1.0,0.6,0.5606,0.83,0.1045,207.0
2.0,0.0,4.0,5.0,0.0,5.0,1.0,2.0,0.32,0.3182,0.87,0.194,9.0
4.0,1.0,11.0,3.0,0.0,3.0,1.0,2.0,0.28,0.2576,0.52,0.3284,11.0
4.0,0.0,10.0,10.0,0.0,3.0,1.0,3.0,0.52,0.5,0.88,0.4925,123.0
3.0,1.0,8.0,1.0,0.0,5.0,1.0,1.0,0.68,0.6364,0.83,0.1642,32.0
2.0,0.0,4.0,17.0,0.0,0.0,0.0,1.0,0.56,0.5303,0.3,0.4478,306.0
3.0,1.0,8.0,15.0,0.0,4.0,1.0,1.0,0.8,0.7273,0.46,0.1642,338.0
4.0,1.0,11.0,14.0,0.0,4.0,1.0,2.0,0.38,0.3939,0.54,0.1642,201.0
3.0,0.0,9.0,15.0,0.0,3.0,1.0,3.0,0.62,0.5455,0.94,0.1045,58.0
3.0,0.0,9.0,21.0,0.0,4.0,1.0,2.0,0.64,0.5758,0.89,0.0896,221.0
3.0,0.0,9.0,6.0,1.0,1.0,0.0,2.0,0.66,0.6212,0.74,0.1343,11.0
1.0,0.0,3.0,10.0,0.0,6.0,0.0,2.0,0.34,0.3333,0.93,0.194,103.0
2.0,1.0,5.0,18.0,0.0,2.0,1.0,2.0,0.64,0.6061,0.69,0.2836,710.0
3.0,1.0,7.0,18.0,0.0,3.0,1.0,2.0,0.76,0.7121,0.62,0.1343,643.0
1.0,0.0,3.0,11.0,0.0,1.0,1.0,1.0,0.36,0.3333,0.4,0.2537,71.0
3.0,1.0,6.0,3.0,0.0,6.0,0.0,2.0,0.64,0.5758,0.83,0.0896,42.0
3.0,1.0,7.0,21.0,0.0,5.0,1.0,1.0,0.78,0.7424,0.59,0.1045,260.0
3.0,0.0,9.0,0.0,0.0,2.0,1.0,1.0,0.6,0.5455,0.88,0.1045,26.0
1.0,0.0,12.0,21.0,0.0,6.0,0.0,1.0,0.26,0.2576,0.56,0.1642,19.0
4.0,0.0,11.0,7.0,0.0,6.0,0.0,1.0,0.26,0.2424,0.6,0.2836,34.0
1.0,1.0,12.0,8.0,0.0,6.0,0.0,1.0,0.26,0.2121,0.44,0.6119,29.0
2.0,0.0,3.0,9.0,0.0,1.0,1.0,2.0,0.34,0.303,0.81,0.3284,127.0
4.0,0.0,10.0,18.0,0.0,6.0,0.0,1.0,0.54,0.5152,0.39,0.194,372.0
1.0,1.0,3.0,18.0,0.0,3.0,1.0,1.0,0.7,0.6364,0.32,0.0,749.0
2.0,0.0,5.0,13.0,0.0,2.0,1.0,1.0,0.9,0.8333,0.39,0.1642,147.0
2.0,1.0,5.0,20.0,0.0,3.0,1.0,2.0,0.54,0.5152,0.6,0.1343,431.0
3.0,1.0,6.0,11.0,0.0,1.0,1.0,1.0,0.8,0.7273,0.43,0.3284,181.0
1.0,1.0,2.0,5.0,0.0,1.0,1.0,1.0,0.18,0.2121,0.8,0.1045,17.0
4.0,1.0,10.0,11.0,0.0,0.0,0.0,1.0,0.56,0.5303,0.52,0.2985,494.0
1.0,1.0,2.0,4.0,0.0,5.0,1.0,2.0,0.28,0.2727,0.93,0.194,1.0
3.0,0.0,8.0,5.0,0.0,1.0,1.0,1.0,0.66,0.6212,0.65,0.3582,24.0
2.0,1.0,4.0,2.0,0.0,6.0,0.0,1.0,0.38,0.3939,0.66,0.1343,56.0
4.0,1.0,11.0,10.0,0.0,4.0,1.0,3.0,0.36,0.3485,0.62,0.194,146.0
4.0,0.0,12.0,17.0,0.0,2.0,1.0,1.0,0.4,0.4091,0.62,0.1642,431.0
2.0,1.0,6.0,15.0,0.0,4.0,1.0,1.0,0.74,0.6667,0.48,0.2985,324.0
3.0,0.0,7.0,20.0,0.0,2.0,1.0,1.0,0.74,0.7273,0.74,0.0896,277.0
2.0,0.0,5.0,4.0,0.0,2.0,1.0,1.0,0.52,0.5,0.88,0.2239,4.0
1.0,1.0,1.0,10.0,0.0,5.0,1.0,3.0,0.48,0.4697,1.0,0.1642,126.0
3.0,0.0,8.0,10.0,0.0,2.0,1.0,1.0,0.82,0.7273,0.36,0.2985,140.0
2.0,1.0,5.0,2.0,0.0,4.0,1.0,2.0,0.46,0.4545,0.88,0.1343,17.0
4.0,1.0,10.0,15.0,0.0,2.0,1.0,1.0,0.54,0.5152,0.41,0.3284,346.0
2.0,0.0,5.0,22.0,0.0,1.0,1.0,1.0,0.52,0.5,0.68,0.0896,116.0
1.0,0.0,3.0,15.0,0.0,0.0,0.0,3.0,0.44,0.4394,1.0,0.2239,7.0
2.0,0.0,4.0,13.0,0.0,2.0,1.0,2.0,0.54,0.5152,0.68,0.2239,129.0
1.0,0.0,1.0,20.0,0.0,1.0,1.0,1.0,0.16,0.1667,0.5,0.1642,74.0
2.0,1.0,4.0,17.0,0.0,5.0,1.0,1.0,0.52,0.5,0.23,0.4179,655.0
4.0,0.0,10.0,15.0,0.0,5.0,1.0,1.0,0.5,0.4848,0.45,0.2836,235.0
1.0,0.0,2.0,16.0,0.0,6.0,0.0,1.0,0.34,0.303,0.29,0.4179,145.0
2.0,0.0,3.0,15.0,0.0,2.0,1.0,1.0,0.5,0.4848,0.42,0.2239,134.0
2.0,0.0,4.0,15.0,0.0,0.0,0.0,1.0,0.5,0.4848,0.77,0.2239,297.0
3.0,0.0,7.0,1.0,0.0,3.0,1.0,1.0,0.7,0.6667,0.84,0.0,11.0
3.0,1.0,8.0,21.0,0.0,0.0,0.0,1.0,0.72,0.697,0.79,0.1045,208.0
1.0,1.0,2.0,2.0,0.0,0.0,0.0,1.0,0.24,0.2121,0.44,0.3284,42.0
1.0,0.0,1.0,2.0,0.0,0.0,0.0,1.0,0.02,0.0606,0.62,0.1343,18.0
4.0,1.0,11.0,5.0,0.0,3.0,1.0,2.0,0.26,0.2727,0.7,0.1343,39.0
3.0,1.0,6.0,23.0,0.0,4.0,1.0,1.0,0.8,0.7727,0.59,0.0896,146.0
2.0,1.0,6.0,13.0,0.0,2.0,1.0,3.0,0.66,0.6061,0.83,0.194,59.0
3.0,1.0,9.0,17.0,0.0,6.0,0.0,2.0,0.66,0.6212,0.36,0.2537,729.0
4.0,0.0,11.0,15.0,0.0,3.0,1.0,1.0,0.36,0.3333,0.46,0.3284,115.0
4.0,0.0,12.0,1.0,0.0,3.0,1.0,1.0,0.26,0.303,0.75,0.0,8.0
1.0,0.0,3.0,23.0,0.0,0.0,0.0,3.0,0.34,0.303,0.61,0.3881,24.0
1.0,0.0,1.0,22.0,0.0,3.0,1.0,1.0,0.3,0.303,0.52,0.1642,59.0
1.0,1.0,1.0,11.0,0.0,0.0,0.0,1.0,0.28,0.2727,0.28,0.2239,255.0
1.0,0.0,2.0,8.0,0.0,4.0,1.0,1.0,0.1,0.0758,0.49,0.3284,178.0
3.0,0.0,9.0,22.0,0.0,4.0,1.0,2.0,0.66,0.6212,0.57,0.2239,179.0
2.0,1.0,4.0,6.0,0.0,4.0,1.0,2.0,0.48,0.4697,0.63,0.2537,127.0
2.0,1.0,4.0,13.0,0.0,1.0,1.0,2.0,0.48,0.4697,0.51,0.0896,247.0
3.0,0.0,7.0,2.0,0.0,6.0,0.0,1.0,0.64,0.5758,0.89,0.1642,55.0
4.0,1.0,10.0,3.0,0.0,3.0,1.0,2.0,0.46,0.4545,0.88,0.0,6.0
3.0,1.0,8.0,8.0,0.0,6.0,0.0,1.0,0.66,0.6061,0.83,0.1045,162.0
1.0,1.0,1.0,10.0,0.0,5.0,1.0,1.0,0.24,0.197,0.44,0.4478,103.0
1.0,1.0,2.0,3.0,0.0,0.0,0.0,2.0,0.3,0.2879,0.36,0.2239,15.0
2.0,1.0,6.0,7.0,0.0,0.0,0.0,1.0,0.52,0.5,0.72,0.0896,48.0
2.0,1.0,5.0,5.0,0.0,0.0,0.0,1.0,0.52,0.5,0.72,0.194,12.0
1.0,0.0,3.0,22.0,0.0,2.0,1.0,2.0,0.32,0.3182,0.87,0.1642,21.0
1.0,0.0,2.0,22.0,0.0,0.0,0.0,1.0,0.26,0.303,0.6,0.0,62.0
2.0,0.0,3.0,11.0,0.0,3.0,1.0,2.0,0.34,0.3333,0.87,0.194,71.0
3.0,1.0,8.0,9.0,0.0,1.0,1.0,2.0,0.64,0.6061,0.69,0.0,357.0
3.0,1.0,9.0,1.0,0.0,5.0,1.0,1.0,0.56,0.5303,0.73,0.0896,41.0
4.0,0.0,10.0,17.0,0.0,6.0,0.0,3.0,0.4,0.4091,0.76,0.194,228.0
3.0,1.0,7.0,20.0,1.0,3.0,0.0,1.0,0.86,0.803,0.47,0.2239,551.0
2.0,1.0,6.0,6.0,0.0,6.0,0.0,2.0,0.5,0.4848,0.77,0.194,36.0
4.0,1.0,12.0,12.0,0.0,6.0,0.0,2.0,0.32,0.3333,0.81,0.0896,446.0
2.0,1.0,5.0,22.0,0.0,2.0,1.0,1.0,0.64,0.6061,0.65,0.0,211.0
2.0,0.0,5.0,15.0,0.0,1.0,1.0,1.0,0.72,0.6667,0.51,0.0,165.0
3.0,1.0,7.0,14.0,0.0,0.0,0.0,1.0,0.9,0.8182,0.37,0.2537,476.0
3.0,1.0,9.0,20.0,0.0,0.0,0.0,1.0,0.62,0.6212,0.41,0.2836,356.0
4.0,0.0,10.0,23.0,0.0,4.0,1.0,2.0,0.58,0.5455,0.88,0.194,47.0
3.0,0.0,6.0,11.0,0.0,2.0,1.0,1.0,0.66,0.6061,0.83,0.1642,171.0
4.0,0.0,10.0,14.0,0.0,1.0,1.0,2.0,0.44,0.4394,0.47,0.2239,141.0
3.0,1.0,7.0,18.0,0.0,6.0,0.0,1.0,0.72,0.697,0.79,0.1343,351.0
4.0,1.0,10.0,12.0,0.0,4.0,1.0,2.0,0.56,0.5303,0.78,0.1045,319.0
3.0,1.0,8.0,19.0,0.0,3.0,1.0,2.0,0.66,0.6212,0.74,0.0,580.0
1.0,1.0,3.0,17.0,0.0,6.0,0.0,1.0,0.36,0.3788,0.23,0.0,354.0
3.0,1.0,8.0,7.0,0.0,4.0,1.0,2.0,0.7,0.6667,0.84,0.1642,475.0
1.0,0.0,1.0,21.0,0.0,0.0,0.0,1.0,0.26,0.2273,0.44,0.3284,31.0
3.0,1.0,7.0,11.0,0.0,1.0,1.0,1.0,0.84,0.7273,0.28,0.2985,201.0
4.0,1.0,10.0,12.0,0.0,6.0,0.0,1.0,0.7,0.6515,0.54,0.1045,743.0
1.0,0.0,12.0,0.0,1.0,1.0,0.0,1.0,0.22,0.2273,0.75,0.1642,11.0
3.0,1.0,7.0,9.0,0.0,6.0,0.0,1.0,0.84,0.8333,0.59,0.1642,256.0
3.0,1.0,7.0,11.0,0.0,6.0,0.0,2.0,0.72,0.6818,0.7,0.1045,439.0
4.0,1.0,10.0,8.0,0.0,5.0,1.0,1.0,0.42,0.4242,0.71,0.0896,745.0
2.0,0.0,5.0,16.0,0.0,5.0,1.0,2.0,0.76,0.697,0.55,0.3881,419.0
4.0,1.0,11.0,3.0,0.0,5.0,1.0,1.0,0.3,0.303,0.7,0.1642,3.0
3.0,1.0,9.0,7.0,0.0,1.0,1.0,1.0,0.52,0.5,0.77,0.0,492.0
2.0,1.0,5.0,23.0,0.0,5.0,1.0,1.0,0.6,0.5606,0.83,0.0896,256.0
4.0,1.0,12.0,21.0,0.0,3.0,1.0,2.0,0.3,0.2879,0.52,0.2537,202.0
1.0,1.0,1.0,9.0,0.0,5.0,1.0,1.0,0.22,0.197,0.47,0.3881,214.0
3.0,1.0,7.0,4.0,0.0,6.0,0.0,3.0,0.66,0.6212,0.61,0.1045,9.0
4.0,1.0,11.0,19.0,0.0,0.0,0.0,1.0,0.36,0.3333,0.43,0.2537,227.0
1.0,1.0,1.0,2.0,0.0,2.0,1.0,3.0,0.28,0.2727,0.75,0.2537,12.0
3.0,1.0,6.0,20.0,0.0,5.0,1.0,1.0,0.92,0.8939,0.42,0.2537,308.0
4.0,0.0,9.0,18.0,0.0,2.0,1.0,2.0,0.64,0.5758,0.89,0.2239,356.0
3.0,1.0,7.0,15.0,0.0,4.0,1.0,1.0,0.92,0.8333,0.33,0.3582,254.0
1.0,1.0,2.0,15.0,1.0,1.0,0.0,1.0,0.34,0.3182,0.34,0.2239,289.0
4.0,0.0,10.0,23.0,0.0,5.0,1.0,1.0,0.46,0.4545,0.59,0.1642,95.0
2.0,1.0,5.0,19.0,0.0,0.0,0.0,1.0,0.66,0.6212,0.61,0.4179,402.0
3.0,1.0,9.0,19.0,0.0,6.0,0.0,1.0,0.62,0.6212,0.41,0.1642,478.0
1.0,1.0,2.0,19.0,0.0,3.0,1.0,1.0,0.38,0.3939,0.43,0.1642,311.0
4.0,1.0,11.0,1.0,0.0,3.0,1.0,1.0,0.24,0.2121,0.6,0.2985,12.0
3.0,0.0,8.0,17.0,0.0,6.0,0.0,3.0,0.74,0.7121,0.79,0.1642,149.0
2.0,0.0,4.0,13.0,0.0,0.0,0.0,1.0,0.5,0.4848,0.34,0.3881,343.0
4.0,1.0,10.0,12.0,0.0,3.0,1.0,2.0,0.52,0.5,0.48,0.1642,332.0
4.0,1.0,10.0,0.0,0.0,4.0,1.0,3.0,0.64,0.5758,0.89,0.0,76.0
4.0,1.0,12.0,11.0,0.0,0.0,0.0,2.0,0.32,0.3182,0.81,0.1642,355.0
1.0,1.0,1.0,3.0,0.0,4.0,1.0,1.0,0.2,0.2576,0.61,0.0,4.0
1.0,0.0,1.0,1.0,0.0,1.0,1.0,1.0,0.04,0.0455,0.45,0.194,1.0
4.0,1.0,11.0,11.0,0.0,4.0,1.0,1.0,0.36,0.3333,0.29,0.3881,171.0
2.0,1.0,6.0,0.0,0.0,3.0,1.0,2.0,0.66,0.5909,0.94,0.194,34.0
4.0,1.0,11.0,22.0,0.0,0.0,0.0,1.0,0.24,0.2879,0.6,0.0,62.0
3.0,1.0,9.0,9.0,0.0,1.0,1.0,1.0,0.58,0.5455,0.68,0.1343,299.0
4.0,0.0,11.0,8.0,0.0,1.0,1.0,2.0,0.46,0.4545,0.94,0.0,391.0
4.0,0.0,10.0,20.0,0.0,5.0,1.0,3.0,0.34,0.3182,0.61,0.2239,143.0
2.0,1.0,4.0,8.0,0.0,4.0,1.0,2.0,0.42,0.4242,0.82,0.1045,677.0
3.0,0.0,9.0,18.0,0.0,5.0,1.0,2.0,0.68,0.6364,0.65,0.194,355.0
2.0,0.0,5.0,4.0,0.0,2.0,1.0,1.0,0.6,0.5455,0.88,0.1045,4.0
1.0,0.0,1.0,2.0,0.0,6.0,0.0,2.0,0.18,0.2424,0.55,0.0,16.0
2.0,0.0,5.0,17.0,0.0,5.0,1.0,1.0,0.62,0.6212,0.53,0.0,554.0
4.0,0.0,12.0,2.0,0.0,2.0,1.0,2.0,0.34,0.3636,0.61,0.0,11.0
1.0,0.0,3.0,15.0,0.0,4.0,1.0,1.0,0.52,0.5,0.42,0.2537,125.0
3.0,0.0,7.0,20.0,0.0,6.0,0.0,1.0,0.72,0.6667,0.51,0.2239,296.0
2.0,1.0,5.0,16.0,0.0,1.0,1.0,2.0,0.64,0.6061,0.73,0.2537,315.0
1.0,1.0,12.0,10.0,0.0,1.0,1.0,2.0,0.26,0.303,0.65,0.0,103.0
4.0,0.0,12.0,0.0,0.0,6.0,0.0,1.0,0.3,0.2879,0.56,0.2537,75.0
4.0,1.0,11.0,3.0,0.0,5.0,1.0,2.0,0.3,0.303,0.65,0.1343,6.0
3.0,0.0,9.0,23.0,0.0,5.0,1.0,1.0,0.62,0.5455,0.94,0.0896,148.0
1.0,0.0,3.0,10.0,0.0,5.0,1.0,1.0,0.24,0.2273,0.6,0.2537,66.0
3.0,1.0,7.0,18.0,0.0,0.0,0.0,1.0,0.88,0.7727,0.32,0.3582,370.0
1.0,1.0,1.0,14.0,0.0,2.0,1.0,1.0,0.36,0.3485,0.81,0.2239,173.0
2.0,0.0,4.0,12.0,0.0,4.0,1.0,2.0,0.46,0.4545,0.55,0.0,153.0
3.0,1.0,8.0,12.0,0.0,3.0,1.0,2.0,0.8,0.7424,0.52,0.0,280.0
3.0,0.0,9.0,1.0,1.0,1.0,0.0,2.0,0.68,0.6364,0.79,0.1045,54.0
1.0,1.0,2.0,14.0,0.0,5.0,1.0,1.0,0.36,0.3485,0.46,0.2239,170.0
1.0,0.0,1.0,7.0,0.0,3.0,1.0,3.0,0.22,0.2121,0.87,0.2985,30.0
4.0,0.0,11.0,1.0,0.0,0.0,0.0,1.0,0.4,0.4091,0.62,0.2537,84.0
1.0,1.0,3.0,1.0,0.0,3.0,1.0,1.0,0.3,0.2727,0.61,0.2985,5.0
1.0,0.0,2.0,11.0,0.0,2.0,1.0,1.0,0.16,0.2273,0.64,0.0,50.0
2.0,1.0,5.0,21.0,0.0,1.0,1.0,2.0,0.58,0.5455,0.83,0.0896,152.0
4.0,0.0,12.0,8.0,0.0,6.0,0.0,1.0,0.24,0.2576,0.75,0.0896,63.0
3.0,0.0,9.0,4.0,0.0,0.0,0.0,1.0,0.64,0.5758,0.83,0.1642,4.0
1.0,1.0,1.0,17.0,0.0,1.0,1.0,2.0,0.24,0.2576,0.96,0.1045,276.0
4.0,0.0,11.0,3.0,1.0,5.0,0.0,1.0,0.3,0.2879,0.61,0.194,6.0
4.0,0.0,11.0,14.0,0.0,3.0,1.0,2.0,0.46,0.4545,1.0,0.1343,61.0
1.0,0.0,1.0,4.0,0.0,2.0,1.0,1.0,0.14,0.1667,0.74,0.1045,1.0
4.0,0.0,12.0,0.0,0.0,0.0,0.0,1.0,0.2,0.2121,0.75,0.1343,71.0
2.0,1.0,5.0,16.0,1.0,1.0,0.0,1.0,0.82,0.7879,0.56,0.3284,501.0
3.0,1.0,6.0,20.0,0.0,6.0,0.0,1.0,0.82,0.7727,0.52,0.1642,292.0
2.0,1.0,4.0,18.0,0.0,1.0,1.0,1.0,0.54,0.5152,0.34,0.2985,646.0
2.0,1.0,4.0,2.0,0.0,5.0,1.0,1.0,0.44,0.4394,0.88,0.194,21.0
3.0,0.0,7.0,14.0,0.0,0.0,0.0,1.0,0.86,0.8182,0.5,0.2836,283.0
4.0,1.0,11.0,5.0,0.0,0.0,0.0,1.0,0.28,0.2879,0.81,0.1343,12.0
4.0,0.0,11.0,10.0,0.0,1.0,1.0,2.0,0.52,0.5,0.83,0.0,135.0
4.0,1.0,10.0,6.0,0.0,1.0,1.0,1.0,0.36,0.3636,0.76,0.0896,144.0
4.0,0.0,12.0,0.0,0.0,5.0,1.0,1.0,0.26,0.2879,0.7,0.0896,38.0
2.0,0.0,4.0,23.0,0.0,6.0,0.0,2.0,0.44,0.4394,0.77,0.2836,35.0
2.0,1.0,5.0,3.0,0.0,2.0,1.0,2.0,0.5,0.4848,0.77,0.0,3.0
1.0,0.0,1.0,21.0,0.0,6.0,0.0,1.0,0.12,0.1061,0.39,0.3582,37.0
3.0,1.0,7.0,20.0,0.0,2.0,1.0,3.0,0.76,0.697,0.55,0.4925,376.0
1.0,1.0,12.0,21.0,0.0,5.0,1.0,2.0,0.24,0.2424,0.7,0.1343,92.0
3.0,0.0,9.0,23.0,0.0,4.0,1.0,1.0,0.64,0.6061,0.65,0.2537,126.0
1.0,0.0,3.0,0.0,0.0,3.0,1.0,1.0,0.22,0.2273,0.69,0.1642,8.0
4.0,0.0,11.0,23.0,0.0,3.0,1.0,3.0,0.42,0.4242,0.88,0.1343,31.0
4.0,1.0,10.0,2.0,0.0,3.0,1.0,2.0,0.3,0.303,0.81,0.1343,7.0
2.0,1.0,4.0,21.0,0.0,1.0,1.0,2.0,0.32,0.303,0.81,0.2239,152.0
1.0,1.0,2.0,5.0,0.0,5.0,1.0,2.0,0.4,0.4091,0.87,0.194,26.0
2.0,0.0,4.0,0.0,0.0,6.0,0.0,2.0,0.3,0.3333,0.61,0.0,32.0
1.0,0.0,12.0,23.0,0.0,4.0,1.0,3.0,0.4,0.4091,0.87,0.0,11.0
4.0,1.0,12.0,2.0,0.0,3.0,1.0,1.0,0.28,0.303,0.65,0.0896,3.0
4.0,0.0,12.0,14.0,0.0,1.0,1.0,2.0,0.46,0.4545,0.67,0.0,133.0
4.0,1.0,12.0,21.0,0.0,6.0,0.0,2.0,0.3,0.3333,0.87,0.0,158.0
2.0,0.0,5.0,11.0,0.0,5.0,1.0,2.0,0.54,0.5152,0.49,0.3284,165.0
1.0,1.0,1.0,13.0,0.0,2.0,1.0,1.0,0.42,0.4242,0.38,0.2985,178.0
3.0,1.0,9.0,9.0,0.0,2.0,1.0,2.0,0.66,0.6061,0.83,0.5821,293.0
3.0,1.0,7.0,22.0,0.0,5.0,1.0,1.0,0.78,0.7424,0.59,0.1343,199.0
4.0,0.0,12.0,9.0,0.0,3.0,1.0,3.0,0.44,0.4394,1.0,0.2537,64.0
2.0,0.0,4.0,4.0,0.0,1.0,1.0,1.0,0.38,0.3939,0.71,0.2985,2.0
2.0,1.0,6.0,16.0,0.0,6.0,0.0,1.0,0.64,0.6212,0.38,0.2537,644.0
2.0,1.0,4.0,12.0,0.0,4.0,1.0,2.0,0.52,0.5,0.83,0.1343,204.0
1.0,1.0,3.0,8.0,0.0,6.0,0.0,2.0,0.42,0.4242,0.94,0.1045,218.0
2.0,1.0,5.0,8.0,0.0,4.0,1.0,1.0,0.46,0.4545,0.67,0.3582,630.0
3.0,0.0,7.0,15.0,0.0,0.0,0.0,1.0,0.9,0.8485,0.42,0.2537,238.0
4.0,0.0,11.0,19.0,0.0,2.0,1.0,2.0,0.4,0.4091,0.82,0.3284,250.0
3.0,0.0,6.0,20.0,0.0,3.0,1.0,1.0,0.74,0.6515,0.37,0.2985,333.0
4.0,1.0,11.0,19.0,0.0,1.0,1.0,1.0,0.34,0.3636,0.53,0.0,371.0
2.0,1.0,4.0,18.0,0.0,4.0,1.0,2.0,0.54,0.5152,0.77,0.194,664.0
2.0,1.0,6.0,0.0,0.0,6.0,0.0,1.0,0.64,0.6212,0.53,0.1045,206.0
1.0,0.0,2.0,22.0,0.0,3.0,1.0,1.0,0.22,0.2121,0.44,0.2537,40.0
2.0,1.0,5.0,16.0,0.0,6.0,0.0,2.0,0.68,0.6364,0.65,0.3881,540.0
4.0,1.0,11.0,1.0,0.0,2.0,1.0,2.0,0.32,0.3333,0.7,0.1343,6.0
2.0,1.0,6.0,17.0,0.0,2.0,1.0,2.0,0.66,0.5909,0.89,0.2836,681.0
2.0,0.0,6.0,10.0,0.0,5.0,1.0,1.0,0.78,0.7121,0.52,0.0,111.0
4.0,1.0,11.0,10.0,0.0,5.0,1.0,1.0,0.36,0.3333,0.5,0.3284,197.0
3.0,1.0,7.0,8.0,0.0,1.0,1.0,2.0,0.72,0.697,0.74,0.1045,751.0
4.0,1.0,10.0,15.0,1.0,1.0,0.0,3.0,0.42,0.4242,0.58,0.194,370.0
2.0,1.0,5.0,7.0,0.0,5.0,1.0,1.0,0.46,0.4545,0.82,0.1045,515.0
1.0,0.0,1.0,8.0,0.0,6.0,0.0,1.0,0.14,0.1515,0.63,0.1343,23.0
3.0,1.0,7.0,12.0,0.0,0.0,0.0,1.0,0.76,0.697,0.55,0.3284,511.0
1.0,0.0,12.0,9.0,0.0,6.0,0.0,1.0,0.3,0.2727,0.45,0.4179,56.0
3.0,1.0,9.0,22.0,0.0,3.0,1.0,1.0,0.56,0.5303,0.64,0.0896,212.0
2.0,1.0,6.0,20.0,0.0,4.0,1.0,1.0,0.66,0.6212,0.65,0.2537,435.0
3.0,0.0,7.0,11.0,0.0,2.0,1.0,1.0,0.82,0.7121,0.3,0.0,151.0
3.0,1.0,7.0,3.0,0.0,0.0,0.0,1.0,0.72,0.7121,0.84,0.1343,33.0
3.0,1.0,7.0,7.0,0.0,1.0,1.0,3.0,0.66,0.6061,0.83,0.2239,230.0
4.0,0.0,11.0,10.0,0.0,1.0,1.0,2.0,0.48,0.4697,0.77,0.1343,107.0
4.0,1.0,9.0,23.0,0.0,1.0,1.0,1.0,0.46,0.4545,0.63,0.1343,94.0
4.0,1.0,12.0,8.0,0.0,1.0,1.0,2.0,0.38,0.3939,0.87,0.1045,592.0
3.0,0.0,7.0,14.0,0.0,1.0,1.0,1.0,0.82,0.7879,0.56,0.3284,138.0
1.0,1.0,3.0,16.0,0.0,2.0,1.0,1.0,0.62,0.6061,0.66,0.2239,431.0
2.0,1.0,5.0,7.0,1.0,1.0,0.0,1.0,0.62,0.5909,0.78,0.1045,67.0
2.0,0.0,3.0,10.0,0.0,5.0,1.0,1.0,0.26,0.2576,0.48,0.0,68.0
3.0,1.0,8.0,17.0,0.0,2.0,1.0,1.0,0.74,0.6667,0.51,0.2836,878.0
1.0,0.0,2.0,21.0,0.0,0.0,0.0,2.0,0.32,0.3485,0.53,0.0,56.0
4.0,1.0,10.0,6.0,0.0,0.0,0.0,1.0,0.4,0.4091,0.62,0.0,26.0
1.0,1.0,1.0,4.0,0.0,0.0,0.0,3.0,0.16,0.1364,0.8,0.2836,2.0
3.0,0.0,8.0,10.0,0.0,0.0,0.0,1.0,0.74,0.7121,0.74,0.2537,274.0
1.0,0.0,2.0,7.0,0.0,1.0,1.0,1.0,0.18,0.2424,0.86,0.0,95.0
3.0,0.0,7.0,10.0,0.0,3.0,1.0,1.0,0.82,0.7576,0.46,0.194,113.0
4.0,0.0,9.0,10.0,0.0,4.0,1.0,1.0,0.64,0.6061,0.65,0.194,127.0
2.0,1.0,6.0,7.0,0.0,3.0,1.0,1.0,0.6,0.5606,0.83,0.2985,505.0
4.0,1.0,10.0,19.0,0.0,4.0,1.0,2.0,0.56,0.5303,0.68,0.2985,513.0
4.0,0.0,10.0,4.0,0.0,5.0,1.0,1.0,0.4,0.4091,0.87,0.1045,5.0
1.0,1.0,1.0,16.0,0.0,6.0,0.0,1.0,0.24,0.2273,0.38,0.2239,206.0
2.0,0.0,5.0,10.0,0.0,5.0,1.0,1.0,0.56,0.5303,0.64,0.194,148.0
4.0,0.0,11.0,6.0,0.0,4.0,1.0,2.0,0.36,0.3485,1.0,0.1343,114.0
2.0,1.0,6.0,21.0,0.0,3.0,1.0,1.0,0.54,0.5152,0.73,0.1642,298.0
4.0,0.0,12.0,15.0,0.0,6.0,0.0,1.0,0.34,0.303,0.34,0.3582,299.0
1.0,1.0,1.0,8.0,0.0,4.0,1.0,1.0,0.32,0.3182,0.81,0.194,508.0
2.0,0.0,5.0,13.0,0.0,4.0,1.0,1.0,0.54,0.5152,0.3,0.5821,192.0
2.0,1.0,4.0,8.0,0.0,0.0,0.0,1.0,0.4,0.4091,0.3,0.194,84.0
3.0,0.0,7.0,14.0,0.0,0.0,0.0,1.0,0.8,0.7424,0.49,0.3582,430.0
1.0,0.0,2.0,5.0,0.0,2.0,1.0,1.0,0.26,0.2273,0.81,0.3284,2.0
1.0,0.0,2.0,12.0,0.0,5.0,1.0,2.0,0.24,0.2424,0.48,0.1642,86.0
1.0,1.0,1.0,22.0,0.0,5.0,1.0,1.0,0.2,0.1818,0.47,0.3284,65.0
3.0,1.0,7.0,0.0,0.0,1.0,1.0,1.0,0.7,0.6667,0.74,0.0896,58.0
3.0,0.0,6.0,13.0,0.0,2.0,1.0,1.0,0.74,0.697,0.66,0.1642,207.0
3.0,1.0,7.0,9.0,0.0,1.0,1.0,1.0,0.78,0.697,0.46,0.2537,295.0
4.0,0.0,12.0,9.0,0.0,5.0,1.0,1.0,0.36,0.3333,0.46,0.3881,243.0
3.0,0.0,8.0,9.0,0.0,2.0,1.0,2.0,0.78,0.7424,0.62,0.1343,175.0
2.0,0.0,4.0,14.0,0.0,3.0,1.0,2.0,0.42,0.4242,0.77,0.2537,106.0
1.0,0.0,1.0,4.0,0.0,0.0,0.0,1.0,0.26,0.2576,0.56,0.1642,1.0
1.0,0.0,1.0,0.0,0.0,6.0,0.0,1.0,0.18,0.2424,0.55,0.0,28.0
4.0,1.0,11.0,10.0,0.0,2.0,1.0,2.0,0.4,0.4091,0.66,0.0896,176.0
3.0,0.0,9.0,19.0,0.0,2.0,1.0,1.0,0.58,0.5455,0.88,0.0,337.0
2.0,0.0,6.0,16.0,0.0,3.0,1.0,1.0,0.86,0.803,0.47,0.2985,266.0
3.0,0.0,7.0,16.0,0.0,6.0,0.0,1.0,0.82,0.7273,0.38,0.0,416.0
4.0,1.0,12.0,9.0,0.0,5.0,1.0,2.0,0.3,0.303,0.81,0.1343,301.0
4.0,0.0,10.0,9.0,0.0,3.0,1.0,1.0,0.54,0.5152,0.6,0.2985,219.0
2.0,0.0,5.0,7.0,0.0,3.0,1.0,3.0,0.34,0.303,0.93,0.3582,52.0
4.0,0.0,11.0,14.0,0.0,4.0,1.0,2.0,0.34,0.303,0.49,0.3881,110.0
1.0,1.0,3.0,18.0,0.0,4.0,1.0,1.0,0.54,0.5152,0.34,0.3582,525.0
3.0,0.0,9.0,13.0,1.0,1.0,0.0,2.0,0.74,0.697,0.7,0.1343,389.0
4.0,0.0,9.0,17.0,0.0,5.0,1.0,2.0,0.6,0.5,1.0,0.0,99.0
4.0,0.0,12.0,11.0,0.0,2.0,1.0,2.0,0.4,0.4091,0.62,0.1642,129.0
4.0,1.0,11.0,5.0,0.0,2.0,1.0,2.0,0.34,0.3182,0.87,0.2836,18.0
2.0,1.0,4.0,12.0,0.0,0.0,0.0,2.0,0.42,0.4242,0.67,0.2239,445.0
3.0,1.0,6.0,8.0,0.0,5.0,1.0,2.0,0.74,0.6818,0.55,0.1045,624.0
4.0,0.0,10.0,0.0,0.0,0.0,0.0,1.0,0.46,0.4545,0.44,0.1343,107.0
1.0,0.0,1.0,5.0,0.0,5.0,1.0,2.0,0.18,0.2121,0.8,0.1045,4.0
2.0,0.0,5.0,2.0,0.0,3.0,1.0,3.0,0.52,0.5,0.94,0.2239,6.0
1.0,1.0,3.0,7.0,0.0,5.0,1.0,1.0,0.3,0.3333,0.7,0.0,262.0
1.0,0.0,1.0,8.0,0.0,6.0,0.0,1.0,0.24,0.2879,0.75,0.0,8.0
4.0,0.0,12.0,8.0,0.0,1.0,1.0,1.0,0.32,0.3485,0.93,0.0,404.0
4.0,1.0,10.0,13.0,0.0,3.0,1.0,1.0,0.42,0.4242,0.5,0.2239,213.0
4.0,1.0,10.0,22.0,0.0,4.0,1.0,1.0,0.4,0.4091,0.66,0.1642,177.0
4.0,0.0,10.0,16.0,0.0,6.0,0.0,1.0,0.5,0.4848,0.45,0.194,359.0
2.0,0.0,5.0,16.0,0.0,3.0,1.0,1.0,0.66,0.6212,0.39,0.0,289.0
1.0,0.0,12.0,2.0,0.0,4.0,1.0,1.0,0.48,0.4697,0.82,0.1045,11.0
2.0,1.0,6.0,14.0,0.0,5.0,1.0,1.0,0.76,0.6667,0.31,0.3881,373.0
4.0,1.0,12.0,2.0,0.0,3.0,1.0,1.0,0.46,0.4545,0.67,0.1642,9.0
2.0,0.0,5.0,20.0,0.0,2.0,1.0,1.0,0.66,0.6212,0.61,0.194,290.0
2.0,1.0,4.0,6.0,0.0,6.0,0.0,1.0,0.34,0.3333,0.49,0.194,28.0
2.0,0.0,3.0,22.0,0.0,0.0,0.0,1.0,0.26,0.2576,0.41,0.1642,30.0
1.0,1.0,1.0,19.0,0.0,3.0,1.0,1.0,0.22,0.197,0.37,0.3881,256.0
2.0,1.0,5.0,0.0,0.0,2.0,1.0,2.0,0.5,0.4848,0.59,0.194,35.0
2.0,1.0,6.0,12.0,0.0,0.0,0.0,1.0,0.62,0.6212,0.57,0.0,615.0
3.0,0.0,7.0,14.0,0.0,0.0,0.0,1.0,0.9,0.7727,0.24,0.1642,326.0
4.0,0.0,11.0,18.0,0.0,2.0,1.0,1.0,0.48,0.4697,0.55,0.1343,462.0
3.0,1.0,9.0,17.0,0.0,3.0,1.0,1.0,0.76,0.7273,0.66,0.2537,863.0
4.0,1.0,11.0,11.0,0.0,2.0,1.0,1.0,0.32,0.303,0.7,0.2537,155.0
1.0,1.0,1.0,6.0,0.0,0.0,0.0,2.0,0.14,0.1212,0.5,0.2836,8.0
3.0,0.0,7.0,15.0,0.0,2.0,1.0,1.0,0.88,0.7576,0.28,0.3284,163.0
4.0,1.0,11.0,17.0,0.0,1.0,1.0,2.0,0.42,0.4242,0.58,0.194,619.0
1.0,0.0,12.0,10.0,1.0,1.0,0.0,1.0,0.34,0.2879,0.42,0.5224,70.0
1.0,1.0,2.0,12.0,0.0,4.0,1.0,1.0,0.42,0.4242,0.82,0.0,148.0
1.0,0.0,2.0,6.0,0.0,0.0,0.0,2.0,0.2,0.2121,0.69,0.1343,5.0
2.0,0.0,4.0,19.0,0.0,2.0,1.0,1.0,0.36,0.3333,0.43,0.2985,160.0
4.0,0.0,12.0,3.0,0.0,0.0,0.0,1.0,0.16,0.1818,0.59,0.1343,19.0
4.0,0.0,11.0,17.0,0.0,4.0,1.0,1.0,0.48,0.4697,0.55,0.0896,498.0
2.0,1.0,5.0,5.0,0.0,3.0,1.0,1.0,0.54,0.5152,0.9,0.1343,33.0
2.0,1.0,5.0,16.0,0.0,0.0,0.0,2.0,0.62,0.6061,0.61,0.0,544.0
2.0,0.0,5.0,9.0,0.0,5.0,1.0,1.0,0.46,0.4545,0.67,0.2836,188.0
3.0,1.0,6.0,8.0,0.0,5.0,1.0,1.0,0.76,0.697,0.55,0.1343,613.0
4.0,0.0,9.0,15.0,0.0,1.0,1.0,1.0,0.72,0.6818,0.62,0.1343,209.0
4.0,1.0,10.0,18.0,0.0,5.0,1.0,1.0,0.56,0.5303,0.83,0.1045,233.0
3.0,1.0,7.0,15.0,0.0,2.0,1.0,2.0,0.9,0.7727,0.24,0.0,401.0
2.0,0.0,4.0,19.0,0.0,1.0,1.0,1.0,0.7,0.6364,0.24,0.4627,278.0
1.0,0.0,2.0,10.0,0.0,5.0,1.0,2.0,0.2,0.2121,0.51,0.1343,51.0
3.0,0.0,9.0,4.0,0.0,2.0,1.0,2.0,0.54,0.5152,0.94,0.2985,4.0
4.0,0.0,10.0,21.0,0.0,6.0,0.0,1.0,0.5,0.4848,0.42,0.2239,168.0
1.0,1.0,3.0,3.0,0.0,6.0,0.0,2.0,0.36,0.3485,0.93,0.1642,21.0
1.0,1.0,3.0,18.0,0.0,2.0,1.0,1.0,0.34,0.303,0.42,0.3284,457.0
2.0,1.0,3.0,11.0,0.0,0.0,0.0,2.0,0.4,0.4091,0.94,0.2537,323.0
3.0,0.0,7.0,12.0,0.0,3.0,1.0,1.0,0.82,0.803,0.59,0.0,149.0
1.0,0.0,1.0,20.0,0.0,3.0,1.0,1.0,0.22,0.2273,0.47,0.1642,89.0
1.0,1.0,1.0,9.0,0.0,3.0,1.0,1.0,0.04,0.0606,0.45,0.1343,180.0
2.0,0.0,6.0,3.0,0.0,6.0,0.0,1.0,0.6,0.5455,0.88,0.0896,20.0
2.0,0.0,3.0,20.0,0.0,5.0,1.0,2.0,0.3,0.303,0.39,0.1343,81.0
3.0,0.0,7.0,13.0,0.0,5.0,1.0,1.0,0.7,0.6515,0.54,0.194,247.0
2.0,0.0,3.0,19.0,0.0,4.0,1.0,1.0,0.3,0.2727,0.56,0.3881,138.0
4.0,1.0,11.0,2.0,0.0,4.0,1.0,2.0,0.26,0.2576,0.7,0.1642,7.0
3.0,0.0,9.0,23.0,0.0,6.0,0.0,1.0,0.66,0.6212,0.85,0.1343,123.0
4.0,0.0,12.0,7.0,0.0,2.0,1.0,1.0,0.16,0.1667,0.8,0.1642,223.0
2.0,0.0,4.0,18.0,0.0,6.0,0.0,1.0,0.58,0.5455,0.78,0.194,376.0
1.0,1.0,1.0,14.0,0.0,2.0,1.0,1.0,0.42,0.4242,0.38,0.2985,106.0
4.0,0.0,11.0,22.0,0.0,2.0,1.0,2.0,0.5,0.4848,0.94,0.194,87.0
1.0,1.0,2.0,4.0,0.0,3.0,1.0,1.0,0.4,0.4091,0.5,0.1642,1.0
1.0,0.0,2.0,5.0,0.0,3.0,1.0,3.0,0.22,0.2424,0.93,0.1045,3.0
4.0,1.0,11.0,14.0,0.0,1.0,1.0,1.0,0.42,0.4242,0.35,0.0,228.0
4.0,1.0,10.0,14.0,0.0,2.0,1.0,1.0,0.68,0.6364,0.41,0.1642,296.0
2.0,0.0,6.0,3.0,0.0,2.0,1.0,1.0,0.58,0.5455,0.53,0.3284,2.0
1.0,0.0,2.0,17.0,0.0,4.0,1.0,1.0,0.2,0.197,0.4,0.194,175.0
4.0,0.0,12.0,16.0,0.0,5.0,1.0,2.0,0.32,0.303,0.45,0.2239,224.0
4.0,1.0,11.0,17.0,0.0,2.0,1.0,2.0,0.4,0.4091,0.71,0.1642,590.0
1.0,1.0,2.0,9.0,1.0,1.0,0.0,1.0,0.2,0.1818,0.59,0.3582,110.0
1.0,1.0,1.0,23.0,0.0,0.0,0.0,2.0,0.16,0.1818,0.93,0.1045,37.0
4.0,0.0,11.0,1.0,0.0,3.0,1.0,1.0,0.34,0.303,0.66,0.3284,8.0
3.0,1.0,8.0,11.0,0.0,3.0,1.0,2.0,0.8,0.7424,0.52,0.0,239.0
4.0,1.0,11.0,17.0,0.0,3.0,1.0,1.0,0.4,0.4091,0.4,0.1642,374.0
3.0,1.0,8.0,15.0,0.0,6.0,0.0,1.0,0.76,0.6667,0.37,0.2239,596.0
4.0,0.0,11.0,13.0,0.0,0.0,0.0,2.0,0.52,0.5,0.29,0.4179,339.0
2.0,1.0,3.0,17.0,0.0,1.0,1.0,1.0,0.46,0.4545,0.24,0.4478,664.0
2.0,0.0,4.0,20.0,1.0,5.0,0.0,2.0,0.4,0.4091,0.76,0.3284,118.0
3.0,1.0,9.0,22.0,1.0,1.0,0.0,2.0,0.7,0.6667,0.84,0.1343,121.0
1.0,1.0,3.0,23.0,0.0,5.0,1.0,2.0,0.36,0.3788,0.87,0.0,23.0
2.0,0.0,4.0,0.0,0.0,3.0,1.0,1.0,0.3,0.3182,0.49,0.1045,15.0
3.0,0.0,7.0,15.0,0.0,6.0,0.0,1.0,0.76,0.6818,0.45,0.3284,428.0
3.0,1.0,8.0,20.0,0.0,3.0,1.0,1.0,0.74,0.697,0.66,0.194,500.0
2.0,0.0,5.0,5.0,0.0,0.0,0.0,2.0,0.44,0.4394,0.77,0.0,5.0
3.0,0.0,8.0,8.0,0.0,2.0,1.0,1.0,0.7,0.6515,0.58,0.4478,441.0
4.0,0.0,10.0,17.0,0.0,0.0,0.0,1.0,0.58,0.5455,0.49,0.4627,405.0
4.0,0.0,11.0,0.0,0.0,2.0,1.0,1.0,0.52,0.5,0.83,0.0,22.0
3.0,1.0,7.0,10.0,0.0,6.0,0.0,1.0,0.82,0.7727,0.52,0.2239,395.0
4.0,1.0,11.0,5.0,0.0,5.0,1.0,1.0,0.24,0.2879,0.81,0.0,10.0
3.0,1.0,7.0,22.0,0.0,3.0,1.0,1.0,0.7,0.6515,0.58,0.1343,278.0
3.0,1.0,9.0,2.0,0.0,0.0,0.0,1.0,0.52,0.5,0.63,0.0,89.0
3.0,1.0,8.0,13.0,0.0,1.0,1.0,1.0,0.76,0.7121,0.57,0.1642,288.0
4.0,0.0,10.0,6.0,0.0,2.0,1.0,1.0,0.38,0.3939,0.82,0.1045,98.0
1.0,0.0,3.0,22.0,0.0,6.0,0.0,2.0,0.42,0.4242,0.77,0.2985,63.0
1.0,1.0,2.0,0.0,0.0,4.0,1.0,2.0,0.44,0.4394,0.47,0.2537,42.0
3.0,1.0,8.0,22.0,0.0,4.0,1.0,2.0,0.66,0.6212,0.69,0.2239,259.0
2.0,1.0,5.0,12.0,0.0,6.0,0.0,1.0,0.66,0.6212,0.36,0.0,642.0
4.0,1.0,11.0,4.0,0.0,4.0,1.0,2.0,0.28,0.2879,0.65,0.1343,5.0
3.0,1.0,8.0,23.0,0.0,0.0,0.0,1.0,0.68,0.6364,0.61,0.0,110.0
4.0,1.0,10.0,12.0,0.0,3.0,1.0,1.0,0.4,0.4091,0.58,0.194,241.0
1.0,0.0,2.0,12.0,0.0,5.0,1.0,1.0,0.5,0.4848,0.59,0.194,185.0
2.0,0.0,5.0,2.0,0.0,4.0,1.0,1.0,0.34,0.3182,0.66,0.2239,5.0
4.0,1.0,11.0,7.0,0.0,0.0,0.0,1.0,0.3,0.3182,0.89,0.0896,68.0
2.0,0.0,5.0,10.0,0.0,1.0,1.0,1.0,0.66,0.6212,0.74,0.2985,121.0
4.0,1.0,11.0,12.0,0.0,4.0,1.0,1.0,0.4,0.4091,0.24,0.4925,235.0
4.0,0.0,10.0,15.0,0.0,3.0,1.0,3.0,0.54,0.5152,0.94,0.2537,45.0
2.0,1.0,4.0,9.0,0.0,4.0,1.0,2.0,0.46,0.4545,0.72,0.0,301.0
1.0,1.0,12.0,1.0,0.0,4.0,1.0,3.0,0.24,0.197,0.93,0.4478,5.0
1.0,0.0,2.0,16.0,0.0,3.0,1.0,1.0,0.36,0.3333,0.71,0.2985,103.0
1.0,0.0,1.0,14.0,0.0,2.0,1.0,2.0,0.2,0.2273,0.59,0.0896,63.0
1.0,1.0,2.0,11.0,0.0,2.0,1.0,2.0,0.26,0.2424,0.7,0.2836,86.0
2.0,1.0,5.0,17.0,0.0,3.0,1.0,1.0,0.74,0.6667,0.48,0.0896,839.0
2.0,0.0,4.0,20.0,0.0,2.0,1.0,2.0,0.5,0.4848,0.72,0.2239,168.0
1.0,0.0,2.0,2.0,0.0,0.0,0.0,1.0,0.24,0.197,0.41,0.5522,17.0
1.0,0.0,2.0,13.0,0.0,6.0,0.0,3.0,0.22,0.2273,1.0,0.1642,72.0
2.0,1.0,3.0,21.0,0.0,3.0,1.0,1.0,0.54,0.5152,0.83,0.1045,251.0
3.0,1.0,8.0,4.0,0.0,5.0,1.0,1.0,0.64,0.5758,0.89,0.1343,7.0
2.0,0.0,4.0,23.0,0.0,0.0,0.0,1.0,0.44,0.4394,0.67,0.1642,56.0
1.0,0.0,1.0,4.0,0.0,0.0,0.0,1.0,0.08,0.0909,0.53,0.194,1.0
4.0,0.0,9.0,14.0,0.0,5.0,1.0,3.0,0.6,0.5,1.0,0.0896,24.0
3.0,1.0,8.0,13.0,0.0,5.0,1.0,2.0,0.8,0.7121,0.41,0.1045,351.0
2.0,1.0,5.0,9.0,0.0,3.0,1.0,2.0,0.6,0.5758,0.78,0.1343,347.0
4.0,1.0,9.0,11.0,0.0,0.0,0.0,1.0,0.6,0.6212,0.43,0.2239,591.0
3.0,0.0,9.0,12.0,0.0,4.0,1.0,2.0,0.66,0.5909,0.94,0.2239,102.0
2.0,1.0,4.0,3.0,0.0,6.0,0.0,1.0,0.5,0.4848,0.82,0.2239,29.0
1.0,0.0,3.0,6.0,0.0,0.0,0.0,1.0,0.26,0.2576,0.6,0.2239,4.0
1.0,0.0,12.0,9.0,0.0,4.0,1.0,2.0,0.2,0.2121,0.64,0.1343,170.0
4.0,1.0,10.0,12.0,0.0,0.0,0.0,2.0,0.48,0.4697,0.59,0.4925,491.0
1.0,1.0,2.0,11.0,0.0,6.0,0.0,2.0,0.24,0.2576,0.81,0.1045,183.0
1.0,1.0,2.0,22.0,0.0,0.0,0.0,1.0,0.14,0.1515,0.43,0.1642,28.0
3.0,0.0,8.0,12.0,0.0,3.0,1.0,1.0,0.8,0.7273,0.43,0.2836,189.0
1.0,1.0,2.0,16.0,0.0,3.0,1.0,1.0,0.6,0.6212,0.4,0.2239,283.0
3.0,1.0,8.0,13.0,0.0,5.0,1.0,2.0,0.86,0.803,0.47,0.2836,345.0
2.0,1.0,6.0,23.0,0.0,0.0,0.0,1.0,0.72,0.6667,0.58,0.1045,110.0
3.0,1.0,7.0,7.0,0.0,1.0,1.0,1.0,0.7,0.6667,0.84,0.1343,421.0
3.0,0.0,7.0,18.0,0.0,5.0,1.0,1.0,0.8,0.6818,0.24,0.2537,422.0
4.0,1.0,11.0,6.0,0.0,5.0,1.0,1.0,0.2,0.2576,0.86,0.0,106.0
3.0,1.0,9.0,5.0,0.0,3.0,1.0,2.0,0.52,0.5,0.68,0.2836,56.0
4.0,1.0,9.0,13.0,0.0,4.0,1.0,2.0,0.74,0.6667,0.48,0.0,326.0
1.0,1.0,1.0,3.0,0.0,0.0,0.0,1.0,0.26,0.2576,0.28,0.194,21.0
3.0,0.0,6.0,18.0,0.0,2.0,1.0,3.0,0.8,0.7576,0.55,0.2985,504.0
4.0,1.0,11.0,3.0,0.0,3.0,1.0,2.0,0.26,0.2576,0.7,0.2239,3.0
3.0,1.0,7.0,11.0,0.0,1.0,1.0,2.0,0.72,0.6818,0.62,0.1343,216.0
4.0,0.0,12.0,0.0,0.0,1.0,1.0,1.0,0.32,0.3333,0.87,0.0896,24.0
2.0,1.0,4.0,16.0,0.0,4.0,1.0,1.0,0.48,0.4697,0.31,0.2836,353.0
2.0,0.0,4.0,7.0,0.0,0.0,0.0,2.0,0.5,0.4848,1.0,0.0,27.0
2.0,1.0,6.0,2.0,0.0,1.0,1.0,1.0,0.54,0.5152,0.77,0.2239,9.0
3.0,1.0,9.0,3.0,0.0,2.0,1.0,2.0,0.66,0.5909,0.89,0.0896,10.0
1.0,1.0,2.0,18.0,0.0,0.0,0.0,1.0,0.34,0.3182,0.36,0.2836,216.0
4.0,0.0,9.0,17.0,0.0,6.0,0.0,1.0,0.66,0.6212,0.74,0.1045,426.0
2.0,1.0,4.0,20.0,0.0,3.0,1.0,1.0,0.64,0.6212,0.27,0.2239,372.0
2.0,0.0,3.0,1.0,0.0,1.0,1.0,2.0,0.34,0.303,0.71,0.3881,7.0
1.0,0.0,12.0,22.0,0.0,5.0,1.0,2.0,0.34,0.3333,0.71,0.1642,85.0
2.0,0.0,5.0,8.0,0.0,6.0,0.0,1.0,0.56,0.5303,0.68,0.2836,126.0
2.0,0.0,4.0,17.0,0.0,3.0,1.0,1.0,0.46,0.4545,0.67,0.2985,309.0
1.0,1.0,3.0,8.0,0.0,3.0,1.0,1.0,0.28,0.2576,0.61,0.2985,566.0
3.0,0.0,7.0,3.0,0.0,5.0,1.0,1.0,0.74,0.7121,0.79,0.0,11.0
2.0,0.0,5.0,6.0,0.0,0.0,0.0,2.0,0.62,0.5606,0.88,0.194,15.0
4.0,0.0,12.0,16.0,0.0,0.0,0.0,1.0,0.42,0.4242,0.58,0.2239,330.0
2.0,1.0,6.0,0.0,0.0,2.0,1.0,2.0,0.7,0.6515,0.58,0.2239,28.0
4.0,1.0,9.0,5.0,0.0,1.0,1.0,1.0,0.46,0.4545,0.63,0.0,37.0
2.0,0.0,4.0,8.0,0.0,0.0,0.0,1.0,0.52,0.5,0.94,0.2239,80.0
1.0,1.0,3.0,13.0,0.0,3.0,1.0,1.0,0.66,0.6212,0.27,0.2239,254.0
4.0,1.0,11.0,7.0,1.0,4.0,0.0,1.0,0.22,0.2273,0.75,0.1343,56.0
4.0,0.0,10.0,0.0,0.0,4.0,1.0,1.0,0.46,0.4545,0.94,0.0,26.0
2.0,1.0,4.0,5.0,0.0,4.0,1.0,1.0,0.4,0.4091,0.82,0.0,30.0
3.0,0.0,7.0,16.0,0.0,3.0,1.0,1.0,0.76,0.7273,0.7,0.2537,275.0
1.0,1.0,3.0,1.0,0.0,0.0,0.0,1.0,0.24,0.2424,0.52,0.1642,61.0
2.0,0.0,4.0,7.0,0.0,4.0,1.0,2.0,0.64,0.5909,0.78,0.4478,215.0
4.0,1.0,11.0,9.0,0.0,1.0,1.0,2.0,0.3,0.2879,0.52,0.2836,257.0
4.0,1.0,11.0,10.0,0.0,2.0,1.0,3.0,0.3,0.2727,0.75,0.3881,94.0
2.0,1.0,3.0,2.0,0.0,3.0,1.0,1.0,0.34,0.303,0.49,0.2985,3.0
2.0,0.0,4.0,16.0,0.0,2.0,1.0,1.0,0.56,0.5303,0.52,0.2985,192.0
4.0,1.0,12.0,15.0,0.0,0.0,0.0,2.0,0.38,0.3939,0.82,0.1045,338.0
1.0,0.0,3.0,20.0,0.0,5.0,1.0,1.0,0.3,0.303,0.56,0.1642,76.0
3.0,1.0,9.0,19.0,0.0,4.0,1.0,1.0,0.64,0.6061,0.65,0.1343,674.0
2.0,1.0,6.0,19.0,0.0,6.0,0.0,1.0,0.8,0.697,0.29,0.1642,360.0
4.0,1.0,12.0,11.0,0.0,1.0,1.0,1.0,0.48,0.4697,0.77,0.1343,233.0
1.0,0.0,2.0,6.0,0.0,6.0,0.0,1.0,0.22,0.2727,0.6,0.0,7.0
2.0,1.0,5.0,11.0,0.0,1.0,1.0,2.0,0.56,0.5303,0.83,0.2239,79.0
2.0,1.0,4.0,3.0,0.0,0.0,0.0,2.0,0.34,0.3333,0.81,0.1343,25.0
2.0,0.0,6.0,0.0,0.0,3.0,1.0,1.0,0.7,0.6667,0.79,0.1642,34.0
3.0,1.0,9.0,10.0,0.0,5.0,1.0,1.0,0.62,0.6061,0.61,0.2239,225.0
2.0,0.0,3.0,19.0,0.0,4.0,1.0,2.0,0.3,0.303,0.87,0.1343,130.0
4.0,1.0,12.0,7.0,0.0,2.0,1.0,1.0,0.42,0.4242,0.88,0.1343,502.0
1.0,0.0,3.0,20.0,0.0,6.0,0.0,2.0,0.44,0.4394,0.77,0.3284,70.0
3.0,1.0,7.0,20.0,0.0,0.0,0.0,1.0,0.72,0.697,0.79,0.2537,294.0
2.0,1.0,5.0,10.0,0.0,2.0,1.0,2.0,0.58,0.5455,0.68,0.4179,157.0
4.0,0.0,11.0,11.0,0.0,0.0,0.0,1.0,0.5,0.4848,0.63,0.3582,240.0
4.0,0.0,10.0,18.0,0.0,2.0,1.0,1.0,0.56,0.5303,0.68,0.1045,570.0
4.0,1.0,10.0,16.0,0.0,3.0,1.0,1.0,0.6,0.6212,0.4,0.2239,566.0
3.0,1.0,6.0,14.0,0.0,4.0,1.0,1.0,0.88,0.7879,0.37,0.1642,176.0
1.0,0.0,2.0,2.0,0.0,5.0,1.0,1.0,0.44,0.4394,0.72,0.2836,7.0
4.0,0.0,9.0,15.0,0.0,3.0,1.0,1.0,0.7,0.6515,0.7,0.1343,181.0
4.0,0.0,10.0,18.0,0.0,0.0,0.0,1.0,0.56,0.5303,0.49,0.4478,328.0
1.0,0.0,1.0,12.0,0.0,1.0,1.0,2.0,0.18,0.2121,0.55,0.1045,68.0
2.0,1.0,5.0,5.0,0.0,5.0,1.0,1.0,0.56,0.5303,0.88,0.194,24.0
4.0,1.0,12.0,0.0,0.0,4.0,1.0,1.0,0.32,0.3333,0.61,0.1343,42.0
4.0,0.0,12.0,15.0,0.0,5.0,1.0,1.0,0.42,0.4242,0.41,0.0896,199.0
4.0,1.0,11.0,21.0,0.0,2.0,1.0,1.0,0.3,0.2727,0.49,0.3582,187.0
3.0,0.0,7.0,5.0,0.0,6.0,0.0,1.0,0.58,0.5455,0.73,0.1045,14.0
3.0,1.0,8.0,3.0,0.0,4.0,1.0,1.0,0.68,0.6364,0.83,0.0896,6.0
1.0,1.0,12.0,0.0,0.0,4.0,1.0,3.0,0.26,0.2273,0.87,0.2985,3.0
3.0,1.0,7.0,21.0,0.0,3.0,1.0,1.0,0.76,0.7121,0.62,0.0,319.0
3.0,0.0,7.0,2.0,0.0,0.0,0.0,1.0,0.74,0.697,0.66,0.0896,67.0
4.0,0.0,12.0,4.0,0.0,6.0,0.0,1.0,0.24,0.2424,0.65,0.1642,9.0
1.0,0.0,12.0,16.0,0.0,2.0,1.0,3.0,0.44,0.4394,0.88,0.3284,46.0
3.0,1.0,8.0,2.0,0.0,1.0,1.0,1.0,0.62,0.5606,0.88,0.1343,8.0
3.0,0.0,7.0,14.0,0.0,2.0,1.0,1.0,0.9,0.8485,0.42,0.2985,124.0
3.0,1.0,8.0,22.0,0.0,6.0,0.0,2.0,0.66,0.5909,0.89,0.1642,168.0
2.0,0.0,5.0,13.0,0.0,3.0,1.0,2.0,0.56,0.5303,0.83,0.3284,122.0
3.0,1.0,7.0,10.0,0.0,6.0,0.0,3.0,0.58,0.5455,0.88,0.2537,268.0
3.0,1.0,8.0,13.0,0.0,2.0,1.0,1.0,0.82,0.7424,0.43,0.2985,288.0
4.0,0.0,9.0,16.0,0.0,0.0,0.0,1.0,0.7,0.6515,0.7,0.0,464.0
1.0,0.0,3.0,11.0,0.0,2.0,1.0,1.0,0.28,0.2727,0.45,0.2537,56.0
4.0,0.0,11.0,9.0,0.0,3.0,1.0,1.0,0.34,0.3636,0.93,0.0,219.0
3.0,1.0,6.0,15.0,0.0,5.0,1.0,1.0,0.9,0.8182,0.35,0.3582,284.0
3.0,1.0,7.0,4.0,0.0,4.0,1.0,1.0,0.64,0.6061,0.73,0.1045,5.0
3.0,0.0,9.0,21.0,0.0,3.0,1.0,2.0,0.6,0.5,1.0,0.0896,200.0
2.0,0.0,4.0,6.0,0.0,3.0,1.0,1.0,0.42,0.4242,0.94,0.1642,64.0
4.0,1.0,10.0,8.0,0.0,3.0,1.0,2.0,0.4,0.4091,0.76,0.0,817.0
1.0,1.0,2.0,2.0,0.0,3.0,1.0,1.0,0.34,0.3182,0.66,0.2836,6.0
4.0,1.0,9.0,10.0,0.0,5.0,1.0,2.0,0.64,0.5909,0.78,0.1343,245.0
1.0,1.0,1.0,19.0,0.0,6.0,0.0,2.0,0.18,0.1515,0.8,0.3881,85.0
1.0,0.0,1.0,2.0,0.0,4.0,1.0,1.0,0.14,0.1212,0.5,0.3582,2.0
1.0,0.0,2.0,23.0,0.0,5.0,1.0,1.0,0.26,0.2273,0.48,0.3284,39.0
2.0,0.0,4.0,10.0,1.0,5.0,0.0,1.0,0.5,0.4848,0.55,0.194,122.0
4.0,1.0,11.0,3.0,0.0,2.0,1.0,3.0,0.32,0.3333,0.7,0.1343,4.0
4.0,0.0,10.0,9.0,0.0,5.0,1.0,1.0,0.48,0.4697,0.77,0.0,241.0
2.0,1.0,5.0,16.0,0.0,5.0,1.0,1.0,0.66,0.6212,0.34,0.2537,568.0
2.0,0.0,4.0,20.0,0.0,4.0,1.0,1.0,0.58,0.5455,0.43,0.2239,269.0
1.0,0.0,2.0,19.0,0.0,2.0,1.0,1.0,0.16,0.1212,0.4,0.4627,101.0
1.0,0.0,3.0,16.0,0.0,4.0,1.0,1.0,0.26,0.303,0.23,0.0,71.0
1.0,1.0,1.0,20.0,0.0,2.0,1.0,1.0,0.32,0.3485,0.76,0.0,229.0
3.0,1.0,8.0,7.0,0.0,2.0,1.0,1.0,0.6,0.5758,0.78,0.1045,519.0
4.0,0.0,9.0,12.0,0.0,4.0,1.0,1.0,0.66,0.6212,0.61,0.1642,195.0
1.0,1.0,2.0,19.0,0.0,2.0,1.0,1.0,0.36,0.3333,0.46,0.2985,304.0
2.0,0.0,4.0,3.0,0.0,4.0,1.0,1.0,0.36,0.3485,0.66,0.194,3.0
3.0,1.0,8.0,8.0,0.0,6.0,0.0,1.0,0.74,0.7273,0.72,0.194,181.0
2.0,0.0,5.0,18.0,0.0,0.0,0.0,1.0,0.66,0.6212,0.61,0.2239,358.0
1.0,1.0,2.0,7.0,0.0,4.0,1.0,3.0,0.36,0.3788,0.93,0.0,205.0
1.0,1.0,2.0,12.0,0.0,0.0,0.0,2.0,0.26,0.2576,0.65,0.194,248.0
3.0,0.0,7.0,15.0,0.0,4.0,1.0,1.0,0.86,0.7879,0.41,0.2537,166.0
1.0,0.0,2.0,4.0,0.0,0.0,0.0,1.0,0.24,0.2424,0.87,0.1343,2.0
3.0,1.0,7.0,17.0,0.0,0.0,0.0,1.0,0.92,0.803,0.26,0.2985,413.0
4.0,1.0,9.0,16.0,0.0,3.0,1.0,1.0,0.74,0.6667,0.45,0.2836,468.0
1.0,1.0,12.0,11.0,0.0,4.0,1.0,2.0,0.28,0.2424,0.56,0.4478,103.0
2.0,1.0,3.0,1.0,0.0,6.0,0.0,1.0,0.56,0.5303,0.73,0.0896,128.0
2.0,0.0,5.0,18.0,0.0,1.0,1.0,1.0,0.7,0.6667,0.74,0.2836,453.0
3.0,1.0,7.0,5.0,0.0,2.0,1.0,1.0,0.7,0.6515,0.61,0.0,35.0
2.0,0.0,6.0,19.0,0.0,4.0,1.0,2.0,0.84,0.7424,0.39,0.3284,326.0
2.0,0.0,5.0,16.0,0.0,2.0,1.0,1.0,0.62,0.6061,0.61,0.3284,290.0
4.0,0.0,9.0,17.0,0.0,5.0,1.0,1.0,0.62,0.6212,0.53,0.194,591.0
2.0,0.0,4.0,10.0,0.0,3.0,1.0,2.0,0.62,0.5758,0.83,0.2836,92.0
2.0,1.0,4.0,12.0,0.0,1.0,1.0,3.0,0.34,0.303,0.71,0.3582,129.0
4.0,0.0,12.0,1.0,0.0,3.0,1.0,2.0,0.46,0.4545,1.0,0.2537,13.0
3.0,0.0,7.0,11.0,0.0,0.0,0.0,1.0,0.86,0.7424,0.28,0.1642,275.0
1.0,0.0,3.0,3.0,0.0,0.0,0.0,1.0,0.28,0.2727,0.56,0.2537,12.0
3.0,1.0,9.0,4.0,0.0,3.0,1.0,1.0,0.7,0.6667,0.79,0.2836,5.0
2.0,0.0,5.0,11.0,0.0,1.0,1.0,1.0,0.64,0.6212,0.57,0.0,185.0
1.0,1.0,2.0,11.0,0.0,2.0,1.0,1.0,0.34,0.3182,0.36,0.2537,163.0
3.0,1.0,9.0,2.0,0.0,1.0,1.0,1.0,0.52,0.5,0.72,0.0,13.0
3.0,1.0,9.0,14.0,0.0,5.0,1.0,1.0,0.7,0.6515,0.54,0.2985,412.0
1.0,1.0,12.0,12.0,0.0,6.0,0.0,1.0,0.3,0.2576,0.36,0.6567,146.0
1.0,0.0,1.0,13.0,0.0,2.0,1.0,2.0,0.26,0.2727,0.56,0.1343,93.0
3.0,1.0,9.0,20.0,0.0,1.0,1.0,1.0,0.6,0.6212,0.4,0.194,390.0
2.0,1.0,5.0,13.0,0.0,6.0,0.0,1.0,0.64,0.6212,0.36,0.194,659.0
4.0,0.0,11.0,12.0,0.0,1.0,1.0,1.0,0.56,0.5303,0.56,0.2985,202.0
3.0,1.0,8.0,10.0,0.0,3.0,1.0,2.0,0.8,0.7424,0.52,0.1343,214.0
3.0,0.0,7.0,9.0,0.0,2.0,1.0,2.0,0.8,0.7879,0.63,0.1343,199.0
1.0,1.0,1.0,9.0,0.0,1.0,1.0,2.0,0.2,0.2273,0.86,0.0896,211.0
2.0,1.0,3.0,7.0,0.0,1.0,1.0,1.0,0.44,0.4394,0.72,0.194,370.0
4.0,0.0,11.0,17.0,0.0,1.0,1.0,1.0,0.58,0.5455,0.56,0.194,468.0
4.0,1.0,10.0,14.0,0.0,6.0,0.0,1.0,0.48,0.4697,0.33,0.194,597.0
1.0,1.0,1.0,12.0,0.0,5.0,1.0,2.0,0.2,0.1818,0.34,0.3284,124.0
2.0,1.0,5.0,10.0,0.0,0.0,0.0,1.0,0.6,0.6061,0.6,0.2537,350.0
4.0,0.0,11.0,5.0,0.0,0.0,0.0,1.0,0.36,0.3485,0.87,0.194,5.0
4.0,0.0,11.0,4.0,1.0,5.0,0.0,1.0,0.3,0.2879,0.61,0.194,8.0
2.0,0.0,5.0,10.0,0.0,5.0,1.0,2.0,0.52,0.5,0.83,0.1343,130.0
1.0,0.0,1.0,23.0,0.0,6.0,0.0,2.0,0.46,0.4545,0.88,0.2985,39.0
2.0,0.0,4.0,10.0,0.0,5.0,1.0,2.0,0.36,0.3485,0.62,0.194,136.0
2.0,0.0,3.0,21.0,0.0,4.0,1.0,2.0,0.28,0.2727,0.93,0.1642,60.0
2.0,1.0,4.0,15.0,0.0,4.0,1.0,1.0,0.48,0.4697,0.31,0.2537,211.0
2.0,1.0,4.0,5.0,0.0,2.0,1.0,1.0,0.32,0.3333,0.66,0.0896,27.0
3.0,1.0,7.0,15.0,0.0,5.0,1.0,1.0,0.86,0.7879,0.41,0.2239,323.0
1.0,0.0,3.0,14.0,0.0,4.0,1.0,1.0,0.5,0.4848,0.45,0.1045,119.0
2.0,0.0,4.0,15.0,0.0,1.0,1.0,1.0,0.76,0.6667,0.23,0.5522,143.0
3.0,1.0,7.0,21.0,0.0,4.0,1.0,1.0,0.72,0.6667,0.48,0.2239,373.0
3.0,0.0,7.0,16.0,0.0,3.0,1.0,1.0,0.84,0.8182,0.56,0.0,234.0
3.0,1.0,7.0,8.0,0.0,4.0,1.0,1.0,0.8,0.7424,0.49,0.1343,550.0
2.0,1.0,3.0,8.0,0.0,6.0,0.0,2.0,0.36,0.3485,0.87,0.194,145.0
3.0,0.0,8.0,22.0,0.0,4.0,1.0,1.0,0.7,0.6515,0.48,0.0,157.0
3.0,0.0,8.0,11.0,0.0,6.0,0.0,1.0,0.78,0.7424,0.62,0.2239,349.0
2.0,1.0,5.0,16.0,0.0,2.0,1.0,1.0,0.68,0.6364,0.61,0.1045,386.0
2.0,1.0,3.0,12.0,0.0,4.0,1.0,2.0,0.54,0.5152,0.88,0.194,272.0
4.0,0.0,12.0,23.0,0.0,2.0,1.0,1.0,0.26,0.303,0.7,0.0,59.0
3.0,0.0,9.0,0.0,0.0,4.0,1.0,1.0,0.6,0.5758,0.78,0.1045,51.0
3.0,0.0,7.0,4.0,0.0,0.0,0.0,1.0,0.66,0.6212,0.69,0.0896,5.0
1.0,1.0,1.0,8.0,0.0,4.0,1.0,2.0,0.2,0.2576,0.75,0.0,388.0
3.0,1.0,7.0,19.0,0.0,3.0,1.0,2.0,0.76,0.7121,0.62,0.1045,516.0
2.0,1.0,5.0,14.0,0.0,3.0,1.0,1.0,0.72,0.6515,0.42,0.0896,263.0
4.0,1.0,11.0,14.0,0.0,5.0,1.0,1.0,0.5,0.4848,0.36,0.2537,435.0
3.0,1.0,8.0,0.0,0.0,4.0,1.0,1.0,0.64,0.5909,0.78,0.0,60.0
2.0,1.0,4.0,15.0,0.0,6.0,0.0,1.0,0.52,0.5,0.19,0.4179,626.0
2.0,1.0,6.0,19.0,0.0,2.0,1.0,1.0,0.58,0.5455,0.46,0.2537,513.0
1.0,0.0,2.0,5.0,0.0,0.0,0.0,1.0,0.26,0.2576,0.6,0.2239,1.0
4.0,0.0,12.0,20.0,0.0,6.0,0.0,1.0,0.3,0.3182,0.61,0.0896,127.0
1.0,1.0,2.0,12.0,0.0,3.0,1.0,1.0,0.44,0.4394,0.54,0.1045,179.0
4.0,1.0,12.0,7.0,0.0,1.0,1.0,2.0,0.38,0.3939,0.94,0.2537,294.0
4.0,1.0,12.0,2.0,0.0,0.0,0.0,2.0,0.3,0.3333,0.87,0.0,74.0
1.0,1.0,1.0,20.0,0.0,5.0,1.0,1.0,0.24,0.2424,0.41,0.1642,136.0
3.0,1.0,8.0,20.0,0.0,6.0,0.0,1.0,0.82,0.7727,0.52,0.2985,312.0
1.0,1.0,2.0,16.0,0.0,5.0,1.0,2.0,0.34,0.3182,0.42,0.2537,268.0
4.0,1.0,11.0,1.0,0.0,1.0,1.0,2.0,0.36,0.3485,0.66,0.2239,19.0
3.0,0.0,9.0,3.0,0.0,6.0,0.0,1.0,0.46,0.4545,0.72,0.1343,28.0
3.0,1.0,7.0,18.0,0.0,1.0,1.0,1.0,0.84,0.803,0.53,0.0,794.0
3.0,1.0,9.0,15.0,0.0,2.0,1.0,3.0,0.6,0.5455,0.88,0.2537,36.0
4.0,0.0,10.0,7.0,0.0,3.0,1.0,2.0,0.54,0.5152,0.88,0.3881,259.0
4.0,1.0,12.0,6.0,0.0,2.0,1.0,2.0,0.36,0.3788,0.93,0.0,153.0
1.0,1.0,1.0,22.0,0.0,5.0,1.0,1.0,0.36,0.3485,0.5,0.194,135.0
2.0,0.0,4.0,11.0,0.0,3.0,1.0,2.0,0.64,0.5909,0.78,0.2836,156.0
1.0,0.0,2.0,1.0,0.0,2.0,1.0,2.0,0.28,0.3182,0.87,0.0,4.0
2.0,0.0,5.0,12.0,0.0,5.0,1.0,2.0,0.52,0.5,0.88,0.194,223.0
3.0,1.0,8.0,6.0,0.0,3.0,1.0,1.0,0.64,0.5909,0.78,0.1343,185.0
1.0,1.0,1.0,3.0,0.0,4.0,1.0,3.0,0.36,0.3485,0.93,0.2537,3.0
4.0,0.0,11.0,23.0,0.0,0.0,0.0,1.0,0.48,0.4697,0.72,0.2537,32.0
3.0,0.0,9.0,17.0,0.0,2.0,1.0,1.0,0.6,0.5606,0.83,0.1045,511.0
4.0,0.0,11.0,0.0,0.0,6.0,0.0,1.0,0.24,0.2424,0.6,0.1343,64.0
3.0,0.0,9.0,4.0,0.0,5.0,1.0,1.0,0.6,0.5606,0.83,0.0896,4.0
4.0,0.0,11.0,4.0,0.0,5.0,1.0,2.0,0.38,0.3939,0.87,0.0896,7.0
3.0,1.0,6.0,11.0,0.0,6.0,0.0,1.0,0.88,0.7727,0.3,0.2537,452.0
1.0,1.0,2.0,16.0,0.0,5.0,1.0,1.0,0.4,0.4091,0.37,0.1045,311.0
3.0,1.0,9.0,8.0,0.0,4.0,1.0,1.0,0.56,0.5303,0.73,0.0,758.0
3.0,1.0,7.0,2.0,0.0,4.0,1.0,1.0,0.74,0.6667,0.51,0.0,18.0
1.0,0.0,1.0,14.0,0.0,0.0,0.0,1.0,0.28,0.303,0.61,0.0896,122.0
2.0,1.0,4.0,14.0,0.0,2.0,1.0,1.0,0.56,0.5303,0.21,0.2239,311.0
4.0,1.0,10.0,4.0,0.0,6.0,0.0,1.0,0.3,0.303,0.65,0.1642,11.0
3.0,0.0,8.0,5.0,0.0,1.0,1.0,1.0,0.66,0.6061,0.83,0.1045,26.0
4.0,1.0,11.0,23.0,0.0,4.0,1.0,1.0,0.28,0.3182,0.61,0.0,130.0
3.0,1.0,9.0,19.0,0.0,6.0,0.0,1.0,0.7,0.6515,0.58,0.194,407.0
1.0,0.0,2.0,4.0,0.0,0.0,0.0,2.0,0.2,0.2121,0.69,0.1642,2.0
3.0,1.0,7.0,16.0,0.0,2.0,1.0,1.0,0.8,0.7273,0.43,0.2239,435.0
3.0,1.0,8.0,20.0,0.0,4.0,1.0,1.0,0.74,0.6818,0.58,0.1642,471.0
4.0,0.0,10.0,4.0,0.0,3.0,1.0,1.0,0.42,0.4242,0.71,0.2537,5.0
4.0,0.0,11.0,15.0,0.0,0.0,0.0,2.0,0.5,0.4848,0.42,0.3284,310.0
2.0,1.0,4.0,9.0,0.0,2.0,1.0,1.0,0.42,0.4242,0.67,0.194,319.0
3.0,0.0,7.0,9.0,0.0,3.0,1.0,1.0,0.74,0.697,0.7,0.0896,209.0
2.0,0.0,4.0,17.0,0.0,5.0,1.0,2.0,0.52,0.5,0.45,0.3881,508.0
2.0,1.0,3.0,16.0,0.0,1.0,1.0,1.0,0.48,0.4697,0.25,0.6418,305.0
1.0,1.0,12.0,11.0,0.0,0.0,0.0,1.0,0.24,0.2273,0.52,0.194,152.0
3.0,0.0,8.0,14.0,0.0,3.0,1.0,1.0,0.82,0.7273,0.36,0.1642,192.0
2.0,1.0,3.0,1.0,0.0,2.0,1.0,1.0,0.3,0.2727,0.26,0.4627,5.0
3.0,1.0,6.0,13.0,0.0,5.0,1.0,1.0,0.94,0.8788,0.38,0.194,239.0
2.0,1.0,5.0,14.0,0.0,3.0,1.0,1.0,0.72,0.6515,0.42,0.1343,252.0
2.0,1.0,5.0,9.0,0.0,2.0,1.0,1.0,0.72,0.6818,0.7,0.2537,257.0
1.0,1.0,1.0,2.0,0.0,3.0,1.0,1.0,0.02,0.0152,0.34,0.2836,1.0
2.0,0.0,4.0,18.0,0.0,6.0,0.0,2.0,0.38,0.3939,0.82,0.1045,177.0
2.0,1.0,4.0,14.0,0.0,3.0,1.0,1.0,0.56,0.5303,0.22,0.3582,223.0
4.0,1.0,12.0,15.0,0.0,6.0,0.0,1.0,0.42,0.4242,0.82,0.1642,541.0
2.0,0.0,5.0,1.0,0.0,1.0,1.0,1.0,0.44,0.4394,0.88,0.0,33.0
2.0,1.0,3.0,5.0,0.0,1.0,1.0,1.0,0.44,0.4394,0.77,0.1642,36.0
3.0,0.0,7.0,23.0,0.0,0.0,0.0,2.0,0.76,0.7273,0.7,0.0896,50.0
1.0,0.0,3.0,19.0,0.0,3.0,1.0,2.0,0.34,0.303,0.76,0.3284,134.0
1.0,1.0,1.0,9.0,0.0,2.0,1.0,1.0,0.3,0.2879,0.52,0.194,261.0
4.0,0.0,12.0,17.0,0.0,6.0,0.0,1.0,0.28,0.2576,0.36,0.3284,185.0
4.0,1.0,10.0,19.0,0.0,2.0,1.0,2.0,0.5,0.4848,0.68,0.194,115.0
4.0,0.0,10.0,3.0,0.0,1.0,1.0,1.0,0.56,0.5303,0.49,0.194,2.0
3.0,1.0,7.0,1.0,0.0,3.0,1.0,1.0,0.76,0.7273,0.66,0.1045,16.0
2.0,1.0,6.0,0.0,0.0,3.0,1.0,1.0,0.7,0.6667,0.79,0.194,53.0
4.0,1.0,11.0,10.0,0.0,2.0,1.0,1.0,0.3,0.2879,0.49,0.194,230.0
2.0,1.0,4.0,1.0,1.0,1.0,0.0,1.0,0.62,0.6061,0.61,0.3582,28.0
3.0,1.0,7.0,1.0,0.0,6.0,0.0,2.0,0.7,0.6515,0.51,0.1045,118.0
4.0,1.0,12.0,17.0,0.0,2.0,1.0,1.0,0.32,0.303,0.53,0.2239,601.0
4.0,1.0,11.0,13.0,0.0,3.0,1.0,1.0,0.34,0.3333,0.42,0.194,214.0
4.0,0.0,10.0,21.0,0.0,4.0,1.0,1.0,0.44,0.4394,0.51,0.2985,165.0
4.0,0.0,10.0,20.0,0.0,2.0,1.0,2.0,0.58,0.5455,0.83,0.2239,234.0
3.0,0.0,8.0,15.0,0.0,2.0,1.0,1.0,0.74,0.6515,0.35,0.2239,196.0
2.0,1.0,6.0,3.0,0.0,5.0,1.0,2.0,0.62,0.5909,0.73,0.0896,4.0
1.0,0.0,1.0,0.0,0.0,5.0,1.0,2.0,0.24,0.2273,0.7,0.2537,21.0
4.0,1.0,10.0,12.0,0.0,1.0,1.0,3.0,0.6,0.5758,0.78,0.3284,284.0
1.0,1.0,12.0,12.0,0.0,0.0,0.0,1.0,0.28,0.2273,0.36,0.5821,144.0
1.0,0.0,1.0,13.0,0.0,6.0,0.0,1.0,0.2,0.1818,0.44,0.3284,102.0
2.0,0.0,4.0,15.0,0.0,5.0,1.0,1.0,0.34,0.303,0.46,0.4179,111.0
4.0,1.0,10.0,23.0,0.0,6.0,0.0,1.0,0.44,0.4394,0.62,0.1343,179.0
1.0,1.0,2.0,0.0,0.0,3.0,1.0,1.0,0.3,0.2879,0.56,0.2239,23.0
2.0,1.0,3.0,13.0,0.0,3.0,1.0,1.0,0.56,0.5303,0.43,0.3284,273.0
1.0,1.0,2.0,18.0,0.0,3.0,1.0,1.0,0.4,0.4091,0.4,0.2239,468.0
3.0,0.0,7.0,21.0,0.0,2.0,1.0,1.0,0.78,0.7424,0.62,0.2537,245.0
3.0,0.0,6.0,12.0,0.0,6.0,0.0,1.0,0.74,0.6515,0.4,0.2836,392.0
3.0,0.0,9.0,15.0,0.0,2.0,1.0,2.0,0.62,0.5909,0.78,0.1045,192.0
2.0,1.0,4.0,4.0,0.0,0.0,0.0,2.0,0.36,0.3485,0.87,0.1343,4.0
3.0,1.0,8.0,5.0,0.0,0.0,0.0,1.0,0.64,0.6212,0.61,0.194,10.0
4.0,0.0,11.0,0.0,0.0,6.0,0.0,1.0,0.34,0.3485,0.76,0.1045,47.0
4.0,1.0,10.0,8.0,0.0,4.0,1.0,1.0,0.38,0.3939,0.46,0.3881,798.0
3.0,1.0,8.0,1.0,0.0,2.0,1.0,1.0,0.68,0.6364,0.79,0.2537,27.0
2.0,1.0,4.0,4.0,0.0,5.0,1.0,1.0,0.42,0.4242,0.94,0.1045,3.0
3.0,0.0,7.0,9.0,0.0,5.0,1.0,1.0,0.86,0.803,0.47,0.2537,179.0
3.0,1.0,9.0,7.0,0.0,6.0,0.0,1.0,0.54,0.5152,0.52,0.2836,73.0
1.0,1.0,3.0,20.0,0.0,4.0,1.0,1.0,0.44,0.4394,0.44,0.4179,254.0
1.0,0.0,1.0,20.0,0.0,2.0,1.0,1.0,0.24,0.2576,0.48,0.1045,54.0
1.0,1.0,1.0,21.0,0.0,1.0,1.0,2.0,0.2,0.2576,0.93,0.0,79.0
2.0,0.0,5.0,10.0,0.0,1.0,1.0,2.0,0.54,0.5152,0.77,0.2239,108.0
3.0,1.0,8.0,14.0,0.0,5.0,1.0,1.0,0.78,0.697,0.43,0.1045,338.0
1.0,1.0,12.0,22.0,0.0,4.0,1.0,2.0,0.24,0.2121,0.6,0.2836,44.0
4.0,1.0,12.0,13.0,0.0,1.0,1.0,1.0,0.58,0.5455,0.56,0.0896,321.0
3.0,1.0,8.0,18.0,0.0,0.0,0.0,2.0,0.64,0.5758,0.89,0.0896,264.0
1.0,1.0,1.0,11.0,0.0,6.0,0.0,1.0,0.3,0.303,0.56,0.1343,296.0
2.0,1.0,4.0,23.0,1.0,1.0,0.0,1.0,0.7,0.6364,0.45,0.2985,121.0
2.0,0.0,5.0,1.0,0.0,3.0,1.0,3.0,0.5,0.4848,0.82,0.2836,7.0
1.0,1.0,3.0,6.0,0.0,0.0,0.0,2.0,0.3,0.2727,0.52,0.2985,5.0
3.0,0.0,7.0,22.0,0.0,3.0,1.0,1.0,0.72,0.6667,0.48,0.0,180.0
3.0,1.0,8.0,4.0,0.0,5.0,1.0,3.0,0.7,0.6667,0.84,0.2836,7.0
1.0,1.0,1.0,9.0,0.0,6.0,0.0,1.0,0.14,0.1667,0.5,0.1045,81.0
2.0,1.0,5.0,13.0,0.0,4.0,1.0,1.0,0.6,0.5909,0.69,0.194,265.0
4.0,1.0,11.0,15.0,1.0,4.0,0.0,1.0,0.48,0.4697,0.29,0.0,228.0
3.0,0.0,7.0,17.0,0.0,4.0,1.0,1.0,0.74,0.6515,0.37,0.1343,595.0
3.0,1.0,9.0,21.0,0.0,4.0,1.0,1.0,0.56,0.5303,0.64,0.194,274.0
4.0,0.0,11.0,8.0,0.0,1.0,1.0,2.0,0.42,0.4242,0.94,0.0,407.0
2.0,1.0,3.0,13.0,0.0,4.0,1.0,1.0,0.46,0.4545,0.44,0.3284,273.0
1.0,0.0,1.0,11.0,0.0,6.0,0.0,2.0,0.06,0.0758,0.38,0.1343,63.0
3.0,0.0,6.0,0.0,0.0,2.0,1.0,1.0,0.62,0.5909,0.78,0.1642,33.0
1.0,0.0,1.0,17.0,0.0,6.0,0.0,2.0,0.44,0.4394,0.82,0.2836,67.0
3.0,0.0,8.0,19.0,0.0,5.0,1.0,1.0,0.74,0.6667,0.42,0.2239,385.0
2.0,0.0,5.0,21.0,0.0,2.0,1.0,1.0,0.64,0.5909,0.78,0.0896,189.0
4.0,1.0,11.0,19.0,0.0,3.0,1.0,1.0,0.32,0.3182,0.36,0.1642,387.0
4.0,0.0,11.0,12.0,0.0,2.0,1.0,3.0,0.4,0.4091,1.0,0.0896,21.0
4.0,1.0,11.0,7.0,0.0,6.0,0.0,2.0,0.26,0.2273,0.41,0.3284,25.0
3.0,0.0,7.0,20.0,0.0,4.0,1.0,1.0,0.76,0.7121,0.58,0.3582,285.0
2.0,1.0,5.0,7.0,0.0,1.0,1.0,3.0,0.56,0.5303,0.88,0.2985,153.0
1.0,1.0,1.0,17.0,0.0,3.0,1.0,1.0,0.36,0.3485,0.53,0.1642,470.0
3.0,0.0,9.0,6.0,0.0,4.0,1.0,2.0,0.6,0.5606,0.83,0.2537,124.0
1.0,0.0,2.0,12.0,0.0,4.0,1.0,1.0,0.2,0.1818,0.4,0.3582,69.0
4.0,1.0,11.0,6.0,1.0,1.0,0.0,1.0,0.38,0.3939,0.87,0.1045,71.0
2.0,1.0,4.0,19.0,0.0,3.0,1.0,1.0,0.66,0.6212,0.39,0.2239,494.0
4.0,0.0,11.0,5.0,0.0,0.0,0.0,1.0,0.24,0.2424,0.87,0.1343,5.0
3.0,1.0,7.0,13.0,0.0,2.0,1.0,1.0,0.92,0.8182,0.31,0.194,221.0
1.0,1.0,2.0,21.0,0.0,5.0,1.0,1.0,0.42,0.4242,0.35,0.806,152.0
4.0,0.0,11.0,5.0,0.0,3.0,1.0,1.0,0.3,0.3333,0.87,0.0,28.0
2.0,0.0,5.0,21.0,0.0,6.0,0.0,1.0,0.54,0.5152,0.49,0.2239,182.0
4.0,0.0,11.0,10.0,0.0,3.0,1.0,3.0,0.46,0.4545,0.94,0.0,36.0
3.0,0.0,9.0,2.0,0.0,2.0,1.0,1.0,0.6,0.5758,0.78,0.0,2.0
3.0,1.0,7.0,17.0,0.0,3.0,1.0,1.0,0.8,0.697,0.31,0.2239,830.0
3.0,1.0,9.0,15.0,0.0,6.0,0.0,1.0,0.74,0.6667,0.48,0.3881,750.0
3.0,0.0,9.0,13.0,0.0,5.0,1.0,2.0,0.68,0.6364,0.65,0.1343,279.0
2.0,1.0,3.0,12.0,0.0,6.0,0.0,1.0,0.48,0.4697,0.67,0.0,621.0
1.0,0.0,1.0,5.0,0.0,0.0,0.0,1.0,0.08,0.0909,0.53,0.194,1.0
4.0,1.0,11.0,0.0,0.0,4.0,1.0,3.0,0.28,0.2727,0.61,0.2239,15.0
4.0,1.0,11.0,4.0,0.0,3.0,1.0,1.0,0.28,0.2879,0.87,0.1045,10.0
4.0,1.0,12.0,21.0,0.0,6.0,0.0,1.0,0.36,0.3485,0.62,0.1343,184.0
1.0,1.0,1.0,1.0,0.0,3.0,1.0,1.0,0.3,0.2879,0.7,0.2239,13.0
1.0,1.0,12.0,12.0,0.0,5.0,1.0,2.0,0.3,0.303,0.49,0.1343,222.0
2.0,1.0,6.0,11.0,0.0,1.0,1.0,2.0,0.54,0.5152,0.88,0.1642,121.0
4.0,0.0,12.0,18.0,0.0,5.0,1.0,1.0,0.4,0.4091,0.5,0.0,372.0
2.0,1.0,4.0,7.0,0.0,0.0,0.0,3.0,0.42,0.4242,0.77,0.3881,24.0
4.0,0.0,10.0,12.0,0.0,6.0,0.0,1.0,0.46,0.4545,0.55,0.0896,343.0
4.0,0.0,11.0,2.0,0.0,2.0,1.0,1.0,0.56,0.5303,0.64,0.2537,15.0
1.0,1.0,2.0,11.0,0.0,0.0,0.0,1.0,0.28,0.2576,0.41,0.2836,227.0
1.0,1.0,2.0,11.0,0.0,2.0,1.0,1.0,0.36,0.3485,0.46,0.194,129.0
1.0,0.0,12.0,16.0,0.0,6.0,0.0,1.0,0.32,0.3182,0.42,0.194,99.0
3.0,1.0,7.0,23.0,0.0,3.0,1.0,1.0,0.68,0.6364,0.57,0.2985,239.0
1.0,1.0,2.0,22.0,0.0,1.0,1.0,1.0,0.26,0.2727,0.56,0.1045,102.0
3.0,0.0,9.0,3.0,0.0,4.0,1.0,1.0,0.62,0.5909,0.73,0.0896,8.0
2.0,0.0,5.0,22.0,0.0,3.0,1.0,1.0,0.38,0.3939,0.62,0.2239,89.0
4.0,0.0,12.0,11.0,0.0,1.0,1.0,2.0,0.26,0.2879,0.6,0.0896,115.0
1.0,1.0,2.0,14.0,0.0,2.0,1.0,2.0,0.32,0.2879,0.53,0.3881,124.0
3.0,0.0,8.0,16.0,0.0,6.0,0.0,3.0,0.64,0.5758,0.89,0.5224,24.0
3.0,0.0,7.0,19.0,0.0,1.0,1.0,1.0,0.8,0.7576,0.55,0.2239,398.0
3.0,1.0,7.0,9.0,0.0,0.0,0.0,2.0,0.66,0.6212,0.69,0.0,258.0
4.0,0.0,11.0,6.0,0.0,1.0,1.0,2.0,0.42,0.4242,1.0,0.0,76.0
2.0,1.0,6.0,0.0,0.0,3.0,1.0,1.0,0.52,0.5,0.59,0.0896,49.0
2.0,0.0,3.0,13.0,0.0,6.0,0.0,1.0,0.32,0.303,0.33,0.2239,239.0
3.0,1.0,6.0,10.0,0.0,1.0,1.0,1.0,0.76,0.697,0.55,0.1642,184.0
2.0,0.0,4.0,9.0,0.0,4.0,1.0,2.0,0.42,0.4242,0.47,0.2836,196.0
1.0,0.0,2.0,12.0,0.0,6.0,0.0,1.0,0.3,0.2727,0.39,0.4627,120.0
4.0,0.0,10.0,13.0,0.0,0.0,0.0,1.0,0.4,0.4091,0.43,0.2239,345.0
1.0,1.0,2.0,2.0,1.0,1.0,0.0,2.0,0.24,0.2576,0.87,0.0896,20.0
2.0,1.0,5.0,20.0,0.0,3.0,1.0,2.0,0.62,0.5758,0.83,0.0896,295.0
1.0,1.0,2.0,10.0,0.0,0.0,0.0,2.0,0.26,0.2424,0.52,0.2537,191.0
3.0,0.0,6.0,1.0,0.0,1.0,1.0,2.0,0.62,0.5909,0.78,0.1343,15.0
3.0,0.0,8.0,23.0,0.0,1.0,1.0,1.0,0.6,0.6061,0.6,0.0896,75.0
4.0,1.0,10.0,23.0,0.0,2.0,1.0,1.0,0.54,0.5152,0.73,0.1045,111.0
3.0,1.0,8.0,23.0,0.0,6.0,0.0,3.0,0.66,0.6061,0.78,0.1642,163.0
3.0,0.0,6.0,13.0,0.0,0.0,0.0,1.0,0.74,0.6515,0.4,0.0,442.0
2.0,1.0,4.0,9.0,0.0,3.0,1.0,3.0,0.48,0.4697,0.44,0.2985,265.0
1.0,0.0,3.0,23.0,0.0,5.0,1.0,2.0,0.6,0.6212,0.53,0.2239,86.0
1.0,0.0,3.0,20.0,0.0,4.0,1.0,1.0,0.42,0.4242,0.67,0.2239,137.0
3.0,1.0,6.0,23.0,0.0,1.0,1.0,1.0,0.64,0.6212,0.33,0.3284,103.0
1.0,1.0,1.0,9.0,0.0,0.0,0.0,1.0,0.26,0.2727,0.93,0.1045,40.0
4.0,0.0,10.0,7.0,0.0,6.0,0.0,3.0,0.26,0.2273,0.87,0.3582,7.0
2.0,0.0,3.0,1.0,0.0,4.0,1.0,3.0,0.24,0.2273,0.93,0.194,5.0
4.0,1.0,12.0,0.0,0.0,1.0,1.0,2.0,0.38,0.3939,0.87,0.0,28.0
1.0,0.0,12.0,6.0,0.0,6.0,0.0,2.0,0.4,0.4091,0.71,0.0896,6.0
2.0,1.0,3.0,3.0,0.0,3.0,1.0,1.0,0.34,0.303,0.42,0.3284,5.0
4.0,0.0,12.0,3.0,0.0,1.0,1.0,1.0,0.32,0.3485,0.87,0.0,2.0
2.0,1.0,4.0,11.0,0.0,6.0,0.0,1.0,0.62,0.6061,0.61,0.3284,608.0
1.0,0.0,3.0,9.0,0.0,0.0,0.0,2.0,0.42,0.4242,1.0,0.2836,22.0
4.0,0.0,10.0,16.0,0.0,1.0,1.0,1.0,0.58,0.5455,0.56,0.2537,302.0
3.0,1.0,6.0,22.0,0.0,0.0,0.0,1.0,0.74,0.6818,0.55,0.1045,178.0
4.0,0.0,9.0,21.0,0.0,2.0,1.0,1.0,0.6,0.5606,0.83,0.0,196.0
2.0,1.0,3.0,4.0,0.0,6.0,0.0,1.0,0.42,0.4242,0.77,0.4179,8.0
4.0,0.0,10.0,1.0,0.0,1.0,1.0,1.0,0.36,0.3636,0.81,0.0896,6.0
2.0,1.0,6.0,10.0,0.0,5.0,1.0,1.0,0.64,0.6212,0.57,0.1642,216.0
1.0,0.0,2.0,10.0,0.0,2.0,1.0,1.0,0.22,0.1818,0.47,0.5522,48.0
4.0,1.0,10.0,13.0,0.0,0.0,0.0,2.0,0.44,0.4394,0.72,0.0896,320.0
4.0,0.0,12.0,9.0,0.0,0.0,0.0,1.0,0.2,0.2576,0.59,0.0,107.0
4.0,1.0,12.0,15.0,0.0,2.0,1.0,1.0,0.46,0.4545,0.44,0.4925,246.0
4.0,0.0,12.0,16.0,0.0,5.0,1.0,1.0,0.36,0.3485,0.62,0.1343,250.0
2.0,1.0,6.0,14.0,0.0,5.0,1.0,1.0,0.72,0.6515,0.39,0.194,376.0
1.0,1.0,1.0,8.0,0.0,5.0,1.0,1.0,0.24,0.2121,0.52,0.3582,419.0
3.0,1.0,9.0,6.0,0.0,6.0,0.0,1.0,0.56,0.5303,0.83,0.2985,41.0
4.0,0.0,12.0,14.0,0.0,4.0,1.0,2.0,0.52,0.5,0.52,0.3284,132.0
3.0,1.0,7.0,1.0,0.0,4.0,1.0,1.0,0.66,0.6212,0.65,0.2239,29.0
3.0,1.0,9.0,14.0,0.0,0.0,0.0,1.0,0.66,0.6212,0.39,0.1343,635.0
3.0,0.0,8.0,19.0,0.0,6.0,0.0,1.0,0.74,0.6818,0.62,0.194,291.0
2.0,0.0,4.0,23.0,0.0,2.0,1.0,2.0,0.4,0.4091,0.94,0.2537,39.0
3.0,1.0,9.0,8.0,0.0,6.0,0.0,1.0,0.6,0.5909,0.73,0.2985,218.0
2.0,0.0,5.0,6.0,0.0,0.0,0.0,2.0,0.52,0.5,1.0,0.1343,17.0
4.0,0.0,11.0,1.0,0.0,6.0,0.0,1.0,0.24,0.2424,0.6,0.1343,54.0
2.0,0.0,6.0,18.0,0.0,0.0,0.0,1.0,0.7,0.6667,0.74,0.1642,256.0
4.0,0.0,11.0,20.0,0.0,4.0,1.0,1.0,0.42,0.4242,0.71,0.1045,209.0
1.0,0.0,2.0,21.0,0.0,3.0,1.0,1.0,0.36,0.3485,0.46,0.194,92.0
2.0,1.0,4.0,16.0,0.0,3.0,1.0,2.0,0.64,0.6212,0.44,0.2836,390.0
1.0,1.0,2.0,4.0,0.0,6.0,0.0,1.0,0.3,0.2727,0.42,0.3284,2.0
4.0,1.0,11.0,7.0,0.0,3.0,1.0,1.0,0.26,0.2879,0.87,0.0896,273.0
1.0,1.0,1.0,18.0,0.0,0.0,0.0,3.0,0.16,0.1818,0.86,0.1045,121.0
4.0,1.0,10.0,15.0,0.0,4.0,1.0,2.0,0.6,0.6061,0.6,0.194,353.0
3.0,1.0,8.0,11.0,0.0,0.0,0.0,1.0,0.74,0.697,0.66,0.3582,482.0
1.0,1.0,1.0,13.0,0.0,4.0,1.0,1.0,0.42,0.4242,0.77,0.1642,183.0
2.0,0.0,6.0,0.0,0.0,4.0,1.0,2.0,0.74,0.7121,0.79,0.1343,47.0
2.0,0.0,5.0,20.0,0.0,1.0,1.0,1.0,0.58,0.5455,0.83,0.0,198.0
4.0,0.0,11.0,15.0,0.0,4.0,1.0,1.0,0.52,0.5,0.52,0.1642,162.0
1.0,0.0,2.0,20.0,0.0,0.0,0.0,1.0,0.4,0.4091,0.54,0.0896,81.0
1.0,1.0,1.0,17.0,0.0,6.0,0.0,2.0,0.54,0.5152,0.43,0.1343,322.0
2.0,0.0,4.0,1.0,0.0,0.0,0.0,1.0,0.42,0.4242,0.67,0.2239,31.0
2.0,0.0,5.0,21.0,0.0,1.0,1.0,1.0,0.58,0.5455,0.83,0.0,177.0
3.0,1.0,8.0,3.0,0.0,2.0,1.0,1.0,0.7,0.6667,0.84,0.0,6.0
1.0,1.0,3.0,7.0,0.0,2.0,1.0,3.0,0.52,0.5,0.94,0.2239,170.0
3.0,0.0,9.0,7.0,0.0,1.0,1.0,2.0,0.5,0.4848,0.82,0.2239,332.0
2.0,1.0,5.0,6.0,0.0,5.0,1.0,1.0,0.54,0.5152,0.94,0.1045,135.0
4.0,0.0,11.0,21.0,0.0,3.0,1.0,1.0,0.4,0.4091,0.87,0.0,161.0
1.0,1.0,3.0,5.0,0.0,1.0,1.0,1.0,0.34,0.3333,0.61,0.194,16.0
3.0,0.0,8.0,6.0,0.0,2.0,1.0,1.0,0.62,0.5909,0.73,0.3284,119.0
4.0,1.0,10.0,15.0,0.0,3.0,1.0,2.0,0.72,0.6818,0.62,0.1642,319.0
3.0,1.0,9.0,15.0,0.0,5.0,1.0,1.0,0.7,0.6515,0.54,0.2239,423.0
4.0,0.0,10.0,14.0,0.0,5.0,1.0,2.0,0.36,0.3485,0.46,0.194,185.0
4.0,0.0,11.0,4.0,0.0,6.0,0.0,1.0,0.26,0.2273,0.48,0.3284,8.0
4.0,0.0,11.0,8.0,0.0,4.0,1.0,2.0,0.4,0.4091,0.94,0.0896,436.0
1.0,1.0,1.0,13.0,0.0,2.0,1.0,1.0,0.34,0.3333,0.87,0.1642,203.0
2.0,0.0,6.0,18.0,0.0,4.0,1.0,1.0,0.88,0.803,0.39,0.2836,466.0
4.0,1.0,11.0,8.0,0.0,1.0,1.0,1.0,0.24,0.2879,0.65,0.0,638.0
4.0,1.0,11.0,4.0,0.0,0.0,0.0,1.0,0.32,0.3333,0.81,0.1045,11.0
4.0,0.0,12.0,22.0,0.0,2.0,1.0,2.0,0.36,0.3788,0.66,0.0,107.0
1.0,1.0,2.0,18.0,0.0,6.0,0.0,1.0,0.46,0.4545,0.38,0.2985,246.0
1.0,1.0,3.0,22.0,0.0,6.0,0.0,1.0,0.26,0.2576,0.44,0.1642,100.0
4.0,1.0,10.0,18.0,0.0,1.0,1.0,3.0,0.56,0.5303,0.64,0.1045,613.0
2.0,0.0,6.0,4.0,0.0,6.0,0.0,1.0,0.6,0.5455,0.88,0.0896,5.0
1.0,1.0,3.0,8.0,0.0,3.0,1.0,1.0,0.44,0.4394,0.82,0.0,662.0
1.0,1.0,12.0,16.0,0.0,3.0,1.0,3.0,0.26,0.2273,0.87,0.3582,13.0
2.0,0.0,4.0,17.0,0.0,6.0,0.0,2.0,0.38,0.3939,0.82,0.0896,257.0
4.0,0.0,10.0,19.0,0.0,6.0,0.0,1.0,0.44,0.4394,0.67,0.0,220.0
2.0,1.0,4.0,10.0,0.0,6.0,0.0,1.0,0.42,0.4242,0.28,0.2537,363.0
3.0,1.0,7.0,17.0,0.0,4.0,1.0,1.0,0.9,0.8636,0.45,0.4179,738.0
1.0,0.0,2.0,11.0,0.0,2.0,1.0,2.0,0.18,0.2424,0.86,0.0,51.0
4.0,1.0,10.0,11.0,0.0,4.0,1.0,2.0,0.7,0.6515,0.7,0.1045,214.0
1.0,1.0,3.0,13.0,0.0,2.0,1.0,1.0,0.6,0.5758,0.78,0.194,284.0
4.0,0.0,10.0,20.0,0.0,0.0,0.0,1.0,0.54,0.5152,0.52,0.4627,178.0
3.0,0.0,8.0,11.0,0.0,4.0,1.0,3.0,0.7,0.6667,0.79,0.0,151.0
3.0,1.0,6.0,7.0,0.0,4.0,1.0,1.0,0.62,0.6061,0.61,0.1045,508.0
2.0,1.0,3.0,10.0,0.0,3.0,1.0,1.0,0.46,0.4545,0.41,0.4179,173.0
1.0,0.0,3.0,17.0,0.0,0.0,0.0,1.0,0.4,0.4091,0.35,0.2836,226.0
2.0,1.0,3.0,10.0,0.0,3.0,1.0,2.0,0.52,0.5,0.83,0.1642,154.0
3.0,0.0,8.0,17.0,0.0,2.0,1.0,1.0,0.72,0.6515,0.34,0.2239,472.0
4.0,1.0,11.0,20.0,0.0,2.0,1.0,1.0,0.26,0.2273,0.75,0.3284,232.0
2.0,0.0,4.0,19.0,0.0,6.0,0.0,1.0,0.36,0.3333,0.53,0.3582,148.0
1.0,1.0,12.0,10.0,0.0,6.0,0.0,1.0,0.26,0.2273,0.48,0.3284,118.0
2.0,1.0,6.0,5.0,0.0,1.0,1.0,1.0,0.52,0.5,0.68,0.0,35.0
4.0,1.0,10.0,18.0,0.0,3.0,1.0,1.0,0.52,0.5,0.59,0.1642,884.0
4.0,0.0,11.0,18.0,0.0,6.0,0.0,1.0,0.42,0.4242,0.58,0.194,203.0
2.0,0.0,5.0,8.0,0.0,0.0,0.0,2.0,0.54,0.5152,0.94,0.1343,70.0
3.0,1.0,8.0,19.0,0.0,0.0,0.0,2.0,0.64,0.6061,0.73,0.1343,341.0
1.0,0.0,1.0,19.0,0.0,3.0,1.0,1.0,0.32,0.2879,0.57,0.4179,112.0
2.0,0.0,5.0,16.0,0.0,2.0,1.0,1.0,0.66,0.6212,0.31,0.1045,327.0
2.0,1.0,5.0,15.0,1.0,1.0,0.0,1.0,0.82,0.7879,0.56,0.2985,460.0
3.0,1.0,8.0,21.0,0.0,5.0,1.0,1.0,0.76,0.7121,0.58,0.194,303.0
4.0,0.0,11.0,2.0,0.0,5.0,1.0,2.0,0.4,0.4091,0.76,0.0,10.0
3.0,0.0,9.0,21.0,0.0,4.0,1.0,2.0,0.66,0.6212,0.57,0.194,177.0
3.0,0.0,7.0,7.0,0.0,2.0,1.0,2.0,0.74,0.697,0.7,0.1642,315.0
1.0,1.0,12.0,1.0,0.0,5.0,1.0,1.0,0.24,0.2273,0.6,0.194,9.0
2.0,0.0,5.0,18.0,1.0,1.0,0.0,1.0,0.86,0.7879,0.41,0.1642,249.0
2.0,1.0,5.0,16.0,0.0,4.0,1.0,1.0,0.74,0.6818,0.55,0.3582,390.0
3.0,1.0,9.0,9.0,0.0,3.0,1.0,1.0,0.54,0.5152,0.6,0.2537,362.0
4.0,1.0,11.0,6.0,0.0,0.0,0.0,1.0,0.28,0.2727,0.81,0.1642,15.0
1.0,0.0,2.0,22.0,0.0,5.0,1.0,1.0,0.26,0.2121,0.48,0.4478,50.0
4.0,0.0,10.0,2.0,0.0,0.0,0.0,1.0,0.46,0.4545,0.88,0.0,55.0
3.0,0.0,9.0,6.0,0.0,0.0,0.0,1.0,0.44,0.4394,0.77,0.2537,12.0
2.0,1.0,6.0,2.0,0.0,3.0,1.0,1.0,0.5,0.4848,0.68,0.0,11.0
1.0,1.0,1.0,20.0,0.0,3.0,1.0,3.0,0.32,0.3182,0.93,0.1642,57.0
4.0,0.0,12.0,12.0,0.0,1.0,1.0,1.0,0.28,0.2879,0.52,0.1045,145.0
3.0,0.0,8.0,3.0,0.0,4.0,1.0,3.0,0.66,0.5909,0.94,0.0896,3.0
1.0,0.0,1.0,14.0,0.0,6.0,0.0,1.0,0.2,0.1667,0.32,0.4925,95.0
1.0,0.0,1.0,7.0,0.0,0.0,0.0,2.0,0.24,0.2121,0.56,0.2985,3.0
4.0,1.0,12.0,1.0,0.0,5.0,1.0,2.0,0.24,0.2273,0.7,0.194,28.0
2.0,1.0,3.0,9.0,0.0,1.0,1.0,1.0,0.46,0.4545,0.47,0.2836,282.0
3.0,1.0,9.0,8.0,0.0,2.0,1.0,1.0,0.7,0.6667,0.84,0.1642,632.0
2.0,1.0,5.0,15.0,0.0,5.0,1.0,1.0,0.76,0.7121,0.62,0.194,466.0
1.0,0.0,12.0,8.0,0.0,5.0,1.0,1.0,0.4,0.4091,0.76,0.2537,182.0
3.0,0.0,8.0,19.0,0.0,4.0,1.0,2.0,0.66,0.6061,0.78,0.3284,272.0
1.0,1.0,1.0,5.0,0.0,6.0,0.0,1.0,0.24,0.2576,0.75,0.0896,10.0
1.0,0.0,1.0,15.0,0.0,4.0,1.0,1.0,0.24,0.2121,0.38,0.2985,60.0
4.0,1.0,12.0,9.0,0.0,0.0,0.0,2.0,0.28,0.2727,0.93,0.1642,172.0
3.0,1.0,7.0,18.0,0.0,2.0,1.0,1.0,0.9,0.803,0.33,0.194,772.0
1.0,1.0,1.0,22.0,0.0,3.0,1.0,3.0,0.34,0.3333,0.87,0.194,49.0
3.0,1.0,8.0,19.0,0.0,5.0,1.0,1.0,0.8,0.7424,0.49,0.1343,452.0
4.0,1.0,11.0,19.0,0.0,4.0,1.0,1.0,0.3,0.2879,0.52,0.194,344.0
2.0,0.0,6.0,6.0,0.0,3.0,1.0,1.0,0.5,0.4848,0.63,0.2537,121.0
4.0,1.0,12.0,16.0,0.0,6.0,0.0,2.0,0.38,0.3939,0.66,0.0,443.0
3.0,1.0,6.0,12.0,0.0,6.0,0.0,1.0,0.8,0.7273,0.43,0.194,602.0
1.0,0.0,2.0,14.0,0.0,6.0,0.0,3.0,0.22,0.2727,1.0,0.0,55.0
1.0,0.0,12.0,20.0,0.0,0.0,0.0,1.0,0.32,0.3333,0.49,0.0896,26.0
2.0,0.0,5.0,5.0,0.0,0.0,0.0,3.0,0.52,0.5,1.0,0.1045,14.0
2.0,0.0,5.0,11.0,0.0,2.0,1.0,1.0,0.74,0.6667,0.51,0.2239,175.0
3.0,1.0,9.0,6.0,0.0,2.0,1.0,1.0,0.46,0.4545,0.77,0.1045,211.0
3.0,1.0,9.0,8.0,0.0,6.0,0.0,1.0,0.56,0.5303,0.49,0.4179,212.0
3.0,1.0,9.0,9.0,0.0,3.0,1.0,1.0,0.74,0.697,0.7,0.2537,290.0
3.0,1.0,7.0,20.0,0.0,4.0,1.0,2.0,0.86,0.7879,0.41,0.2239,321.0
2.0,1.0,6.0,7.0,0.0,1.0,1.0,1.0,0.64,0.5909,0.78,0.1045,503.0
4.0,1.0,12.0,2.0,0.0,1.0,1.0,2.0,0.38,0.3939,0.94,0.0,5.0
3.0,0.0,8.0,10.0,0.0,6.0,0.0,2.0,0.72,0.697,0.74,0.2239,260.0
2.0,1.0,5.0,3.0,0.0,3.0,1.0,1.0,0.6,0.5758,0.78,0.1045,5.0
3.0,1.0,7.0,8.0,0.0,1.0,1.0,2.0,0.66,0.6061,0.83,0.1642,455.0
3.0,0.0,7.0,22.0,0.0,2.0,1.0,1.0,0.76,0.697,0.55,0.1343,158.0
2.0,1.0,5.0,15.0,0.0,3.0,1.0,2.0,0.64,0.6212,0.53,0.1045,259.0
3.0,1.0,7.0,9.0,0.0,1.0,1.0,2.0,0.74,0.7121,0.74,0.1343,345.0
2.0,0.0,6.0,11.0,0.0,3.0,1.0,2.0,0.82,0.803,0.59,0.2239,112.0
4.0,1.0,11.0,9.0,0.0,1.0,1.0,2.0,0.36,0.3333,0.66,0.2537,278.0
4.0,1.0,11.0,9.0,0.0,3.0,1.0,1.0,0.28,0.2727,0.52,0.194,322.0
4.0,1.0,12.0,5.0,0.0,2.0,1.0,1.0,0.38,0.3939,0.87,0.0896,36.0
4.0,1.0,10.0,20.0,0.0,2.0,1.0,1.0,0.46,0.4545,0.55,0.0,432.0
1.0,1.0,1.0,4.0,0.0,5.0,1.0,2.0,0.4,0.4091,1.0,0.2985,4.0
1.0,1.0,12.0,16.0,0.0,1.0,1.0,2.0,0.26,0.2576,0.48,0.194,214.0
3.0,1.0,9.0,17.0,0.0,0.0,0.0,1.0,0.7,0.6364,0.37,0.2537,671.0
3.0,1.0,8.0,3.0,0.0,1.0,1.0,1.0,0.64,0.6061,0.69,0.0,6.0
4.0,1.0,11.0,7.0,0.0,6.0,0.0,2.0,0.32,0.303,0.49,0.2537,59.0
2.0,1.0,5.0,21.0,0.0,0.0,0.0,3.0,0.66,0.6212,0.69,0.4179,143.0
2.0,0.0,4.0,3.0,0.0,2.0,1.0,2.0,0.54,0.5152,0.73,0.3284,4.0
1.0,1.0,1.0,20.0,0.0,3.0,1.0,1.0,0.32,0.3182,0.61,0.194,235.0
3.0,1.0,7.0,11.0,0.0,2.0,1.0,1.0,0.76,0.7121,0.58,0.0,224.0
3.0,0.0,8.0,1.0,0.0,2.0,1.0,1.0,0.64,0.6061,0.69,0.1642,16.0
3.0,1.0,8.0,7.0,0.0,0.0,0.0,1.0,0.64,0.5758,0.89,0.194,34.0
2.0,0.0,5.0,7.0,0.0,6.0,0.0,3.0,0.48,0.4697,1.0,0.0,32.0
3.0,1.0,7.0,22.0,0.0,2.0,1.0,1.0,0.8,0.7576,0.55,0.2239,244.0
1.0,1.0,12.0,13.0,0.0,0.0,0.0,1.0,0.3,0.2576,0.36,0.6567,169.0
3.0,0.0,7.0,16.0,0.0,1.0,1.0,1.0,0.84,0.803,0.53,0.2836,265.0
4.0,1.0,10.0,17.0,0.0,2.0,1.0,1.0,0.52,0.5,0.39,0.194,943.0
2.0,0.0,4.0,12.0,0.0,5.0,1.0,3.0,0.38,0.3939,0.66,0.2239,80.0
1.0,0.0,2.0,8.0,0.0,3.0,1.0,1.0,0.1,0.1364,0.42,0.0,199.0
3.0,1.0,8.0,10.0,0.0,0.0,0.0,1.0,0.7,0.6515,0.51,0.1642,328.0
1.0,1.0,12.0,11.0,0.0,1.0,1.0,2.0,0.26,0.2576,0.6,0.1642,124.0
4.0,0.0,10.0,17.0,0.0,1.0,1.0,2.0,0.4,0.4091,0.76,0.1642,495.0
4.0,1.0,9.0,12.0,0.0,3.0,1.0,1.0,0.68,0.6364,0.61,0.2239,316.0
4.0,0.0,10.0,22.0,0.0,2.0,1.0,2.0,0.52,0.5,0.77,0.1642,137.0
1.0,0.0,1.0,13.0,0.0,2.0,1.0,1.0,0.24,0.2273,0.56,0.194,97.0
1.0,1.0,2.0,19.0,0.0,6.0,0.0,1.0,0.44,0.4394,0.44,0.1642,188.0
4.0,0.0,9.0,1.0,0.0,4.0,1.0,2.0,0.6,0.5,1.0,0.194,23.0
1.0,0.0,12.0,1.0,0.0,5.0,1.0,3.0,0.4,0.4091,0.87,0.194,12.0
2.0,1.0,5.0,9.0,0.0,1.0,1.0,2.0,0.5,0.4848,0.82,0.2239,350.0
3.0,1.0,7.0,18.0,0.0,4.0,1.0,1.0,0.86,0.7879,0.41,0.194,777.0
1.0,0.0,3.0,19.0,0.0,4.0,1.0,1.0,0.2,0.197,0.4,0.2537,106.0
1.0,0.0,3.0,9.0,0.0,3.0,1.0,2.0,0.26,0.2424,0.87,0.2537,141.0
3.0,1.0,8.0,20.0,0.0,4.0,1.0,1.0,0.7,0.6515,0.61,0.1045,474.0
2.0,0.0,5.0,15.0,0.0,6.0,0.0,1.0,0.6,0.6212,0.38,0.2537,378.0
4.0,0.0,12.0,5.0,0.0,4.0,1.0,2.0,0.32,0.303,0.7,0.2836,24.0
1.0,0.0,12.0,22.0,0.0,5.0,1.0,1.0,0.32,0.3182,0.66,0.194,47.0
2.0,1.0,5.0,13.0,0.0,0.0,0.0,1.0,0.76,0.7121,0.58,0.194,498.0
3.0,0.0,8.0,4.0,0.0,0.0,0.0,1.0,0.68,0.6364,0.83,0.2239,6.0
1.0,0.0,3.0,13.0,0.0,2.0,1.0,2.0,0.36,0.3333,0.57,0.2836,97.0
1.0,1.0,12.0,20.0,0.0,0.0,0.0,1.0,0.22,0.197,0.47,0.3284,72.0
1.0,1.0,12.0,16.0,1.0,2.0,0.0,2.0,0.36,0.3333,0.5,0.2537,86.0
4.0,1.0,12.0,4.0,0.0,6.0,0.0,1.0,0.26,0.2879,0.81,0.0896,5.0
2.0,1.0,3.0,8.0,0.0,5.0,1.0,1.0,0.32,0.3182,0.66,0.1642,593.0
4.0,0.0,12.0,15.0,0.0,6.0,0.0,1.0,0.28,0.2576,0.45,0.2836,228.0
1.0,0.0,3.0,13.0,0.0,3.0,1.0,1.0,0.5,0.4848,0.25,0.0,125.0
3.0,1.0,7.0,21.0,0.0,6.0,0.0,2.0,0.6,0.5455,0.88,0.1642,163.0
2.0,1.0,4.0,21.0,0.0,3.0,1.0,1.0,0.52,0.5,0.52,0.1343,239.0
2.0,1.0,4.0,6.0,0.0,2.0,1.0,1.0,0.34,0.3485,0.71,0.1045,103.0
2.0,1.0,5.0,22.0,0.0,5.0,1.0,1.0,0.66,0.6212,0.74,0.1045,212.0
1.0,1.0,1.0,1.0,0.0,0.0,0.0,2.0,0.18,0.1667,0.74,0.2985,50.0
1.0,1.0,2.0,12.0,0.0,1.0,1.0,1.0,0.32,0.3182,0.61,0.1642,150.0
1.0,0.0,2.0,12.0,0.0,4.0,1.0,2.0,0.36,0.3333,0.53,0.3582,95.0
3.0,1.0,7.0,19.0,0.0,4.0,1.0,1.0,0.74,0.6667,0.48,0.2239,629.0
2.0,0.0,6.0,3.0,0.0,5.0,1.0,1.0,0.54,0.5152,0.49,0.2239,5.0
2.0,1.0,4.0,19.0,0.0,2.0,1.0,1.0,0.52,0.5,0.2,0.3582,479.0
1.0,0.0,2.0,12.0,0.0,6.0,0.0,3.0,0.22,0.2273,1.0,0.1642,52.0
1.0,0.0,3.0,22.0,0.0,3.0,1.0,3.0,0.32,0.3182,0.93,0.1642,21.0
2.0,0.0,6.0,10.0,0.0,1.0,1.0,2.0,0.6,0.5758,0.78,0.2537,91.0
1.0,0.0,1.0,13.0,0.0,5.0,1.0,3.0,0.18,0.2121,0.93,0.1045,31.0
2.0,1.0,5.0,20.0,0.0,0.0,0.0,1.0,0.74,0.6818,0.55,0.1642,392.0
2.0,1.0,5.0,12.0,0.0,1.0,1.0,2.0,0.6,0.5606,0.83,0.2537,170.0
2.0,0.0,6.0,22.0,0.0,0.0,0.0,1.0,0.64,0.5758,0.83,0.1343,128.0
4.0,0.0,9.0,8.0,0.0,6.0,0.0,2.0,0.58,0.5455,0.9,0.0896,121.0
4.0,1.0,9.0,3.0,0.0,6.0,0.0,2.0,0.52,0.5,0.59,0.194,29.0
1.0,1.0,1.0,5.0,0.0,4.0,1.0,2.0,0.2,0.2273,0.59,0.0896,26.0
3.0,0.0,6.0,15.0,0.0,6.0,0.0,1.0,0.74,0.6667,0.45,0.0,392.0
1.0,1.0,1.0,23.0,1.0,1.0,0.0,3.0,0.26,0.2273,0.7,0.2985,28.0
3.0,0.0,7.0,6.0,0.0,0.0,0.0,1.0,0.62,0.5909,0.73,0.1642,21.0
4.0,0.0,12.0,18.0,0.0,0.0,0.0,1.0,0.28,0.2727,0.45,0.194,138.0
1.0,0.0,12.0,11.0,0.0,0.0,0.0,1.0,0.3,0.303,0.7,0.1642,85.0
4.0,1.0,12.0,0.0,0.0,4.0,1.0,2.0,0.28,0.2727,0.52,0.2239,32.0
1.0,0.0,3.0,20.0,0.0,0.0,0.0,1.0,0.32,0.303,0.57,0.2985,77.0
3.0,0.0,6.0,23.0,0.0,3.0,1.0,2.0,0.72,0.697,0.79,0.2239,105.0
1.0,0.0,3.0,3.0,0.0,2.0,1.0,1.0,0.22,0.2121,0.69,0.2836,2.0
3.0,0.0,9.0,23.0,0.0,2.0,1.0,1.0,0.64,0.5909,0.78,0.1045,74.0
3.0,1.0,9.0,7.0,0.0,6.0,0.0,1.0,0.66,0.5909,0.89,0.2836,82.0
3.0,1.0,7.0,11.0,0.0,6.0,0.0,2.0,0.6,0.5606,0.83,0.2537,305.0
2.0,1.0,5.0,12.0,0.0,4.0,1.0,1.0,0.72,0.6515,0.37,0.194,292.0
4.0,0.0,11.0,12.0,0.0,3.0,1.0,1.0,0.46,0.4545,0.55,0.1642,189.0
3.0,1.0,7.0,21.0,0.0,2.0,1.0,3.0,0.64,0.5758,0.89,0.1045,90.0
4.0,1.0,10.0,22.0,0.0,0.0,0.0,3.0,0.44,0.4394,0.88,0.3582,37.0
3.0,0.0,9.0,14.0,0.0,6.0,0.0,2.0,0.72,0.6818,0.66,0.1642,380.0
2.0,0.0,6.0,3.0,0.0,4.0,1.0,2.0,0.56,0.5303,0.73,0.0896,4.0
4.0,1.0,11.0,23.0,0.0,2.0,1.0,1.0,0.32,0.3333,0.81,0.1045,83.0
1.0,0.0,12.0,10.0,0.0,4.0,1.0,2.0,0.22,0.2273,0.64,0.1642,110.0
1.0,0.0,3.0,21.0,0.0,6.0,0.0,1.0,0.38,0.3939,0.62,0.0,82.0
1.0,1.0,1.0,23.0,0.0,4.0,1.0,1.0,0.26,0.2273,0.48,0.3284,56.0
4.0,0.0,11.0,23.0,0.0,1.0,1.0,2.0,0.52,0.5,0.83,0.1343,46.0
3.0,1.0,9.0,21.0,0.0,3.0,1.0,1.0,0.72,0.697,0.79,0.0,296.0
4.0,1.0,10.0,8.0,1.0,1.0,0.0,2.0,0.36,0.3485,0.71,0.2239,397.0
4.0,0.0,10.0,4.0,0.0,4.0,1.0,1.0,0.5,0.4848,0.82,0.4627,8.0
4.0,0.0,10.0,17.0,0.0,0.0,0.0,1.0,0.62,0.6061,0.61,0.1045,438.0
2.0,1.0,5.0,22.0,0.0,5.0,1.0,1.0,0.56,0.5303,0.52,0.3284,251.0
2.0,1.0,6.0,4.0,0.0,0.0,0.0,1.0,0.62,0.5909,0.78,0.0896,10.0
2.0,0.0,4.0,2.0,0.0,5.0,1.0,3.0,0.34,0.3333,0.76,0.1642,13.0
2.0,1.0,5.0,2.0,0.0,2.0,1.0,2.0,0.58,0.5455,0.83,0.1045,11.0
4.0,0.0,10.0,8.0,0.0,2.0,1.0,1.0,0.44,0.4394,0.77,0.2239,400.0
1.0,1.0,3.0,6.0,0.0,5.0,1.0,2.0,0.4,0.4091,0.5,0.3582,85.0
4.0,0.0,9.0,6.0,0.0,1.0,1.0,2.0,0.62,0.5455,0.94,0.0896,113.0
4.0,0.0,12.0,20.0,0.0,2.0,1.0,3.0,0.46,0.4545,1.0,0.2985,110.0
2.0,1.0,3.0,13.0,0.0,5.0,1.0,3.0,0.4,0.4091,0.5,0.0,242.0
1.0,1.0,3.0,6.0,0.0,6.0,0.0,2.0,0.36,0.3636,0.93,0.0896,7.0
2.0,0.0,5.0,3.0,0.0,0.0,0.0,1.0,0.46,0.4545,0.72,0.0896,31.0
4.0,1.0,11.0,5.0,0.0,6.0,0.0,1.0,0.24,0.2424,0.7,0.1642,11.0
3.0,0.0,7.0,19.0,0.0,5.0,1.0,1.0,0.7,0.6364,0.45,0.2239,394.0
1.0,1.0,1.0,1.0,0.0,0.0,0.0,1.0,0.34,0.3333,0.42,0.194,72.0
3.0,1.0,8.0,4.0,0.0,0.0,0.0,2.0,0.62,0.6061,0.65,0.1642,26.0
1.0,0.0,3.0,0.0,0.0,6.0,0.0,1.0,0.26,0.2727,0.6,0.1343,34.0
4.0,1.0,10.0,9.0,0.0,6.0,0.0,1.0,0.5,0.4848,0.77,0.2537,328.0
3.0,0.0,8.0,21.0,0.0,4.0,1.0,1.0,0.64,0.5909,0.78,0.2836,187.0
2.0,0.0,4.0,7.0,0.0,2.0,1.0,1.0,0.58,0.5455,0.83,0.2985,270.0
1.0,0.0,12.0,8.0,0.0,6.0,0.0,1.0,0.28,0.2727,0.7,0.194,27.0
3.0,1.0,7.0,18.0,0.0,6.0,0.0,2.0,0.6,0.5455,0.88,0.194,177.0
2.0,1.0,6.0,14.0,0.0,5.0,1.0,3.0,0.72,0.6818,0.66,0.2836,254.0
4.0,1.0,12.0,3.0,0.0,5.0,1.0,1.0,0.2,0.2273,0.69,0.1045,12.0
3.0,1.0,9.0,12.0,0.0,3.0,1.0,1.0,0.68,0.6364,0.36,0.1343,352.0
4.0,1.0,10.0,18.0,0.0,1.0,1.0,3.0,0.54,0.5152,0.77,0.1343,592.0
1.0,0.0,12.0,16.0,0.0,5.0,1.0,1.0,0.42,0.4242,0.47,0.194,283.0
2.0,1.0,6.0,5.0,0.0,6.0,0.0,1.0,0.5,0.4848,0.72,0.194,12.0
3.0,1.0,9.0,16.0,0.0,0.0,0.0,1.0,0.64,0.6212,0.44,0.1642,596.0
3.0,1.0,7.0,12.0,0.0,1.0,1.0,1.0,0.84,0.7879,0.49,0.1343,237.0
2.0,1.0,3.0,19.0,0.0,1.0,1.0,1.0,0.42,0.4242,0.24,0.3582,458.0
1.0,1.0,1.0,4.0,0.0,5.0,1.0,3.0,0.32,0.2879,0.7,0.4925,3.0
1.0,0.0,2.0,8.0,0.0,3.0,1.0,1.0,0.14,0.1515,0.54,0.1642,235.0
4.0,0.0,11.0,8.0,0.0,2.0,1.0,2.0,0.54,0.5152,0.68,0.1045,480.0
3.0,0.0,9.0,13.0,0.0,6.0,0.0,2.0,0.52,0.5,0.68,0.194,349.0
1.0,0.0,1.0,1.0,0.0,6.0,0.0,2.0,0.18,0.2121,0.55,0.0896,16.0
4.0,1.0,12.0,15.0,0.0,2.0,1.0,2.0,0.6,0.6212,0.49,0.2537,300.0
2.0,1.0,4.0,6.0,0.0,5.0,1.0,1.0,0.32,0.3182,0.57,0.1642,84.0
1.0,1.0,1.0,17.0,0.0,0.0,0.0,2.0,0.48,0.4697,0.48,0.1642,111.0
4.0,0.0,12.0,5.0,0.0,1.0,1.0,1.0,0.16,0.2273,0.8,0.0,21.0
4.0,0.0,10.0,19.0,0.0,4.0,1.0,1.0,0.52,0.5,0.59,0.1045,343.0
3.0,1.0,8.0,18.0,0.0,0.0,0.0,2.0,0.64,0.5909,0.78,0.1045,377.0
2.0,1.0,6.0,21.0,0.0,6.0,0.0,1.0,0.74,0.6515,0.4,0.194,316.0
3.0,0.0,8.0,2.0,0.0,4.0,1.0,1.0,0.68,0.6364,0.69,0.3881,5.0
3.0,1.0,9.0,7.0,0.0,6.0,0.0,2.0,0.74,0.6818,0.58,0.1343,66.0
1.0,0.0,1.0,3.0,0.0,0.0,0.0,1.0,0.02,0.0606,0.62,0.1343,5.0
1.0,1.0,3.0,13.0,0.0,4.0,1.0,2.0,0.6,0.6212,0.49,0.6418,233.0
2.0,1.0,4.0,22.0,0.0,5.0,1.0,1.0,0.42,0.4242,0.38,0.2537,158.0
3.0,1.0,9.0,0.0,0.0,0.0,0.0,2.0,0.66,0.5909,0.89,0.0896,99.0
3.0,1.0,7.0,2.0,0.0,2.0,1.0,1.0,0.7,0.6667,0.74,0.1343,16.0
3.0,1.0,7.0,20.0,0.0,1.0,1.0,1.0,0.8,0.7727,0.59,0.1343,454.0
3.0,1.0,9.0,4.0,0.0,5.0,1.0,1.0,0.5,0.4848,0.77,0.0,10.0
3.0,1.0,7.0,20.0,0.0,0.0,0.0,1.0,0.76,0.7273,0.7,0.0896,285.0
2.0,1.0,4.0,12.0,0.0,2.0,1.0,1.0,0.48,0.4697,0.29,0.3881,224.0
1.0,1.0,3.0,14.0,0.0,5.0,1.0,1.0,0.42,0.4242,0.28,0.4627,178.0
3.0,1.0,7.0,20.0,0.0,2.0,1.0,3.0,0.7,0.6515,0.7,0.194,452.0
3.0,1.0,8.0,1.0,0.0,6.0,0.0,1.0,0.66,0.6212,0.74,0.2239,116.0
3.0,0.0,8.0,6.0,0.0,2.0,1.0,1.0,0.54,0.5152,0.6,0.194,114.0
4.0,0.0,10.0,11.0,0.0,5.0,1.0,1.0,0.56,0.5303,0.63,0.0,230.0
1.0,0.0,1.0,12.0,0.0,6.0,0.0,1.0,0.42,0.4242,0.77,0.2836,84.0
3.0,0.0,9.0,3.0,0.0,0.0,0.0,2.0,0.62,0.5909,0.78,0.0896,45.0
1.0,0.0,3.0,7.0,0.0,0.0,0.0,3.0,0.42,0.4242,1.0,0.4478,5.0
2.0,1.0,6.0,7.0,0.0,5.0,1.0,1.0,0.56,0.5303,0.83,0.1642,430.0
3.0,1.0,7.0,15.0,0.0,6.0,0.0,1.0,0.8,0.7576,0.55,0.1642,560.0
2.0,0.0,6.0,17.0,0.0,5.0,1.0,1.0,0.72,0.6364,0.25,0.2836,558.0
4.0,0.0,12.0,13.0,0.0,4.0,1.0,1.0,0.3,0.2727,0.49,0.3582,124.0
4.0,0.0,11.0,22.0,0.0,5.0,1.0,1.0,0.34,0.3485,0.71,0.0896,58.0
2.0,1.0,4.0,22.0,0.0,6.0,0.0,2.0,0.36,0.3485,0.71,0.1343,83.0
2.0,0.0,6.0,9.0,0.0,5.0,1.0,1.0,0.76,0.697,0.55,0.0,213.0
2.0,1.0,4.0,13.0,0.0,3.0,1.0,1.0,0.56,0.5303,0.26,0.2239,228.0
3.0,1.0,8.0,3.0,0.0,6.0,0.0,1.0,0.72,0.7121,0.84,0.1343,30.0
1.0,1.0,1.0,16.0,0.0,3.0,1.0,2.0,0.34,0.3182,0.87,0.2537,118.0
3.0,1.0,8.0,15.0,0.0,5.0,1.0,1.0,0.8,0.7424,0.52,0.4478,324.0
1.0,1.0,1.0,18.0,0.0,4.0,1.0,1.0,0.34,0.3333,0.36,0.1642,383.0
3.0,1.0,8.0,14.0,0.0,1.0,1.0,1.0,0.8,0.7424,0.49,0.0896,246.0
3.0,1.0,9.0,23.0,0.0,6.0,0.0,1.0,0.54,0.5152,0.6,0.0,229.0
2.0,1.0,4.0,8.0,0.0,6.0,0.0,1.0,0.36,0.3485,0.71,0.1343,160.0
1.0,0.0,3.0,15.0,0.0,0.0,0.0,1.0,0.4,0.4091,0.32,0.0896,308.0
4.0,1.0,12.0,18.0,0.0,4.0,1.0,1.0,0.32,0.3333,0.42,0.1045,466.0
2.0,0.0,6.0,9.0,0.0,6.0,0.0,1.0,0.62,0.6212,0.43,0.1343,224.0
2.0,1.0,4.0,1.0,0.0,1.0,1.0,3.0,0.34,0.303,0.87,0.3582,2.0
4.0,1.0,10.0,5.0,0.0,4.0,1.0,2.0,0.52,0.5,0.88,0.1642,55.0
4.0,1.0,10.0,7.0,0.0,3.0,1.0,2.0,0.6,0.5152,0.94,0.194,515.0
3.0,1.0,8.0,12.0,0.0,5.0,1.0,1.0,0.82,0.2424,0.41,0.2239,365.0
1.0,1.0,1.0,5.0,0.0,2.0,1.0,3.0,0.32,0.303,0.66,0.3284,13.0
3.0,0.0,7.0,8.0,0.0,2.0,1.0,2.0,0.76,0.7273,0.7,0.1642,412.0
2.0,0.0,5.0,1.0,1.0,1.0,0.0,1.0,0.64,0.5606,0.94,0.1343,79.0
2.0,1.0,5.0,21.0,0.0,2.0,1.0,3.0,0.6,0.5455,0.88,0.4478,71.0
1.0,0.0,1.0,23.0,0.0,2.0,1.0,2.0,0.22,0.2273,0.64,0.1642,40.0
2.0,1.0,4.0,11.0,0.0,3.0,1.0,3.0,0.46,0.4545,0.47,0.2537,119.0
1.0,1.0,3.0,11.0,0.0,3.0,1.0,1.0,0.42,0.4242,0.38,0.2985,161.0
1.0,0.0,3.0,23.0,0.0,3.0,1.0,1.0,0.4,0.4091,0.65,0.194,27.0
3.0,0.0,7.0,15.0,0.0,1.0,1.0,1.0,0.84,0.803,0.53,0.3284,164.0
1.0,1.0,12.0,5.0,0.0,5.0,1.0,2.0,0.34,0.303,0.76,0.4179,13.0
1.0,0.0,3.0,3.0,0.0,5.0,1.0,1.0,0.36,0.3485,0.71,0.194,5.0
2.0,1.0,4.0,22.0,0.0,4.0,1.0,1.0,0.52,0.5,0.59,0.194,248.0
1.0,0.0,2.0,6.0,0.0,5.0,1.0,3.0,0.34,0.3485,0.93,0.0896,11.0
1.0,1.0,2.0,3.0,0.0,2.0,1.0,2.0,0.26,0.303,0.52,0.0,3.0
3.0,0.0,7.0,21.0,0.0,0.0,0.0,1.0,0.74,0.6818,0.62,0.2537,227.0
3.0,0.0,8.0,5.0,0.0,1.0,1.0,1.0,0.7,0.6667,0.79,0.0896,15.0
2.0,1.0,5.0,11.0,0.0,3.0,1.0,2.0,0.66,0.6212,0.65,0.194,208.0
2.0,0.0,4.0,14.0,0.0,5.0,1.0,2.0,0.36,0.3333,0.46,0.3582,87.0
2.0,0.0,6.0,3.0,0.0,1.0,1.0,3.0,0.64,0.5758,0.89,0.0,1.0
2.0,1.0,5.0,11.0,0.0,2.0,1.0,1.0,0.64,0.5909,0.78,0.194,224.0
4.0,1.0,11.0,9.0,0.0,0.0,0.0,1.0,0.32,0.303,0.7,0.2537,204.0
1.0,0.0,1.0,20.0,0.0,5.0,1.0,2.0,0.24,0.2273,0.7,0.194,62.0
3.0,0.0,6.0,7.0,0.0,4.0,1.0,2.0,0.72,0.697,0.74,0.1343,327.0
3.0,0.0,7.0,10.0,0.0,0.0,0.0,1.0,0.86,0.8182,0.5,0.3284,226.0
3.0,1.0,7.0,13.0,0.0,6.0,0.0,3.0,0.6,0.5606,0.83,0.1642,354.0
3.0,1.0,9.0,22.0,0.0,6.0,0.0,1.0,0.62,0.6212,0.57,0.194,239.0
4.0,0.0,10.0,13.0,0.0,2.0,1.0,1.0,0.56,0.5303,0.56,0.2985,173.0
1.0,1.0,2.0,0.0,0.0,0.0,0.0,2.0,0.34,0.303,0.39,0.3582,74.0
3.0,1.0,8.0,4.0,0.0,3.0,1.0,1.0,0.58,0.5455,0.83,0.1045,8.0
4.0,0.0,10.0,1.0,0.0,1.0,1.0,1.0,0.26,0.303,0.81,0.0,13.0
4.0,1.0,12.0,23.0,0.0,3.0,1.0,1.0,0.3,0.2727,0.49,0.3881,74.0
1.0,1.0,3.0,17.0,0.0,0.0,0.0,1.0,0.34,0.2879,0.31,0.5522,263.0
1.0,0.0,2.0,3.0,0.0,3.0,1.0,1.0,0.06,0.0758,0.45,0.1343,2.0
4.0,0.0,9.0,7.0,0.0,4.0,1.0,1.0,0.6,0.5455,0.88,0.1343,283.0
4.0,1.0,10.0,11.0,0.0,3.0,1.0,1.0,0.54,0.5152,0.52,0.194,291.0
3.0,0.0,6.0,12.0,0.0,0.0,0.0,1.0,0.74,0.6515,0.4,0.1642,443.0
1.0,1.0,3.0,8.0,0.0,0.0,0.0,1.0,0.3,0.2727,0.52,0.3284,66.0
3.0,1.0,7.0,19.0,0.0,1.0,1.0,1.0,0.74,0.6818,0.55,0.1642,631.0
2.0,1.0,5.0,12.0,0.0,1.0,1.0,2.0,0.56,0.5303,0.88,0.2836,185.0
4.0,1.0,12.0,9.0,0.0,3.0,1.0,2.0,0.44,0.4394,0.51,0.2239,388.0
4.0,1.0,10.0,20.0,0.0,5.0,1.0,1.0,0.52,0.5,0.77,0.194,229.0
3.0,0.0,9.0,22.0,0.0,0.0,0.0,2.0,0.54,0.5152,0.68,0.0896,84.0
3.0,0.0,8.0,15.0,0.0,4.0,1.0,2.0,0.74,0.697,0.7,0.0,132.0
4.0,1.0,10.0,18.0,0.0,4.0,1.0,1.0,0.56,0.5303,0.83,0.1045,809.0
1.0,0.0,2.0,11.0,0.0,4.0,1.0,2.0,0.32,0.2879,0.57,0.3881,79.0
4.0,1.0,11.0,21.0,0.0,1.0,1.0,1.0,0.3,0.2879,0.52,0.2836,152.0
4.0,1.0,10.0,20.0,0.0,1.0,1.0,1.0,0.5,0.4848,0.59,0.1045,403.0
1.0,1.0,2.0,6.0,0.0,6.0,0.0,3.0,0.22,0.2273,0.93,0.1343,9.0
4.0,0.0,11.0,12.0,0.0,0.0,0.0,1.0,0.54,0.5152,0.56,0.2836,256.0
4.0,0.0,11.0,19.0,0.0,5.0,1.0,1.0,0.28,0.2727,0.41,0.1642,190.0
3.0,1.0,7.0,3.0,0.0,5.0,1.0,2.0,0.68,0.6364,0.61,0.0,9.0
4.0,0.0,10.0,10.0,0.0,4.0,1.0,1.0,0.52,0.5,0.52,0.0,129.0
1.0,0.0,3.0,8.0,0.0,1.0,1.0,1.0,0.2,0.1818,0.75,0.3881,211.0
2.0,1.0,5.0,9.0,0.0,4.0,1.0,1.0,0.62,0.5909,0.73,0.1642,301.0
4.0,1.0,10.0,8.0,0.0,2.0,1.0,2.0,0.46,0.4545,0.72,0.0896,761.0
1.0,1.0,2.0,2.0,0.0,3.0,1.0,1.0,0.44,0.4394,0.44,0.2836,7.0
1.0,0.0,12.0,18.0,0.0,0.0,0.0,1.0,0.32,0.3182,0.7,0.194,30.0
2.0,1.0,6.0,19.0,0.0,4.0,1.0,1.0,0.7,0.6364,0.34,0.2836,602.0
2.0,1.0,4.0,9.0,0.0,6.0,0.0,2.0,0.38,0.3939,0.37,0.0,214.0
1.0,1.0,3.0,0.0,0.0,3.0,1.0,1.0,0.54,0.5152,0.6,0.1045,39.0
2.0,1.0,5.0,8.0,0.0,3.0,1.0,1.0,0.58,0.5455,0.83,0.0,650.0
2.0,1.0,6.0,18.0,0.0,2.0,1.0,1.0,0.8,0.7576,0.55,0.1642,795.0
1.0,1.0,1.0,7.0,0.0,6.0,0.0,1.0,0.14,0.1515,0.5,0.1343,24.0
3.0,0.0,8.0,4.0,0.0,6.0,0.0,2.0,0.7,0.6667,0.84,0.2239,4.0
1.0,0.0,2.0,9.0,0.0,6.0,0.0,1.0,0.4,0.4091,0.16,0.6567,55.0
3.0,1.0,7.0,2.0,0.0,1.0,1.0,1.0,0.68,0.6364,0.74,0.0,8.0
2.0,0.0,4.0,18.0,0.0,0.0,0.0,1.0,0.56,0.5303,0.3,0.3881,277.0
4.0,0.0,11.0,18.0,0.0,3.0,1.0,1.0,0.42,0.4242,0.71,0.1642,479.0
4.0,0.0,12.0,11.0,0.0,0.0,0.0,1.0,0.26,0.303,0.35,0.0,197.0
4.0,0.0,11.0,9.0,0.0,2.0,1.0,3.0,0.56,0.5303,0.73,0.4179,202.0
1.0,1.0,2.0,0.0,0.0,0.0,0.0,2.0,0.24,0.2424,0.87,0.1343,61.0
2.0,1.0,4.0,4.0,0.0,1.0,1.0,3.0,0.3,0.2879,0.81,0.2836,3.0
3.0,0.0,6.0,5.0,0.0,5.0,1.0,1.0,0.64,0.5758,0.89,0.0896,20.0
4.0,0.0,12.0,12.0,0.0,2.0,1.0,1.0,0.36,0.3333,0.43,0.3582,167.0
4.0,0.0,12.0,21.0,0.0,5.0,1.0,2.0,0.32,0.3182,0.45,0.1642,102.0
1.0,1.0,1.0,6.0,0.0,1.0,1.0,2.0,0.2,0.2576,0.86,0.0,42.0
4.0,1.0,12.0,0.0,0.0,3.0,1.0,1.0,0.3,0.303,0.52,0.1642,34.0
2.0,1.0,5.0,13.0,0.0,2.0,1.0,3.0,0.64,0.6061,0.65,0.2537,219.0
1.0,1.0,1.0,18.0,0.0,0.0,0.0,1.0,0.34,0.303,0.23,0.3582,168.0
4.0,1.0,11.0,18.0,0.0,6.0,0.0,2.0,0.36,0.3333,0.46,0.2836,297.0
4.0,1.0,9.0,15.0,0.0,1.0,1.0,1.0,0.6,0.6212,0.31,0.0,300.0
1.0,0.0,3.0,6.0,0.0,3.0,1.0,2.0,0.24,0.2576,0.85,0.1045,49.0
2.0,0.0,5.0,15.0,0.0,3.0,1.0,1.0,0.48,0.4697,0.51,0.4179,129.0
2.0,0.0,5.0,11.0,0.0,6.0,0.0,1.0,0.7,0.6515,0.65,0.2239,349.0
2.0,1.0,3.0,4.0,0.0,4.0,1.0,2.0,0.48,0.4697,1.0,0.0896,6.0
3.0,0.0,9.0,6.0,0.0,5.0,1.0,1.0,0.6,0.5606,0.83,0.1343,76.0
2.0,1.0,4.0,8.0,0.0,0.0,0.0,1.0,0.38,0.3939,0.76,0.1343,107.0
1.0,0.0,3.0,19.0,0.0,2.0,1.0,1.0,0.34,0.3485,0.31,0.1045,150.0
2.0,1.0,4.0,2.0,0.0,6.0,0.0,1.0,0.36,0.3485,0.43,0.1642,57.0
1.0,1.0,1.0,3.0,0.0,3.0,1.0,1.0,0.02,0.0152,0.34,0.2836,1.0
4.0,0.0,10.0,5.0,0.0,1.0,1.0,2.0,0.36,0.3636,0.76,0.1045,21.0
3.0,1.0,7.0,1.0,0.0,1.0,1.0,2.0,0.7,0.6667,0.74,0.194,11.0
3.0,0.0,8.0,1.0,0.0,4.0,1.0,2.0,0.66,0.6212,0.65,0.1642,24.0
1.0,0.0,2.0,11.0,0.0,1.0,1.0,2.0,0.56,0.5303,0.64,0.2985,87.0
4.0,0.0,11.0,17.0,0.0,0.0,0.0,1.0,0.54,0.5152,0.56,0.194,204.0
3.0,1.0,8.0,16.0,0.0,3.0,1.0,1.0,0.8,0.7576,0.55,0.2836,479.0
1.0,0.0,1.0,3.0,0.0,0.0,0.0,1.0,0.22,0.2727,0.69,0.0,15.0
2.0,1.0,4.0,17.0,0.0,0.0,0.0,1.0,0.62,0.6061,0.27,0.2985,522.0
2.0,1.0,5.0,23.0,0.0,0.0,0.0,2.0,0.62,0.6212,0.57,0.2239,74.0
1.0,0.0,2.0,13.0,0.0,3.0,1.0,1.0,0.3,0.3182,0.28,0.0896,87.0
3.0,1.0,7.0,7.0,0.0,0.0,0.0,1.0,0.8,0.803,0.66,0.0,52.0
3.0,0.0,7.0,20.0,0.0,6.0,0.0,1.0,0.82,0.7424,0.43,0.1343,206.0
2.0,0.0,4.0,21.0,1.0,5.0,0.0,2.0,0.4,0.4091,0.76,0.2985,102.0
3.0,1.0,9.0,18.0,0.0,6.0,0.0,3.0,0.58,0.5455,0.83,0.1343,167.0
1.0,0.0,3.0,9.0,0.0,5.0,1.0,2.0,0.3,0.2879,0.61,0.2836,156.0
1.0,0.0,2.0,21.0,0.0,5.0,1.0,2.0,0.24,0.2424,0.7,0.1642,43.0
3.0,1.0,9.0,4.0,0.0,3.0,1.0,1.0,0.5,0.4848,0.72,0.0896,5.0
2.0,0.0,4.0,11.0,0.0,2.0,1.0,3.0,0.32,0.2879,0.81,0.4478,19.0
1.0,0.0,3.0,7.0,0.0,5.0,1.0,1.0,0.4,0.4091,0.66,0.194,123.0
2.0,0.0,4.0,2.0,0.0,6.0,0.0,2.0,0.44,0.4394,0.54,0.2239,65.0
2.0,1.0,5.0,15.0,0.0,0.0,0.0,1.0,0.78,0.7121,0.52,0.2836,535.0
2.0,1.0,5.0,7.0,0.0,4.0,1.0,1.0,0.6,0.6061,0.64,0.2836,507.0
3.0,0.0,7.0,18.0,0.0,1.0,1.0,1.0,0.86,0.8333,0.53,0.3881,472.0
3.0,1.0,7.0,15.0,0.0,5.0,1.0,1.0,0.92,0.8182,0.29,0.194,285.0
3.0,1.0,6.0,9.0,0.0,5.0,1.0,1.0,0.76,0.697,0.55,0.1642,300.0
4.0,0.0,11.0,2.0,0.0,0.0,0.0,1.0,0.4,0.4091,0.62,0.2836,56.0
1.0,1.0,12.0,10.0,0.0,6.0,0.0,3.0,0.26,0.2424,0.81,0.1343,41.0
4.0,0.0,11.0,2.0,0.0,4.0,1.0,2.0,0.42,0.4242,0.82,0.2239,5.0
2.0,0.0,6.0,8.0,0.0,1.0,1.0,3.0,0.56,0.5303,0.83,0.194,221.0
3.0,0.0,6.0,1.0,0.0,2.0,1.0,3.0,0.62,0.5909,0.78,0.1642,14.0
2.0,1.0,5.0,13.0,0.0,0.0,0.0,1.0,0.68,0.6364,0.54,0.2537,602.0
4.0,0.0,11.0,6.0,0.0,6.0,0.0,1.0,0.24,0.2121,0.6,0.3284,12.0
1.0,1.0,1.0,18.0,0.0,5.0,1.0,1.0,0.5,0.4848,0.29,0.2537,419.0
1.0,0.0,2.0,8.0,0.0,3.0,1.0,3.0,0.22,0.2121,0.93,0.2239,155.0
3.0,1.0,7.0,1.0,0.0,6.0,0.0,1.0,0.76,0.7273,0.7,0.1642,71.0
4.0,0.0,12.0,21.0,0.0,6.0,0.0,1.0,0.2,0.2121,0.75,0.1642,96.0
1.0,1.0,1.0,14.0,0.0,3.0,1.0,3.0,0.32,0.3333,0.81,0.1045,73.0
4.0,1.0,12.0,8.0,0.0,6.0,0.0,2.0,0.38,0.3939,0.94,0.0896,111.0
4.0,0.0,11.0,14.0,0.0,1.0,1.0,1.0,0.6,0.6212,0.56,0.0,143.0
2.0,1.0,5.0,9.0,0.0,6.0,0.0,1.0,0.54,0.5152,0.49,0.0,335.0
4.0,1.0,10.0,2.0,0.0,3.0,1.0,1.0,0.38,0.3939,0.76,0.0,16.0
3.0,1.0,8.0,5.0,0.0,6.0,0.0,1.0,0.7,0.6667,0.84,0.2239,17.0
4.0,0.0,11.0,16.0,0.0,3.0,1.0,1.0,0.52,0.5,0.48,0.194,281.0
4.0,0.0,11.0,2.0,0.0,2.0,1.0,2.0,0.36,0.3485,0.81,0.1642,4.0
2.0,1.0,6.0,14.0,0.0,0.0,0.0,1.0,0.64,0.6212,0.53,0.0,582.0
3.0,1.0,7.0,1.0,0.0,0.0,0.0,2.0,0.6,0.5455,0.88,0.1642,130.0
1.0,0.0,1.0,13.0,0.0,6.0,0.0,1.0,0.28,0.2576,0.38,0.2985,101.0
1.0,0.0,2.0,11.0,0.0,6.0,0.0,3.0,0.22,0.2273,1.0,0.1343,47.0
2.0,0.0,6.0,4.0,0.0,3.0,1.0,1.0,0.5,0.4848,0.63,0.2836,4.0
3.0,0.0,7.0,9.0,0.0,3.0,1.0,3.0,0.7,0.6667,0.79,0.194,189.0
4.0,0.0,12.0,9.0,0.0,2.0,1.0,2.0,0.46,0.4545,0.94,0.2239,204.0
4.0,1.0,11.0,4.0,1.0,1.0,0.0,1.0,0.4,0.4091,0.76,0.0896,4.0
1.0,1.0,1.0,14.0,0.0,0.0,0.0,1.0,0.4,0.4091,0.4,0.194,328.0
4.0,1.0,12.0,5.0,0.0,3.0,1.0,1.0,0.26,0.2576,0.6,0.194,37.0
4.0,0.0,10.0,13.0,0.0,6.0,0.0,1.0,0.5,0.4848,0.45,0.0,322.0
2.0,1.0,6.0,10.0,0.0,3.0,1.0,1.0,0.82,0.7727,0.52,0.1343,167.0
3.0,0.0,8.0,2.0,0.0,0.0,0.0,1.0,0.68,0.6364,0.79,0.194,64.0
4.0,1.0,10.0,13.0,0.0,5.0,1.0,2.0,0.58,0.5455,0.68,0.1343,337.0
2.0,0.0,4.0,2.0,0.0,1.0,1.0,1.0,0.54,0.5152,1.0,0.0896,10.0
1.0,1.0,3.0,21.0,0.0,4.0,1.0,1.0,0.6,0.6212,0.43,0.3881,233.0
2.0,1.0,6.0,3.0,0.0,3.0,1.0,1.0,0.66,0.6061,0.83,0.1343,8.0
4.0,1.0,11.0,15.0,0.0,6.0,0.0,1.0,0.3,0.2727,0.36,0.4627,198.0
3.0,0.0,6.0,12.0,0.0,3.0,1.0,2.0,0.8,0.7727,0.59,0.2239,188.0
3.0,0.0,7.0,17.0,0.0,6.0,0.0,1.0,0.94,0.8788,0.38,0.1343,197.0
1.0,1.0,3.0,1.0,0.0,3.0,1.0,1.0,0.52,0.5,0.63,0.0896,27.0
4.0,1.0,10.0,21.0,0.0,0.0,0.0,1.0,0.38,0.3939,0.87,0.1045,113.0
2.0,0.0,5.0,0.0,0.0,3.0,1.0,3.0,0.52,0.5,0.77,0.1642,27.0
3.0,0.0,9.0,21.0,0.0,5.0,1.0,2.0,0.64,0.6061,0.73,0.0896,149.0
1.0,0.0,1.0,14.0,0.0,6.0,0.0,2.0,0.46,0.4545,0.72,0.2836,106.0
4.0,1.0,11.0,2.0,0.0,1.0,1.0,2.0,0.3,0.303,0.56,0.1642,6.0
2.0,0.0,3.0,4.0,0.0,5.0,1.0,1.0,0.18,0.2121,0.74,0.1045,5.0
2.0,0.0,5.0,9.0,0.0,0.0,0.0,1.0,0.56,0.5303,0.52,0.2239,160.0
3.0,0.0,9.0,3.0,1.0,1.0,0.0,2.0,0.68,0.6364,0.74,0.2985,16.0
3.0,1.0,8.0,16.0,0.0,0.0,0.0,1.0,0.76,0.6818,0.4,0.1045,513.0
3.0,1.0,7.0,2.0,0.0,5.0,1.0,1.0,0.76,0.7121,0.62,0.1343,17.0
1.0,0.0,1.0,11.0,0.0,5.0,1.0,1.0,0.22,0.1818,0.41,0.4627,59.0
3.0,1.0,9.0,5.0,0.0,4.0,1.0,1.0,0.52,0.5,0.83,0.0,57.0
4.0,0.0,12.0,0.0,0.0,5.0,1.0,1.0,0.24,0.2879,0.65,0.0,34.0
1.0,0.0,1.0,18.0,0.0,0.0,0.0,1.0,0.26,0.2576,0.65,0.1642,65.0
2.0,1.0,4.0,8.0,0.0,2.0,1.0,1.0,0.34,0.3182,0.61,0.2537,611.0
4.0,1.0,12.0,12.0,0.0,6.0,0.0,1.0,0.38,0.3939,0.5,0.0896,453.0
1.0,0.0,12.0,17.0,0.0,5.0,1.0,1.0,0.38,0.3939,0.54,0.1642,242.0
3.0,1.0,6.0,22.0,0.0,1.0,1.0,1.0,0.66,0.6212,0.29,0.3881,187.0
3.0,0.0,7.0,20.0,0.0,2.0,1.0,1.0,0.82,0.7424,0.43,0.194,308.0
3.0,1.0,8.0,10.0,0.0,0.0,0.0,1.0,0.8,0.7727,0.59,0.4179,364.0
1.0,1.0,2.0,21.0,0.0,2.0,1.0,1.0,0.34,0.3333,0.61,0.1642,154.0
2.0,0.0,6.0,18.0,0.0,3.0,1.0,1.0,0.9,0.8182,0.37,0.2239,459.0
1.0,0.0,1.0,22.0,0.0,0.0,0.0,2.0,0.24,0.2273,0.7,0.194,21.0
3.0,0.0,7.0,17.0,0.0,1.0,1.0,1.0,0.84,0.7879,0.49,0.3284,545.0
3.0,0.0,9.0,13.0,0.0,5.0,1.0,1.0,0.7,0.6667,0.79,0.0896,122.0
2.0,1.0,5.0,20.0,0.0,5.0,1.0,1.0,0.62,0.6061,0.25,0.1343,341.0
1.0,0.0,3.0,13.0,0.0,5.0,1.0,1.0,0.64,0.6212,0.41,0.2836,175.0
2.0,1.0,6.0,17.0,0.0,4.0,1.0,1.0,0.72,0.6515,0.34,0.2537,869.0
3.0,1.0,8.0,18.0,0.0,3.0,1.0,2.0,0.78,0.7273,0.55,0.1642,862.0
2.0,1.0,5.0,11.0,0.0,0.0,0.0,1.0,0.66,0.6212,0.36,0.3284,581.0
3.0,1.0,7.0,9.0,0.0,0.0,0.0,1.0,0.86,0.8182,0.5,0.1045,242.0
1.0,1.0,12.0,18.0,0.0,5.0,1.0,2.0,0.26,0.2273,0.56,0.2985,243.0
4.0,0.0,10.0,10.0,0.0,4.0,1.0,3.0,0.5,0.4848,0.88,0.194,62.0
2.0,1.0,5.0,0.0,0.0,6.0,0.0,1.0,0.52,0.5,0.42,0.1642,136.0
4.0,0.0,12.0,4.0,0.0,2.0,1.0,1.0,0.2,0.2576,0.8,0.0,4.0
3.0,0.0,9.0,22.0,0.0,3.0,1.0,3.0,0.62,0.5455,0.94,0.1642,29.0
2.0,0.0,4.0,23.0,0.0,0.0,0.0,1.0,0.4,0.4091,0.5,0.0896,31.0
4.0,1.0,12.0,11.0,0.0,5.0,1.0,1.0,0.32,0.303,0.65,0.194,211.0
1.0,0.0,2.0,19.0,0.0,2.0,1.0,1.0,0.2,0.1818,0.47,0.2836,118.0
4.0,0.0,12.0,19.0,0.0,0.0,0.0,1.0,0.26,0.2727,0.52,0.1343,135.0
3.0,0.0,7.0,16.0,0.0,2.0,1.0,1.0,0.82,0.7576,0.46,0.1045,281.0
2.0,1.0,5.0,19.0,0.0,4.0,1.0,1.0,0.64,0.6212,0.31,0.194,537.0
4.0,1.0,11.0,12.0,0.0,6.0,0.0,1.0,0.4,0.4091,0.4,0.1642,476.0
2.0,1.0,3.0,8.0,0.0,3.0,1.0,1.0,0.38,0.3939,0.46,0.3582,658.0
2.0,0.0,4.0,18.0,0.0,5.0,1.0,3.0,0.32,0.303,0.93,0.2239,51.0
4.0,1.0,12.0,3.0,0.0,4.0,1.0,2.0,0.26,0.2424,0.56,0.2836,2.0
2.0,1.0,6.0,21.0,0.0,6.0,0.0,2.0,0.64,0.6212,0.5,0.2239,290.0
1.0,0.0,1.0,0.0,0.0,0.0,0.0,1.0,0.1,0.0758,0.42,0.3881,25.0
1.0,1.0,1.0,11.0,0.0,4.0,1.0,1.0,0.3,0.3333,0.49,0.0,84.0
2.0,1.0,4.0,9.0,0.0,0.0,0.0,3.0,0.4,0.4091,0.82,0.2537,79.0
1.0,0.0,1.0,10.0,0.0,4.0,1.0,1.0,0.26,0.2273,0.48,0.2985,57.0
4.0,0.0,11.0,7.0,0.0,5.0,1.0,1.0,0.22,0.2273,0.44,0.1642,216.0
4.0,0.0,11.0,10.0,0.0,6.0,0.0,1.0,0.36,0.3788,0.81,0.0,141.0
2.0,1.0,4.0,5.0,0.0,0.0,0.0,1.0,0.5,0.4848,0.68,0.1642,10.0
3.0,1.0,8.0,8.0,0.0,3.0,1.0,2.0,0.74,0.7273,0.72,0.0896,737.0
1.0,1.0,12.0,2.0,0.0,0.0,0.0,2.0,0.26,0.2424,0.56,0.2836,19.0
2.0,0.0,6.0,15.0,0.0,1.0,1.0,1.0,0.8,0.697,0.29,0.194,165.0
2.0,1.0,3.0,23.0,0.0,5.0,1.0,1.0,0.6,0.5909,0.69,0.2537,176.0
3.0,0.0,9.0,22.0,0.0,0.0,0.0,2.0,0.72,0.697,0.74,0.2836,155.0
1.0,0.0,2.0,23.0,0.0,0.0,0.0,1.0,0.24,0.2879,0.65,0.0,30.0
1.0,1.0,1.0,6.0,0.0,0.0,0.0,2.0,0.3,0.3333,0.52,0.0,2.0
2.0,1.0,6.0,10.0,0.0,0.0,0.0,1.0,0.58,0.5455,0.64,0.0,436.0
3.0,0.0,7.0,8.0,0.0,6.0,0.0,1.0,0.66,0.6212,0.65,0.1642,127.0
1.0,1.0,2.0,17.0,0.0,6.0,0.0,1.0,0.3,0.2727,0.33,0.3582,159.0
1.0,0.0,1.0,7.0,1.0,1.0,0.0,2.0,0.16,0.1818,0.5,0.1343,13.0
3.0,1.0,7.0,21.0,0.0,4.0,1.0,1.0,0.84,0.7727,0.47,0.194,323.0
3.0,0.0,9.0,15.0,0.0,1.0,1.0,1.0,0.74,0.6667,0.48,0.0896,212.0
2.0,0.0,5.0,22.0,0.0,6.0,0.0,1.0,0.54,0.5152,0.49,0.194,120.0
2.0,0.0,4.0,8.0,1.0,5.0,0.0,1.0,0.44,0.4394,0.62,0.2985,300.0
4.0,1.0,11.0,17.0,0.0,2.0,1.0,1.0,0.34,0.303,0.49,0.3582,608.0
3.0,0.0,7.0,6.0,1.0,1.0,0.0,1.0,0.64,0.5758,0.89,0.1642,16.0
2.0,1.0,4.0,0.0,0.0,0.0,0.0,2.0,0.54,0.5152,0.56,0.194,124.0
3.0,0.0,7.0,0.0,0.0,5.0,1.0,1.0,0.62,0.5909,0.73,0.2239,80.0
3.0,1.0,9.0,14.0,0.0,3.0,1.0,1.0,0.7,0.6364,0.37,0.1642,278.0
1.0,0.0,3.0,0.0,0.0,5.0,1.0,2.0,0.34,0.3485,1.0,0.0896,6.0
2.0,0.0,3.0,1.0,0.0,0.0,0.0,2.0,0.24,0.2273,0.52,0.194,20.0
4.0,1.0,11.0,19.0,0.0,5.0,1.0,1.0,0.36,0.3485,0.46,0.2239,332.0
3.0,1.0,9.0,3.0,0.0,1.0,1.0,1.0,0.52,0.5,0.68,0.2836,12.0
3.0,1.0,6.0,2.0,0.0,1.0,1.0,1.0,0.7,0.6515,0.7,0.2239,14.0
1.0,1.0,1.0,11.0,0.0,6.0,0.0,1.0,0.2,0.197,0.4,0.194,178.0
3.0,0.0,8.0,21.0,0.0,0.0,0.0,1.0,0.72,0.7121,0.84,0.1045,136.0
1.0,1.0,2.0,23.0,0.0,0.0,0.0,2.0,0.22,0.2273,0.93,0.1642,35.0
3.0,0.0,9.0,17.0,0.0,0.0,0.0,2.0,0.56,0.5303,0.64,0.194,325.0
1.0,1.0,1.0,10.0,0.0,5.0,1.0,2.0,0.22,0.2121,0.44,0.2836,97.0
1.0,0.0,1.0,4.0,0.0,0.0,0.0,1.0,0.14,0.2121,0.93,0.0,1.0
1.0,0.0,2.0,13.0,0.0,6.0,0.0,1.0,0.44,0.4394,0.16,0.6119,155.0
2.0,1.0,3.0,17.0,0.0,3.0,1.0,1.0,0.6,0.6061,0.6,0.2239,604.0
1.0,0.0,1.0,22.0,0.0,6.0,0.0,2.0,0.4,0.4091,0.94,0.2239,28.0
3.0,1.0,8.0,8.0,0.0,4.0,1.0,1.0,0.66,0.6212,0.65,0.0,754.0
1.0,1.0,12.0,12.0,0.0,4.0,1.0,1.0,0.3,0.2727,0.49,0.4627,109.0
1.0,0.0,2.0,20.0,0.0,6.0,0.0,1.0,0.32,0.2879,0.28,0.5224,47.0
1.0,0.0,1.0,18.0,0.0,2.0,1.0,3.0,0.16,0.1818,0.93,0.1045,95.0
1.0,0.0,1.0,6.0,0.0,3.0,1.0,3.0,0.2,0.1818,0.86,0.2836,8.0
2.0,1.0,6.0,22.0,0.0,3.0,1.0,1.0,0.82,0.7576,0.46,0.1045,257.0
2.0,0.0,5.0,22.0,0.0,3.0,1.0,1.0,0.5,0.4848,0.72,0.2537,146.0
1.0,1.0,3.0,20.0,0.0,2.0,1.0,1.0,0.58,0.5455,0.68,0.0896,377.0
2.0,1.0,5.0,22.0,0.0,3.0,1.0,1.0,0.5,0.4848,0.82,0.2239,173.0
3.0,0.0,7.0,4.0,0.0,6.0,0.0,1.0,0.62,0.6061,0.61,0.0,11.0
2.0,1.0,6.0,10.0,0.0,0.0,0.0,1.0,0.62,0.6212,0.43,0.2239,404.0
3.0,0.0,7.0,15.0,0.0,4.0,1.0,1.0,0.86,0.8182,0.5,0.194,146.0
4.0,0.0,10.0,9.0,0.0,5.0,1.0,2.0,0.56,0.5303,0.94,0.2239,180.0
2.0,1.0,4.0,7.0,0.0,5.0,1.0,1.0,0.34,0.3182,0.61,0.2239,296.0
1.0,0.0,2.0,0.0,0.0,2.0,1.0,2.0,0.16,0.1818,0.64,0.1045,8.0
2.0,1.0,5.0,9.0,0.0,0.0,0.0,1.0,0.62,0.6212,0.32,0.2537,313.0
3.0,1.0,7.0,13.0,0.0,1.0,1.0,1.0,0.86,0.7576,0.34,0.2239,236.0
2.0,0.0,6.0,13.0,0.0,6.0,0.0,1.0,0.76,0.697,0.55,0.0,327.0
1.0,0.0,12.0,18.0,0.0,6.0,0.0,1.0,0.42,0.4242,0.54,0.1343,93.0
2.0,0.0,4.0,22.0,0.0,4.0,1.0,1.0,0.42,0.4242,0.38,0.0896,137.0
2.0,0.0,4.0,5.0,1.0,5.0,0.0,1.0,0.36,0.3636,0.81,0.1045,13.0
1.0,0.0,2.0,16.0,0.0,6.0,0.0,3.0,0.22,0.2273,1.0,0.1343,71.0
4.0,0.0,11.0,11.0,0.0,5.0,1.0,1.0,0.3,0.303,0.36,0.1343,140.0
2.0,1.0,3.0,4.0,0.0,6.0,0.0,1.0,0.52,0.5,0.83,0.0896,7.0
4.0,1.0,11.0,19.0,0.0,4.0,1.0,1.0,0.38,0.3939,0.27,0.3582,373.0
4.0,1.0,12.0,3.0,0.0,0.0,0.0,2.0,0.4,0.4091,0.87,0.1045,48.0
2.0,1.0,3.0,17.0,0.0,4.0,1.0,1.0,0.52,0.5,0.38,0.3881,703.0
3.0,1.0,9.0,13.0,0.0,2.0,1.0,2.0,0.7,0.6667,0.74,0.5821,114.0
1.0,0.0,1.0,5.0,0.0,4.0,1.0,2.0,0.14,0.1818,0.69,0.0896,4.0
2.0,0.0,6.0,23.0,0.0,0.0,0.0,1.0,0.64,0.5909,0.78,0.194,107.0
3.0,1.0,6.0,0.0,0.0,3.0,1.0,1.0,0.62,0.6212,0.41,0.194,54.0
2.0,0.0,4.0,20.0,0.0,0.0,0.0,3.0,0.42,0.4242,0.41,0.2239,79.0
1.0,0.0,1.0,9.0,0.0,3.0,1.0,1.0,0.22,0.197,0.37,0.3284,115.0
1.0,1.0,1.0,23.0,0.0,4.0,1.0,1.0,0.24,0.2576,0.7,0.1045,60.0
3.0,1.0,7.0,0.0,0.0,0.0,0.0,1.0,0.76,0.7273,0.66,0.0,149.0
2.0,0.0,6.0,4.0,0.0,1.0,1.0,3.0,0.62,0.5606,0.88,0.1642,3.0
1.0,0.0,2.0,15.0,0.0,0.0,0.0,1.0,0.36,0.3636,0.27,0.0896,168.0
1.0,1.0,2.0,7.0,0.0,6.0,0.0,1.0,0.24,0.2879,0.7,0.0,41.0
1.0,0.0,12.0,9.0,0.0,3.0,1.0,2.0,0.4,0.4091,0.87,0.2239,234.0
2.0,0.0,4.0,10.0,0.0,6.0,0.0,3.0,0.42,0.4242,0.94,0.3881,22.0
3.0,1.0,8.0,20.0,0.0,3.0,1.0,1.0,0.74,0.697,0.66,0.1642,513.0
4.0,0.0,12.0,6.0,0.0,6.0,0.0,1.0,0.24,0.2576,0.65,0.1045,11.0
1.0,0.0,1.0,1.0,0.0,6.0,0.0,1.0,0.22,0.2727,0.8,0.0,40.0
1.0,1.0,2.0,10.0,0.0,2.0,1.0,1.0,0.3,0.2727,0.42,0.2985,132.0
4.0,0.0,11.0,21.0,0.0,3.0,1.0,3.0,0.44,0.4394,0.88,0.2836,75.0
2.0,1.0,4.0,3.0,0.0,2.0,1.0,1.0,0.32,0.303,0.81,0.2239,2.0
4.0,1.0,11.0,1.0,0.0,0.0,0.0,1.0,0.26,0.2879,0.81,0.0896,165.0
2.0,0.0,5.0,12.0,0.0,5.0,1.0,2.0,0.76,0.697,0.55,0.2985,243.0
2.0,1.0,4.0,8.0,0.0,6.0,0.0,1.0,0.34,0.3182,0.34,0.2537,123.0
4.0,1.0,12.0,0.0,0.0,2.0,1.0,2.0,0.44,0.4394,0.94,0.1343,18.0
2.0,0.0,6.0,2.0,0.0,5.0,1.0,1.0,0.56,0.5303,0.94,0.1045,13.0
3.0,1.0,8.0,14.0,0.0,1.0,1.0,1.0,0.82,0.7576,0.46,0.0,287.0
4.0,1.0,11.0,9.0,0.0,5.0,1.0,1.0,0.28,0.2879,0.75,0.1045,112.0
3.0,1.0,7.0,0.0,0.0,4.0,1.0,2.0,0.68,0.6364,0.61,0.0,56.0
2.0,1.0,5.0,11.0,0.0,0.0,0.0,1.0,0.72,0.6818,0.66,0.2239,519.0
3.0,0.0,7.0,0.0,0.0,4.0,1.0,2.0,0.76,0.7424,0.75,0.194,42.0
1.0,0.0,1.0,6.0,0.0,3.0,1.0,1.0,0.12,0.1515,0.93,0.1343,16.0
1.0,0.0,2.0,1.0,0.0,0.0,0.0,1.0,0.2,0.2273,0.59,0.0896,24.0
3.0,0.0,7.0,23.0,0.0,4.0,1.0,1.0,0.72,0.6818,0.66,0.0,129.0
4.0,1.0,10.0,5.0,0.0,5.0,1.0,1.0,0.52,0.5,0.77,0.0,41.0
2.0,0.0,4.0,8.0,0.0,4.0,1.0,2.0,0.4,0.4091,0.5,0.4925,365.0
2.0,1.0,4.0,23.0,0.0,5.0,1.0,1.0,0.42,0.4242,0.62,0.0896,198.0
4.0,0.0,10.0,4.0,0.0,0.0,0.0,1.0,0.42,0.4242,0.54,0.194,12.0
4.0,0.0,11.0,22.0,0.0,1.0,1.0,3.0,0.4,0.4091,0.87,0.1343,78.0
2.0,1.0,5.0,0.0,0.0,0.0,0.0,2.0,0.68,0.6364,0.69,0.1642,137.0
1.0,1.0,3.0,0.0,0.0,5.0,1.0,1.0,0.44,0.4394,0.77,0.2537,57.0
3.0,1.0,9.0,16.0,0.0,6.0,0.0,3.0,0.56,0.5303,0.88,0.194,114.0
4.0,1.0,9.0,15.0,0.0,4.0,1.0,2.0,0.76,0.6818,0.45,0.0,296.0
2.0,1.0,6.0,15.0,0.0,1.0,1.0,2.0,0.6,0.5909,0.69,0.194,237.0
2.0,1.0,3.0,2.0,0.0,4.0,1.0,1.0,0.52,0.5,0.83,0.0896,6.0
3.0,0.0,8.0,3.0,0.0,4.0,1.0,1.0,0.64,0.6212,0.57,0.1343,9.0
3.0,1.0,7.0,21.0,0.0,6.0,0.0,1.0,0.66,0.6061,0.78,0.0896,300.0
3.0,0.0,7.0,8.0,0.0,5.0,1.0,2.0,0.84,0.8485,0.63,0.1642,322.0
2.0,1.0,3.0,22.0,0.0,2.0,1.0,1.0,0.36,0.3485,0.37,0.1343,134.0
1.0,0.0,2.0,18.0,0.0,3.0,1.0,1.0,0.34,0.2879,0.42,0.5522,182.0
1.0,1.0,12.0,11.0,1.0,2.0,0.0,1.0,0.3,0.3182,0.75,0.0896,86.0
1.0,1.0,12.0,16.0,0.0,0.0,0.0,1.0,0.28,0.2424,0.38,0.4179,133.0
1.0,0.0,1.0,18.0,0.0,4.0,1.0,1.0,0.22,0.2273,0.51,0.1343,163.0
4.0,0.0,12.0,5.0,0.0,6.0,0.0,2.0,0.26,0.2576,0.6,0.194,9.0
4.0,1.0,10.0,14.0,0.0,6.0,0.0,1.0,0.56,0.5303,0.4,0.0,711.0
1.0,1.0,12.0,3.0,0.0,5.0,1.0,2.0,0.24,0.2424,0.6,0.1642,2.0
4.0,1.0,12.0,8.0,0.0,6.0,0.0,2.0,0.26,0.2879,0.75,0.0896,119.0
4.0,1.0,10.0,2.0,0.0,1.0,1.0,2.0,0.58,0.5455,0.64,0.3582,6.0
2.0,1.0,4.0,12.0,0.0,2.0,1.0,1.0,0.52,0.5,0.25,0.0,331.0
2.0,0.0,4.0,10.0,0.0,3.0,1.0,1.0,0.4,0.4091,0.37,0.3881,69.0
2.0,0.0,4.0,9.0,0.0,2.0,1.0,3.0,0.46,0.4545,0.94,0.4925,54.0
3.0,1.0,8.0,22.0,0.0,1.0,1.0,1.0,0.7,0.6667,0.84,0.194,161.0
3.0,1.0,7.0,14.0,0.0,0.0,0.0,1.0,0.92,0.8333,0.33,0.2537,444.0
3.0,0.0,6.0,22.0,0.0,3.0,1.0,2.0,0.72,0.697,0.79,0.194,148.0
1.0,0.0,1.0,19.0,0.0,0.0,0.0,1.0,0.26,0.2576,0.65,0.194,55.0
1.0,1.0,2.0,8.0,0.0,0.0,0.0,1.0,0.08,0.0758,0.53,0.2537,26.0
2.0,0.0,6.0,23.0,0.0,2.0,1.0,1.0,0.68,0.6364,0.79,0.1045,90.0
3.0,0.0,8.0,7.0,0.0,6.0,0.0,2.0,0.7,0.6667,0.84,0.3582,28.0
4.0,0.0,10.0,13.0,0.0,5.0,1.0,2.0,0.38,0.3939,0.42,0.2239,228.0
2.0,1.0,4.0,3.0,0.0,4.0,1.0,1.0,0.32,0.303,0.61,0.2537,5.0
4.0,0.0,11.0,10.0,0.0,4.0,1.0,2.0,0.34,0.303,0.61,0.3284,81.0
1.0,0.0,2.0,1.0,0.0,3.0,1.0,1.0,0.14,0.1515,0.46,0.1642,4.0
4.0,0.0,12.0,22.0,0.0,4.0,1.0,1.0,0.3,0.3333,0.61,0.0,104.0
3.0,0.0,7.0,19.0,0.0,4.0,1.0,1.0,0.72,0.6515,0.39,0.2239,400.0
1.0,0.0,2.0,1.0,0.0,1.0,1.0,3.0,0.34,0.303,0.87,0.3582,8.0
2.0,1.0,4.0,6.0,0.0,6.0,0.0,1.0,0.32,0.3182,0.36,0.194,19.0
2.0,1.0,4.0,11.0,0.0,2.0,1.0,1.0,0.48,0.4697,0.23,0.0,258.0
3.0,0.0,7.0,13.0,0.0,5.0,1.0,1.0,0.8,0.6818,0.24,0.0,292.0
3.0,0.0,7.0,22.0,0.0,6.0,0.0,1.0,0.7,0.6515,0.65,0.2836,201.0
4.0,0.0,11.0,19.0,0.0,4.0,1.0,1.0,0.44,0.4394,0.67,0.0896,252.0
4.0,1.0,10.0,11.0,0.0,0.0,0.0,1.0,0.52,0.5,0.44,0.3284,547.0
4.0,0.0,12.0,17.0,0.0,2.0,1.0,1.0,0.36,0.3485,0.4,0.194,398.0
4.0,0.0,10.0,6.0,0.0,1.0,1.0,2.0,0.36,0.3788,0.71,0.0,94.0
2.0,0.0,3.0,13.0,0.0,2.0,1.0,1.0,0.34,0.303,0.25,0.2985,104.0
3.0,0.0,7.0,16.0,0.0,3.0,1.0,2.0,0.66,0.5909,0.89,0.0,141.0
4.0,1.0,12.0,14.0,0.0,5.0,1.0,1.0,0.4,0.4091,0.43,0.194,299.0
4.0,0.0,12.0,18.0,0.0,5.0,1.0,2.0,0.32,0.303,0.45,0.2537,295.0
1.0,1.0,12.0,21.0,0.0,1.0,1.0,1.0,0.26,0.2576,0.6,0.1642,90.0
2.0,1.0,6.0,8.0,0.0,5.0,1.0,1.0,0.58,0.5455,0.6,0.0896,700.0
1.0,0.0,2.0,18.0,0.0,0.0,0.0,1.0,0.4,0.4091,0.32,0.2985,95.0
2.0,1.0,4.0,4.0,0.0,2.0,1.0,1.0,0.66,0.6212,0.44,0.2239,9.0
2.0,0.0,6.0,18.0,0.0,1.0,1.0,1.0,0.7,0.6364,0.37,0.3582,586.0
2.0,1.0,6.0,15.0,0.0,0.0,0.0,1.0,0.84,0.7273,0.3,0.2239,475.0
2.0,0.0,4.0,5.0,0.0,1.0,1.0,1.0,0.4,0.4091,0.76,0.0896,16.0
3.0,1.0,8.0,6.0,0.0,3.0,1.0,1.0,0.62,0.5909,0.73,0.0,187.0
3.0,0.0,7.0,3.0,0.0,3.0,1.0,1.0,0.74,0.6818,0.58,0.194,4.0
1.0,0.0,2.0,8.0,1.0,1.0,0.0,2.0,0.32,0.303,0.57,0.2985,63.0
1.0,1.0,1.0,2.0,0.0,5.0,1.0,1.0,0.42,0.4242,0.94,0.1343,13.0
4.0,0.0,10.0,2.0,0.0,4.0,1.0,3.0,0.46,0.4545,0.94,0.0,8.0
2.0,0.0,4.0,11.0,0.0,6.0,0.0,2.0,0.4,0.4091,0.47,0.1642,198.0
3.0,0.0,8.0,18.0,0.0,4.0,1.0,1.0,0.78,0.6818,0.29,0.0896,571.0
4.0,0.0,12.0,4.0,0.0,3.0,1.0,3.0,0.46,0.4545,1.0,0.1642,1.0
3.0,0.0,8.0,8.0,0.0,1.0,1.0,1.0,0.74,0.6818,0.58,0.3284,349.0
1.0,0.0,2.0,13.0,0.0,4.0,1.0,2.0,0.38,0.3939,0.54,0.2985,88.0
3.0,1.0,9.0,11.0,0.0,3.0,1.0,2.0,0.78,0.7424,0.62,0.1642,217.0
3.0,1.0,9.0,15.0,0.0,0.0,0.0,3.0,0.74,0.7121,0.74,0.1343,355.0
2.0,0.0,6.0,11.0,0.0,0.0,0.0,2.0,0.64,0.6061,0.69,0.1045,335.0
3.0,0.0,7.0,19.0,0.0,4.0,1.0,1.0,0.86,0.9242,0.67,0.2836,284.0
4.0,0.0,10.0,16.0,0.0,5.0,1.0,2.0,0.36,0.3485,0.46,0.1642,308.0
3.0,1.0,9.0,13.0,0.0,4.0,1.0,2.0,0.72,0.697,0.79,0.1045,191.0
2.0,0.0,6.0,18.0,0.0,3.0,1.0,1.0,0.72,0.6515,0.32,0.1343,607.0
2.0,0.0,6.0,1.0,0.0,0.0,0.0,2.0,0.7,0.6515,0.65,0.0896,76.0
3.0,1.0,8.0,12.0,0.0,1.0,1.0,2.0,0.66,0.6212,0.61,0.1045,282.0
2.0,0.0,4.0,14.0,0.0,6.0,0.0,2.0,0.36,0.3485,0.81,0.1343,212.0
4.0,1.0,12.0,23.0,0.0,2.0,1.0,1.0,0.48,0.4697,0.67,0.2537,96.0
1.0,0.0,3.0,10.0,0.0,3.0,1.0,1.0,0.32,0.303,0.49,0.2836,76.0
3.0,1.0,6.0,23.0,0.0,4.0,1.0,1.0,0.74,0.6667,0.48,0.1343,171.0
2.0,0.0,6.0,15.0,0.0,4.0,1.0,1.0,0.8,0.6818,0.21,0.3881,188.0
2.0,1.0,4.0,17.0,0.0,6.0,0.0,2.0,0.74,0.6515,0.3,0.3881,568.0
3.0,0.0,6.0,9.0,0.0,3.0,1.0,1.0,0.72,0.6515,0.45,0.3881,221.0
1.0,0.0,1.0,19.0,0.0,0.0,0.0,1.0,0.32,0.2879,0.42,0.4478,30.0
4.0,0.0,12.0,3.0,0.0,1.0,1.0,1.0,0.18,0.2424,0.74,0.0,2.0
4.0,1.0,11.0,0.0,0.0,4.0,1.0,2.0,0.26,0.303,0.65,0.0,34.0
2.0,1.0,4.0,6.0,0.0,2.0,1.0,1.0,0.3,0.3182,0.61,0.0896,100.0
3.0,0.0,6.0,5.0,0.0,4.0,1.0,1.0,0.58,0.5455,0.64,0.2537,25.0
2.0,1.0,5.0,23.0,0.0,0.0,0.0,3.0,0.6,0.5758,0.78,0.3582,86.0
3.0,1.0,9.0,22.0,0.0,5.0,1.0,1.0,0.7,0.6667,0.74,0.2239,299.0
3.0,1.0,9.0,22.0,0.0,1.0,1.0,1.0,0.54,0.5152,0.52,0.1343,159.0
3.0,1.0,7.0,20.0,0.0,6.0,0.0,1.0,0.72,0.7121,0.84,0.0896,356.0
3.0,1.0,8.0,12.0,0.0,4.0,1.0,1.0,0.84,0.7576,0.44,0.1045,277.0
1.0,1.0,2.0,2.0,0.0,5.0,1.0,2.0,0.3,0.3182,0.93,0.1045,12.0
4.0,1.0,12.0,7.0,0.0,3.0,1.0,2.0,0.26,0.2576,0.6,0.194,369.0
2.0,1.0,4.0,14.0,0.0,0.0,0.0,3.0,0.38,0.3939,0.87,0.3284,53.0
1.0,1.0,3.0,22.0,0.0,4.0,1.0,1.0,0.56,0.5303,0.49,0.3284,153.0
4.0,1.0,11.0,4.0,0.0,1.0,1.0,2.0,0.3,0.2879,0.52,0.2537,16.0
3.0,1.0,7.0,21.0,0.0,6.0,0.0,1.0,0.7,0.6667,0.84,0.2239,269.0
2.0,0.0,5.0,18.0,0.0,3.0,1.0,1.0,0.62,0.6212,0.5,0.2985,274.0
4.0,0.0,9.0,1.0,0.0,1.0,1.0,2.0,0.62,0.5606,0.88,0.1045,17.0
4.0,0.0,10.0,14.0,0.0,3.0,1.0,3.0,0.54,0.5152,0.94,0.2836,78.0
2.0,1.0,4.0,14.0,0.0,0.0,0.0,1.0,0.7,0.6364,0.39,0.2836,628.0
3.0,1.0,9.0,2.0,0.0,2.0,1.0,3.0,0.6,0.5152,0.94,0.194,4.0
3.0,0.0,9.0,18.0,0.0,2.0,1.0,1.0,0.7,0.6515,0.61,0.1642,539.0
2.0,1.0,3.0,14.0,0.0,4.0,1.0,1.0,0.6,0.5909,0.73,0.1045,257.0
1.0,0.0,2.0,4.0,0.0,2.0,1.0,1.0,0.26,0.2576,0.93,0.1642,3.0
3.0,0.0,9.0,4.0,0.0,2.0,1.0,1.0,0.56,0.5303,0.88,0.0,8.0
1.0,1.0,1.0,18.0,0.0,5.0,1.0,1.0,0.4,0.4091,0.5,0.4925,383.0
2.0,0.0,5.0,19.0,0.0,6.0,0.0,1.0,0.56,0.5303,0.43,0.194,267.0
4.0,0.0,12.0,12.0,0.0,5.0,1.0,1.0,0.36,0.3485,0.57,0.1343,204.0
4.0,1.0,10.0,2.0,0.0,6.0,0.0,1.0,0.34,0.3333,0.53,0.194,67.0
3.0,0.0,9.0,14.0,0.0,4.0,1.0,3.0,0.72,0.6667,0.54,0.2537,198.0
1.0,1.0,3.0,14.0,0.0,4.0,1.0,2.0,0.62,0.6212,0.43,0.6418,203.0
2.0,0.0,5.0,0.0,0.0,0.0,0.0,1.0,0.64,0.5758,0.83,0.2239,83.0
2.0,1.0,4.0,15.0,0.0,6.0,0.0,1.0,0.72,0.6515,0.39,0.2537,628.0
1.0,1.0,3.0,13.0,0.0,4.0,1.0,1.0,0.58,0.5455,0.32,0.2537,211.0
2.0,1.0,4.0,2.0,0.0,1.0,1.0,2.0,0.32,0.303,0.87,0.3284,4.0
1.0,0.0,2.0,11.0,0.0,0.0,0.0,1.0,0.36,0.3485,0.62,0.1343,125.0
1.0,1.0,1.0,16.0,0.0,1.0,1.0,1.0,0.34,0.3333,0.25,0.194,221.0
1.0,0.0,3.0,23.0,0.0,4.0,1.0,3.0,0.34,0.3485,0.0,0.0896,27.0
4.0,1.0,11.0,9.0,0.0,4.0,1.0,1.0,0.32,0.2879,0.31,0.3582,275.0
1.0,1.0,1.0,9.0,0.0,0.0,0.0,1.0,0.32,0.3333,0.53,0.1343,125.0
1.0,0.0,1.0,21.0,0.0,6.0,0.0,2.0,0.32,0.303,0.39,0.2239,57.0
4.0,0.0,9.0,3.0,0.0,3.0,1.0,2.0,0.6,0.5152,0.94,0.0896,3.0
3.0,1.0,6.0,14.0,0.0,5.0,1.0,1.0,0.88,0.803,0.39,0.2239,263.0
2.0,1.0,5.0,13.0,0.0,4.0,1.0,1.0,0.54,0.5152,0.39,0.4478,318.0
2.0,0.0,5.0,8.0,0.0,1.0,1.0,1.0,0.52,0.5,0.55,0.2239,374.0
1.0,0.0,2.0,4.0,0.0,3.0,1.0,3.0,0.22,0.2121,0.93,0.2836,1.0
1.0,0.0,3.0,10.0,0.0,0.0,0.0,2.0,0.32,0.3485,0.45,0.0,136.0
2.0,1.0,5.0,15.0,0.0,4.0,1.0,1.0,0.54,0.5152,0.37,0.3881,271.0
4.0,0.0,10.0,20.0,0.0,3.0,1.0,3.0,0.54,0.5152,0.94,0.1045,90.0
3.0,1.0,9.0,7.0,0.0,4.0,1.0,2.0,0.7,0.6667,0.84,0.1045,482.0
3.0,1.0,7.0,5.0,0.0,0.0,0.0,1.0,0.68,0.6364,0.89,0.1343,9.0
4.0,0.0,10.0,11.0,0.0,1.0,1.0,1.0,0.56,0.5303,0.43,0.0,166.0
1.0,0.0,2.0,15.0,0.0,5.0,1.0,1.0,0.46,0.4545,0.41,0.806,55.0
3.0,0.0,8.0,8.0,0.0,3.0,1.0,1.0,0.62,0.6061,0.69,0.0,467.0
4.0,1.0,10.0,4.0,0.0,5.0,1.0,1.0,0.54,0.5152,0.77,0.0,11.0
2.0,0.0,4.0,8.0,0.0,5.0,1.0,2.0,0.34,0.3182,0.53,0.2537,346.0
1.0,0.0,3.0,8.0,0.0,5.0,1.0,1.0,0.18,0.197,0.74,0.1343,228.0
2.0,1.0,6.0,2.0,0.0,6.0,0.0,2.0,0.54,0.5152,0.88,0.0,41.0
4.0,1.0,11.0,23.0,0.0,2.0,1.0,1.0,0.3,0.2879,0.56,0.2239,205.0
4.0,0.0,10.0,10.0,0.0,3.0,1.0,2.0,0.54,0.5152,0.88,0.3881,113.0
2.0,1.0,6.0,6.0,0.0,0.0,0.0,1.0,0.52,0.5,0.72,0.1045,23.0
1.0,0.0,1.0,17.0,0.0,0.0,0.0,1.0,0.22,0.2121,0.37,0.2537,105.0
2.0,1.0,5.0,0.0,0.0,6.0,0.0,1.0,0.64,0.5758,0.83,0.1642,116.0
2.0,1.0,6.0,14.0,0.0,1.0,1.0,2.0,0.58,0.5455,0.68,0.194,219.0
2.0,1.0,4.0,4.0,0.0,6.0,0.0,1.0,0.32,0.3182,0.36,0.1642,7.0
3.0,1.0,8.0,4.0,0.0,1.0,1.0,1.0,0.62,0.5758,0.83,0.0,12.0
2.0,0.0,5.0,8.0,0.0,2.0,1.0,2.0,0.5,0.4848,0.51,0.1045,425.0
3.0,1.0,6.0,21.0,0.0,0.0,0.0,1.0,0.76,0.697,0.55,0.2239,253.0
3.0,0.0,8.0,1.0,0.0,2.0,1.0,1.0,0.66,0.6212,0.74,0.1045,12.0
4.0,1.0,11.0,4.0,0.0,2.0,1.0,2.0,0.36,0.3333,0.81,0.3881,9.0
3.0,0.0,7.0,2.0,0.0,3.0,1.0,1.0,0.7,0.6667,0.84,0.0,9.0
3.0,1.0,9.0,6.0,0.0,3.0,1.0,1.0,0.7,0.6667,0.79,0.2836,210.0
4.0,1.0,11.0,22.0,0.0,0.0,0.0,1.0,0.3,0.2879,0.52,0.2836,79.0
2.0,0.0,5.0,11.0,0.0,5.0,1.0,2.0,0.74,0.6818,0.55,0.3284,166.0
4.0,1.0,11.0,9.0,0.0,6.0,0.0,2.0,0.34,0.303,0.49,0.2985,219.0
4.0,0.0,10.0,12.0,0.0,6.0,0.0,2.0,0.4,0.4091,0.82,0.2537,158.0
2.0,0.0,5.0,22.0,0.0,2.0,1.0,1.0,0.74,0.697,0.7,0.1642,159.0
2.0,1.0,4.0,16.0,0.0,3.0,1.0,2.0,0.42,0.4242,0.77,0.2239,235.0
1.0,0.0,2.0,6.0,0.0,2.0,1.0,3.0,0.14,0.2121,0.93,0.0,22.0
4.0,1.0,10.0,14.0,0.0,5.0,1.0,1.0,0.56,0.5303,0.37,0.4627,371.0
3.0,0.0,9.0,23.0,0.0,1.0,1.0,1.0,0.62,0.5758,0.83,0.1045,69.0
2.0,0.0,5.0,22.0,0.0,5.0,1.0,2.0,0.52,0.5,0.83,0.2239,132.0
3.0,0.0,7.0,22.0,0.0,2.0,1.0,1.0,0.74,0.7121,0.74,0.0,156.0
3.0,0.0,8.0,15.0,0.0,3.0,1.0,1.0,0.8,0.7273,0.43,0.1343,159.0
2.0,1.0,6.0,16.0,0.0,0.0,0.0,1.0,0.7,0.6364,0.34,0.2985,662.0
2.0,0.0,5.0,1.0,0.0,6.0,0.0,1.0,0.52,0.5,0.72,0.0,72.0
1.0,0.0,1.0,21.0,0.0,4.0,1.0,2.0,0.24,0.2273,0.6,0.2537,57.0
1.0,1.0,1.0,3.0,0.0,0.0,0.0,1.0,0.3,0.3333,0.81,0.0,52.0
2.0,0.0,4.0,14.0,0.0,0.0,0.0,1.0,0.46,0.4545,0.31,0.1343,349.0
2.0,0.0,4.0,10.0,0.0,2.0,1.0,1.0,0.66,0.6212,0.69,0.3582,120.0
3.0,0.0,6.0,18.0,0.0,4.0,1.0,1.0,0.72,0.6818,0.7,0.4179,540.0
2.0,0.0,5.0,9.0,0.0,1.0,1.0,1.0,0.54,0.5152,0.56,0.1642,178.0
1.0,1.0,1.0,9.0,0.0,6.0,0.0,2.0,0.16,0.1515,0.93,0.2537,42.0
3.0,0.0,8.0,20.0,0.0,4.0,1.0,1.0,0.66,0.6061,0.83,0.1045,165.0
2.0,1.0,5.0,14.0,0.0,6.0,0.0,1.0,0.66,0.6212,0.36,0.194,615.0
1.0,0.0,3.0,15.0,0.0,0.0,0.0,1.0,0.48,0.4697,0.39,0.3284,304.0
4.0,1.0,11.0,9.0,0.0,2.0,1.0,2.0,0.36,0.3788,0.71,0.0,326.0
3.0,0.0,7.0,14.0,0.0,5.0,1.0,1.0,0.96,0.8636,0.3,0.2239,148.0
4.0,0.0,11.0,15.0,0.0,3.0,1.0,2.0,0.42,0.4242,0.54,0.4478,207.0
4.0,1.0,9.0,2.0,0.0,1.0,1.0,2.0,0.46,0.4545,0.63,0.1343,8.0
2.0,0.0,3.0,18.0,0.0,1.0,1.0,1.0,0.32,0.303,0.21,0.2836,241.0
4.0,1.0,11.0,15.0,0.0,6.0,0.0,1.0,0.42,0.4242,0.35,0.2985,549.0
2.0,0.0,4.0,15.0,0.0,3.0,1.0,1.0,0.7,0.6515,0.65,0.4925,138.0
2.0,0.0,5.0,1.0,0.0,2.0,1.0,1.0,0.46,0.4545,0.59,0.0896,15.0
1.0,0.0,1.0,23.0,1.0,1.0,0.0,3.0,0.16,0.1364,0.86,0.2836,4.0
2.0,1.0,5.0,9.0,0.0,1.0,1.0,3.0,0.54,0.5152,0.88,0.2836,110.0
3.0,1.0,8.0,17.0,0.0,3.0,1.0,1.0,0.74,0.6818,0.55,0.2836,851.0
4.0,0.0,10.0,0.0,0.0,4.0,1.0,1.0,0.5,0.4848,0.72,0.194,40.0
4.0,0.0,9.0,8.0,0.0,2.0,1.0,2.0,0.64,0.5758,0.89,0.1045,427.0
3.0,0.0,8.0,2.0,0.0,4.0,1.0,2.0,0.66,0.5909,0.94,0.0896,7.0
2.0,1.0,4.0,7.0,0.0,2.0,1.0,1.0,0.6,0.6212,0.43,0.2537,461.0
2.0,0.0,6.0,22.0,0.0,6.0,0.0,1.0,0.66,0.6061,0.78,0.2239,190.0
2.0,1.0,6.0,7.0,0.0,0.0,0.0,1.0,0.5,0.4848,0.68,0.1045,35.0
3.0,1.0,8.0,10.0,0.0,4.0,1.0,1.0,0.72,0.6667,0.54,0.0,234.0
1.0,1.0,3.0,8.0,0.0,5.0,1.0,2.0,0.34,0.2879,0.42,0.5224,501.0
2.0,1.0,4.0,21.0,0.0,0.0,0.0,3.0,0.36,0.3333,0.87,0.3881,11.0
4.0,0.0,10.0,1.0,1.0,1.0,0.0,1.0,0.48,0.4697,0.88,0.0,34.0
3.0,0.0,7.0,17.0,0.0,0.0,0.0,1.0,0.92,0.7727,0.16,0.1642,320.0
4.0,0.0,10.0,17.0,0.0,4.0,1.0,3.0,0.62,0.5758,0.83,0.2537,479.0
3.0,0.0,8.0,7.0,0.0,2.0,1.0,1.0,0.72,0.697,0.74,0.1045,343.0
1.0,0.0,2.0,20.0,0.0,3.0,1.0,1.0,0.24,0.2424,0.6,0.1642,109.0
1.0,1.0,1.0,7.0,0.0,5.0,1.0,1.0,0.22,0.2121,0.69,0.2239,185.0
2.0,1.0,4.0,15.0,0.0,4.0,1.0,2.0,0.52,0.5,0.83,0.3284,204.0
1.0,0.0,2.0,18.0,0.0,2.0,1.0,1.0,0.22,0.2273,0.47,0.1343,167.0
2.0,1.0,5.0,8.0,0.0,6.0,0.0,1.0,0.52,0.5,0.52,0.1642,195.0
2.0,1.0,5.0,16.0,0.0,6.0,0.0,1.0,0.78,0.7273,0.55,0.2537,504.0
2.0,1.0,5.0,19.0,0.0,2.0,1.0,1.0,0.66,0.6212,0.69,0.1642,512.0
4.0,1.0,11.0,13.0,0.0,0.0,0.0,1.0,0.54,0.5152,0.45,0.1045,686.0
4.0,0.0,9.0,16.0,0.0,6.0,0.0,2.0,0.64,0.5909,0.78,0.0896,449.0
4.0,1.0,12.0,10.0,0.0,3.0,1.0,2.0,0.3,0.303,0.56,0.1642,136.0
2.0,1.0,4.0,21.0,0.0,4.0,1.0,1.0,0.52,0.5,0.83,0.2239,250.0
3.0,1.0,7.0,13.0,0.0,2.0,1.0,2.0,0.84,0.803,0.53,0.2985,273.0
1.0,1.0,1.0,15.0,0.0,1.0,1.0,1.0,0.32,0.3182,0.24,0.194,138.0
2.0,0.0,3.0,5.0,0.0,4.0,1.0,3.0,0.24,0.2273,0.93,0.2239,8.0
1.0,0.0,3.0,8.0,0.0,6.0,0.0,1.0,0.26,0.2576,0.65,0.1642,53.0
3.0,1.0,9.0,19.0,0.0,5.0,1.0,1.0,0.68,0.6364,0.57,0.1642,579.0
1.0,0.0,3.0,18.0,0.0,4.0,1.0,2.0,0.46,0.4545,0.59,0.1642,310.0
2.0,0.0,4.0,15.0,1.0,5.0,0.0,1.0,0.54,0.5152,0.52,0.4478,162.0
3.0,0.0,9.0,14.0,0.0,2.0,1.0,3.0,0.54,0.5152,0.88,0.2836,24.0
4.0,1.0,10.0,7.0,0.0,0.0,0.0,2.0,0.5,0.4848,0.59,0.2985,65.0
3.0,1.0,8.0,6.0,0.0,6.0,0.0,1.0,0.6,0.5606,0.83,0.2239,27.0
2.0,1.0,6.0,14.0,0.0,2.0,1.0,1.0,0.76,0.7121,0.58,0.1045,227.0
1.0,0.0,2.0,11.0,0.0,6.0,0.0,1.0,0.44,0.4394,0.16,0.5821,123.0
1.0,1.0,1.0,3.0,0.0,5.0,1.0,1.0,0.24,0.2576,0.52,0.1045,4.0
3.0,0.0,9.0,6.0,0.0,6.0,0.0,2.0,0.46,0.4545,0.72,0.2239,22.0
1.0,1.0,2.0,23.0,0.0,2.0,1.0,1.0,0.32,0.303,0.66,0.2239,47.0
1.0,1.0,3.0,18.0,0.0,3.0,1.0,1.0,0.56,0.5303,0.4,0.4627,544.0
4.0,1.0,11.0,4.0,0.0,6.0,0.0,1.0,0.24,0.2273,0.7,0.194,7.0
3.0,1.0,6.0,22.0,0.0,6.0,0.0,1.0,0.74,0.6515,0.37,0.1045,279.0
2.0,1.0,4.0,21.0,0.0,4.0,1.0,1.0,0.52,0.5,0.55,0.1045,267.0
3.0,1.0,7.0,7.0,0.0,5.0,1.0,1.0,0.72,0.6818,0.7,0.194,410.0
2.0,0.0,5.0,19.0,0.0,5.0,1.0,2.0,0.52,0.5,0.83,0.194,270.0
1.0,1.0,2.0,8.0,0.0,3.0,1.0,2.0,0.24,0.2273,0.7,0.2239,508.0
2.0,1.0,6.0,12.0,0.0,3.0,1.0,2.0,0.68,0.6364,0.44,0.4179,334.0
2.0,1.0,5.0,10.0,1.0,1.0,0.0,1.0,0.7,0.6515,0.61,0.0,364.0
2.0,0.0,4.0,13.0,0.0,4.0,1.0,1.0,0.56,0.5303,0.37,0.2239,159.0
3.0,1.0,8.0,16.0,0.0,6.0,0.0,1.0,0.76,0.6667,0.37,0.2537,641.0
2.0,0.0,5.0,6.0,0.0,6.0,0.0,1.0,0.58,0.5455,0.83,0.2537,19.0
1.0,0.0,2.0,7.0,0.0,4.0,1.0,1.0,0.1,0.0758,0.5,0.4179,99.0
1.0,1.0,1.0,9.0,1.0,1.0,0.0,1.0,0.1,0.1212,0.58,0.1642,96.0
1.0,1.0,3.0,2.0,0.0,6.0,0.0,1.0,0.26,0.2424,0.41,0.2537,42.0
2.0,0.0,4.0,23.0,0.0,4.0,1.0,1.0,0.38,0.3939,0.76,0.2537,54.0
3.0,0.0,7.0,9.0,0.0,1.0,1.0,1.0,0.8,0.803,0.66,0.0,135.0
4.0,0.0,12.0,22.0,0.0,0.0,0.0,1.0,0.34,0.3485,0.87,0.1045,64.0
3.0,1.0,7.0,7.0,0.0,2.0,1.0,2.0,0.74,0.697,0.7,0.0,526.0
3.0,1.0,7.0,12.0,0.0,1.0,1.0,2.0,0.76,0.7121,0.58,0.1045,278.0
1.0,0.0,2.0,11.0,1.0,1.0,0.0,2.0,0.32,0.3333,0.57,0.1045,90.0
2.0,0.0,5.0,9.0,0.0,2.0,1.0,2.0,0.6,0.5758,0.78,0.3582,186.0
1.0,0.0,2.0,20.0,0.0,2.0,1.0,1.0,0.26,0.2727,0.33,0.1045,101.0
1.0,1.0,1.0,5.0,0.0,4.0,1.0,1.0,0.12,0.1212,0.55,0.2537,19.0
3.0,1.0,8.0,2.0,0.0,5.0,1.0,1.0,0.66,0.5909,0.89,0.1343,20.0
1.0,0.0,3.0,5.0,0.0,5.0,1.0,1.0,0.38,0.3939,0.66,0.1642,10.0
3.0,0.0,7.0,10.0,0.0,1.0,1.0,1.0,0.8,0.7576,0.55,0.3582,117.0
2.0,1.0,4.0,14.0,0.0,6.0,0.0,1.0,0.7,0.6364,0.45,0.2836,609.0
4.0,0.0,10.0,14.0,0.0,0.0,0.0,1.0,0.6,0.6212,0.4,0.2985,462.0
1.0,1.0,2.0,20.0,0.0,5.0,1.0,1.0,0.4,0.4091,0.35,0.194,171.0
4.0,0.0,10.0,10.0,0.0,0.0,0.0,1.0,0.32,0.3333,0.61,0.0896,178.0
1.0,1.0,2.0,13.0,1.0,1.0,0.0,1.0,0.3,0.2879,0.42,0.2836,312.0
2.0,0.0,4.0,23.0,0.0,1.0,1.0,3.0,0.58,0.5455,0.6,0.0,54.0
1.0,1.0,3.0,3.0,0.0,4.0,1.0,1.0,0.46,0.4545,0.63,0.3881,3.0
3.0,1.0,8.0,20.0,0.0,5.0,1.0,1.0,0.8,0.7424,0.49,0.1343,356.0
1.0,1.0,1.0,10.0,0.0,1.0,1.0,1.0,0.22,0.2121,0.41,0.2836,85.0
2.0,1.0,5.0,13.0,0.0,1.0,1.0,3.0,0.6,0.5606,0.83,0.2537,184.0
1.0,0.0,2.0,14.0,0.0,1.0,1.0,1.0,0.6,0.5909,0.15,0.4925,90.0
3.0,0.0,9.0,11.0,0.0,2.0,1.0,1.0,0.7,0.6515,0.61,0.1642,153.0
4.0,1.0,10.0,18.0,0.0,5.0,1.0,1.0,0.64,0.6212,0.57,0.1343,761.0
3.0,1.0,6.0,20.0,0.0,6.0,0.0,1.0,0.78,0.6818,0.31,0.194,386.0
4.0,1.0,10.0,18.0,0.0,2.0,1.0,3.0,0.3,0.303,0.87,0.1343,143.0
1.0,1.0,12.0,11.0,0.0,5.0,1.0,2.0,0.28,0.2727,0.52,0.2239,178.0
3.0,1.0,6.0,15.0,0.0,6.0,0.0,1.0,0.88,0.7727,0.3,0.2537,404.0
2.0,1.0,4.0,15.0,0.0,3.0,1.0,1.0,0.58,0.5455,0.19,0.1642,229.0
1.0,1.0,1.0,16.0,0.0,2.0,1.0,1.0,0.54,0.5152,0.26,0.4478,307.0
1.0,1.0,2.0,15.0,0.0,3.0,1.0,2.0,0.4,0.4091,0.82,0.2836,90.0
3.0,0.0,8.0,20.0,0.0,0.0,0.0,1.0,0.72,0.6515,0.45,0.1045,214.0
2.0,0.0,5.0,14.0,0.0,0.0,0.0,3.0,0.62,0.6061,0.69,0.194,316.0
4.0,1.0,10.0,20.0,0.0,3.0,1.0,1.0,0.52,0.5,0.48,0.4925,392.0
2.0,1.0,4.0,17.0,0.0,4.0,1.0,1.0,0.5,0.4848,0.27,0.3881,656.0
2.0,1.0,3.0,22.0,0.0,4.0,1.0,1.0,0.42,0.4242,0.44,0.2836,152.0
1.0,1.0,2.0,3.0,0.0,6.0,0.0,1.0,0.28,0.2879,0.65,0.1045,18.0
3.0,0.0,8.0,17.0,0.0,1.0,1.0,1.0,0.74,0.6515,0.27,0.3284,591.0
1.0,0.0,1.0,9.0,0.0,6.0,0.0,3.0,0.16,0.1818,0.93,0.1045,20.0
4.0,0.0,12.0,7.0,0.0,4.0,1.0,1.0,0.22,0.2121,0.6,0.2239,244.0
2.0,0.0,4.0,19.0,0.0,3.0,1.0,1.0,0.7,0.6364,0.32,0.2537,383.0
4.0,1.0,10.0,10.0,0.0,6.0,0.0,1.0,0.54,0.5152,0.73,0.2836,479.0
1.0,0.0,3.0,16.0,0.0,6.0,0.0,2.0,0.48,0.4697,0.59,0.2985,204.0
3.0,1.0,9.0,21.0,0.0,2.0,1.0,1.0,0.74,0.7121,0.74,0.2537,268.0
2.0,0.0,4.0,15.0,0.0,4.0,1.0,1.0,0.52,0.5,0.29,0.4179,235.0
3.0,0.0,7.0,22.0,0.0,3.0,1.0,1.0,0.78,0.7727,0.7,0.2239,169.0
3.0,1.0,7.0,3.0,0.0,6.0,0.0,3.0,0.6,0.5455,0.88,0.2537,25.0
3.0,0.0,8.0,8.0,0.0,4.0,1.0,2.0,0.7,0.6667,0.74,0.2985,484.0
3.0,0.0,7.0,9.0,1.0,1.0,0.0,2.0,0.72,0.6818,0.66,0.0896,238.0
1.0,1.0,3.0,12.0,0.0,3.0,1.0,1.0,0.44,0.4394,0.38,0.3881,215.0
4.0,1.0,10.0,1.0,0.0,1.0,1.0,1.0,0.44,0.4394,0.77,0.0896,18.0
1.0,1.0,1.0,23.0,0.0,0.0,0.0,1.0,0.26,0.2424,0.56,0.2537,30.0
3.0,0.0,8.0,7.0,0.0,0.0,0.0,1.0,0.68,0.6364,0.83,0.2985,31.0
3.0,1.0,7.0,19.0,0.0,2.0,1.0,3.0,0.7,0.6667,0.74,0.2239,414.0
2.0,1.0,5.0,12.0,0.0,5.0,1.0,1.0,0.56,0.5303,0.28,0.4179,348.0
2.0,0.0,4.0,19.0,0.0,3.0,1.0,1.0,0.5,0.4848,0.31,0.2985,232.0
3.0,0.0,7.0,20.0,0.0,5.0,1.0,1.0,0.66,0.6061,0.83,0.1642,250.0
1.0,0.0,1.0,15.0,0.0,6.0,0.0,2.0,0.32,0.3182,0.36,0.194,129.0
1.0,1.0,3.0,14.0,0.0,2.0,1.0,2.0,0.6,0.5909,0.73,0.1642,248.0
2.0,0.0,4.0,18.0,0.0,3.0,1.0,1.0,0.74,0.6515,0.3,0.3582,441.0
2.0,1.0,4.0,2.0,0.0,3.0,1.0,2.0,0.5,0.4848,0.42,0.194,9.0
4.0,1.0,12.0,23.0,0.0,5.0,1.0,2.0,0.36,0.3636,0.93,0.0896,122.0
3.0,0.0,7.0,13.0,0.0,6.0,0.0,1.0,0.94,0.8788,0.38,0.1642,245.0
4.0,1.0,10.0,13.0,0.0,2.0,1.0,1.0,0.52,0.5,0.45,0.2836,328.0
2.0,1.0,6.0,3.0,0.0,5.0,1.0,1.0,0.54,0.5152,0.6,0.0896,8.0
3.0,0.0,8.0,13.0,0.0,6.0,0.0,1.0,0.76,0.697,0.55,0.1343,378.0
3.0,1.0,7.0,13.0,0.0,4.0,1.0,1.0,0.8,0.697,0.33,0.2239,277.0
1.0,0.0,1.0,16.0,0.0,1.0,1.0,2.0,0.16,0.1818,0.56,0.194,86.0
3.0,0.0,6.0,21.0,0.0,4.0,1.0,1.0,0.7,0.6667,0.74,0.194,234.0
2.0,1.0,4.0,11.0,0.0,6.0,0.0,1.0,0.52,0.5,0.45,0.194,564.0
2.0,1.0,3.0,20.0,0.0,5.0,1.0,1.0,0.66,0.6212,0.47,0.1343,445.0
3.0,1.0,9.0,0.0,0.0,4.0,1.0,2.0,0.7,0.6667,0.84,0.0896,65.0
2.0,1.0,5.0,3.0,0.0,5.0,1.0,1.0,0.56,0.5303,0.88,0.2239,14.0
1.0,1.0,12.0,21.0,1.0,2.0,0.0,2.0,0.3,0.2879,0.65,0.194,34.0
3.0,1.0,7.0,22.0,0.0,6.0,0.0,1.0,0.66,0.6061,0.78,0.0896,276.0
1.0,1.0,2.0,9.0,0.0,5.0,1.0,1.0,0.24,0.2273,0.65,0.194,270.0
1.0,0.0,2.0,18.0,0.0,0.0,0.0,2.0,0.34,0.3333,0.36,0.1343,101.0
4.0,1.0,10.0,18.0,0.0,5.0,1.0,2.0,0.56,0.5303,0.78,0.1343,665.0
3.0,1.0,9.0,18.0,0.0,0.0,0.0,1.0,0.66,0.6212,0.36,0.2537,560.0
4.0,0.0,12.0,0.0,0.0,6.0,0.0,1.0,0.3,0.2879,0.49,0.2836,62.0
4.0,1.0,9.0,7.0,0.0,6.0,0.0,1.0,0.48,0.4697,0.67,0.2836,73.0
1.0,1.0,2.0,13.0,0.0,5.0,1.0,2.0,0.3,0.3182,0.42,0.0896,192.0
1.0,1.0,3.0,10.0,0.0,5.0,1.0,2.0,0.34,0.2879,0.36,0.4925,159.0
1.0,1.0,1.0,1.0,0.0,4.0,1.0,3.0,0.36,0.3485,0.93,0.194,3.0
3.0,0.0,8.0,7.0,0.0,3.0,1.0,1.0,0.66,0.6212,0.65,0.0896,308.0
2.0,0.0,6.0,0.0,0.0,5.0,1.0,3.0,0.7,0.6515,0.65,0.2239,69.0
1.0,0.0,1.0,13.0,0.0,5.0,1.0,2.0,0.2,0.1818,0.37,0.2836,73.0
1.0,1.0,2.0,18.0,0.0,6.0,0.0,1.0,0.3,0.2576,0.28,0.5821,133.0
2.0,0.0,5.0,14.0,0.0,2.0,1.0,1.0,0.78,0.697,0.46,0.2836,153.0
1.0,1.0,1.0,14.0,0.0,4.0,1.0,1.0,0.42,0.4242,0.77,0.1642,156.0
3.0,0.0,6.0,21.0,0.0,3.0,1.0,1.0,0.74,0.7121,0.79,0.1642,247.0
2.0,1.0,5.0,0.0,0.0,1.0,1.0,2.0,0.52,0.5,0.77,0.1343,34.0
1.0,1.0,2.0,11.0,0.0,5.0,1.0,2.0,0.28,0.2879,0.45,0.1045,153.0
4.0,0.0,10.0,21.0,0.0,5.0,1.0,1.0,0.5,0.4848,0.45,0.194,178.0
1.0,0.0,2.0,14.0,0.0,5.0,1.0,2.0,0.28,0.2727,0.45,0.1642,91.0
1.0,1.0,12.0,22.0,0.0,1.0,1.0,2.0,0.24,0.2879,0.93,0.0,12.0
2.0,0.0,3.0,22.0,0.0,1.0,1.0,1.0,0.46,0.4545,0.88,0.2239,78.0
3.0,0.0,8.0,0.0,0.0,1.0,1.0,1.0,0.62,0.5909,0.73,0.1045,34.0
2.0,0.0,6.0,0.0,0.0,1.0,1.0,1.0,0.64,0.5909,0.78,0.1343,28.0
2.0,1.0,4.0,2.0,0.0,2.0,1.0,1.0,0.32,0.3182,0.81,0.194,3.0
2.0,0.0,5.0,8.0,0.0,3.0,1.0,1.0,0.48,0.4697,0.77,0.2537,442.0
4.0,0.0,9.0,4.0,0.0,3.0,1.0,1.0,0.6,0.5455,0.88,0.0,4.0
3.0,0.0,6.0,15.0,0.0,0.0,0.0,1.0,0.74,0.6515,0.4,0.0,403.0
1.0,0.0,12.0,14.0,0.0,3.0,1.0,2.0,0.48,0.4697,0.88,0.3582,51.0
2.0,0.0,3.0,22.0,0.0,3.0,1.0,2.0,0.32,0.3182,0.93,0.1642,44.0
2.0,1.0,4.0,17.0,0.0,3.0,1.0,2.0,0.42,0.4242,0.77,0.194,488.0
2.0,0.0,3.0,0.0,0.0,5.0,1.0,1.0,0.24,0.2273,0.6,0.194,18.0
4.0,1.0,10.0,16.0,0.0,5.0,1.0,2.0,0.58,0.5455,0.73,0.1642,582.0
3.0,1.0,8.0,6.0,0.0,1.0,1.0,2.0,0.7,0.6667,0.79,0.2239,141.0
3.0,0.0,8.0,17.0,0.0,0.0,0.0,1.0,0.76,0.7121,0.62,0.1343,329.0
1.0,1.0,2.0,0.0,0.0,5.0,1.0,2.0,0.28,0.303,0.65,0.0896,43.0
2.0,1.0,4.0,3.0,0.0,1.0,1.0,1.0,0.44,0.4394,0.3,0.1642,3.0
3.0,0.0,8.0,1.0,0.0,4.0,1.0,1.0,0.68,0.6364,0.69,0.3881,15.0
4.0,1.0,9.0,13.0,0.0,0.0,0.0,1.0,0.6,0.6212,0.38,0.1642,702.0
1.0,0.0,1.0,9.0,0.0,6.0,0.0,1.0,0.04,0.0303,0.41,0.2537,40.0
1.0,1.0,12.0,20.0,0.0,5.0,1.0,1.0,0.28,0.2727,0.41,0.2537,112.0
1.0,1.0,1.0,23.0,0.0,3.0,1.0,3.0,0.34,0.3182,0.87,0.2239,9.0
4.0,0.0,11.0,15.0,0.0,4.0,1.0,3.0,0.36,0.3333,0.81,0.2985,62.0
4.0,1.0,9.0,19.0,0.0,0.0,0.0,3.0,0.5,0.4848,0.72,0.1343,257.0
2.0,1.0,3.0,4.0,0.0,3.0,1.0,1.0,0.36,0.3333,0.43,0.2985,1.0
3.0,0.0,9.0,12.0,0.0,2.0,1.0,1.0,0.72,0.6667,0.58,0.2239,187.0
4.0,1.0,10.0,15.0,0.0,0.0,0.0,1.0,0.66,0.6212,0.39,0.4179,568.0
3.0,1.0,8.0,19.0,0.0,2.0,1.0,1.0,0.74,0.6667,0.45,0.1642,597.0
1.0,1.0,3.0,19.0,0.0,5.0,1.0,1.0,0.42,0.4242,0.28,0.6119,244.0
1.0,1.0,2.0,0.0,0.0,3.0,1.0,1.0,0.32,0.3333,0.53,0.1045,32.0
4.0,1.0,12.0,3.0,0.0,0.0,0.0,2.0,0.34,0.3333,0.87,0.194,38.0
3.0,0.0,8.0,17.0,0.0,1.0,1.0,1.0,0.76,0.6818,0.45,0.2985,514.0
3.0,1.0,9.0,15.0,0.0,3.0,1.0,1.0,0.72,0.6515,0.37,0.1343,318.0
3.0,1.0,9.0,23.0,0.0,0.0,0.0,1.0,0.54,0.5152,0.68,0.1045,94.0
4.0,1.0,11.0,7.0,0.0,4.0,1.0,1.0,0.2,0.2576,0.64,0.0,362.0
4.0,0.0,12.0,12.0,0.0,4.0,1.0,2.0,0.46,0.4545,0.59,0.4925,157.0
4.0,0.0,10.0,8.0,0.0,2.0,1.0,2.0,0.56,0.5303,0.83,0.1045,406.0
4.0,1.0,12.0,11.0,0.0,4.0,1.0,2.0,0.34,0.3182,0.57,0.2239,190.0
1.0,1.0,1.0,18.0,0.0,3.0,1.0,3.0,0.34,0.3333,0.87,0.194,98.0
2.0,0.0,5.0,10.0,0.0,3.0,1.0,1.0,0.54,0.5152,0.68,0.0896,154.0
4.0,0.0,10.0,0.0,0.0,3.0,1.0,1.0,0.44,0.4394,0.72,0.194,32.0
2.0,0.0,4.0,21.0,0.0,2.0,1.0,1.0,0.34,0.2879,0.46,0.5224,89.0
4.0,1.0,12.0,19.0,0.0,2.0,1.0,1.0,0.38,0.3939,0.46,0.3881,353.0
4.0,1.0,10.0,7.0,0.0,5.0,1.0,3.0,0.54,0.5152,0.94,0.0,154.0
4.0,1.0,12.0,15.0,0.0,2.0,1.0,2.0,0.38,0.3939,0.5,0.2239,270.0
1.0,0.0,1.0,16.0,0.0,3.0,1.0,1.0,0.38,0.3939,0.58,0.3881,104.0
1.0,1.0,3.0,21.0,0.0,0.0,0.0,1.0,0.52,0.5,0.72,0.0896,173.0
3.0,1.0,9.0,17.0,0.0,4.0,1.0,1.0,0.72,0.6515,0.42,0.194,884.0
1.0,0.0,3.0,11.0,0.0,2.0,1.0,2.0,0.34,0.3182,0.57,0.2239,78.0
4.0,1.0,11.0,18.0,0.0,3.0,1.0,1.0,0.32,0.303,0.33,0.2836,542.0
1.0,1.0,2.0,21.0,0.0,6.0,0.0,1.0,0.24,0.2121,0.35,0.3284,85.0
4.0,1.0,9.0,15.0,0.0,2.0,1.0,1.0,0.66,0.6212,0.36,0.3284,303.0
3.0,0.0,7.0,2.0,0.0,5.0,1.0,1.0,0.6,0.5758,0.78,0.1642,38.0
1.0,0.0,1.0,6.0,0.0,3.0,1.0,2.0,0.22,0.2576,0.93,0.0896,32.0
4.0,1.0,12.0,21.0,0.0,5.0,1.0,1.0,0.3,0.303,0.75,0.1642,172.0
2.0,0.0,6.0,0.0,0.0,6.0,0.0,1.0,0.7,0.6667,0.79,0.1343,117.0
1.0,1.0,1.0,2.0,0.0,2.0,1.0,1.0,0.18,0.1667,0.51,0.2537,3.0
3.0,0.0,8.0,19.0,0.0,6.0,0.0,3.0,0.72,0.7121,0.84,0.2537,171.0
3.0,1.0,8.0,21.0,0.0,3.0,1.0,1.0,0.7,0.6515,0.61,0.194,315.0
2.0,1.0,5.0,10.0,0.0,3.0,1.0,2.0,0.62,0.6061,0.69,0.2836,177.0
2.0,0.0,5.0,7.0,0.0,5.0,1.0,1.0,0.4,0.4091,0.82,0.0,222.0
4.0,0.0,12.0,11.0,0.0,0.0,0.0,2.0,0.24,0.2273,0.6,0.2239,188.0
1.0,1.0,1.0,17.0,0.0,4.0,1.0,2.0,0.36,0.3485,0.34,0.194,412.0
3.0,0.0,8.0,16.0,0.0,5.0,1.0,1.0,0.82,0.7121,0.28,0.0,334.0
3.0,0.0,7.0,17.0,0.0,0.0,0.0,1.0,0.84,0.7424,0.36,0.2239,363.0
2.0,1.0,5.0,5.0,0.0,1.0,1.0,3.0,0.56,0.5303,0.88,0.2985,15.0
1.0,1.0,3.0,7.0,0.0,5.0,1.0,2.0,0.4,0.4091,0.87,0.194,278.0
3.0,0.0,8.0,0.0,0.0,6.0,0.0,1.0,0.68,0.6364,0.51,0.1045,84.0
4.0,1.0,11.0,2.0,1.0,1.0,0.0,1.0,0.4,0.4091,0.76,0.1343,20.0
3.0,1.0,9.0,19.0,0.0,6.0,0.0,3.0,0.58,0.5455,0.88,0.1045,215.0
4.0,1.0,10.0,7.0,0.0,6.0,0.0,1.0,0.3,0.303,0.61,0.1642,70.0
4.0,0.0,11.0,17.0,0.0,3.0,1.0,3.0,0.38,0.3939,0.71,0.3881,163.0
2.0,0.0,3.0,4.0,0.0,4.0,1.0,3.0,0.24,0.2273,0.93,0.2537,2.0
2.0,1.0,4.0,7.0,0.0,2.0,1.0,1.0,0.32,0.303,0.66,0.2836,390.0
1.0,0.0,1.0,22.0,0.0,1.0,1.0,1.0,0.14,0.1515,0.69,0.1343,20.0
1.0,0.0,3.0,7.0,0.0,3.0,1.0,2.0,0.24,0.2424,0.87,0.1642,141.0
4.0,0.0,11.0,22.0,0.0,3.0,1.0,1.0,0.36,0.3485,0.71,0.1343,106.0
4.0,0.0,9.0,21.0,0.0,5.0,1.0,1.0,0.52,0.5,0.55,0.194,206.0
2.0,0.0,5.0,9.0,0.0,6.0,0.0,1.0,0.54,0.5152,0.49,0.2836,218.0
2.0,0.0,4.0,10.0,0.0,1.0,1.0,1.0,0.64,0.6061,0.73,0.2239,125.0
2.0,0.0,3.0,3.0,0.0,5.0,1.0,1.0,0.2,0.2273,0.69,0.1045,2.0
1.0,1.0,2.0,7.0,0.0,1.0,1.0,1.0,0.16,0.1818,0.86,0.1045,234.0
1.0,0.0,1.0,19.0,0.0,6.0,0.0,1.0,0.14,0.1212,0.36,0.2537,30.0
1.0,0.0,1.0,12.0,0.0,5.0,1.0,3.0,0.18,0.2121,0.93,0.1045,29.0
4.0,0.0,11.0,8.0,0.0,0.0,0.0,2.0,0.42,0.4242,0.71,0.2836,65.0
1.0,1.0,2.0,8.0,0.0,4.0,1.0,1.0,0.2,0.197,0.64,0.2537,484.0
1.0,1.0,1.0,21.0,0.0,2.0,1.0,1.0,0.32,0.3333,0.66,0.0896,116.0
4.0,1.0,9.0,4.0,0.0,4.0,1.0,1.0,0.56,0.5303,0.94,0.1343,8.0
2.0,0.0,4.0,9.0,0.0,3.0,1.0,1.0,0.36,0.3333,0.46,0.2537,165.0
2.0,1.0,4.0,1.0,0.0,0.0,0.0,2.0,0.54,0.5152,0.56,0.1642,106.0
1.0,1.0,2.0,18.0,0.0,6.0,0.0,2.0,0.22,0.1818,0.47,0.6567,108.0
2.0,1.0,6.0,1.0,0.0,4.0,1.0,1.0,0.52,0.5,0.77,0.1642,22.0
4.0,1.0,10.0,5.0,0.0,3.0,1.0,1.0,0.5,0.4848,0.82,0.0,53.0
1.0,1.0,1.0,2.0,0.0,1.0,1.0,1.0,0.24,0.2121,0.48,0.3582,7.0
4.0,0.0,11.0,1.0,0.0,5.0,1.0,1.0,0.34,0.3636,0.76,0.0,14.0
3.0,0.0,9.0,22.0,0.0,4.0,1.0,1.0,0.44,0.4394,0.67,0.2836,115.0
2.0,0.0,5.0,23.0,0.0,4.0,1.0,1.0,0.7,0.6515,0.65,0.194,90.0
1.0,0.0,12.0,3.0,0.0,5.0,1.0,3.0,0.38,0.3939,0.94,0.1343,4.0
3.0,0.0,8.0,6.0,0.0,3.0,1.0,1.0,0.68,0.6364,0.61,0.0,119.0
1.0,0.0,3.0,21.0,0.0,1.0,1.0,1.0,0.34,0.3333,0.46,0.1343,63.0
4.0,1.0,11.0,5.0,0.0,1.0,1.0,2.0,0.36,0.3485,0.66,0.2239,39.0
3.0,1.0,8.0,5.0,0.0,4.0,1.0,1.0,0.66,0.5909,0.89,0.1343,41.0
1.0,1.0,3.0,3.0,0.0,6.0,0.0,2.0,0.44,0.4394,0.88,0.0,26.0
2.0,1.0,5.0,9.0,0.0,5.0,1.0,1.0,0.6,0.5758,0.78,0.0,294.0
4.0,1.0,11.0,18.0,0.0,6.0,0.0,1.0,0.36,0.3636,0.5,0.1045,271.0
4.0,1.0,12.0,21.0,0.0,1.0,1.0,2.0,0.46,0.4545,0.94,0.194,245.0
3.0,1.0,6.0,2.0,0.0,4.0,1.0,1.0,0.72,0.697,0.79,0.1045,18.0
4.0,1.0,10.0,2.0,0.0,6.0,0.0,2.0,0.5,0.4848,0.88,0.194,90.0
3.0,0.0,7.0,16.0,0.0,1.0,1.0,1.0,0.7,0.6667,0.84,0.2239,198.0
1.0,1.0,3.0,3.0,0.0,4.0,1.0,1.0,0.5,0.4848,0.63,0.0,7.0
3.0,0.0,8.0,18.0,0.0,1.0,1.0,1.0,0.84,0.7576,0.41,0.1343,529.0
4.0,1.0,10.0,13.0,0.0,1.0,1.0,2.0,0.56,0.5303,0.88,0.2239,146.0
3.0,1.0,8.0,2.0,0.0,3.0,1.0,1.0,0.62,0.5909,0.73,0.1343,6.0
3.0,0.0,9.0,12.0,0.0,1.0,1.0,1.0,0.72,0.6667,0.51,0.194,184.0
2.0,0.0,6.0,22.0,0.0,5.0,1.0,1.0,0.62,0.6212,0.35,0.0,171.0
3.0,1.0,9.0,15.0,0.0,3.0,1.0,1.0,0.62,0.6212,0.35,0.0,311.0
1.0,0.0,3.0,1.0,0.0,5.0,1.0,1.0,0.4,0.4091,0.62,0.2537,16.0
4.0,0.0,11.0,19.0,1.0,5.0,0.0,1.0,0.32,0.3182,0.39,0.1642,199.0
2.0,0.0,6.0,11.0,0.0,2.0,1.0,1.0,0.64,0.6212,0.41,0.2836,143.0
4.0,1.0,10.0,14.0,0.0,1.0,1.0,1.0,0.62,0.6061,0.27,0.194,282.0
3.0,0.0,7.0,14.0,0.0,4.0,1.0,1.0,0.74,0.6515,0.35,0.2836,178.0
4.0,1.0,11.0,18.0,1.0,4.0,0.0,1.0,0.4,0.4091,0.43,0.0,70.0
4.0,1.0,10.0,4.0,0.0,0.0,0.0,1.0,0.42,0.4242,0.77,0.2836,12.0
2.0,0.0,6.0,9.0,0.0,0.0,0.0,1.0,0.72,0.6818,0.66,0.0,182.0
2.0,0.0,6.0,8.0,0.0,4.0,1.0,2.0,0.76,0.7273,0.7,0.1045,432.0
3.0,1.0,9.0,12.0,1.0,1.0,0.0,2.0,0.76,0.7121,0.62,0.2985,543.0
2.0,1.0,6.0,4.0,0.0,0.0,0.0,1.0,0.5,0.4848,0.72,0.0896,13.0
3.0,1.0,8.0,11.0,0.0,2.0,1.0,2.0,0.76,0.7273,0.66,0.0896,214.0
2.0,1.0,3.0,2.0,0.0,6.0,0.0,2.0,0.42,0.4242,0.77,0.2537,69.0
4.0,0.0,11.0,2.0,0.0,1.0,1.0,3.0,0.44,0.4394,1.0,0.194,3.0
2.0,1.0,4.0,5.0,0.0,0.0,0.0,1.0,0.38,0.3939,0.46,0.0,12.0
3.0,0.0,8.0,14.0,0.0,2.0,1.0,1.0,0.76,0.6818,0.45,0.4179,182.0
1.0,0.0,2.0,4.0,0.0,0.0,0.0,1.0,0.26,0.2273,0.6,0.3582,2.0
4.0,1.0,12.0,6.0,0.0,5.0,1.0,2.0,0.28,0.2727,0.75,0.1642,84.0
2.0,0.0,4.0,0.0,0.0,6.0,0.0,2.0,0.32,0.3182,1.0,0.194,18.0
4.0,1.0,10.0,21.0,0.0,3.0,1.0,2.0,0.66,0.6212,0.74,0.0,209.0
1.0,0.0,1.0,20.0,0.0,3.0,1.0,1.0,0.32,0.303,0.49,0.2985,76.0
1.0,1.0,2.0,20.0,0.0,2.0,1.0,1.0,0.4,0.4091,0.3,0.1343,204.0
2.0,0.0,3.0,6.0,0.0,3.0,1.0,2.0,0.3,0.303,0.49,0.1343,48.0
1.0,1.0,1.0,17.0,0.0,4.0,1.0,1.0,0.46,0.4545,0.63,0.1642,495.0
4.0,0.0,11.0,17.0,0.0,5.0,1.0,1.0,0.42,0.4242,0.38,0.3582,480.0
1.0,1.0,1.0,17.0,0.0,6.0,0.0,1.0,0.24,0.2273,0.41,0.2537,144.0
4.0,1.0,11.0,8.0,0.0,2.0,1.0,3.0,0.32,0.303,0.87,0.2537,211.0
1.0,1.0,3.0,12.0,0.0,5.0,1.0,1.0,0.36,0.3333,0.34,0.4179,201.0
4.0,0.0,10.0,1.0,0.0,3.0,1.0,2.0,0.52,0.5,0.77,0.194,16.0
3.0,1.0,6.0,19.0,0.0,5.0,1.0,2.0,0.76,0.697,0.55,0.5224,362.0
4.0,1.0,9.0,9.0,0.0,4.0,1.0,1.0,0.66,0.6212,0.65,0.0,335.0
3.0,1.0,6.0,8.0,0.0,3.0,1.0,1.0,0.62,0.6212,0.43,0.3284,687.0
4.0,1.0,11.0,4.0,0.0,3.0,1.0,2.0,0.28,0.2576,0.52,0.2985,9.0
1.0,0.0,1.0,16.0,0.0,2.0,1.0,1.0,0.3,0.2879,0.49,0.2537,83.0
1.0,1.0,12.0,7.0,0.0,1.0,1.0,1.0,0.2,0.2576,0.69,0.0,30.0
1.0,1.0,12.0,15.0,0.0,3.0,1.0,3.0,0.26,0.2273,0.87,0.3582,13.0
3.0,1.0,7.0,5.0,0.0,1.0,1.0,2.0,0.66,0.5909,0.94,0.1343,51.0
3.0,1.0,8.0,5.0,0.0,0.0,0.0,2.0,0.6,0.5909,0.73,0.1343,11.0
3.0,1.0,6.0,4.0,0.0,5.0,1.0,2.0,0.76,0.7273,0.66,0.0,10.0
2.0,1.0,3.0,9.0,0.0,5.0,1.0,1.0,0.34,0.3333,0.57,0.1642,321.0
4.0,1.0,11.0,6.0,0.0,1.0,1.0,2.0,0.3,0.2879,0.49,0.2836,139.0
2.0,0.0,4.0,16.0,0.0,4.0,1.0,1.0,0.52,0.5,0.27,0.3582,294.0
2.0,0.0,5.0,9.0,0.0,2.0,1.0,2.0,0.54,0.5152,0.88,0.2537,207.0
1.0,0.0,3.0,22.0,0.0,6.0,0.0,1.0,0.36,0.3788,0.71,0.0,63.0
4.0,0.0,11.0,16.0,0.0,2.0,1.0,1.0,0.56,0.5303,0.46,0.1343,289.0
1.0,1.0,1.0,5.0,0.0,2.0,1.0,2.0,0.3,0.3182,1.0,0.0896,26.0
3.0,1.0,9.0,12.0,0.0,6.0,0.0,2.0,0.8,0.7576,0.55,0.1642,471.0
1.0,0.0,3.0,3.0,0.0,0.0,0.0,1.0,0.34,0.3333,0.76,0.1343,23.0
1.0,1.0,3.0,6.0,0.0,2.0,1.0,2.0,0.52,0.5,0.94,0.1642,100.0
4.0,1.0,10.0,23.0,0.0,3.0,1.0,2.0,0.58,0.5455,0.68,0.0896,123.0
2.0,0.0,5.0,20.0,0.0,5.0,1.0,1.0,0.58,0.5455,0.64,0.1045,220.0
2.0,0.0,5.0,5.0,0.0,4.0,1.0,1.0,0.48,0.4697,0.94,0.0,26.0
3.0,1.0,8.0,17.0,0.0,5.0,1.0,2.0,0.74,0.6667,0.51,0.2239,812.0
2.0,0.0,6.0,19.0,0.0,1.0,1.0,1.0,0.66,0.6212,0.65,0.2239,431.0
4.0,1.0,9.0,23.0,0.0,5.0,1.0,2.0,0.56,0.5303,0.56,0.194,190.0
2.0,0.0,5.0,20.0,0.0,0.0,0.0,1.0,0.7,0.6667,0.79,0.194,219.0
3.0,0.0,9.0,17.0,0.0,3.0,1.0,1.0,0.76,0.697,0.52,0.2836,599.0
3.0,0.0,8.0,3.0,0.0,0.0,0.0,2.0,0.64,0.5606,0.94,0.2537,27.0
4.0,1.0,12.0,21.0,0.0,4.0,1.0,2.0,0.24,0.2424,0.6,0.1343,191.0
2.0,0.0,4.0,19.0,0.0,0.0,0.0,3.0,0.6,0.5606,0.83,0.2836,194.0
2.0,0.0,5.0,7.0,0.0,3.0,1.0,1.0,0.62,0.5909,0.73,0.1343,313.0
3.0,1.0,7.0,11.0,0.0,6.0,0.0,1.0,0.84,0.7424,0.39,0.2239,457.0
1.0,0.0,3.0,2.0,0.0,5.0,1.0,1.0,0.4,0.4091,0.62,0.194,14.0
4.0,1.0,12.0,18.0,0.0,6.0,0.0,1.0,0.4,0.4091,0.87,0.1045,304.0
4.0,1.0,11.0,1.0,0.0,0.0,0.0,1.0,0.22,0.2273,0.44,0.194,36.0
4.0,1.0,10.0,21.0,0.0,5.0,1.0,1.0,0.4,0.4091,0.54,0.194,190.0
1.0,1.0,12.0,10.0,1.0,2.0,0.0,1.0,0.28,0.3182,0.81,0.0,32.0
1.0,1.0,1.0,15.0,0.0,1.0,1.0,3.0,0.22,0.2273,0.75,0.1642,69.0
1.0,0.0,3.0,15.0,0.0,5.0,1.0,2.0,0.34,0.3182,0.53,0.2537,85.0
1.0,0.0,2.0,12.0,0.0,1.0,1.0,1.0,0.56,0.5303,0.22,0.4478,126.0
2.0,0.0,3.0,19.0,0.0,6.0,0.0,2.0,0.28,0.2727,0.45,0.2537,138.0
4.0,1.0,11.0,19.0,0.0,6.0,0.0,1.0,0.26,0.2424,0.41,0.2537,83.0
3.0,1.0,8.0,21.0,0.0,0.0,0.0,3.0,0.62,0.5909,0.78,0.0896,190.0
3.0,0.0,9.0,11.0,0.0,4.0,1.0,1.0,0.72,0.6667,0.51,0.1343,192.0
4.0,1.0,12.0,11.0,0.0,6.0,0.0,2.0,0.4,0.4091,0.87,0.1045,404.0
3.0,0.0,9.0,8.0,0.0,4.0,1.0,1.0,0.64,0.6061,0.73,0.1343,391.0
3.0,0.0,7.0,23.0,0.0,2.0,1.0,1.0,0.78,0.7121,0.52,0.0,79.0
4.0,0.0,11.0,9.0,0.0,3.0,1.0,3.0,0.46,0.4545,0.94,0.0,82.0
1.0,0.0,12.0,8.0,0.0,3.0,1.0,1.0,0.32,0.2879,0.57,0.3582,217.0
2.0,1.0,6.0,21.0,0.0,3.0,1.0,1.0,0.64,0.6212,0.44,0.3582,396.0
2.0,1.0,4.0,4.0,0.0,2.0,1.0,1.0,0.32,0.3333,0.66,0.0896,1.0
3.0,0.0,8.0,15.0,0.0,4.0,1.0,1.0,0.8,0.697,0.29,0.2985,178.0
1.0,0.0,3.0,10.0,0.0,0.0,0.0,1.0,0.42,0.4242,0.47,0.2537,122.0
2.0,1.0,4.0,22.0,0.0,0.0,0.0,3.0,0.34,0.2879,0.87,0.5224,13.0
3.0,0.0,7.0,14.0,0.0,2.0,1.0,1.0,0.8,0.7424,0.49,0.1642,178.0
3.0,0.0,7.0,19.0,0.0,0.0,0.0,1.0,0.76,0.697,0.55,0.2836,379.0
3.0,0.0,8.0,5.0,0.0,1.0,1.0,2.0,0.6,0.5455,0.88,0.194,17.0
3.0,1.0,8.0,23.0,0.0,5.0,1.0,3.0,0.64,0.2424,0.83,0.2239,121.0
2.0,0.0,4.0,19.0,0.0,5.0,1.0,1.0,0.46,0.4545,0.55,0.3284,270.0
2.0,1.0,4.0,3.0,1.0,1.0,0.0,1.0,0.58,0.5455,0.68,0.194,8.0
3.0,0.0,8.0,20.0,0.0,3.0,1.0,1.0,0.72,0.6667,0.58,0.2985,334.0
4.0,0.0,11.0,18.0,0.0,1.0,1.0,3.0,0.42,0.4242,0.88,0.194,192.0
1.0,0.0,2.0,21.0,1.0,1.0,0.0,3.0,0.22,0.197,0.75,0.4478,34.0
1.0,0.0,2.0,17.0,0.0,2.0,1.0,1.0,0.32,0.303,0.22,0.2239,206.0
4.0,0.0,9.0,3.0,0.0,6.0,0.0,1.0,0.58,0.5455,0.94,0.0,31.0
4.0,0.0,12.0,16.0,0.0,4.0,1.0,3.0,0.46,0.4545,0.72,0.1642,131.0
1.0,1.0,3.0,23.0,0.0,4.0,1.0,1.0,0.48,0.4697,0.72,0.194,97.0
4.0,0.0,10.0,19.0,0.0,3.0,1.0,1.0,0.5,0.4848,0.82,0.0,331.0
3.0,0.0,8.0,12.0,0.0,3.0,1.0,1.0,0.74,0.6667,0.43,0.1343,260.0
4.0,1.0,9.0,10.0,0.0,0.0,0.0,1.0,0.58,0.5455,0.46,0.1642,479.0
2.0,0.0,5.0,6.0,0.0,2.0,1.0,3.0,0.52,0.5,0.94,0.2537,49.0
4.0,1.0,12.0,9.0,0.0,5.0,1.0,1.0,0.24,0.2424,0.75,0.1343,343.0
2.0,1.0,5.0,18.0,0.0,0.0,0.0,2.0,0.68,0.6364,0.44,0.3582,389.0
4.0,0.0,10.0,12.0,0.0,2.0,1.0,1.0,0.56,0.5303,0.56,0.2985,199.0
4.0,1.0,11.0,15.0,0.0,1.0,1.0,1.0,0.42,0.4242,0.35,0.0896,230.0
4.0,1.0,10.0,20.0,0.0,4.0,1.0,2.0,0.56,0.5303,0.68,0.2537,387.0
2.0,0.0,6.0,14.0,0.0,1.0,1.0,1.0,0.7,0.6364,0.34,0.2537,200.0
3.0,0.0,7.0,21.0,0.0,6.0,0.0,1.0,0.7,0.6515,0.58,0.2239,252.0
1.0,1.0,2.0,4.0,0.0,3.0,1.0,1.0,0.28,0.2879,0.7,0.1045,1.0
1.0,1.0,1.0,13.0,1.0,1.0,0.0,2.0,0.24,0.197,0.41,0.4179,228.0
4.0,0.0,12.0,23.0,0.0,2.0,1.0,2.0,0.38,0.3939,0.62,0.0,53.0
3.0,0.0,6.0,22.0,0.0,0.0,0.0,1.0,0.7,0.6515,0.51,0.0,114.0
3.0,0.0,6.0,12.0,0.0,1.0,1.0,2.0,0.72,0.6667,0.54,0.0,170.0
1.0,1.0,1.0,16.0,1.0,1.0,0.0,1.0,0.26,0.2273,0.44,0.3582,180.0
2.0,1.0,3.0,17.0,0.0,6.0,0.0,3.0,0.5,0.4848,0.88,0.2239,115.0
3.0,1.0,7.0,2.0,0.0,6.0,0.0,2.0,0.7,0.6515,0.54,0.1045,101.0
4.0,0.0,11.0,8.0,0.0,6.0,0.0,1.0,0.26,0.2576,0.7,0.194,101.0
3.0,1.0,7.0,18.0,0.0,1.0,1.0,1.0,0.76,0.7121,0.58,0.4179,812.0
1.0,0.0,2.0,7.0,0.0,3.0,1.0,2.0,0.2,0.197,0.55,0.2239,108.0
3.0,1.0,8.0,0.0,0.0,2.0,1.0,1.0,0.7,0.6667,0.74,0.2239,60.0
3.0,0.0,7.0,4.0,0.0,3.0,1.0,2.0,0.68,0.6364,0.83,0.0896,6.0
4.0,1.0,11.0,9.0,0.0,2.0,1.0,3.0,0.32,0.303,0.81,0.3284,110.0
1.0,1.0,2.0,17.0,0.0,2.0,1.0,1.0,0.44,0.4394,0.35,0.194,509.0
1.0,0.0,1.0,15.0,0.0,1.0,1.0,1.0,0.26,0.2424,0.3,0.2537,72.0
4.0,1.0,10.0,15.0,0.0,4.0,1.0,1.0,0.72,0.6667,0.54,0.2836,325.0
3.0,0.0,7.0,12.0,0.0,2.0,1.0,1.0,0.8,0.7273,0.43,0.1045,201.0
4.0,0.0,11.0,2.0,0.0,3.0,1.0,1.0,0.32,0.3182,0.7,0.1642,5.0
2.0,1.0,6.0,21.0,0.0,2.0,1.0,1.0,0.68,0.6364,0.83,0.1045,274.0
2.0,0.0,3.0,19.0,0.0,2.0,1.0,2.0,0.44,0.4394,0.54,0.2537,164.0
3.0,0.0,9.0,1.0,0.0,6.0,0.0,1.0,0.46,0.4545,0.72,0.1045,80.0
1.0,1.0,2.0,17.0,0.0,2.0,1.0,1.0,0.42,0.4242,0.26,0.0896,530.0
4.0,1.0,10.0,22.0,1.0,1.0,0.0,3.0,0.4,0.4091,0.76,0.2537,107.0
3.0,0.0,6.0,0.0,0.0,3.0,1.0,2.0,0.68,0.6364,0.79,0.2836,36.0
4.0,0.0,11.0,12.0,0.0,2.0,1.0,2.0,0.54,0.5152,0.68,0.0,176.0
3.0,0.0,9.0,21.0,0.0,1.0,1.0,2.0,0.56,0.5303,0.68,0.1642,200.0
2.0,1.0,4.0,16.0,0.0,2.0,1.0,1.0,0.5,0.4848,0.23,0.194,362.0
4.0,0.0,11.0,18.0,0.0,5.0,1.0,1.0,0.42,0.4242,0.32,0.4627,374.0
3.0,1.0,8.0,10.0,0.0,6.0,0.0,2.0,0.7,0.6515,0.65,0.2985,442.0
3.0,1.0,6.0,16.0,0.0,2.0,1.0,1.0,0.72,0.6364,0.26,0.4925,416.0
4.0,1.0,12.0,11.0,0.0,3.0,1.0,1.0,0.4,0.4091,0.54,0.2239,200.0
4.0,0.0,9.0,2.0,0.0,3.0,1.0,1.0,0.6,0.5455,0.88,0.2537,9.0
4.0,0.0,12.0,7.0,0.0,6.0,0.0,2.0,0.26,0.2576,0.56,0.2239,20.0
3.0,1.0,8.0,21.0,0.0,0.0,0.0,1.0,0.72,0.6667,0.51,0.0896,220.0
4.0,0.0,10.0,20.0,0.0,3.0,1.0,3.0,0.6,0.5152,0.94,0.0896,145.0
1.0,0.0,2.0,13.0,0.0,6.0,0.0,1.0,0.3,0.2727,0.39,0.4179,135.0
2.0,0.0,4.0,9.0,0.0,5.0,1.0,3.0,0.34,0.303,0.61,0.2985,195.0
4.0,1.0,11.0,15.0,0.0,0.0,0.0,1.0,0.3,0.2879,0.42,0.2537,245.0
3.0,1.0,9.0,15.0,0.0,2.0,1.0,1.0,0.8,0.7727,0.59,0.4627,292.0
1.0,1.0,1.0,6.0,0.0,6.0,0.0,3.0,0.16,0.1667,0.93,0.1642,1.0
2.0,1.0,3.0,15.0,0.0,4.0,1.0,1.0,0.62,0.6061,0.69,0.194,304.0
1.0,1.0,12.0,5.0,0.0,4.0,1.0,1.0,0.24,0.2424,0.75,0.1642,11.0
3.0,0.0,8.0,7.0,0.0,2.0,1.0,1.0,0.56,0.5303,0.68,0.1343,357.0
3.0,1.0,8.0,23.0,0.0,3.0,1.0,1.0,0.66,0.6212,0.57,0.0,157.0
3.0,1.0,7.0,17.0,0.0,4.0,1.0,1.0,0.92,0.8485,0.35,0.1642,689.0
2.0,0.0,5.0,8.0,0.0,5.0,1.0,1.0,0.66,0.6212,0.74,0.2836,418.0
2.0,0.0,4.0,7.0,0.0,6.0,0.0,3.0,0.34,0.3333,1.0,0.1642,19.0
3.0,1.0,8.0,13.0,0.0,4.0,1.0,1.0,0.76,0.6818,0.48,0.1045,290.0
2.0,1.0,4.0,17.0,0.0,5.0,1.0,1.0,0.56,0.5303,0.24,0.1642,738.0
1.0,0.0,2.0,14.0,0.0,2.0,1.0,1.0,0.22,0.2273,0.55,0.194,58.0
1.0,1.0,2.0,18.0,0.0,3.0,1.0,3.0,0.4,0.4091,0.87,0.0,192.0
2.0,0.0,5.0,17.0,0.0,6.0,0.0,2.0,0.56,0.5303,0.88,0.194,272.0
3.0,1.0,7.0,4.0,0.0,1.0,1.0,2.0,0.72,0.6667,0.54,0.2985,12.0
2.0,1.0,4.0,1.0,0.0,5.0,1.0,1.0,0.5,0.4848,0.59,0.4478,35.0
3.0,1.0,8.0,5.0,0.0,2.0,1.0,1.0,0.56,0.5303,0.83,0.0896,34.0
2.0,0.0,4.0,6.0,0.0,3.0,1.0,1.0,0.24,0.2576,0.7,0.1045,56.0
2.0,1.0,6.0,11.0,0.0,4.0,1.0,1.0,0.66,0.6212,0.47,0.2239,237.0
3.0,0.0,8.0,17.0,0.0,3.0,1.0,1.0,0.76,0.697,0.52,0.3582,567.0
4.0,0.0,12.0,5.0,0.0,2.0,1.0,2.0,0.36,0.3788,0.57,0.0,15.0
2.0,1.0,6.0,4.0,0.0,1.0,1.0,1.0,0.54,0.5152,0.64,0.0896,8.0
4.0,0.0,10.0,9.0,0.0,1.0,1.0,2.0,0.4,0.4091,0.66,0.0896,153.0
2.0,1.0,3.0,9.0,0.0,0.0,0.0,2.0,0.4,0.4091,0.94,0.2537,118.0
3.0,0.0,7.0,3.0,0.0,1.0,1.0,1.0,0.66,0.6061,0.78,0.194,7.0
3.0,0.0,8.0,6.0,0.0,1.0,1.0,1.0,0.6,0.5455,0.88,0.2537,90.0
1.0,0.0,2.0,7.0,0.0,2.0,1.0,1.0,0.24,0.197,0.65,0.4179,100.0
3.0,0.0,7.0,12.0,1.0,1.0,0.0,2.0,0.78,0.7121,0.52,0.0,447.0
3.0,0.0,9.0,20.0,0.0,2.0,1.0,1.0,0.56,0.5303,0.94,0.0,253.0
1.0,0.0,2.0,11.0,0.0,3.0,1.0,1.0,0.24,0.2576,0.41,0.1045,69.0
4.0,1.0,12.0,22.0,0.0,1.0,1.0,2.0,0.5,0.4848,0.82,0.2239,126.0
4.0,1.0,11.0,14.0,0.0,6.0,0.0,1.0,0.32,0.2879,0.33,0.4627,207.0
3.0,1.0,6.0,22.0,0.0,4.0,1.0,1.0,0.76,0.697,0.52,0.1642,274.0
2.0,0.0,5.0,1.0,0.0,5.0,1.0,1.0,0.7,0.6515,0.58,0.2985,50.0
3.0,0.0,9.0,19.0,0.0,6.0,0.0,1.0,0.7,0.6515,0.58,0.1343,315.0
4.0,1.0,10.0,8.0,0.0,2.0,1.0,2.0,0.42,0.4242,0.8,0.194,713.0
4.0,1.0,11.0,20.0,0.0,3.0,1.0,1.0,0.32,0.3333,0.36,0.1343,263.0
4.0,0.0,11.0,19.0,0.0,3.0,1.0,2.0,0.32,0.303,0.57,0.2836,279.0
4.0,0.0,11.0,10.0,0.0,0.0,0.0,1.0,0.44,0.4394,0.44,0.3284,241.0
3.0,0.0,7.0,22.0,0.0,1.0,1.0,1.0,0.72,0.697,0.74,0.1343,90.0
4.0,0.0,10.0,5.0,1.0,1.0,0.0,1.0,0.46,0.4545,0.94,0.0,21.0
2.0,0.0,4.0,17.0,0.0,1.0,1.0,1.0,0.58,0.5455,0.49,0.2836,428.0
4.0,1.0,10.0,12.0,0.0,0.0,0.0,2.0,0.42,0.4242,0.71,0.0,392.0
1.0,0.0,3.0,15.0,0.0,1.0,1.0,1.0,0.34,0.303,0.31,0.3881,96.0
3.0,0.0,9.0,3.0,0.0,4.0,1.0,2.0,0.6,0.5152,0.94,0.0896,12.0
4.0,1.0,12.0,4.0,0.0,3.0,1.0,1.0,0.26,0.303,0.6,0.0,4.0
1.0,0.0,12.0,4.0,0.0,6.0,0.0,2.0,0.32,0.3182,0.66,0.1642,3.0
3.0,0.0,7.0,5.0,0.0,3.0,1.0,1.0,0.74,0.6818,0.58,0.194,26.0
4.0,0.0,12.0,18.0,0.0,5.0,1.0,1.0,0.34,0.3636,0.61,0.0,318.0
2.0,1.0,3.0,5.0,0.0,4.0,1.0,1.0,0.5,0.4848,0.45,0.2239,32.0
1.0,1.0,12.0,3.0,0.0,0.0,0.0,2.0,0.26,0.2273,0.56,0.4179,15.0
4.0,1.0,10.0,12.0,0.0,0.0,0.0,1.0,0.54,0.5152,0.39,0.3284,675.0
1.0,1.0,3.0,9.0,0.0,4.0,1.0,1.0,0.46,0.4545,0.77,0.2537,286.0
2.0,1.0,3.0,10.0,0.0,2.0,1.0,1.0,0.26,0.2576,0.35,0.2239,138.0
1.0,1.0,2.0,10.0,0.0,6.0,0.0,1.0,0.26,0.2273,0.6,0.3582,183.0
4.0,1.0,11.0,17.0,0.0,0.0,0.0,1.0,0.54,0.5152,0.45,0.1642,493.0
2.0,0.0,3.0,11.0,0.0,3.0,1.0,2.0,0.34,0.3182,0.46,0.2537,90.0
1.0,0.0,1.0,6.0,0.0,1.0,1.0,1.0,0.16,0.1364,0.69,0.3284,37.0
2.0,1.0,4.0,12.0,0.0,5.0,1.0,1.0,0.42,0.4242,0.35,0.2985,337.0
1.0,1.0,2.0,7.0,0.0,6.0,0.0,1.0,0.28,0.2424,0.45,0.4478,23.0
3.0,0.0,8.0,12.0,0.0,6.0,0.0,2.0,0.66,0.5909,0.89,0.1642,421.0
4.0,0.0,12.0,19.0,0.0,3.0,1.0,3.0,0.34,0.2879,0.87,0.6418,33.0
3.0,0.0,7.0,16.0,0.0,5.0,1.0,3.0,0.68,0.6364,0.83,0.4478,132.0
1.0,1.0,3.0,1.0,0.0,0.0,0.0,1.0,0.46,0.4545,0.82,0.1343,113.0
2.0,1.0,5.0,17.0,0.0,1.0,1.0,3.0,0.56,0.5303,0.88,0.2537,229.0
1.0,1.0,1.0,11.0,0.0,3.0,1.0,2.0,0.26,0.2879,0.87,0.0896,99.0
3.0,1.0,9.0,23.0,0.0,2.0,1.0,1.0,0.72,0.697,0.74,0.2985,95.0
2.0,0.0,5.0,20.0,0.0,4.0,1.0,1.0,0.72,0.6667,0.58,0.1642,322.0
4.0,0.0,9.0,11.0,0.0,0.0,0.0,2.0,0.66,0.6061,0.78,0.1343,361.0
4.0,0.0,12.0,22.0,0.0,6.0,0.0,1.0,0.22,0.2273,0.41,0.1343,95.0
3.0,0.0,9.0,22.0,1.0,1.0,0.0,2.0,0.6,0.5455,0.88,0.5821,64.0
3.0,0.0,8.0,10.0,0.0,3.0,1.0,3.0,0.74,0.6818,0.58,0.0896,68.0
2.0,0.0,4.0,2.0,0.0,1.0,1.0,1.0,0.46,0.4545,0.94,0.2836,9.0
4.0,1.0,11.0,11.0,0.0,2.0,1.0,2.0,0.42,0.4242,0.67,0.0896,205.0
2.0,0.0,6.0,5.0,0.0,6.0,0.0,1.0,0.5,0.4848,0.64,0.0,8.0
2.0,0.0,6.0,11.0,0.0,0.0,0.0,1.0,0.78,0.7273,0.55,0.1045,367.0
2.0,1.0,5.0,8.0,0.0,2.0,1.0,2.0,0.54,0.5152,0.73,0.2985,641.0
2.0,0.0,3.0,12.0,0.0,4.0,1.0,3.0,0.28,0.2727,0.93,0.194,90.0
3.0,0.0,7.0,17.0,0.0,0.0,0.0,3.0,0.8,0.7424,0.49,0.8507,358.0
3.0,0.0,7.0,22.0,0.0,3.0,1.0,1.0,0.7,0.6667,0.79,0.194,186.0
4.0,1.0,11.0,8.0,0.0,4.0,1.0,1.0,0.2,0.2273,0.69,0.1045,679.0
3.0,1.0,8.0,12.0,0.0,4.0,1.0,1.0,0.84,0.7576,0.44,0.1343,286.0
2.0,0.0,4.0,18.0,0.0,4.0,1.0,1.0,0.48,0.4697,0.55,0.2537,333.0
3.0,0.0,7.0,19.0,0.0,5.0,1.0,2.0,0.86,0.7879,0.41,0.1045,250.0
3.0,0.0,6.0,19.0,0.0,4.0,1.0,1.0,0.74,0.6515,0.33,0.194,455.0
3.0,1.0,8.0,9.0,0.0,3.0,1.0,1.0,0.7,0.6515,0.51,0.194,348.0
3.0,1.0,9.0,16.0,0.0,4.0,1.0,1.0,0.74,0.697,0.7,0.2239,416.0
1.0,1.0,1.0,9.0,0.0,0.0,0.0,1.0,0.12,0.1364,0.54,0.194,90.0
4.0,1.0,12.0,3.0,0.0,4.0,1.0,1.0,0.22,0.2273,0.55,0.194,2.0
4.0,0.0,9.0,11.0,0.0,4.0,1.0,1.0,0.62,0.6061,0.61,0.194,158.0
4.0,0.0,11.0,21.0,0.0,2.0,1.0,2.0,0.5,0.4848,0.77,0.0896,168.0
3.0,1.0,9.0,11.0,0.0,0.0,0.0,2.0,0.74,0.697,0.7,0.0,489.0
2.0,1.0,4.0,22.0,0.0,6.0,0.0,1.0,0.48,0.4697,0.2,0.194,182.0
3.0,1.0,8.0,20.0,0.0,0.0,0.0,1.0,0.72,0.6515,0.45,0.0,300.0
4.0,1.0,11.0,12.0,0.0,6.0,0.0,1.0,0.48,0.4697,0.48,0.0,606.0
1.0,0.0,1.0,6.0,0.0,5.0,1.0,2.0,0.2,0.2576,0.69,0.0,34.0
4.0,0.0,11.0,14.0,0.0,6.0,0.0,1.0,0.5,0.4848,0.36,0.2985,435.0
3.0,0.0,7.0,0.0,0.0,3.0,1.0,2.0,0.78,0.7121,0.52,0.1642,45.0
3.0,1.0,8.0,13.0,0.0,1.0,1.0,1.0,0.8,0.7424,0.49,0.2239,289.0
3.0,0.0,8.0,3.0,0.0,5.0,1.0,1.0,0.6,0.5455,0.88,0.1045,11.0
1.0,1.0,1.0,0.0,0.0,5.0,1.0,2.0,0.4,0.4091,0.71,0.2836,42.0
3.0,0.0,7.0,22.0,0.0,6.0,0.0,1.0,0.72,0.6818,0.62,0.1642,214.0
3.0,1.0,7.0,23.0,0.0,4.0,1.0,1.0,0.72,0.6818,0.7,0.1343,145.0
1.0,0.0,2.0,23.0,0.0,2.0,1.0,2.0,0.22,0.2576,0.44,0.0896,20.0
2.0,1.0,5.0,13.0,0.0,3.0,1.0,1.0,0.7,0.6515,0.51,0.0,289.0
1.0,1.0,2.0,21.0,0.0,3.0,1.0,1.0,0.34,0.3333,0.53,0.1642,178.0
1.0,0.0,2.0,8.0,0.0,4.0,1.0,1.0,0.24,0.2273,0.7,0.2239,252.0
3.0,1.0,8.0,18.0,0.0,5.0,1.0,2.0,0.72,0.6818,0.62,0.194,736.0
3.0,1.0,8.0,1.0,0.0,5.0,1.0,1.0,0.7,0.6515,0.65,0.1045,41.0
1.0,1.0,2.0,12.0,0.0,3.0,1.0,1.0,0.38,0.3939,0.46,0.3881,163.0
3.0,1.0,6.0,5.0,0.0,4.0,1.0,1.0,0.62,0.6212,0.57,0.0896,47.0
4.0,1.0,12.0,15.0,0.0,6.0,0.0,2.0,0.4,0.4091,0.62,0.0,484.0
2.0,0.0,5.0,14.0,0.0,4.0,1.0,2.0,0.62,0.6061,0.61,0.2239,191.0
2.0,1.0,3.0,8.0,0.0,1.0,1.0,1.0,0.44,0.4394,0.62,0.2239,657.0
3.0,1.0,7.0,12.0,0.0,5.0,1.0,1.0,0.88,0.7576,0.28,0.1045,331.0
1.0,0.0,1.0,2.0,0.0,4.0,1.0,1.0,0.26,0.2727,0.56,0.0,2.0
1.0,0.0,2.0,2.0,0.0,2.0,1.0,1.0,0.28,0.2273,0.41,0.6866,3.0
4.0,0.0,11.0,14.0,0.0,2.0,1.0,3.0,0.42,0.4242,1.0,0.0896,35.0
3.0,1.0,8.0,19.0,0.0,1.0,1.0,2.0,0.62,0.5909,0.78,0.194,299.0
4.0,1.0,10.0,18.0,0.0,2.0,1.0,1.0,0.62,0.6212,0.53,0.0896,826.0
4.0,1.0,12.0,20.0,0.0,6.0,0.0,2.0,0.36,0.3485,0.57,0.194,201.0
3.0,1.0,8.0,0.0,0.0,1.0,1.0,1.0,0.62,0.5758,0.83,0.0,32.0
4.0,1.0,10.0,20.0,0.0,6.0,0.0,1.0,0.48,0.4697,0.55,0.2537,247.0
4.0,0.0,11.0,23.0,0.0,4.0,1.0,1.0,0.4,0.4091,0.82,0.0896,95.0
2.0,0.0,4.0,5.0,0.0,1.0,1.0,2.0,0.46,0.4545,1.0,0.0,17.0
2.0,1.0,6.0,17.0,0.0,6.0,0.0,1.0,0.84,0.7121,0.24,0.0,495.0
1.0,0.0,2.0,21.0,0.0,0.0,0.0,1.0,0.4,0.4091,0.35,0.3582,51.0
1.0,1.0,12.0,18.0,0.0,4.0,1.0,2.0,0.24,0.2273,0.6,0.2537,197.0
1.0,0.0,12.0,20.0,0.0,5.0,1.0,2.0,0.34,0.3485,0.66,0.1045,91.0
2.0,0.0,5.0,23.0,0.0,2.0,1.0,3.0,0.66,0.6212,0.74,0.1642,66.0
1.0,0.0,1.0,17.0,0.0,3.0,1.0,1.0,0.24,0.2273,0.38,0.194,190.0
3.0,0.0,8.0,8.0,0.0,0.0,0.0,2.0,0.66,0.5909,0.89,0.2836,41.0
3.0,0.0,7.0,18.0,0.0,3.0,1.0,1.0,0.84,0.8333,0.59,0.2239,497.0
2.0,0.0,6.0,3.0,0.0,0.0,0.0,2.0,0.62,0.6061,0.65,0.1642,47.0
2.0,0.0,5.0,18.0,0.0,0.0,0.0,1.0,0.58,0.5455,0.49,0.0,268.0
3.0,1.0,8.0,22.0,0.0,2.0,1.0,1.0,0.64,0.5909,0.78,0.0,232.0
4.0,1.0,11.0,16.0,0.0,6.0,0.0,1.0,0.4,0.4091,0.4,0.2239,469.0
3.0,0.0,6.0,3.0,0.0,4.0,1.0,2.0,0.72,0.697,0.74,0.1642,5.0
1.0,1.0,2.0,16.0,0.0,0.0,0.0,2.0,0.32,0.303,0.45,0.2836,212.0
4.0,0.0,12.0,21.0,0.0,5.0,1.0,1.0,0.34,0.3333,0.49,0.194,111.0
4.0,1.0,11.0,2.0,0.0,6.0,0.0,2.0,0.34,0.3182,0.49,0.2537,46.0
1.0,1.0,1.0,0.0,0.0,0.0,0.0,1.0,0.16,0.1364,0.8,0.2985,52.0
4.0,0.0,11.0,2.0,0.0,3.0,1.0,2.0,0.46,0.4545,0.94,0.1045,10.0
3.0,1.0,8.0,4.0,0.0,4.0,1.0,1.0,0.66,0.6061,0.83,0.0,9.0
3.0,1.0,8.0,6.0,0.0,0.0,0.0,1.0,0.72,0.697,0.79,0.2537,19.0
2.0,0.0,4.0,16.0,0.0,1.0,1.0,1.0,0.74,0.6667,0.48,0.5224,235.0
3.0,0.0,9.0,10.0,0.0,6.0,0.0,3.0,0.66,0.6212,0.65,0.2537,258.0
2.0,1.0,6.0,18.0,0.0,0.0,0.0,1.0,0.82,0.7273,0.38,0.2239,490.0
2.0,0.0,5.0,13.0,0.0,1.0,1.0,2.0,0.74,0.6818,0.58,0.4179,204.0
2.0,0.0,5.0,6.0,0.0,1.0,1.0,1.0,0.44,0.4394,0.88,0.1045,62.0
4.0,0.0,10.0,22.0,0.0,4.0,1.0,1.0,0.62,0.5758,0.83,0.194,114.0
2.0,0.0,5.0,23.0,0.0,5.0,1.0,1.0,0.44,0.4394,0.82,0.1343,120.0
1.0,0.0,2.0,13.0,0.0,2.0,1.0,1.0,0.22,0.2273,0.55,0.1642,55.0
3.0,1.0,8.0,11.0,0.0,1.0,1.0,1.0,0.76,0.6818,0.4,0.0896,245.0
1.0,0.0,3.0,12.0,0.0,4.0,1.0,1.0,0.22,0.2273,0.25,0.1343,72.0
3.0,1.0,7.0,14.0,0.0,4.0,1.0,1.0,0.86,0.7879,0.44,0.0896,197.0
2.0,0.0,4.0,3.0,0.0,6.0,0.0,2.0,0.42,0.4242,0.54,0.194,17.0
1.0,0.0,1.0,21.0,0.0,0.0,0.0,1.0,0.1,0.1061,0.36,0.194,25.0
1.0,0.0,2.0,20.0,0.0,0.0,0.0,2.0,0.34,0.3636,0.42,0.0,42.0
2.0,1.0,5.0,3.0,0.0,5.0,1.0,1.0,0.46,0.4545,0.41,0.2836,13.0
2.0,1.0,4.0,5.0,0.0,0.0,0.0,2.0,0.34,0.3485,0.81,0.0896,18.0
2.0,1.0,6.0,21.0,0.0,2.0,1.0,1.0,0.76,0.7121,0.62,0.1642,276.0
4.0,0.0,10.0,16.0,0.0,6.0,0.0,1.0,0.62,0.6212,0.29,0.3881,443.0
4.0,0.0,11.0,9.0,0.0,5.0,1.0,2.0,0.42,0.4242,0.71,0.4627,254.0
4.0,0.0,11.0,21.0,0.0,2.0,1.0,1.0,0.36,0.3788,0.81,0.0,127.0
1.0,1.0,2.0,20.0,0.0,3.0,1.0,3.0,0.24,0.2424,0.87,0.1343,125.0
4.0,0.0,10.0,22.0,0.0,0.0,0.0,1.0,0.42,0.4242,0.77,0.1045,94.0
1.0,1.0,3.0,19.0,0.0,0.0,0.0,1.0,0.3,0.2576,0.36,0.4925,132.0
1.0,0.0,3.0,12.0,0.0,1.0,1.0,1.0,0.3,0.2727,0.42,0.4179,96.0
3.0,1.0,7.0,5.0,0.0,6.0,0.0,3.0,0.58,0.5455,0.88,0.2537,17.0
4.0,0.0,11.0,4.0,0.0,4.0,1.0,1.0,0.32,0.3333,0.81,0.0896,4.0
1.0,1.0,3.0,19.0,0.0,6.0,0.0,1.0,0.58,0.5455,0.64,0.2836,417.0
2.0,0.0,4.0,19.0,0.0,0.0,0.0,1.0,0.56,0.5303,0.3,0.2985,210.0
3.0,1.0,8.0,16.0,0.0,3.0,1.0,1.0,0.76,0.6818,0.48,0.194,431.0
3.0,0.0,8.0,6.0,0.0,3.0,1.0,3.0,0.72,0.6818,0.66,0.4925,110.0
3.0,1.0,6.0,4.0,0.0,2.0,1.0,1.0,0.54,0.5152,0.45,0.2985,10.0
3.0,0.0,7.0,11.0,0.0,0.0,0.0,1.0,0.76,0.697,0.55,0.2836,391.0
2.0,0.0,4.0,2.0,0.0,2.0,1.0,1.0,0.46,0.4545,0.67,0.2836,13.0
3.0,0.0,8.0,23.0,0.0,3.0,1.0,2.0,0.68,0.6364,0.89,0.0896,56.0
3.0,1.0,8.0,18.0,0.0,0.0,0.0,1.0,0.78,0.6818,0.35,0.1045,491.0
1.0,0.0,3.0,21.0,0.0,3.0,1.0,2.0,0.32,0.303,0.93,0.3284,62.0
2.0,0.0,4.0,13.0,0.0,5.0,1.0,1.0,0.56,0.5303,0.37,0.2985,308.0
2.0,0.0,5.0,0.0,0.0,5.0,1.0,1.0,0.68,0.6364,0.69,0.2537,69.0
2.0,1.0,4.0,4.0,0.0,5.0,1.0,1.0,0.42,0.4242,0.44,0.2537,6.0
2.0,0.0,4.0,10.0,0.0,5.0,1.0,1.0,0.56,0.5303,0.4,0.2836,156.0
3.0,0.0,9.0,9.0,0.0,2.0,1.0,2.0,0.54,0.5152,0.81,0.4179,185.0
4.0,0.0,10.0,3.0,0.0,6.0,0.0,1.0,0.46,0.4545,0.59,0.4179,25.0
4.0,0.0,11.0,0.0,0.0,1.0,1.0,1.0,0.46,0.4545,0.59,0.2836,30.0
4.0,0.0,12.0,6.0,0.0,2.0,1.0,1.0,0.2,0.2576,0.8,0.0,92.0
1.0,1.0,2.0,14.0,0.0,4.0,1.0,3.0,0.32,0.3182,0.81,0.194,31.0
3.0,1.0,9.0,23.0,0.0,2.0,1.0,2.0,0.56,0.5303,0.83,0.2239,78.0
1.0,1.0,1.0,4.0,1.0,1.0,0.0,1.0,0.28,0.2576,0.45,0.3284,4.0
3.0,1.0,9.0,5.0,0.0,1.0,1.0,1.0,0.5,0.4848,0.72,0.2537,40.0
2.0,1.0,5.0,3.0,0.0,1.0,1.0,2.0,0.58,0.5455,0.68,0.3284,2.0
2.0,1.0,6.0,1.0,0.0,1.0,1.0,1.0,0.66,0.6212,0.74,0.1642,24.0
3.0,1.0,7.0,5.0,0.0,5.0,1.0,1.0,0.74,0.697,0.66,0.194,35.0
3.0,1.0,7.0,1.0,0.0,4.0,1.0,2.0,0.66,0.6212,0.61,0.0,21.0
2.0,0.0,4.0,6.0,0.0,2.0,1.0,1.0,0.56,0.5303,0.88,0.2239,80.0
1.0,0.0,2.0,19.0,0.0,1.0,1.0,3.0,0.44,0.4394,0.88,0.6119,80.0
1.0,0.0,2.0,20.0,0.0,4.0,1.0,1.0,0.2,0.2273,0.47,0.0896,109.0
3.0,0.0,8.0,11.0,0.0,0.0,0.0,1.0,0.7,0.6667,0.79,0.194,198.0
3.0,1.0,7.0,21.0,0.0,5.0,1.0,3.0,0.62,0.5758,0.83,0.3284,122.0
1.0,1.0,2.0,0.0,0.0,6.0,0.0,1.0,0.26,0.2727,0.7,0.1045,86.0
1.0,0.0,1.0,19.0,0.0,2.0,1.0,1.0,0.24,0.2576,0.48,0.1045,112.0
1.0,1.0,2.0,9.0,0.0,4.0,1.0,3.0,0.38,0.3939,0.87,0.0,228.0
2.0,0.0,6.0,13.0,0.0,0.0,0.0,1.0,0.66,0.6212,0.65,0.1045,367.0
3.0,0.0,9.0,4.0,0.0,3.0,1.0,1.0,0.6,0.5606,0.83,0.0896,9.0
2.0,1.0,5.0,21.0,0.0,0.0,0.0,2.0,0.64,0.6212,0.53,0.194,169.0
4.0,1.0,11.0,6.0,0.0,0.0,0.0,1.0,0.3,0.3182,0.87,0.0896,19.0
4.0,0.0,12.0,11.0,0.0,1.0,1.0,2.0,0.36,0.3636,0.87,0.0896,123.0
2.0,1.0,5.0,0.0,0.0,5.0,1.0,1.0,0.46,0.4545,0.55,0.1045,64.0
2.0,1.0,4.0,23.0,0.0,5.0,1.0,1.0,0.52,0.5,0.72,0.1343,187.0
4.0,1.0,9.0,10.0,0.0,0.0,0.0,1.0,0.54,0.5152,0.45,0.2537,489.0
1.0,1.0,2.0,3.0,0.0,1.0,1.0,1.0,0.24,0.2424,0.75,0.1642,2.0
4.0,0.0,10.0,17.0,0.0,2.0,1.0,1.0,0.6,0.6061,0.6,0.1343,625.0
4.0,0.0,11.0,5.0,0.0,6.0,0.0,1.0,0.22,0.2576,0.75,0.0896,4.0
4.0,1.0,12.0,7.0,0.0,6.0,0.0,2.0,0.24,0.2576,0.75,0.0896,48.0
3.0,1.0,8.0,0.0,0.0,3.0,1.0,1.0,0.7,0.6667,0.84,0.0,58.0
3.0,0.0,7.0,7.0,0.0,6.0,0.0,1.0,0.64,0.6061,0.65,0.0,45.0
4.0,0.0,10.0,23.0,0.0,6.0,0.0,1.0,0.48,0.4697,0.41,0.1642,135.0
2.0,0.0,5.0,8.0,0.0,3.0,1.0,1.0,0.56,0.5303,0.88,0.2836,453.0
1.0,1.0,12.0,2.0,0.0,1.0,1.0,1.0,0.2,0.2576,0.75,0.0,5.0
1.0,1.0,3.0,3.0,0.0,2.0,1.0,1.0,0.18,0.1667,0.51,0.2836,1.0
2.0,0.0,5.0,21.0,0.0,0.0,0.0,1.0,0.62,0.5909,0.73,0.194,136.0
4.0,0.0,10.0,17.0,0.0,5.0,1.0,1.0,0.6,0.6212,0.56,0.2537,563.0
3.0,0.0,7.0,21.0,0.0,6.0,0.0,1.0,0.74,0.6818,0.58,0.1642,238.0
2.0,1.0,3.0,23.0,0.0,1.0,1.0,1.0,0.34,0.2879,0.25,0.5224,48.0
2.0,0.0,4.0,5.0,0.0,4.0,1.0,1.0,0.34,0.3485,0.76,0.0896,14.0
4.0,1.0,10.0,16.0,0.0,2.0,1.0,1.0,0.68,0.6364,0.44,0.0896,541.0
4.0,1.0,11.0,21.0,0.0,3.0,1.0,2.0,0.32,0.303,0.49,0.2985,126.0
1.0,0.0,1.0,13.0,0.0,4.0,1.0,1.0,0.22,0.197,0.41,0.4478,83.0
4.0,1.0,10.0,15.0,0.0,2.0,1.0,3.0,0.62,0.5758,0.83,0.1343,209.0
2.0,0.0,3.0,10.0,0.0,2.0,1.0,1.0,0.3,0.2727,0.24,0.2985,59.0
1.0,1.0,2.0,23.0,0.0,6.0,0.0,1.0,0.24,0.197,0.41,0.4179,91.0
2.0,1.0,5.0,10.0,0.0,4.0,1.0,2.0,0.52,0.5,0.77,0.0,168.0
3.0,1.0,9.0,14.0,0.0,5.0,1.0,2.0,0.72,0.6515,0.45,0.1642,371.0
3.0,0.0,7.0,16.0,0.0,4.0,1.0,1.0,0.86,0.7727,0.39,0.2239,265.0
1.0,1.0,12.0,2.0,0.0,5.0,1.0,3.0,0.46,0.4545,0.94,0.3881,3.0
3.0,1.0,8.0,16.0,0.0,2.0,1.0,3.0,0.76,0.7273,0.66,0.2836,445.0
2.0,0.0,4.0,22.0,0.0,1.0,1.0,1.0,0.52,0.5,0.55,0.2836,90.0
2.0,0.0,6.0,18.0,0.0,3.0,1.0,3.0,0.82,0.7879,0.56,0.3881,309.0
4.0,1.0,11.0,21.0,0.0,5.0,1.0,1.0,0.34,0.3636,0.76,0.0,199.0
3.0,1.0,7.0,22.0,0.0,6.0,0.0,1.0,0.84,0.8333,0.59,0.194,220.0
1.0,0.0,3.0,12.0,0.0,2.0,1.0,2.0,0.36,0.3485,0.5,0.2239,102.0
2.0,1.0,3.0,8.0,0.0,6.0,0.0,2.0,0.5,0.4848,0.94,0.194,154.0
2.0,0.0,3.0,2.0,0.0,3.0,1.0,2.0,0.32,0.3485,0.57,0.0,4.0
3.0,1.0,9.0,7.0,0.0,0.0,0.0,1.0,0.5,0.4848,0.77,0.1045,71.0
4.0,0.0,10.0,12.0,0.0,0.0,0.0,1.0,0.64,0.6212,0.44,0.0896,455.0
2.0,0.0,4.0,4.0,0.0,5.0,1.0,1.0,0.34,0.3182,0.53,0.2836,3.0
1.0,1.0,12.0,7.0,0.0,5.0,1.0,1.0,0.22,0.2273,0.64,0.1642,112.0
2.0,0.0,4.0,23.0,0.0,6.0,0.0,1.0,0.44,0.4394,0.67,0.1045,125.0
2.0,1.0,6.0,2.0,0.0,5.0,1.0,1.0,0.64,0.6212,0.57,0.2239,16.0
4.0,0.0,11.0,12.0,0.0,3.0,1.0,3.0,0.46,0.4545,1.0,0.0,54.0
1.0,0.0,1.0,3.0,0.0,6.0,0.0,2.0,0.16,0.2273,0.59,0.0,8.0
4.0,1.0,11.0,7.0,0.0,5.0,1.0,2.0,0.3,0.303,0.61,0.1642,367.0
2.0,1.0,6.0,2.0,0.0,3.0,1.0,1.0,0.66,0.6061,0.83,0.1642,6.0
2.0,1.0,4.0,8.0,0.0,0.0,0.0,3.0,0.4,0.4091,0.82,0.2537,51.0
3.0,0.0,7.0,6.0,0.0,3.0,1.0,2.0,0.68,0.6364,0.89,0.1045,116.0
2.0,0.0,4.0,11.0,0.0,3.0,1.0,1.0,0.62,0.6061,0.69,0.0896,118.0
1.0,1.0,1.0,12.0,0.0,3.0,1.0,2.0,0.1,0.1061,0.46,0.194,84.0
3.0,0.0,8.0,20.0,0.0,0.0,0.0,1.0,0.7,0.6667,0.84,0.1642,193.0
2.0,0.0,4.0,17.0,0.0,4.0,1.0,1.0,0.6,0.6061,0.28,0.0,388.0
2.0,0.0,4.0,19.0,0.0,6.0,0.0,2.0,0.38,0.3939,0.82,0.1343,130.0
2.0,1.0,5.0,7.0,0.0,0.0,0.0,1.0,0.62,0.5606,0.88,0.1642,52.0
4.0,1.0,10.0,23.0,0.0,1.0,1.0,1.0,0.46,0.4545,0.82,0.1045,163.0
4.0,0.0,11.0,5.0,0.0,6.0,0.0,1.0,0.3,0.3182,0.75,0.1045,3.0
4.0,1.0,11.0,20.0,0.0,2.0,1.0,1.0,0.3,0.2727,0.49,0.3582,223.0
4.0,0.0,11.0,22.0,0.0,1.0,1.0,2.0,0.52,0.5,0.83,0.1045,109.0
3.0,0.0,8.0,7.0,0.0,6.0,0.0,2.0,0.66,0.6212,0.74,0.194,44.0
1.0,0.0,1.0,23.0,0.0,3.0,1.0,1.0,0.14,0.1061,0.59,0.4179,20.0
2.0,1.0,4.0,18.0,0.0,5.0,1.0,1.0,0.54,0.5152,0.26,0.1343,671.0
2.0,1.0,6.0,9.0,0.0,5.0,1.0,1.0,0.62,0.6212,0.53,0.1642,382.0
2.0,1.0,5.0,20.0,0.0,5.0,1.0,1.0,0.68,0.6364,0.51,0.1045,313.0
4.0,0.0,12.0,10.0,0.0,4.0,1.0,1.0,0.26,0.2273,0.52,0.3284,110.0
4.0,1.0,11.0,14.0,0.0,1.0,1.0,1.0,0.44,0.4394,0.54,0.2537,217.0
3.0,1.0,7.0,13.0,0.0,6.0,0.0,1.0,0.86,0.7879,0.41,0.2836,498.0
1.0,0.0,2.0,23.0,0.0,3.0,1.0,1.0,0.38,0.3939,0.4,0.2239,33.0
3.0,0.0,8.0,19.0,0.0,3.0,1.0,1.0,0.76,0.697,0.55,0.2239,347.0
4.0,0.0,10.0,11.0,0.0,0.0,0.0,1.0,0.46,0.4545,0.72,0.1642,333.0
2.0,0.0,5.0,22.0,0.0,2.0,1.0,2.0,0.54,0.5152,0.88,0.2836,98.0
3.0,1.0,8.0,4.0,0.0,1.0,1.0,2.0,0.72,0.697,0.74,0.1343,11.0
1.0,0.0,1.0,19.0,0.0,4.0,1.0,1.0,0.22,0.2576,0.55,0.0896,112.0
2.0,1.0,4.0,0.0,0.0,2.0,1.0,2.0,0.44,0.4394,0.47,0.2836,26.0
4.0,0.0,11.0,23.0,0.0,6.0,0.0,1.0,0.4,0.4091,0.58,0.1642,101.0
1.0,1.0,3.0,19.0,0.0,3.0,1.0,1.0,0.54,0.5152,0.42,0.3582,361.0
4.0,1.0,10.0,21.0,0.0,2.0,1.0,2.0,0.48,0.4697,0.77,0.1343,225.0
2.0,1.0,3.0,15.0,0.0,6.0,0.0,2.0,0.52,0.5,0.59,0.2836,605.0
1.0,1.0,1.0,14.0,0.0,1.0,1.0,1.0,0.32,0.3333,0.24,0.1343,115.0
1.0,0.0,1.0,6.0,0.0,6.0,0.0,1.0,0.22,0.2727,0.8,0.0,2.0
4.0,0.0,10.0,8.0,0.0,3.0,1.0,2.0,0.54,0.5152,0.88,0.3881,404.0
2.0,1.0,4.0,6.0,0.0,1.0,1.0,2.0,0.3,0.2727,0.81,0.2985,45.0
3.0,1.0,7.0,12.0,0.0,4.0,1.0,1.0,0.84,0.7879,0.49,0.2836,274.0
3.0,0.0,8.0,10.0,0.0,5.0,1.0,1.0,0.72,0.6818,0.62,0.0896,165.0
1.0,0.0,2.0,17.0,0.0,1.0,1.0,3.0,0.4,0.4091,1.0,0.2985,79.0
2.0,0.0,5.0,9.0,0.0,5.0,1.0,1.0,0.54,0.5152,0.68,0.2239,234.0
1.0,1.0,3.0,12.0,0.0,2.0,1.0,1.0,0.6,0.5758,0.78,0.2537,261.0
2.0,1.0,5.0,23.0,0.0,6.0,0.0,2.0,0.56,0.5303,0.83,0.2836,149.0
3.0,1.0,8.0,3.0,0.0,5.0,1.0,1.0,0.68,0.6364,0.79,0.2239,6.0
3.0,0.0,7.0,19.0,0.0,2.0,1.0,1.0,0.76,0.7424,0.75,0.194,388.0
3.0,1.0,7.0,4.0,0.0,1.0,1.0,3.0,0.66,0.5909,0.89,0.3881,2.0
3.0,0.0,7.0,3.0,0.0,6.0,0.0,1.0,0.64,0.5758,0.89,0.1343,30.0
1.0,1.0,1.0,10.0,0.0,3.0,1.0,1.0,0.06,0.1061,0.45,0.0,64.0
3.0,1.0,9.0,2.0,0.0,6.0,0.0,1.0,0.7,0.6515,0.7,0.1642,69.0
3.0,1.0,7.0,20.0,0.0,2.0,1.0,1.0,0.86,0.7576,0.34,0.1642,427.0
1.0,0.0,12.0,5.0,0.0,5.0,1.0,1.0,0.36,0.3485,0.93,0.194,8.0
4.0,0.0,10.0,22.0,0.0,3.0,1.0,2.0,0.48,0.4697,0.88,0.0896,135.0
2.0,0.0,3.0,11.0,0.0,2.0,1.0,2.0,0.34,0.303,0.25,0.3881,81.0
2.0,0.0,4.0,1.0,0.0,2.0,1.0,3.0,0.62,0.6212,0.57,0.4179,15.0
3.0,1.0,7.0,7.0,0.0,4.0,1.0,1.0,0.76,0.697,0.55,0.0,343.0
3.0,1.0,7.0,0.0,0.0,4.0,1.0,1.0,0.66,0.6212,0.65,0.194,92.0
4.0,1.0,11.0,7.0,0.0,3.0,1.0,1.0,0.24,0.2121,0.65,0.2836,415.0
2.0,1.0,5.0,19.0,0.0,0.0,0.0,2.0,0.66,0.6212,0.5,0.4179,339.0
3.0,1.0,9.0,10.0,0.0,0.0,0.0,2.0,0.72,0.697,0.79,0.0,388.0
3.0,0.0,7.0,15.0,0.0,6.0,0.0,1.0,0.94,0.8788,0.38,0.0,215.0
4.0,1.0,12.0,1.0,0.0,3.0,1.0,1.0,0.52,0.5,0.55,0.3284,11.0
3.0,1.0,7.0,3.0,0.0,6.0,0.0,1.0,0.74,0.7121,0.74,0.1343,31.0
2.0,1.0,6.0,19.0,0.0,6.0,0.0,2.0,0.7,0.6364,0.42,0.194,461.0
3.0,1.0,9.0,15.0,0.0,3.0,1.0,1.0,0.78,0.7727,0.7,0.194,245.0
2.0,0.0,4.0,8.0,0.0,3.0,1.0,1.0,0.32,0.303,0.61,0.2239,325.0
4.0,0.0,10.0,7.0,0.0,6.0,0.0,1.0,0.4,0.4091,0.76,0.1045,57.0
2.0,0.0,5.0,10.0,0.0,6.0,0.0,1.0,0.7,0.6515,0.65,0.2239,276.0
4.0,1.0,12.0,10.0,0.0,3.0,1.0,2.0,0.44,0.4394,0.47,0.3582,141.0
2.0,0.0,5.0,1.0,0.0,6.0,0.0,2.0,0.5,0.4848,0.88,0.1343,82.0
1.0,0.0,12.0,15.0,0.0,3.0,1.0,2.0,0.48,0.4697,0.88,0.3881,61.0
1.0,0.0,12.0,12.0,0.0,5.0,1.0,1.0,0.32,0.3333,0.57,0.1343,197.0
4.0,1.0,10.0,14.0,0.0,1.0,1.0,2.0,0.6,0.6212,0.43,0.1045,244.0
1.0,1.0,2.0,19.0,0.0,4.0,1.0,1.0,0.5,0.4848,0.39,0.0896,369.0
2.0,1.0,5.0,1.0,0.0,3.0,1.0,1.0,0.6,0.5606,0.83,0.1642,32.0
3.0,0.0,8.0,3.0,0.0,6.0,0.0,1.0,0.66,0.6212,0.65,0.1343,27.0
4.0,0.0,12.0,9.0,0.0,6.0,0.0,1.0,0.26,0.2727,0.7,0.1045,124.0
3.0,1.0,6.0,12.0,0.0,2.0,1.0,1.0,0.66,0.6212,0.34,0.4478,308.0
2.0,1.0,5.0,8.0,0.0,0.0,0.0,2.0,0.5,0.4848,0.88,0.1343,114.0
3.0,1.0,6.0,10.0,0.0,2.0,1.0,1.0,0.62,0.6212,0.41,0.3582,190.0
1.0,0.0,1.0,9.0,0.0,4.0,1.0,1.0,0.14,0.1212,0.5,0.3284,139.0
1.0,1.0,3.0,15.0,0.0,6.0,0.0,1.0,0.34,0.3636,0.25,0.0,406.0
1.0,1.0,2.0,5.0,0.0,5.0,1.0,1.0,0.26,0.2576,0.6,0.2239,17.0
2.0,1.0,5.0,19.0,1.0,1.0,0.0,1.0,0.8,0.7576,0.55,0.2985,395.0
4.0,0.0,11.0,16.0,0.0,2.0,1.0,3.0,0.44,0.4394,0.94,0.0,62.0
3.0,1.0,8.0,21.0,0.0,5.0,1.0,2.0,0.7,0.6515,0.61,0.1642,306.0
3.0,0.0,7.0,1.0,0.0,3.0,1.0,1.0,0.76,0.697,0.55,0.0,12.0
4.0,0.0,11.0,3.0,0.0,2.0,1.0,2.0,0.5,0.4848,0.88,0.0,2.0
3.0,0.0,9.0,8.0,0.0,0.0,0.0,1.0,0.66,0.6061,0.78,0.1642,70.0
1.0,0.0,1.0,4.0,0.0,5.0,1.0,2.0,0.2,0.2121,0.69,0.1343,1.0
1.0,1.0,2.0,14.0,0.0,2.0,1.0,1.0,0.44,0.4394,0.38,0.2537,138.0
4.0,0.0,11.0,23.0,0.0,5.0,1.0,1.0,0.34,0.3485,0.76,0.1045,33.0
1.0,0.0,3.0,16.0,0.0,6.0,0.0,1.0,0.46,0.4545,0.41,0.4478,244.0
2.0,0.0,4.0,1.0,0.0,1.0,1.0,1.0,0.46,0.4545,0.47,0.1343,19.0
4.0,1.0,11.0,4.0,0.0,6.0,0.0,1.0,0.26,0.2121,0.41,0.4478,3.0
4.0,1.0,11.0,9.0,0.0,3.0,1.0,1.0,0.32,0.3333,0.76,0.0896,365.0
3.0,1.0,6.0,1.0,0.0,5.0,1.0,1.0,0.76,0.7424,0.75,0.1642,31.0
4.0,1.0,11.0,20.0,0.0,4.0,1.0,2.0,0.38,0.3939,0.54,0.2537,296.0
4.0,0.0,11.0,7.0,0.0,3.0,1.0,1.0,0.3,0.3333,0.81,0.0,251.0
1.0,1.0,3.0,16.0,0.0,1.0,1.0,1.0,0.3,0.2727,0.45,0.2985,210.0
2.0,0.0,6.0,9.0,0.0,3.0,1.0,1.0,0.6,0.6212,0.49,0.0,207.0
4.0,1.0,11.0,1.0,0.0,5.0,1.0,1.0,0.32,0.303,0.53,0.2836,20.0
1.0,0.0,12.0,3.0,0.0,5.0,1.0,1.0,0.24,0.2576,0.7,0.1045,6.0
4.0,1.0,12.0,3.0,0.0,2.0,1.0,3.0,0.36,0.3333,0.76,0.2836,3.0
1.0,1.0,2.0,4.0,0.0,4.0,1.0,2.0,0.22,0.197,0.75,0.4478,1.0
3.0,0.0,6.0,12.0,0.0,3.0,1.0,1.0,0.76,0.6667,0.35,0.2537,243.0
1.0,1.0,3.0,15.0,0.0,2.0,1.0,1.0,0.34,0.303,0.36,0.2985,166.0
4.0,1.0,11.0,3.0,0.0,2.0,1.0,2.0,0.34,0.3485,0.71,0.1045,2.0
4.0,0.0,11.0,9.0,0.0,2.0,1.0,1.0,0.36,0.3788,0.87,0.0,191.0
4.0,0.0,12.0,12.0,0.0,6.0,0.0,1.0,0.32,0.2879,0.45,0.4179,283.0
2.0,0.0,5.0,10.0,0.0,2.0,1.0,1.0,0.82,0.7879,0.56,0.1343,109.0
1.0,0.0,2.0,16.0,0.0,0.0,0.0,1.0,0.36,0.3636,0.29,0.0896,147.0
2.0,0.0,3.0,13.0,0.0,4.0,1.0,3.0,0.3,0.303,0.87,0.1343,68.0
4.0,0.0,9.0,5.0,0.0,5.0,1.0,1.0,0.52,0.5,0.83,0.194,26.0
4.0,0.0,9.0,10.0,0.0,5.0,1.0,1.0,0.6,0.6061,0.64,0.0,168.0
3.0,0.0,9.0,19.0,0.0,6.0,0.0,1.0,0.7,0.6667,0.74,0.1343,295.0
1.0,0.0,12.0,13.0,0.0,0.0,0.0,1.0,0.32,0.303,0.7,0.2537,79.0
1.0,0.0,1.0,23.0,0.0,4.0,1.0,2.0,0.24,0.2121,0.65,0.3284,31.0
3.0,1.0,8.0,3.0,0.0,6.0,0.0,1.0,0.66,0.6212,0.69,0.0896,38.0
2.0,0.0,4.0,16.0,0.0,1.0,1.0,1.0,0.7,0.6515,0.54,0.3582,239.0
1.0,1.0,3.0,12.0,0.0,1.0,1.0,2.0,0.26,0.303,0.52,0.0,137.0
4.0,1.0,10.0,16.0,0.0,0.0,0.0,3.0,0.4,0.4091,0.82,0.1642,333.0
4.0,1.0,11.0,5.0,0.0,4.0,1.0,1.0,0.34,0.3333,0.66,0.1343,40.0
2.0,1.0,4.0,18.0,0.0,2.0,1.0,1.0,0.6,0.6061,0.26,0.1642,800.0
1.0,0.0,1.0,16.0,0.0,1.0,1.0,1.0,0.26,0.2424,0.3,0.2537,76.0
1.0,0.0,2.0,20.0,0.0,6.0,0.0,1.0,0.3,0.2879,0.87,0.2537,69.0
1.0,0.0,1.0,3.0,1.0,1.0,0.0,2.0,0.18,0.1818,0.43,0.194,2.0
3.0,1.0,7.0,19.0,0.0,6.0,0.0,1.0,0.68,0.6364,0.83,0.0,338.0
4.0,0.0,11.0,11.0,0.0,6.0,0.0,1.0,0.36,0.3636,0.46,0.1045,238.0
1.0,0.0,3.0,11.0,0.0,5.0,1.0,2.0,0.32,0.303,0.57,0.2985,81.0
2.0,1.0,6.0,23.0,0.0,3.0,1.0,1.0,0.78,0.7424,0.59,0.1045,123.0
3.0,0.0,8.0,4.0,0.0,4.0,1.0,1.0,0.66,0.6061,0.78,0.3881,7.0
3.0,0.0,7.0,6.0,0.0,5.0,1.0,2.0,0.6,0.5909,0.73,0.1045,120.0
3.0,0.0,8.0,20.0,0.0,2.0,1.0,1.0,0.8,0.7273,0.43,0.194,292.0
2.0,0.0,6.0,12.0,0.0,6.0,0.0,1.0,0.7,0.6364,0.32,0.1642,420.0
4.0,1.0,10.0,15.0,0.0,4.0,1.0,1.0,0.52,0.5,0.34,0.1642,460.0
4.0,0.0,12.0,22.0,0.0,5.0,1.0,1.0,0.28,0.3182,0.87,0.0,129.0
3.0,1.0,7.0,11.0,0.0,2.0,1.0,1.0,0.86,0.7576,0.34,0.194,217.0
3.0,1.0,7.0,2.0,0.0,1.0,1.0,2.0,0.74,0.6667,0.51,0.2537,15.0
4.0,0.0,10.0,13.0,0.0,4.0,1.0,1.0,0.56,0.5303,0.46,0.0896,191.0
4.0,1.0,11.0,2.0,0.0,1.0,1.0,2.0,0.36,0.3333,0.66,0.2537,5.0
3.0,1.0,7.0,21.0,0.0,2.0,1.0,2.0,0.7,0.6515,0.7,0.2836,196.0
1.0,1.0,1.0,19.0,0.0,0.0,0.0,3.0,0.42,0.4242,0.67,0.3881,105.0
1.0,1.0,1.0,14.0,0.0,2.0,1.0,1.0,0.44,0.4394,0.62,0.4925,132.0
2.0,1.0,6.0,12.0,0.0,2.0,1.0,2.0,0.54,0.5152,0.56,0.2239,247.0
2.0,1.0,6.0,9.0,0.0,6.0,0.0,1.0,0.6,0.6061,0.6,0.0896,367.0
2.0,0.0,5.0,12.0,0.0,5.0,1.0,2.0,0.6,0.6212,0.56,0.2537,255.0
3.0,1.0,8.0,23.0,0.0,3.0,1.0,1.0,0.68,0.6364,0.65,0.1045,138.0
2.0,0.0,5.0,21.0,0.0,1.0,1.0,1.0,0.52,0.5,0.59,0.1343,156.0
1.0,0.0,1.0,16.0,0.0,0.0,0.0,1.0,0.3,0.3333,0.56,0.0,123.0
4.0,0.0,12.0,14.0,0.0,6.0,0.0,1.0,0.36,0.3788,0.46,0.0,343.0
1.0,1.0,1.0,4.0,0.0,3.0,1.0,1.0,0.02,0.0455,0.41,0.194,2.0
4.0,0.0,12.0,21.0,0.0,0.0,0.0,1.0,0.22,0.2727,0.64,0.0,89.0
3.0,0.0,7.0,2.0,0.0,4.0,1.0,1.0,0.72,0.6667,0.54,0.1045,7.0
4.0,1.0,12.0,16.0,0.0,3.0,1.0,1.0,0.46,0.4545,0.33,0.2836,377.0
4.0,0.0,10.0,23.0,0.0,1.0,1.0,1.0,0.46,0.4545,0.77,0.0896,59.0
4.0,1.0,11.0,2.0,0.0,5.0,1.0,2.0,0.3,0.303,0.7,0.1642,9.0
1.0,1.0,2.0,14.0,0.0,5.0,1.0,2.0,0.46,0.4545,0.67,0.1045,31.0
1.0,1.0,2.0,17.0,0.0,5.0,1.0,1.0,0.4,0.4091,0.37,0.0896,488.0
3.0,1.0,8.0,4.0,0.0,4.0,1.0,1.0,0.62,0.5909,0.73,0.2239,5.0
1.0,0.0,12.0,19.0,0.0,5.0,1.0,1.0,0.34,0.3333,0.53,0.194,76.0
4.0,1.0,10.0,5.0,0.0,2.0,1.0,2.0,0.38,0.3939,0.82,0.194,19.0
2.0,1.0,6.0,11.0,0.0,6.0,0.0,1.0,0.66,0.6212,0.39,0.1642,566.0
1.0,0.0,2.0,10.0,0.0,1.0,1.0,1.0,0.24,0.2576,0.75,0.1045,55.0
3.0,0.0,8.0,3.0,0.0,5.0,1.0,1.0,0.62,0.6212,0.53,0.1642,9.0
1.0,0.0,2.0,4.0,0.0,1.0,1.0,1.0,0.2,0.2576,0.86,0.0,2.0
3.0,0.0,6.0,5.0,0.0,6.0,0.0,1.0,0.62,0.6061,0.61,0.1343,14.0
2.0,0.0,4.0,2.0,0.0,3.0,1.0,3.0,0.4,0.4091,1.0,0.2985,2.0
3.0,1.0,8.0,0.0,0.0,5.0,1.0,2.0,0.66,0.6212,0.69,0.0,111.0
2.0,1.0,3.0,10.0,0.0,4.0,1.0,2.0,0.5,0.4848,1.0,0.0896,142.0
2.0,1.0,6.0,20.0,0.0,0.0,0.0,1.0,0.66,0.6212,0.39,0.194,314.0
3.0,1.0,8.0,4.0,0.0,2.0,1.0,1.0,0.68,0.6364,0.83,0.1343,9.0
4.0,1.0,10.0,0.0,0.0,4.0,1.0,2.0,0.6,0.6061,0.64,0.1045,76.0
2.0,1.0,4.0,6.0,0.0,0.0,0.0,2.0,0.44,0.4394,0.72,0.3284,12.0
1.0,1.0,2.0,1.0,0.0,5.0,1.0,2.0,0.28,0.303,0.61,0.0896,13.0
4.0,0.0,11.0,5.0,0.0,3.0,1.0,3.0,0.46,0.4545,0.94,0.1045,13.0
4.0,1.0,12.0,19.0,0.0,3.0,1.0,1.0,0.38,0.3939,0.5,0.3881,336.0
4.0,0.0,11.0,20.0,0.0,5.0,1.0,1.0,0.28,0.2727,0.48,0.194,137.0
4.0,0.0,11.0,14.0,0.0,6.0,0.0,2.0,0.48,0.4697,0.48,0.1343,299.0
1.0,1.0,1.0,5.0,0.0,1.0,1.0,2.0,0.2,0.2576,0.86,0.0,19.0
1.0,1.0,2.0,23.0,0.0,5.0,1.0,1.0,0.36,0.3485,0.4,0.194,82.0
1.0,0.0,2.0,5.0,0.0,6.0,0.0,1.0,0.12,0.1667,0.74,0.0896,1.0
4.0,0.0,11.0,8.0,0.0,0.0,0.0,1.0,0.4,0.4091,0.82,0.2985,42.0
2.0,0.0,4.0,3.0,0.0,4.0,1.0,1.0,0.34,0.3333,0.81,0.1343,2.0
4.0,1.0,10.0,11.0,0.0,3.0,1.0,1.0,0.66,0.6061,0.78,0.1642,230.0
3.0,1.0,9.0,0.0,0.0,6.0,0.0,1.0,0.6,0.5909,0.73,0.2836,172.0
4.0,1.0,10.0,7.0,1.0,1.0,0.0,2.0,0.34,0.3333,0.76,0.1642,154.0
3.0,0.0,7.0,22.0,0.0,6.0,0.0,1.0,0.8,0.7727,0.59,0.194,125.0
4.0,0.0,11.0,3.0,0.0,1.0,1.0,1.0,0.44,0.4394,0.88,0.2239,5.0
3.0,0.0,8.0,8.0,0.0,4.0,1.0,1.0,0.66,0.6212,0.74,0.2836,420.0
4.0,0.0,10.0,1.0,0.0,1.0,1.0,1.0,0.4,0.4091,0.82,0.1343,15.0
1.0,1.0,2.0,17.0,0.0,4.0,1.0,1.0,0.54,0.5152,0.32,0.1642,610.0
3.0,1.0,7.0,10.0,0.0,4.0,1.0,1.0,0.76,0.7121,0.58,0.194,198.0
3.0,0.0,8.0,0.0,0.0,4.0,1.0,1.0,0.7,0.6364,0.45,0.1045,46.0
3.0,1.0,8.0,13.0,0.0,6.0,0.0,1.0,0.8,0.7424,0.49,0.3582,569.0
4.0,0.0,11.0,5.0,0.0,0.0,0.0,1.0,0.34,0.3333,0.61,0.1642,5.0
3.0,0.0,7.0,6.0,0.0,2.0,1.0,1.0,0.74,0.6818,0.58,0.2239,115.0
2.0,0.0,6.0,2.0,0.0,4.0,1.0,1.0,0.7,0.6364,0.39,0.0,6.0
4.0,0.0,10.0,17.0,0.0,1.0,1.0,1.0,0.56,0.5303,0.64,0.1343,620.0
3.0,0.0,7.0,18.0,0.0,3.0,1.0,1.0,0.76,0.7121,0.62,0.194,563.0
4.0,0.0,12.0,4.0,0.0,4.0,1.0,1.0,0.26,0.2424,0.56,0.2836,1.0
1.0,0.0,1.0,21.0,0.0,5.0,1.0,1.0,0.18,0.197,0.47,0.1343,39.0
1.0,1.0,1.0,15.0,0.0,6.0,0.0,1.0,0.58,0.5455,0.37,0.2985,449.0
3.0,0.0,9.0,3.0,0.0,0.0,0.0,1.0,0.44,0.4394,0.82,0.194,36.0
2.0,0.0,4.0,21.0,0.0,4.0,1.0,1.0,0.56,0.5303,0.46,0.1343,194.0
3.0,1.0,6.0,19.0,0.0,0.0,0.0,1.0,0.8,0.7121,0.38,0.2985,423.0
1.0,1.0,2.0,16.0,0.0,0.0,0.0,1.0,0.2,0.1667,0.34,0.4627,164.0
2.0,0.0,6.0,7.0,0.0,1.0,1.0,3.0,0.56,0.5303,0.88,0.194,46.0
3.0,0.0,9.0,1.0,0.0,5.0,1.0,1.0,0.42,0.4242,0.67,0.194,26.0
3.0,0.0,9.0,15.0,0.0,0.0,0.0,1.0,0.78,0.7576,0.66,0.2836,410.0
4.0,0.0,9.0,17.0,0.0,4.0,1.0,1.0,0.66,0.6212,0.47,0.2985,589.0
4.0,1.0,11.0,5.0,0.0,0.0,0.0,1.0,0.3,0.303,0.87,0.1343,12.0
1.0,1.0,2.0,22.0,0.0,2.0,1.0,1.0,0.32,0.3182,0.57,0.194,118.0
3.0,0.0,8.0,10.0,0.0,2.0,1.0,1.0,0.7,0.6515,0.58,0.3881,111.0
4.0,1.0,10.0,10.0,0.0,5.0,1.0,2.0,0.58,0.5455,0.88,0.194,224.0
1.0,0.0,3.0,19.0,0.0,1.0,1.0,1.0,0.36,0.3485,0.43,0.1343,150.0
2.0,1.0,6.0,19.0,0.0,1.0,1.0,2.0,0.62,0.5909,0.73,0.0896,463.0
4.0,1.0,10.0,22.0,0.0,2.0,1.0,1.0,0.3,0.303,0.81,0.1343,66.0
3.0,1.0,7.0,13.0,0.0,5.0,1.0,2.0,0.8,0.7121,0.38,0.1343,374.0
1.0,1.0,1.0,7.0,0.0,4.0,1.0,2.0,0.2,0.2273,0.69,0.0896,215.0
2.0,1.0,5.0,23.0,0.0,2.0,1.0,3.0,0.56,0.5303,0.88,0.1045,71.0
1.0,1.0,1.0,0.0,1.0,1.0,0.0,1.0,0.4,0.4091,0.4,0.4627,39.0
1.0,1.0,2.0,17.0,0.0,1.0,1.0,1.0,0.54,0.5152,0.24,0.4478,529.0
4.0,0.0,11.0,17.0,0.0,6.0,0.0,2.0,0.46,0.4545,0.47,0.1343,184.0
2.0,1.0,5.0,14.0,0.0,1.0,1.0,2.0,0.62,0.5909,0.73,0.2537,171.0
1.0,1.0,12.0,17.0,0.0,0.0,0.0,1.0,0.26,0.2273,0.41,0.3284,123.0
1.0,0.0,12.0,2.0,0.0,5.0,1.0,1.0,0.24,0.2576,0.7,0.1045,12.0
3.0,1.0,6.0,3.0,0.0,2.0,1.0,1.0,0.54,0.5152,0.45,0.2836,9.0
3.0,0.0,8.0,14.0,0.0,2.0,1.0,1.0,0.74,0.6515,0.33,0.1642,209.0
3.0,1.0,6.0,12.0,0.0,0.0,0.0,1.0,0.8,0.697,0.33,0.2239,556.0
3.0,0.0,9.0,12.0,0.0,2.0,1.0,3.0,0.54,0.5152,0.83,0.3881,67.0
4.0,1.0,9.0,8.0,0.0,0.0,0.0,1.0,0.48,0.4697,0.67,0.1045,144.0
1.0,1.0,1.0,23.0,0.0,3.0,1.0,2.0,0.2,0.2273,0.44,0.1045,32.0
1.0,0.0,3.0,1.0,0.0,4.0,1.0,3.0,0.34,0.3182,0.0,0.2537,2.0
3.0,1.0,8.0,15.0,0.0,5.0,1.0,2.0,0.76,0.6818,0.48,0.1343,350.0
3.0,0.0,7.0,3.0,0.0,5.0,1.0,1.0,0.64,0.6212,0.53,0.0,11.0
2.0,0.0,6.0,6.0,0.0,3.0,1.0,2.0,0.68,0.6364,0.89,0.0896,128.0
3.0,0.0,9.0,18.0,0.0,4.0,1.0,3.0,0.64,0.5606,0.94,0.3582,68.0
4.0,0.0,12.0,7.0,0.0,1.0,1.0,1.0,0.14,0.1515,0.86,0.1343,235.0
2.0,1.0,6.0,7.0,0.0,0.0,0.0,1.0,0.6,0.5758,0.78,0.1045,62.0
3.0,0.0,9.0,6.0,0.0,5.0,1.0,1.0,0.38,0.3939,0.71,0.2239,93.0
1.0,1.0,2.0,18.0,0.0,2.0,1.0,1.0,0.38,0.3939,0.4,0.4478,425.0
3.0,1.0,8.0,21.0,0.0,6.0,0.0,2.0,0.66,0.5909,0.89,0.1642,128.0
2.0,1.0,3.0,13.0,0.0,2.0,1.0,1.0,0.36,0.3485,0.27,0.0,211.0
1.0,1.0,3.0,5.0,0.0,2.0,1.0,2.0,0.52,0.5,0.94,0.0,20.0
1.0,0.0,3.0,8.0,0.0,2.0,1.0,1.0,0.2,0.1818,0.59,0.3881,214.0
2.0,1.0,6.0,5.0,0.0,0.0,0.0,1.0,0.54,0.5152,0.68,0.1343,17.0
3.0,0.0,8.0,9.0,0.0,0.0,0.0,1.0,0.72,0.697,0.74,0.2239,231.0
4.0,1.0,9.0,10.0,0.0,6.0,0.0,1.0,0.54,0.5152,0.56,0.2537,472.0
1.0,0.0,2.0,15.0,0.0,6.0,0.0,1.0,0.34,0.303,0.29,0.4179,174.0
3.0,1.0,6.0,20.0,0.0,2.0,1.0,1.0,0.7,0.6364,0.3,0.2836,505.0
4.0,1.0,10.0,13.0,0.0,2.0,1.0,3.0,0.3,0.2727,0.81,0.3582,116.0
2.0,1.0,4.0,8.0,0.0,3.0,1.0,1.0,0.3,0.2879,0.49,0.2239,595.0
1.0,0.0,1.0,14.0,0.0,5.0,1.0,1.0,0.22,0.2121,0.41,0.2836,64.0
2.0,1.0,5.0,9.0,0.0,0.0,0.0,1.0,0.66,0.6061,0.83,0.2239,270.0
1.0,1.0,1.0,13.0,0.0,2.0,1.0,2.0,0.38,0.3939,0.76,0.3284,103.0
3.0,0.0,7.0,19.0,0.0,0.0,0.0,2.0,0.66,0.6061,0.83,0.194,183.0
3.0,1.0,6.0,11.0,0.0,5.0,1.0,1.0,0.8,0.7424,0.49,0.1642,236.0
2.0,1.0,6.0,2.0,0.0,6.0,0.0,1.0,0.64,0.6212,0.5,0.2239,89.0
4.0,1.0,12.0,5.0,0.0,1.0,1.0,1.0,0.34,0.3485,0.93,0.0896,38.0
3.0,0.0,9.0,9.0,0.0,4.0,1.0,2.0,0.62,0.5455,0.94,0.194,203.0
3.0,0.0,8.0,9.0,0.0,3.0,1.0,1.0,0.64,0.6061,0.69,0.0896,244.0
4.0,0.0,10.0,20.0,0.0,0.0,0.0,1.0,0.44,0.4394,0.72,0.0896,144.0
1.0,1.0,2.0,15.0,0.0,4.0,1.0,1.0,0.54,0.5152,0.33,0.1343,217.0
1.0,0.0,2.0,18.0,0.0,3.0,1.0,2.0,0.18,0.1667,0.47,0.2985,170.0
4.0,1.0,12.0,4.0,0.0,5.0,1.0,1.0,0.26,0.2727,0.75,0.1045,10.0
4.0,1.0,10.0,16.0,1.0,1.0,0.0,3.0,0.42,0.4242,0.58,0.194,377.0
2.0,0.0,4.0,13.0,0.0,4.0,1.0,1.0,0.48,0.4697,0.33,0.3284,177.0
4.0,0.0,11.0,14.0,0.0,1.0,1.0,1.0,0.62,0.6212,0.46,0.4478,185.0
4.0,0.0,12.0,2.0,0.0,4.0,1.0,2.0,0.32,0.3333,0.7,0.1343,7.0
1.0,1.0,1.0,20.0,0.0,2.0,1.0,1.0,0.46,0.4545,0.63,0.3582,180.0
3.0,0.0,8.0,16.0,0.0,4.0,1.0,1.0,0.8,0.697,0.27,0.194,298.0
3.0,0.0,9.0,16.0,0.0,2.0,1.0,1.0,0.74,0.6667,0.51,0.2239,292.0
3.0,1.0,7.0,16.0,0.0,4.0,1.0,1.0,0.94,0.8788,0.38,0.3881,374.0
4.0,1.0,11.0,9.0,0.0,6.0,0.0,2.0,0.26,0.2121,0.41,0.4478,122.0
1.0,1.0,1.0,16.0,0.0,4.0,1.0,1.0,0.46,0.4545,0.67,0.194,281.0
1.0,1.0,1.0,1.0,0.0,0.0,0.0,2.0,0.16,0.1364,0.47,0.2985,42.0
2.0,0.0,3.0,15.0,0.0,1.0,1.0,2.0,0.56,0.5303,0.6,0.2239,107.0
4.0,0.0,11.0,6.0,0.0,1.0,1.0,2.0,0.44,0.4394,0.72,0.2239,114.0
2.0,1.0,5.0,21.0,0.0,4.0,1.0,1.0,0.68,0.6364,0.44,0.1642,359.0
3.0,1.0,7.0,5.0,0.0,6.0,0.0,1.0,0.68,0.6364,0.79,0.1642,14.0
2.0,0.0,4.0,6.0,0.0,2.0,1.0,2.0,0.48,0.4697,0.67,0.0,65.0
4.0,1.0,11.0,8.0,0.0,4.0,1.0,2.0,0.36,0.3788,0.56,0.1045,680.0
4.0,1.0,11.0,11.0,0.0,6.0,0.0,2.0,0.36,0.3333,0.46,0.3881,340.0
1.0,1.0,3.0,19.0,0.0,2.0,1.0,1.0,0.34,0.303,0.46,0.2985,287.0
1.0,0.0,1.0,1.0,0.0,0.0,0.0,1.0,0.04,0.0758,0.57,0.1045,13.0
1.0,0.0,1.0,1.0,0.0,6.0,0.0,2.0,0.04,0.0,0.41,0.3881,12.0
4.0,1.0,11.0,5.0,1.0,4.0,0.0,1.0,0.24,0.2576,0.75,0.1045,8.0
4.0,1.0,11.0,20.0,0.0,6.0,0.0,1.0,0.24,0.2121,0.44,0.2836,58.0
3.0,1.0,6.0,5.0,0.0,2.0,1.0,1.0,0.52,0.5,0.48,0.3881,39.0
2.0,0.0,3.0,19.0,0.0,3.0,1.0,2.0,0.26,0.2576,0.93,0.2239,72.0
4.0,1.0,11.0,13.0,0.0,4.0,1.0,1.0,0.38,0.3939,0.32,0.1343,224.0
3.0,0.0,9.0,8.0,0.0,1.0,1.0,1.0,0.6,0.5758,0.78,0.0896,408.0
4.0,1.0,11.0,19.0,1.0,4.0,0.0,1.0,0.36,0.3788,0.76,0.0,44.0
1.0,1.0,1.0,14.0,0.0,2.0,1.0,1.0,0.16,0.1212,0.43,0.5224,79.0
3.0,0.0,7.0,8.0,0.0,5.0,1.0,2.0,0.76,0.7727,0.77,0.0,384.0
3.0,0.0,8.0,14.0,0.0,3.0,1.0,1.0,0.84,0.7273,0.34,0.3284,178.0
1.0,1.0,1.0,8.0,0.0,6.0,0.0,1.0,0.2,0.2273,0.8,0.0896,91.0
1.0,1.0,3.0,8.0,0.0,1.0,1.0,1.0,0.46,0.4545,0.88,0.1045,579.0
2.0,0.0,4.0,14.0,0.0,5.0,1.0,1.0,0.6,0.6212,0.35,0.3284,248.0
3.0,1.0,8.0,22.0,0.0,4.0,1.0,1.0,0.72,0.6667,0.51,0.1642,254.0
4.0,1.0,10.0,17.0,0.0,4.0,1.0,1.0,0.6,0.5909,0.69,0.1642,886.0
2.0,1.0,6.0,3.0,0.0,6.0,0.0,1.0,0.62,0.6212,0.57,0.0,40.0
1.0,0.0,2.0,1.0,0.0,6.0,0.0,1.0,0.24,0.2121,0.52,0.2985,27.0
4.0,0.0,9.0,7.0,0.0,5.0,1.0,1.0,0.52,0.5,0.83,0.2239,297.0
1.0,1.0,1.0,20.0,0.0,4.0,1.0,2.0,0.4,0.4091,0.82,0.1343,224.0
1.0,1.0,1.0,10.0,0.0,4.0,1.0,2.0,0.3,0.303,0.81,0.1343,108.0
2.0,1.0,4.0,9.0,0.0,2.0,1.0,1.0,0.6,0.6212,0.38,0.4925,400.0
2.0,0.0,6.0,4.0,0.0,6.0,0.0,1.0,0.52,0.5,0.59,0.0896,15.0
1.0,0.0,1.0,10.0,0.0,6.0,0.0,1.0,0.38,0.3939,0.76,0.2537,36.0
2.0,1.0,6.0,3.0,0.0,5.0,1.0,1.0,0.56,0.5303,0.83,0.1642,5.0
2.0,0.0,4.0,5.0,0.0,0.0,0.0,2.0,0.36,0.3636,0.93,0.0896,4.0
3.0,0.0,9.0,9.0,0.0,2.0,1.0,1.0,0.64,0.6061,0.69,0.0896,214.0
1.0,0.0,1.0,21.0,0.0,5.0,1.0,1.0,0.16,0.2273,0.69,0.0,52.0
1.0,1.0,1.0,12.0,0.0,5.0,1.0,1.0,0.36,0.3333,0.5,0.2537,191.0
4.0,0.0,10.0,10.0,0.0,1.0,1.0,2.0,0.36,0.3485,0.57,0.1642,105.0
4.0,1.0,10.0,12.0,0.0,5.0,1.0,2.0,0.58,0.5455,0.73,0.194,392.0
3.0,0.0,6.0,8.0,0.0,2.0,1.0,1.0,0.7,0.6667,0.79,0.1642,456.0
1.0,1.0,2.0,17.0,0.0,6.0,0.0,3.0,0.22,0.1818,0.69,0.4627,144.0
2.0,0.0,3.0,5.0,0.0,1.0,1.0,1.0,0.18,0.1818,0.43,0.194,8.0
3.0,1.0,8.0,14.0,0.0,2.0,1.0,2.0,0.82,0.7576,0.46,0.0,261.0
1.0,0.0,2.0,22.0,0.0,0.0,0.0,2.0,0.32,0.303,0.57,0.2239,47.0
2.0,0.0,5.0,10.0,1.0,1.0,0.0,1.0,0.8,0.7576,0.55,0.2537,269.0
3.0,1.0,7.0,23.0,0.0,6.0,0.0,2.0,0.68,0.6364,0.83,0.0896,211.0
1.0,1.0,2.0,5.0,0.0,2.0,1.0,1.0,0.2,0.2576,0.69,0.0,15.0
4.0,0.0,11.0,20.0,0.0,0.0,0.0,2.0,0.52,0.5,0.68,0.1045,113.0
4.0,0.0,10.0,9.0,0.0,2.0,1.0,2.0,0.6,0.5909,0.69,0.0,235.0
1.0,1.0,1.0,7.0,0.0,6.0,0.0,3.0,0.16,0.1667,0.93,0.1642,13.0
1.0,1.0,1.0,23.0,0.0,2.0,1.0,1.0,0.26,0.2727,0.81,0.1045,41.0
4.0,0.0,11.0,16.0,0.0,3.0,1.0,3.0,0.48,0.4697,0.94,0.1045,123.0
3.0,0.0,7.0,16.0,0.0,4.0,1.0,1.0,0.92,0.9242,0.48,0.2836,210.0
3.0,0.0,9.0,23.0,0.0,3.0,1.0,2.0,0.64,0.6061,0.69,0.1045,72.0
4.0,1.0,10.0,5.0,1.0,1.0,0.0,1.0,0.34,0.3182,0.76,0.2239,19.0
3.0,0.0,9.0,19.0,0.0,3.0,1.0,3.0,0.62,0.5455,0.94,0.0,283.0
3.0,1.0,7.0,11.0,0.0,0.0,0.0,1.0,0.76,0.697,0.55,0.2239,509.0
1.0,0.0,1.0,10.0,0.0,1.0,1.0,2.0,0.16,0.1515,0.59,0.194,69.0
1.0,1.0,1.0,6.0,0.0,1.0,1.0,1.0,0.22,0.2121,0.44,0.2537,80.0
2.0,0.0,5.0,16.0,0.0,6.0,0.0,1.0,0.76,0.697,0.55,0.2836,402.0
3.0,0.0,7.0,23.0,0.0,1.0,1.0,1.0,0.74,0.697,0.66,0.1642,91.0
4.0,1.0,11.0,7.0,0.0,3.0,1.0,2.0,0.26,0.2576,0.56,0.194,409.0
1.0,0.0,12.0,5.0,1.0,1.0,0.0,1.0,0.34,0.303,0.42,0.3881,4.0
2.0,1.0,5.0,2.0,0.0,6.0,0.0,1.0,0.58,0.5455,0.88,0.0,75.0
3.0,0.0,8.0,2.0,0.0,6.0,0.0,1.0,0.7,0.6667,0.84,0.194,77.0
1.0,0.0,2.0,5.0,0.0,1.0,1.0,1.0,0.2,0.2576,0.86,0.0,10.0
1.0,1.0,2.0,22.0,0.0,5.0,1.0,1.0,0.34,0.3485,0.49,0.1045,119.0
3.0,1.0,8.0,22.0,0.0,5.0,1.0,1.0,0.72,0.697,0.74,0.2836,218.0
2.0,1.0,3.0,3.0,0.0,1.0,1.0,1.0,0.46,0.4545,0.82,0.194,1.0
4.0,0.0,9.0,0.0,0.0,2.0,1.0,1.0,0.62,0.5455,0.94,0.1343,37.0
3.0,1.0,7.0,21.0,0.0,2.0,1.0,1.0,0.68,0.6364,0.79,0.194,352.0
3.0,1.0,7.0,15.0,0.0,0.0,0.0,1.0,0.8,0.7273,0.43,0.1343,501.0
1.0,0.0,3.0,5.0,0.0,3.0,1.0,2.0,0.3,0.3182,0.93,0.1045,3.0
1.0,1.0,1.0,13.0,0.0,3.0,1.0,3.0,0.32,0.3485,0.76,0.0,65.0
4.0,1.0,12.0,16.0,0.0,6.0,0.0,1.0,0.4,0.4091,0.5,0.1343,413.0
2.0,1.0,3.0,19.0,0.0,6.0,0.0,1.0,0.42,0.4242,0.71,0.4478,284.0
2.0,0.0,5.0,14.0,0.0,4.0,1.0,1.0,0.82,0.7727,0.52,0.2836,189.0
3.0,0.0,6.0,16.0,0.0,2.0,1.0,1.0,0.86,0.803,0.47,0.2836,261.0
1.0,1.0,2.0,11.0,0.0,3.0,1.0,3.0,0.3,0.2879,0.87,0.194,10.0
3.0,1.0,9.0,10.0,0.0,3.0,1.0,1.0,0.62,0.6061,0.61,0.1343,205.0
2.0,1.0,5.0,8.0,0.0,5.0,1.0,1.0,0.52,0.5,0.59,0.1343,745.0
3.0,0.0,7.0,11.0,0.0,2.0,1.0,1.0,0.82,0.7727,0.52,0.1642,125.0
4.0,1.0,11.0,19.0,0.0,3.0,1.0,1.0,0.38,0.3939,0.43,0.194,243.0
4.0,0.0,10.0,0.0,0.0,5.0,1.0,1.0,0.34,0.3182,0.66,0.2537,44.0
3.0,0.0,7.0,6.0,0.0,5.0,1.0,1.0,0.62,0.6061,0.61,0.1343,108.0
1.0,0.0,3.0,13.0,0.0,4.0,1.0,3.0,0.42,0.4242,0.0,0.2239,12.0
4.0,0.0,11.0,22.0,0.0,3.0,1.0,1.0,0.34,0.303,0.61,0.4478,62.0
3.0,1.0,9.0,12.0,0.0,3.0,1.0,1.0,0.78,0.7727,0.7,0.1045,266.0
2.0,1.0,5.0,22.0,0.0,4.0,1.0,1.0,0.5,0.4848,0.42,0.1045,232.0
4.0,0.0,10.0,16.0,0.0,3.0,1.0,2.0,0.56,0.5303,0.88,0.2239,55.0
3.0,1.0,7.0,23.0,0.0,1.0,1.0,1.0,0.7,0.6667,0.74,0.194,150.0
4.0,1.0,10.0,19.0,0.0,2.0,1.0,1.0,0.48,0.4697,0.48,0.0,531.0
3.0,1.0,8.0,22.0,0.0,5.0,1.0,2.0,0.7,0.6515,0.61,0.0,251.0
3.0,1.0,8.0,11.0,0.0,1.0,1.0,1.0,0.76,0.7273,0.66,0.1343,260.0
3.0,0.0,8.0,13.0,0.0,4.0,1.0,1.0,0.76,0.6667,0.31,0.2239,217.0
3.0,0.0,9.0,23.0,0.0,0.0,0.0,1.0,0.54,0.5152,0.68,0.194,54.0
2.0,0.0,4.0,0.0,0.0,1.0,1.0,1.0,0.48,0.4697,0.88,0.3284,23.0
4.0,0.0,11.0,14.0,0.0,3.0,1.0,2.0,0.38,0.3939,0.43,0.3582,112.0
4.0,1.0,11.0,23.0,1.0,1.0,0.0,2.0,0.54,0.5152,0.77,0.2239,63.0
1.0,1.0,12.0,8.0,0.0,5.0,1.0,2.0,0.32,0.303,0.57,0.2836,472.0
2.0,0.0,4.0,18.0,0.0,0.0,0.0,1.0,0.64,0.6061,0.69,0.1642,270.0
1.0,0.0,1.0,17.0,0.0,5.0,1.0,2.0,0.2,0.2576,0.37,0.0,187.0
4.0,0.0,9.0,9.0,0.0,0.0,0.0,2.0,0.64,0.5758,0.83,0.0,155.0
1.0,0.0,2.0,3.0,1.0,1.0,0.0,2.0,0.34,0.303,0.42,0.2985,5.0
1.0,0.0,2.0,19.0,0.0,2.0,1.0,1.0,0.28,0.2879,0.26,0.1343,145.0
1.0,1.0,2.0,23.0,0.0,5.0,1.0,1.0,0.26,0.2727,0.7,0.1045,77.0
3.0,1.0,9.0,23.0,0.0,6.0,0.0,1.0,0.66,0.5909,0.89,0.0896,145.0
2.0,0.0,3.0,12.0,0.0,5.0,1.0,1.0,0.32,0.303,0.42,0.2537,145.0
1.0,0.0,3.0,0.0,0.0,2.0,1.0,1.0,0.26,0.2879,0.48,0.0896,10.0
1.0,0.0,1.0,16.0,0.0,6.0,0.0,1.0,0.24,0.2424,0.6,0.1642,107.0
4.0,1.0,10.0,4.0,0.0,2.0,1.0,1.0,0.42,0.4242,0.67,0.1642,7.0
2.0,1.0,6.0,18.0,0.0,0.0,0.0,1.0,0.64,0.6212,0.53,0.194,513.0
4.0,0.0,12.0,15.0,0.0,0.0,0.0,1.0,0.3,0.3333,0.26,0.0,266.0
2.0,0.0,6.0,19.0,0.0,2.0,1.0,1.0,0.64,0.6212,0.5,0.3582,386.0
2.0,1.0,6.0,22.0,0.0,5.0,1.0,1.0,0.64,0.6212,0.53,0.1343,321.0
2.0,1.0,5.0,15.0,0.0,4.0,1.0,1.0,0.64,0.6212,0.36,0.2537,316.0
2.0,1.0,4.0,1.0,0.0,0.0,0.0,2.0,0.46,0.4545,0.82,0.3284,73.0
2.0,1.0,3.0,3.0,0.0,6.0,0.0,1.0,0.4,0.4091,0.82,0.2537,31.0
4.0,0.0,12.0,23.0,0.0,4.0,1.0,1.0,0.52,0.5,0.63,0.3284,114.0
2.0,1.0,5.0,15.0,0.0,2.0,1.0,2.0,0.74,0.6667,0.45,0.2239,234.0
3.0,0.0,7.0,11.0,0.0,1.0,1.0,1.0,0.8,0.7576,0.55,0.0896,141.0
4.0,1.0,12.0,0.0,0.0,0.0,0.0,2.0,0.3,0.3182,0.87,0.0896,117.0
3.0,0.0,9.0,18.0,0.0,4.0,1.0,3.0,0.48,0.4697,0.67,0.6119,244.0
3.0,0.0,9.0,9.0,0.0,6.0,0.0,1.0,0.64,0.5909,0.78,0.2985,207.0
3.0,0.0,8.0,20.0,0.0,2.0,1.0,1.0,0.74,0.6667,0.51,0.0,280.0
3.0,1.0,9.0,1.0,0.0,4.0,1.0,2.0,0.7,0.6667,0.84,0.0,18.0
4.0,1.0,10.0,3.0,1.0,1.0,0.0,1.0,0.34,0.3485,0.81,0.1045,10.0
3.0,1.0,9.0,13.0,0.0,1.0,1.0,1.0,0.64,0.6212,0.38,0.2239,323.0
1.0,1.0,12.0,1.0,0.0,0.0,0.0,1.0,0.22,0.2273,0.47,0.194,20.0
2.0,1.0,4.0,3.0,0.0,5.0,1.0,1.0,0.34,0.3333,0.61,0.1642,11.0
3.0,0.0,8.0,1.0,0.0,5.0,1.0,1.0,0.64,0.6212,0.53,0.1343,23.0
3.0,1.0,6.0,11.0,0.0,5.0,1.0,2.0,0.9,0.8485,0.42,0.2836,188.0
4.0,0.0,10.0,8.0,1.0,1.0,0.0,1.0,0.52,0.5,0.83,0.0,254.0
2.0,0.0,6.0,19.0,0.0,1.0,1.0,1.0,0.72,0.6667,0.54,0.194,407.0
4.0,0.0,12.0,10.0,0.0,3.0,1.0,2.0,0.32,0.3485,0.57,0.0,142.0
2.0,0.0,4.0,18.0,0.0,5.0,1.0,3.0,0.32,0.303,0.93,0.2537,62.0
3.0,0.0,7.0,12.0,0.0,4.0,1.0,1.0,0.84,0.7727,0.41,0.0,171.0
1.0,1.0,1.0,21.0,0.0,4.0,1.0,2.0,0.4,0.4091,0.76,0.1045,192.0
2.0,0.0,6.0,9.0,0.0,6.0,0.0,1.0,0.7,0.6515,0.61,0.2239,218.0
2.0,1.0,6.0,7.0,0.0,6.0,0.0,1.0,0.58,0.5455,0.64,0.1045,87.0
2.0,1.0,5.0,17.0,0.0,6.0,0.0,2.0,0.68,0.6364,0.65,0.2985,502.0
1.0,0.0,3.0,8.0,0.0,1.0,1.0,2.0,0.3,0.303,0.56,0.1343,241.0
3.0,0.0,8.0,21.0,0.0,4.0,1.0,2.0,0.68,0.6364,0.79,0.0,149.0
1.0,1.0,1.0,22.0,0.0,1.0,1.0,1.0,0.28,0.2727,0.48,0.2239,94.0
2.0,1.0,4.0,1.0,0.0,2.0,1.0,1.0,0.38,0.3939,0.46,0.2239,11.0
2.0,1.0,6.0,13.0,0.0,5.0,1.0,1.0,0.72,0.6818,0.7,0.2985,316.0
2.0,1.0,4.0,9.0,0.0,1.0,1.0,1.0,0.38,0.3939,0.54,0.3582,317.0
4.0,1.0,11.0,19.0,0.0,0.0,0.0,1.0,0.26,0.303,0.41,0.0,127.0
2.0,1.0,6.0,17.0,0.0,0.0,0.0,1.0,0.82,0.7424,0.41,0.2836,521.0
2.0,1.0,5.0,20.0,0.0,4.0,1.0,1.0,0.6,0.6212,0.4,0.194,446.0
3.0,1.0,9.0,15.0,0.0,0.0,0.0,1.0,0.64,0.6212,0.41,0.1642,557.0
3.0,1.0,7.0,14.0,0.0,0.0,0.0,1.0,0.96,0.9091,0.36,0.1642,312.0
4.0,0.0,10.0,11.0,0.0,6.0,0.0,2.0,0.44,0.4394,0.62,0.1045,282.0
3.0,1.0,8.0,9.0,0.0,3.0,1.0,1.0,0.68,0.6364,0.65,0.0,376.0
4.0,0.0,11.0,0.0,0.0,3.0,1.0,2.0,0.48,0.4697,0.94,0.2537,16.0
2.0,0.0,3.0,0.0,0.0,6.0,0.0,2.0,0.26,0.2424,0.38,0.2836,28.0
2.0,1.0,5.0,22.0,0.0,2.0,1.0,3.0,0.6,0.5758,0.78,0.2537,147.0
2.0,0.0,5.0,9.0,0.0,3.0,1.0,1.0,0.68,0.6364,0.65,0.0896,234.0
1.0,1.0,12.0,6.0,0.0,0.0,0.0,1.0,0.16,0.197,0.64,0.0896,9.0
3.0,1.0,8.0,11.0,0.0,4.0,1.0,1.0,0.84,0.7576,0.44,0.0,260.0
4.0,0.0,11.0,11.0,0.0,3.0,1.0,1.0,0.38,0.3939,0.54,0.2985,122.0
1.0,0.0,3.0,23.0,0.0,0.0,0.0,2.0,0.22,0.197,1.0,0.4179,9.0
4.0,0.0,10.0,22.0,0.0,0.0,0.0,2.0,0.52,0.5,0.94,0.0,152.0
2.0,0.0,3.0,4.0,0.0,6.0,0.0,1.0,0.22,0.2121,0.44,0.2239,6.0
3.0,1.0,8.0,19.0,0.0,6.0,0.0,2.0,0.64,0.5909,0.78,0.2985,354.0
3.0,1.0,8.0,22.0,0.0,0.0,0.0,1.0,0.62,0.5606,0.88,0.0896,114.0
1.0,1.0,1.0,5.0,0.0,0.0,0.0,2.0,0.32,0.3333,0.49,0.1045,2.0
2.0,0.0,5.0,7.0,0.0,2.0,1.0,2.0,0.52,0.5,0.94,0.2537,151.0
1.0,0.0,2.0,17.0,0.0,2.0,1.0,1.0,0.22,0.2121,0.51,0.2239,196.0
1.0,1.0,1.0,15.0,0.0,2.0,1.0,1.0,0.44,0.4394,0.62,0.4925,129.0
1.0,0.0,12.0,8.0,0.0,3.0,1.0,3.0,0.36,0.3788,0.93,0.0,405.0
3.0,0.0,9.0,13.0,0.0,4.0,1.0,2.0,0.64,0.6061,0.65,0.2836,189.0
1.0,0.0,12.0,2.0,0.0,0.0,0.0,1.0,0.22,0.2576,0.75,0.0896,2.0
1.0,1.0,2.0,6.0,0.0,1.0,1.0,1.0,0.24,0.2273,0.7,0.2537,90.0
3.0,0.0,8.0,17.0,0.0,5.0,1.0,1.0,0.76,0.7121,0.58,0.5224,527.0
2.0,1.0,4.0,5.0,0.0,6.0,0.0,1.0,0.36,0.3636,0.66,0.1045,7.0
4.0,0.0,10.0,0.0,0.0,3.0,1.0,2.0,0.56,0.5303,0.83,0.1343,25.0
1.0,1.0,1.0,5.0,0.0,0.0,0.0,3.0,0.16,0.1515,0.74,0.2239,3.0
2.0,1.0,5.0,18.0,0.0,6.0,0.0,2.0,0.66,0.6212,0.69,0.3582,434.0
3.0,0.0,9.0,10.0,0.0,5.0,1.0,2.0,0.62,0.5152,1.0,0.0,29.0
3.0,1.0,8.0,11.0,0.0,6.0,0.0,2.0,0.72,0.6818,0.62,0.2836,457.0
4.0,0.0,12.0,4.0,0.0,1.0,1.0,1.0,0.18,0.2424,0.74,0.0,3.0
3.0,1.0,8.0,21.0,0.0,3.0,1.0,1.0,0.74,0.697,0.66,0.1045,381.0
4.0,0.0,10.0,14.0,1.0,1.0,0.0,1.0,0.74,0.6515,0.37,0.0,370.0
4.0,0.0,10.0,3.0,0.0,0.0,0.0,3.0,0.34,0.3182,0.87,0.2836,9.0
1.0,1.0,2.0,13.0,0.0,0.0,0.0,1.0,0.3,0.303,0.49,0.1642,261.0
2.0,0.0,4.0,7.0,0.0,3.0,1.0,2.0,0.58,0.5455,0.88,0.2836,246.0
1.0,0.0,2.0,16.0,0.0,1.0,1.0,3.0,0.42,0.4242,1.0,0.1343,42.0
3.0,1.0,7.0,14.0,0.0,5.0,1.0,3.0,0.7,0.6667,0.84,0.1642,229.0
1.0,0.0,3.0,18.0,0.0,6.0,0.0,2.0,0.48,0.4697,0.59,0.3284,152.0
3.0,1.0,8.0,15.0,0.0,2.0,1.0,1.0,0.76,0.6667,0.37,0.0,302.0
3.0,0.0,7.0,22.0,0.0,4.0,1.0,1.0,0.64,0.6212,0.57,0.0896,176.0
1.0,1.0,2.0,2.0,0.0,3.0,1.0,1.0,0.26,0.303,0.65,0.0,1.0
4.0,0.0,10.0,3.0,0.0,2.0,1.0,1.0,0.4,0.4091,0.87,0.0,4.0
3.0,1.0,8.0,17.0,0.0,1.0,1.0,1.0,0.82,0.7424,0.41,0.0,858.0
1.0,1.0,1.0,4.0,0.0,0.0,0.0,2.0,0.16,0.1364,0.47,0.3881,6.0
3.0,0.0,8.0,16.0,0.0,0.0,0.0,1.0,0.8,0.7121,0.36,0.3881,491.0
1.0,1.0,1.0,21.0,0.0,3.0,1.0,1.0,0.2,0.1667,0.4,0.4179,124.0
3.0,1.0,8.0,3.0,0.0,5.0,1.0,1.0,0.64,0.2424,0.65,0.1045,6.0
3.0,0.0,9.0,13.0,0.0,4.0,1.0,2.0,0.66,0.6061,0.83,0.194,193.0
1.0,1.0,3.0,22.0,0.0,3.0,1.0,1.0,0.52,0.5,0.55,0.1343,202.0
1.0,1.0,12.0,4.0,0.0,5.0,1.0,2.0,0.24,0.2576,0.6,0.1045,4.0
3.0,1.0,9.0,5.0,0.0,0.0,0.0,1.0,0.52,0.5,0.77,0.194,55.0
3.0,0.0,9.0,22.0,0.0,2.0,1.0,1.0,0.56,0.5303,0.94,0.0,148.0
2.0,0.0,5.0,15.0,1.0,1.0,0.0,1.0,0.88,0.803,0.39,0.2537,311.0
1.0,0.0,2.0,20.0,0.0,3.0,1.0,3.0,0.14,0.1515,0.86,0.1642,84.0
2.0,1.0,6.0,22.0,0.0,5.0,1.0,1.0,0.68,0.6364,0.41,0.1045,291.0
2.0,0.0,5.0,16.0,0.0,0.0,0.0,1.0,0.64,0.6061,0.69,0.2537,440.0
3.0,0.0,8.0,6.0,0.0,0.0,0.0,1.0,0.66,0.5909,0.89,0.2836,14.0
3.0,0.0,8.0,8.0,0.0,4.0,1.0,1.0,0.7,0.6364,0.45,0.1642,390.0
1.0,1.0,3.0,0.0,0.0,5.0,1.0,1.0,0.34,0.3333,0.53,0.1642,46.0
4.0,1.0,12.0,17.0,0.0,5.0,1.0,1.0,0.34,0.3333,0.57,0.1642,622.0
1.0,0.0,1.0,14.0,0.0,6.0,0.0,1.0,0.1,0.1364,0.33,0.1045,75.0
1.0,1.0,1.0,21.0,0.0,6.0,0.0,1.0,0.18,0.1667,0.43,0.2537,69.0
4.0,1.0,12.0,18.0,0.0,2.0,1.0,1.0,0.38,0.3939,0.46,0.3284,525.0
3.0,0.0,8.0,17.0,0.0,0.0,0.0,1.0,0.76,0.6818,0.4,0.2985,398.0
1.0,0.0,3.0,20.0,0.0,3.0,1.0,2.0,0.42,0.4242,0.54,0.2985,121.0
4.0,1.0,11.0,9.0,0.0,2.0,1.0,2.0,0.32,0.3333,0.81,0.1343,268.0
2.0,1.0,4.0,12.0,0.0,6.0,0.0,1.0,0.46,0.4545,0.23,0.3881,590.0
4.0,1.0,9.0,22.0,0.0,5.0,1.0,2.0,0.58,0.5455,0.53,0.2239,220.0
4.0,0.0,11.0,19.0,0.0,4.0,1.0,2.0,0.36,0.3485,0.71,0.2239,211.0
3.0,0.0,9.0,23.0,0.0,3.0,1.0,1.0,0.6,0.5152,0.94,0.1045,95.0
2.0,0.0,6.0,9.0,0.0,1.0,1.0,1.0,0.7,0.6515,0.58,0.1642,188.0
3.0,1.0,7.0,10.0,0.0,4.0,1.0,1.0,0.86,0.7879,0.44,0.3582,186.0
4.0,0.0,10.0,23.0,0.0,4.0,1.0,1.0,0.34,0.303,0.61,0.4179,68.0
3.0,0.0,7.0,4.0,0.0,4.0,1.0,2.0,0.72,0.7121,0.84,0.1045,4.0
3.0,0.0,7.0,23.0,1.0,1.0,0.0,2.0,0.72,0.6818,0.7,0.1045,138.0
4.0,1.0,9.0,11.0,0.0,0.0,0.0,1.0,0.56,0.5303,0.46,0.2537,570.0
4.0,1.0,10.0,1.0,1.0,1.0,0.0,1.0,0.34,0.3333,0.87,0.1642,37.0
1.0,1.0,1.0,16.0,0.0,1.0,1.0,2.0,0.24,0.2424,0.93,0.1642,122.0
1.0,0.0,12.0,9.0,0.0,0.0,0.0,1.0,0.24,0.2424,0.87,0.1642,23.0
2.0,1.0,6.0,23.0,0.0,5.0,1.0,3.0,0.6,0.5455,0.88,0.1343,73.0
2.0,0.0,4.0,15.0,0.0,2.0,1.0,1.0,0.7,0.6515,0.61,0.3582,153.0
4.0,0.0,9.0,5.0,0.0,4.0,1.0,2.0,0.6,0.5455,0.88,0.1045,22.0
4.0,0.0,9.0,15.0,0.0,2.0,1.0,2.0,0.68,0.6364,0.83,0.0896,205.0
2.0,0.0,3.0,16.0,0.0,0.0,0.0,1.0,0.34,0.3333,0.34,0.0,143.0
3.0,0.0,8.0,8.0,0.0,6.0,0.0,1.0,0.68,0.6364,0.83,0.1642,121.0
1.0,0.0,3.0,14.0,0.0,4.0,1.0,1.0,0.24,0.2576,0.21,0.1045,78.0
2.0,0.0,5.0,19.0,1.0,1.0,0.0,2.0,0.52,0.5,0.48,0.1045,225.0
2.0,0.0,6.0,4.0,0.0,4.0,1.0,2.0,0.72,0.697,0.79,0.0896,6.0
2.0,0.0,5.0,19.0,0.0,0.0,0.0,1.0,0.56,0.5303,0.83,0.1045,231.0
4.0,0.0,11.0,5.0,0.0,1.0,1.0,2.0,0.44,0.4394,0.67,0.2537,19.0
3.0,1.0,9.0,4.0,1.0,1.0,0.0,1.0,0.66,0.5909,0.89,0.0896,11.0
2.0,1.0,4.0,10.0,0.0,3.0,1.0,2.0,0.34,0.303,0.49,0.3284,153.0
3.0,1.0,7.0,20.0,0.0,1.0,1.0,1.0,0.72,0.6818,0.7,0.2239,462.0
1.0,1.0,1.0,19.0,0.0,5.0,1.0,1.0,0.26,0.2424,0.38,0.2836,206.0
3.0,1.0,8.0,5.0,0.0,2.0,1.0,2.0,0.66,0.6061,0.83,0.0896,42.0
1.0,0.0,2.0,9.0,0.0,4.0,1.0,1.0,0.12,0.1061,0.42,0.3582,122.0
1.0,1.0,2.0,11.0,0.0,6.0,0.0,1.0,0.3,0.3333,0.7,0.0,270.0
1.0,1.0,2.0,6.0,0.0,4.0,1.0,3.0,0.36,0.3788,0.9,0.0,74.0
1.0,0.0,1.0,14.0,0.0,0.0,0.0,1.0,0.16,0.1364,0.28,0.3582,110.0
3.0,1.0,8.0,10.0,0.0,5.0,1.0,1.0,0.74,0.2424,0.55,0.1642,231.0
2.0,1.0,5.0,7.0,0.0,4.0,1.0,1.0,0.6,0.5606,0.83,0.1045,415.0
4.0,0.0,11.0,2.0,0.0,3.0,1.0,1.0,0.3,0.3333,0.87,0.0,2.0
1.0,1.0,2.0,22.0,0.0,3.0,1.0,2.0,0.24,0.2424,0.87,0.1343,98.0
1.0,0.0,2.0,21.0,0.0,2.0,1.0,1.0,0.24,0.2879,0.52,0.0,66.0
3.0,0.0,6.0,7.0,0.0,6.0,0.0,1.0,0.64,0.6212,0.57,0.2836,42.0
3.0,0.0,7.0,19.0,0.0,0.0,0.0,1.0,0.8,0.7576,0.55,0.3284,274.0
2.0,1.0,4.0,13.0,0.0,0.0,0.0,1.0,0.58,0.5455,0.23,0.1642,483.0
1.0,1.0,3.0,7.0,0.0,2.0,1.0,2.0,0.46,0.4545,0.82,0.2836,308.0
1.0,0.0,1.0,19.0,0.0,0.0,0.0,1.0,0.12,0.1212,0.3,0.2836,50.0
3.0,1.0,8.0,12.0,0.0,1.0,1.0,1.0,0.78,0.697,0.4,0.194,276.0
2.0,1.0,5.0,22.0,0.0,2.0,1.0,2.0,0.62,0.5606,0.88,0.0896,55.0
1.0,0.0,12.0,6.0,0.0,4.0,1.0,1.0,0.36,0.3788,0.87,0.0,64.0
2.0,1.0,4.0,4.0,1.0,1.0,0.0,1.0,0.54,0.5152,0.77,0.2239,6.0
4.0,1.0,10.0,18.0,0.0,3.0,1.0,2.0,0.56,0.5303,0.49,0.1642,844.0
3.0,1.0,8.0,13.0,0.0,6.0,0.0,1.0,0.88,0.8182,0.42,0.2985,527.0
4.0,1.0,12.0,6.0,0.0,4.0,1.0,1.0,0.22,0.2121,0.55,0.2985,124.0
2.0,0.0,4.0,10.0,0.0,6.0,0.0,2.0,0.42,0.4242,0.88,0.2239,129.0
2.0,1.0,4.0,4.0,0.0,0.0,0.0,2.0,0.54,0.5152,0.52,0.0,12.0
3.0,1.0,7.0,21.0,0.0,1.0,1.0,1.0,0.76,0.7273,0.66,0.1343,328.0
4.0,1.0,9.0,20.0,0.0,6.0,0.0,1.0,0.52,0.5,0.55,0.194,315.0
3.0,0.0,7.0,1.0,0.0,5.0,1.0,1.0,0.66,0.6212,0.5,0.0,31.0
4.0,0.0,11.0,5.0,0.0,2.0,1.0,1.0,0.32,0.3182,0.81,0.194,18.0
3.0,0.0,8.0,19.0,0.0,0.0,0.0,1.0,0.72,0.697,0.79,0.1642,228.0
3.0,1.0,7.0,19.0,0.0,3.0,1.0,1.0,0.74,0.6667,0.48,0.2239,633.0
3.0,0.0,8.0,7.0,0.0,1.0,1.0,1.0,0.66,0.6212,0.61,0.3284,281.0
1.0,1.0,2.0,4.0,0.0,0.0,0.0,2.0,0.1,0.0455,0.46,0.7164,1.0
1.0,0.0,2.0,20.0,0.0,1.0,1.0,3.0,0.44,0.4394,0.88,0.6119,45.0
3.0,0.0,7.0,17.0,0.0,4.0,1.0,1.0,0.84,0.803,0.53,0.194,468.0
4.0,0.0,10.0,6.0,0.0,6.0,0.0,1.0,0.36,0.3788,0.71,0.0,18.0
1.0,1.0,2.0,22.0,0.0,0.0,0.0,1.0,0.3,0.2879,0.42,0.2239,71.0
4.0,0.0,10.0,15.0,0.0,5.0,1.0,1.0,0.62,0.6212,0.43,0.2836,230.0
4.0,0.0,11.0,11.0,0.0,2.0,1.0,1.0,0.46,0.4545,0.63,0.1045,117.0
3.0,1.0,9.0,19.0,0.0,2.0,1.0,1.0,0.76,0.7273,0.7,0.2239,552.0
2.0,0.0,5.0,9.0,0.0,6.0,0.0,1.0,0.64,0.6061,0.73,0.2537,177.0
4.0,0.0,9.0,11.0,0.0,1.0,1.0,1.0,0.68,0.6364,0.79,0.2239,159.0
3.0,0.0,8.0,4.0,0.0,2.0,1.0,1.0,0.66,0.6212,0.74,0.1045,10.0
2.0,1.0,5.0,2.0,0.0,0.0,0.0,1.0,0.64,0.6061,0.73,0.2239,61.0
2.0,0.0,5.0,17.0,0.0,3.0,1.0,1.0,0.64,0.6212,0.47,0.1045,259.0
3.0,1.0,9.0,1.0,0.0,2.0,1.0,3.0,0.6,0.5152,0.94,0.194,5.0
1.0,0.0,12.0,3.0,0.0,2.0,1.0,2.0,0.3,0.2879,0.61,0.2239,3.0
2.0,1.0,6.0,9.0,0.0,4.0,1.0,1.0,0.62,0.6061,0.61,0.2239,357.0
2.0,0.0,4.0,17.0,0.0,6.0,0.0,1.0,0.38,0.3939,0.54,0.3582,184.0
1.0,0.0,2.0,4.0,0.0,4.0,1.0,1.0,0.32,0.3182,0.57,0.194,4.0
3.0,1.0,9.0,14.0,0.0,5.0,1.0,1.0,0.8,0.7727,0.59,0.2537,253.0
4.0,0.0,11.0,23.0,0.0,2.0,1.0,1.0,0.36,0.3333,0.76,0.3881,53.0
2.0,1.0,4.0,2.0,0.0,0.0,0.0,1.0,0.46,0.4545,0.72,0.2836,56.0
4.0,1.0,11.0,11.0,0.0,5.0,1.0,1.0,0.42,0.4242,0.41,0.4179,221.0
4.0,0.0,11.0,17.0,0.0,2.0,1.0,1.0,0.52,0.5,0.43,0.1642,499.0
2.0,1.0,3.0,1.0,0.0,0.0,0.0,2.0,0.42,0.4242,1.0,0.2537,89.0
2.0,0.0,6.0,10.0,0.0,4.0,1.0,1.0,0.72,0.6515,0.28,0.4925,139.0
3.0,1.0,8.0,10.0,0.0,2.0,1.0,1.0,0.7,0.6667,0.79,0.1045,208.0
3.0,0.0,9.0,9.0,0.0,6.0,0.0,2.0,0.66,0.6212,0.69,0.2537,201.0
2.0,1.0,5.0,12.0,0.0,2.0,1.0,1.0,0.64,0.6061,0.73,0.194,264.0
2.0,1.0,4.0,11.0,0.0,6.0,0.0,2.0,0.38,0.3939,0.4,0.1045,358.0
3.0,1.0,7.0,4.0,0.0,2.0,1.0,1.0,0.66,0.6061,0.83,0.0896,6.0
2.0,1.0,5.0,4.0,0.0,3.0,1.0,2.0,0.62,0.5606,0.88,0.1343,6.0
2.0,0.0,5.0,1.0,0.0,0.0,0.0,2.0,0.52,0.5,1.0,0.1045,47.0
3.0,1.0,9.0,4.0,0.0,1.0,1.0,1.0,0.5,0.4848,0.77,0.0,11.0
1.0,0.0,12.0,4.0,0.0,6.0,0.0,1.0,0.38,0.3939,0.71,0.2239,10.0
1.0,1.0,1.0,11.0,0.0,3.0,1.0,2.0,0.3,0.2727,0.61,0.2985,157.0
3.0,1.0,8.0,6.0,0.0,4.0,1.0,2.0,0.6,0.5455,0.88,0.0896,192.0
2.0,0.0,6.0,0.0,0.0,5.0,1.0,1.0,0.62,0.6212,0.38,0.2836,68.0
4.0,0.0,12.0,8.0,0.0,0.0,0.0,1.0,0.2,0.2576,0.69,0.0,32.0
4.0,0.0,11.0,22.0,0.0,2.0,1.0,1.0,0.36,0.3788,0.87,0.0,108.0
3.0,1.0,6.0,19.0,0.0,4.0,1.0,1.0,0.88,0.803,0.39,0.2239,499.0
3.0,0.0,8.0,5.0,0.0,5.0,1.0,2.0,0.62,0.5606,0.88,0.0,26.0
2.0,1.0,6.0,17.0,0.0,2.0,1.0,1.0,0.6,0.6212,0.43,0.0,850.0
1.0,1.0,1.0,23.0,0.0,4.0,1.0,2.0,0.4,0.4091,0.82,0.0,91.0
2.0,1.0,5.0,9.0,0.0,3.0,1.0,2.0,0.62,0.6061,0.69,0.194,305.0
4.0,1.0,11.0,7.0,0.0,1.0,1.0,2.0,0.3,0.2879,0.49,0.2537,461.0
4.0,0.0,12.0,12.0,0.0,5.0,1.0,1.0,0.36,0.3333,0.57,0.2985,173.0
2.0,0.0,5.0,12.0,0.0,6.0,0.0,3.0,0.52,0.5,1.0,0.0896,279.0
4.0,0.0,12.0,21.0,0.0,4.0,1.0,1.0,0.5,0.4848,0.63,0.2985,155.0
3.0,1.0,7.0,7.0,0.0,1.0,1.0,1.0,0.74,0.6667,0.51,0.1045,398.0
3.0,1.0,8.0,17.0,0.0,2.0,1.0,2.0,0.78,0.7424,0.62,0.1343,868.0
4.0,1.0,12.0,7.0,0.0,2.0,1.0,1.0,0.34,0.303,0.66,0.4179,380.0
3.0,1.0,8.0,0.0,0.0,1.0,1.0,1.0,0.66,0.6212,0.65,0.1045,47.0
4.0,1.0,11.0,8.0,0.0,2.0,1.0,3.0,0.32,0.3182,0.81,0.1642,500.0
2.0,0.0,4.0,12.0,0.0,2.0,1.0,1.0,0.7,0.6515,0.61,0.4179,186.0
4.0,1.0,11.0,0.0,0.0,5.0,1.0,1.0,0.26,0.2576,0.7,0.1642,52.0
3.0,1.0,8.0,0.0,0.0,4.0,1.0,1.0,0.66,0.6212,0.69,0.0,76.0
4.0,0.0,10.0,16.0,0.0,1.0,1.0,2.0,0.4,0.4091,0.76,0.1045,218.0
4.0,1.0,12.0,18.0,0.0,1.0,1.0,2.0,0.46,0.4545,0.88,0.2836,564.0
4.0,1.0,10.0,14.0,0.0,3.0,1.0,2.0,0.72,0.6818,0.7,0.1642,251.0
3.0,1.0,8.0,15.0,0.0,2.0,1.0,1.0,0.82,0.7273,0.34,0.2985,317.0
2.0,0.0,5.0,15.0,0.0,6.0,0.0,1.0,0.74,0.6818,0.55,0.2239,374.0
1.0,1.0,1.0,6.0,0.0,3.0,1.0,1.0,0.34,0.2879,0.36,0.5224,88.0
4.0,1.0,11.0,11.0,0.0,4.0,1.0,1.0,0.36,0.3485,0.37,0.2239,163.0
3.0,0.0,7.0,14.0,0.0,5.0,1.0,2.0,0.8,0.7879,0.63,0.3582,216.0
2.0,0.0,4.0,5.0,0.0,6.0,0.0,2.0,0.24,0.2424,0.75,0.1642,5.0
3.0,0.0,8.0,14.0,0.0,1.0,1.0,1.0,0.74,0.6818,0.55,0.0896,151.0
2.0,0.0,6.0,16.0,0.0,6.0,0.0,2.0,0.76,0.697,0.52,0.2239,468.0
1.0,1.0,3.0,14.0,0.0,0.0,0.0,1.0,0.36,0.3333,0.34,0.3582,332.0
3.0,1.0,7.0,19.0,0.0,2.0,1.0,2.0,0.84,0.7424,0.36,0.1343,497.0
1.0,1.0,1.0,10.0,0.0,4.0,1.0,2.0,0.24,0.2576,0.52,0.0896,86.0
1.0,0.0,2.0,15.0,0.0,3.0,1.0,1.0,0.38,0.3939,0.76,0.3284,76.0
2.0,1.0,5.0,20.0,0.0,1.0,1.0,1.0,0.64,0.6061,0.69,0.1343,336.0
4.0,1.0,11.0,23.0,0.0,2.0,1.0,1.0,0.26,0.2273,0.56,0.2985,84.0
3.0,0.0,8.0,22.0,0.0,5.0,1.0,1.0,0.7,0.6515,0.65,0.2239,188.0
3.0,0.0,6.0,10.0,0.0,3.0,1.0,1.0,0.74,0.6667,0.42,0.2836,126.0
4.0,1.0,11.0,2.0,0.0,6.0,0.0,1.0,0.32,0.2727,0.39,0.6119,32.0
1.0,1.0,1.0,5.0,0.0,4.0,1.0,2.0,0.3,0.3182,0.75,0.1045,28.0
4.0,1.0,11.0,0.0,0.0,5.0,1.0,1.0,0.34,0.3333,0.57,0.1642,50.0
3.0,0.0,7.0,18.0,0.0,6.0,0.0,1.0,0.76,0.6818,0.45,0.2836,428.0
1.0,0.0,2.0,10.0,0.0,2.0,1.0,2.0,0.16,0.2273,0.93,0.0,47.0
4.0,0.0,10.0,9.0,0.0,4.0,1.0,1.0,0.46,0.4545,0.63,0.194,208.0
1.0,1.0,2.0,15.0,0.0,4.0,1.0,3.0,0.34,0.3636,0.76,0.0,53.0
3.0,1.0,8.0,22.0,0.0,3.0,1.0,1.0,0.72,0.6818,0.7,0.1045,288.0
1.0,0.0,1.0,2.0,0.0,0.0,0.0,1.0,0.16,0.2273,0.8,0.0,11.0
4.0,1.0,11.0,1.0,0.0,6.0,0.0,1.0,0.3,0.3182,0.81,0.0896,76.0
1.0,0.0,3.0,13.0,0.0,2.0,1.0,1.0,0.32,0.3485,0.39,0.0,78.0
2.0,0.0,4.0,9.0,0.0,5.0,1.0,1.0,0.32,0.2879,0.7,0.3582,173.0
2.0,1.0,4.0,7.0,0.0,6.0,0.0,1.0,0.34,0.3333,0.49,0.1642,55.0
2.0,0.0,4.0,13.0,1.0,5.0,0.0,1.0,0.54,0.5152,0.52,0.2537,180.0
4.0,1.0,12.0,2.0,0.0,6.0,0.0,2.0,0.36,0.3485,0.93,0.1343,70.0
1.0,0.0,3.0,1.0,0.0,6.0,0.0,2.0,0.3,0.3182,0.81,0.1045,25.0
2.0,0.0,6.0,9.0,0.0,4.0,1.0,1.0,0.72,0.6364,0.26,0.3582,225.0
4.0,0.0,11.0,3.0,0.0,6.0,0.0,1.0,0.24,0.2424,0.7,0.1343,17.0
1.0,1.0,3.0,9.0,0.0,2.0,1.0,1.0,0.48,0.4697,0.82,0.2836,342.0
2.0,1.0,4.0,13.0,0.0,6.0,0.0,1.0,0.62,0.6212,0.33,0.2985,678.0
4.0,1.0,12.0,11.0,0.0,0.0,0.0,2.0,0.36,0.3485,0.87,0.1343,295.0
4.0,0.0,10.0,4.0,0.0,1.0,1.0,1.0,0.34,0.3485,0.87,0.1045,8.0
3.0,1.0,9.0,12.0,0.0,5.0,1.0,2.0,0.7,0.6515,0.54,0.194,409.0
1.0,0.0,2.0,5.0,0.0,3.0,1.0,1.0,0.2,0.197,0.47,0.194,5.0
1.0,1.0,3.0,13.0,0.0,2.0,1.0,1.0,0.6,0.6061,0.6,0.3881,233.0
3.0,0.0,9.0,13.0,0.0,6.0,0.0,1.0,0.74,0.6818,0.55,0.2836,370.0
4.0,1.0,12.0,15.0,0.0,5.0,1.0,1.0,0.4,0.4091,0.47,0.1642,309.0
4.0,1.0,12.0,20.0,0.0,2.0,1.0,1.0,0.32,0.303,0.53,0.2239,257.0
1.0,0.0,2.0,17.0,0.0,6.0,0.0,2.0,0.24,0.2121,1.0,0.2836,78.0
3.0,0.0,8.0,22.0,0.0,5.0,1.0,1.0,0.72,0.697,0.79,0.1045,152.0
4.0,1.0,10.0,13.0,0.0,6.0,0.0,1.0,0.56,0.5303,0.43,0.1642,714.0
1.0,0.0,12.0,0.0,0.0,0.0,0.0,1.0,0.24,0.2273,0.6,0.194,6.0
1.0,1.0,2.0,3.0,0.0,0.0,0.0,1.0,0.24,0.2273,0.41,0.194,21.0
1.0,1.0,1.0,11.0,0.0,1.0,1.0,2.0,0.26,0.2879,0.56,0.0896,88.0
1.0,1.0,1.0,10.0,0.0,2.0,1.0,1.0,0.16,0.1212,0.47,0.4627,60.0
3.0,0.0,8.0,19.0,0.0,2.0,1.0,1.0,0.8,0.7424,0.49,0.1045,371.0
1.0,1.0,1.0,13.0,0.0,5.0,1.0,1.0,0.4,0.4091,0.43,0.2836,204.0
2.0,1.0,4.0,3.0,0.0,5.0,1.0,1.0,0.44,0.4394,0.47,0.4925,3.0
1.0,0.0,2.0,14.0,0.0,5.0,1.0,1.0,0.66,0.6212,0.36,0.2985,191.0
3.0,0.0,9.0,21.0,0.0,5.0,1.0,2.0,0.5,0.4848,0.63,0.0,163.0
4.0,0.0,10.0,3.0,0.0,2.0,1.0,2.0,0.52,0.5,0.88,0.1045,3.0
4.0,0.0,10.0,8.0,0.0,3.0,1.0,1.0,0.52,0.5,0.63,0.0,467.0
1.0,0.0,1.0,5.0,0.0,6.0,0.0,2.0,0.24,0.2576,0.75,0.0896,1.0
2.0,0.0,6.0,10.0,0.0,1.0,1.0,1.0,0.64,0.6212,0.41,0.3284,118.0
4.0,0.0,10.0,11.0,0.0,0.0,0.0,1.0,0.36,0.3485,0.53,0.2239,240.0
2.0,0.0,6.0,9.0,0.0,5.0,1.0,1.0,0.7,0.6515,0.58,0.194,224.0
3.0,1.0,7.0,8.0,0.0,1.0,1.0,1.0,0.72,0.697,0.79,0.1045,738.0
2.0,0.0,5.0,3.0,0.0,0.0,0.0,2.0,0.52,0.5,1.0,0.0,32.0
4.0,1.0,12.0,21.0,0.0,1.0,1.0,1.0,0.44,0.4394,0.82,0.194,221.0
3.0,0.0,7.0,21.0,0.0,1.0,1.0,1.0,0.7,0.6667,0.84,0.0,194.0
4.0,1.0,11.0,6.0,0.0,3.0,1.0,1.0,0.28,0.303,0.87,0.0896,101.0
3.0,0.0,9.0,0.0,0.0,1.0,1.0,1.0,0.56,0.5303,0.88,0.0896,16.0
2.0,1.0,6.0,13.0,0.0,0.0,0.0,1.0,0.68,0.6364,0.36,0.2836,686.0
1.0,1.0,1.0,14.0,0.0,2.0,1.0,1.0,0.5,0.4848,0.29,0.3284,160.0
4.0,0.0,12.0,21.0,0.0,3.0,1.0,3.0,0.3,0.2576,0.87,0.5224,6.0
4.0,0.0,11.0,8.0,0.0,2.0,1.0,1.0,0.54,0.5152,0.77,0.2836,449.0
1.0,0.0,3.0,23.0,0.0,5.0,1.0,2.0,0.3,0.303,0.75,0.1642,46.0
3.0,1.0,8.0,18.0,0.0,4.0,1.0,1.0,0.74,0.6667,0.48,0.2239,941.0
1.0,0.0,2.0,7.0,0.0,3.0,1.0,3.0,0.22,0.2121,0.93,0.2239,49.0
3.0,0.0,7.0,7.0,0.0,4.0,1.0,2.0,0.74,0.7273,0.84,0.1343,274.0
3.0,1.0,9.0,11.0,0.0,1.0,1.0,2.0,0.62,0.6061,0.69,0.2239,252.0
3.0,0.0,8.0,0.0,0.0,3.0,1.0,1.0,0.74,0.6667,0.51,0.2239,37.0
1.0,0.0,2.0,6.0,0.0,4.0,1.0,1.0,0.3,0.303,0.7,0.1343,47.0
2.0,1.0,6.0,2.0,0.0,0.0,0.0,1.0,0.56,0.5303,0.56,0.0896,74.0
3.0,1.0,7.0,4.0,0.0,0.0,0.0,1.0,0.64,0.6061,0.69,0.194,13.0
4.0,0.0,11.0,21.0,0.0,4.0,1.0,1.0,0.36,0.3333,0.57,0.2537,136.0
4.0,1.0,11.0,0.0,0.0,3.0,1.0,1.0,0.34,0.3636,0.81,0.0,26.0
4.0,1.0,12.0,17.0,0.0,3.0,1.0,1.0,0.44,0.4394,0.35,0.2836,605.0
2.0,1.0,5.0,5.0,0.0,0.0,0.0,3.0,0.52,0.5,0.83,0.1642,11.0
4.0,0.0,12.0,18.0,0.0,4.0,1.0,2.0,0.52,0.5,0.59,0.2985,377.0
4.0,0.0,11.0,20.0,0.0,1.0,1.0,1.0,0.6,0.6212,0.53,0.3582,240.0
2.0,1.0,4.0,0.0,0.0,4.0,1.0,2.0,0.48,0.4697,0.63,0.0,43.0
3.0,1.0,7.0,14.0,0.0,3.0,1.0,1.0,0.8,0.697,0.29,0.1343,247.0
3.0,0.0,8.0,22.0,0.0,0.0,0.0,1.0,0.64,0.6061,0.69,0.1045,98.0
1.0,1.0,3.0,17.0,0.0,2.0,1.0,1.0,0.36,0.3333,0.34,0.2836,446.0
4.0,0.0,12.0,20.0,0.0,6.0,0.0,1.0,0.22,0.2121,0.69,0.2537,106.0
4.0,1.0,9.0,4.0,0.0,0.0,0.0,1.0,0.46,0.4545,0.55,0.2239,10.0
2.0,0.0,5.0,13.0,0.0,0.0,0.0,1.0,0.6,0.6212,0.49,0.1343,390.0
4.0,1.0,10.0,7.0,0.0,0.0,0.0,3.0,0.42,0.4242,0.58,0.1642,35.0
3.0,0.0,9.0,4.0,0.0,1.0,1.0,1.0,0.54,0.5152,0.94,0.1045,4.0
4.0,1.0,10.0,0.0,1.0,1.0,0.0,1.0,0.38,0.3939,0.76,0.2836,51.0
1.0,1.0,2.0,10.0,0.0,0.0,0.0,1.0,0.26,0.2576,0.41,0.1642,188.0
2.0,0.0,6.0,4.0,0.0,3.0,1.0,1.0,0.62,0.5758,0.83,0.0,6.0
4.0,0.0,10.0,1.0,0.0,4.0,1.0,1.0,0.46,0.4545,0.94,0.0,11.0
1.0,1.0,1.0,16.0,0.0,2.0,1.0,1.0,0.14,0.0909,0.39,0.5821,136.0
2.0,1.0,4.0,17.0,0.0,2.0,1.0,1.0,0.62,0.6061,0.17,0.194,757.0
3.0,1.0,7.0,7.0,0.0,4.0,1.0,1.0,0.64,0.6061,0.73,0.1343,512.0
4.0,1.0,11.0,10.0,0.0,0.0,0.0,1.0,0.24,0.2273,0.48,0.2537,139.0
2.0,0.0,4.0,9.0,0.0,0.0,0.0,2.0,0.38,0.3939,0.94,0.1343,81.0
4.0,0.0,11.0,2.0,0.0,1.0,1.0,1.0,0.46,0.4545,0.63,0.3582,17.0
1.0,0.0,1.0,8.0,0.0,1.0,1.0,2.0,0.16,0.1364,0.59,0.2836,185.0
2.0,0.0,5.0,20.0,0.0,2.0,1.0,1.0,0.78,0.7424,0.62,0.1045,251.0
4.0,0.0,11.0,23.0,0.0,5.0,1.0,1.0,0.32,0.303,0.49,0.3284,89.0
4.0,0.0,10.0,13.0,0.0,2.0,1.0,1.0,0.56,0.5303,0.37,0.3881,198.0
1.0,1.0,1.0,22.0,0.0,0.0,0.0,1.0,0.18,0.2121,0.37,0.0896,60.0
1.0,1.0,1.0,21.0,0.0,0.0,0.0,3.0,0.16,0.1818,0.86,0.1045,44.0
4.0,1.0,10.0,3.0,0.0,5.0,1.0,2.0,0.56,0.5303,0.83,0.0,5.0
1.0,1.0,2.0,4.0,0.0,5.0,1.0,1.0,0.26,0.2576,0.6,0.2239,2.0
1.0,1.0,3.0,18.0,0.0,5.0,1.0,3.0,0.36,0.3485,0.87,0.194,160.0
3.0,1.0,8.0,22.0,0.0,6.0,0.0,1.0,0.66,0.6212,0.61,0.0,261.0
1.0,0.0,2.0,10.0,0.0,0.0,0.0,1.0,0.3,0.2727,0.45,0.3284,105.0
4.0,1.0,10.0,3.0,0.0,4.0,1.0,2.0,0.62,0.5606,0.88,0.0,11.0
1.0,0.0,3.0,7.0,0.0,6.0,0.0,1.0,0.4,0.4091,0.5,0.3284,13.0
3.0,1.0,7.0,7.0,0.0,1.0,1.0,1.0,0.72,0.6818,0.7,0.0896,483.0
1.0,0.0,1.0,20.0,0.0,6.0,0.0,1.0,0.12,0.1212,0.36,0.2537,28.0
1.0,1.0,2.0,16.0,0.0,4.0,1.0,3.0,0.34,0.3636,0.81,0.0,118.0
2.0,0.0,6.0,8.0,0.0,6.0,0.0,1.0,0.74,0.6818,0.58,0.194,143.0
2.0,0.0,4.0,16.0,0.0,6.0,0.0,1.0,0.38,0.3939,0.62,0.3284,196.0
3.0,1.0,8.0,18.0,0.0,6.0,0.0,1.0,0.86,0.7879,0.41,0.3284,490.0
3.0,0.0,8.0,2.0,0.0,3.0,1.0,2.0,0.78,0.7121,0.49,0.1642,11.0
1.0,1.0,1.0,15.0,0.0,6.0,0.0,1.0,0.4,0.4091,0.47,0.3284,410.0
4.0,1.0,11.0,12.0,0.0,5.0,1.0,1.0,0.44,0.4394,0.41,0.3284,262.0
3.0,0.0,7.0,10.0,0.0,2.0,1.0,1.0,0.8,0.697,0.31,0.2239,138.0
2.0,0.0,5.0,3.0,0.0,6.0,0.0,1.0,0.56,0.5303,0.88,0.2239,15.0
2.0,0.0,4.0,10.0,0.0,3.0,1.0,2.0,0.4,0.4091,0.87,0.194,46.0
4.0,0.0,10.0,7.0,0.0,1.0,1.0,2.0,0.5,0.4848,0.55,0.1642,309.0
1.0,0.0,2.0,1.0,0.0,3.0,1.0,3.0,0.22,0.2273,0.93,0.194,3.0
4.0,0.0,12.0,10.0,0.0,2.0,1.0,2.0,0.42,0.4242,0.58,0.194,129.0
4.0,0.0,11.0,12.0,0.0,1.0,1.0,1.0,0.46,0.4545,0.67,0.0,179.0
2.0,0.0,4.0,5.0,0.0,6.0,0.0,2.0,0.3,0.2879,0.93,0.2239,5.0
3.0,1.0,6.0,13.0,0.0,4.0,1.0,1.0,0.9,0.8182,0.35,0.0,172.0
1.0,1.0,3.0,23.0,0.0,2.0,1.0,1.0,0.56,0.5303,0.56,0.1343,87.0
3.0,0.0,7.0,10.0,0.0,6.0,0.0,1.0,0.8,0.7121,0.36,0.0,271.0
3.0,0.0,6.0,12.0,0.0,2.0,1.0,1.0,0.84,0.7727,0.47,0.2239,202.0
1.0,1.0,12.0,10.0,0.0,0.0,0.0,1.0,0.26,0.2121,0.41,0.5821,122.0
4.0,0.0,11.0,11.0,0.0,6.0,0.0,1.0,0.36,0.3788,0.4,0.0,233.0
2.0,0.0,6.0,14.0,0.0,4.0,1.0,1.0,0.92,0.8788,0.4,0.194,118.0
1.0,0.0,2.0,2.0,0.0,4.0,1.0,1.0,0.2,0.2273,0.64,0.0896,4.0
3.0,1.0,7.0,2.0,1.0,3.0,0.0,1.0,0.66,0.6061,0.83,0.1343,93.0
1.0,0.0,1.0,17.0,0.0,1.0,1.0,1.0,0.2,0.2273,0.4,0.1045,178.0
2.0,1.0,5.0,18.0,0.0,5.0,1.0,1.0,0.7,0.6515,0.54,0.4627,641.0
4.0,0.0,9.0,8.0,0.0,3.0,1.0,3.0,0.62,0.5455,0.94,0.2239,287.0
1.0,0.0,2.0,21.0,0.0,2.0,1.0,1.0,0.14,0.1061,0.33,0.4627,54.0
4.0,1.0,12.0,16.0,0.0,5.0,1.0,1.0,0.38,0.3939,0.54,0.194,417.0
1.0,0.0,2.0,6.0,0.0,5.0,1.0,2.0,0.16,0.2273,0.55,0.0,28.0
4.0,1.0,10.0,17.0,0.0,1.0,1.0,1.0,0.56,0.5303,0.64,0.2537,766.0
1.0,0.0,1.0,0.0,1.0,1.0,0.0,2.0,0.2,0.197,0.47,0.2239,17.0
3.0,0.0,7.0,20.0,0.0,0.0,0.0,3.0,0.66,0.6061,0.83,0.0,176.0
4.0,1.0,12.0,9.0,0.0,1.0,1.0,2.0,0.4,0.4091,0.87,0.0,282.0
1.0,0.0,2.0,14.0,0.0,1.0,1.0,3.0,0.42,0.4242,1.0,0.2985,25.0
3.0,1.0,7.0,23.0,0.0,2.0,1.0,1.0,0.78,0.7424,0.59,0.194,161.0
3.0,0.0,7.0,3.0,0.0,2.0,1.0,1.0,0.66,0.6212,0.74,0.2239,8.0
1.0,0.0,2.0,23.0,0.0,1.0,1.0,2.0,0.32,0.2879,0.81,0.3881,45.0
3.0,1.0,7.0,15.0,0.0,0.0,0.0,1.0,0.86,0.803,0.47,0.1343,489.0
2.0,0.0,4.0,4.0,0.0,6.0,0.0,2.0,0.42,0.4242,0.54,0.2239,7.0
2.0,1.0,5.0,11.0,0.0,4.0,1.0,1.0,0.52,0.5,0.48,0.5224,256.0
1.0,1.0,1.0,16.0,0.0,0.0,0.0,2.0,0.16,0.1515,0.8,0.194,155.0
1.0,1.0,3.0,9.0,0.0,4.0,1.0,1.0,0.46,0.4545,0.72,0.4627,301.0
1.0,1.0,2.0,16.0,0.0,4.0,1.0,1.0,0.34,0.3333,0.36,0.0,238.0
3.0,1.0,8.0,2.0,0.0,4.0,1.0,1.0,0.64,0.6061,0.69,0.194,15.0
3.0,0.0,9.0,20.0,0.0,0.0,0.0,1.0,0.74,0.697,0.7,0.2985,229.0
1.0,1.0,2.0,20.0,0.0,4.0,1.0,1.0,0.32,0.3485,0.36,0.0,199.0
4.0,1.0,11.0,12.0,0.0,0.0,0.0,1.0,0.5,0.4848,0.48,0.0896,585.0
2.0,1.0,4.0,4.0,0.0,3.0,1.0,2.0,0.5,0.4848,0.42,0.2836,7.0
1.0,1.0,2.0,15.0,0.0,0.0,0.0,1.0,0.36,0.3485,0.29,0.0,353.0
3.0,1.0,8.0,10.0,0.0,1.0,1.0,2.0,0.76,0.6818,0.4,0.0,199.0
4.0,1.0,10.0,4.0,0.0,3.0,1.0,2.0,0.3,0.2879,0.87,0.194,5.0
4.0,0.0,10.0,18.0,0.0,2.0,1.0,1.0,0.52,0.5,0.42,0.1045,518.0
2.0,1.0,4.0,10.0,0.0,3.0,1.0,1.0,0.52,0.5,0.34,0.0,182.0
1.0,1.0,1.0,8.0,0.0,5.0,1.0,1.0,0.24,0.2424,0.7,0.1343,447.0
3.0,0.0,9.0,4.0,0.0,0.0,0.0,1.0,0.44,0.4394,0.77,0.2239,1.0
1.0,0.0,1.0,0.0,0.0,4.0,1.0,1.0,0.14,0.1212,0.59,0.2836,7.0
3.0,0.0,6.0,3.0,0.0,4.0,1.0,1.0,0.6,0.6061,0.6,0.1642,9.0
4.0,0.0,11.0,13.0,0.0,3.0,1.0,1.0,0.5,0.4848,0.51,0.1642,167.0
3.0,1.0,7.0,18.0,0.0,5.0,1.0,1.0,0.78,0.697,0.46,0.194,631.0
2.0,1.0,4.0,19.0,0.0,4.0,1.0,1.0,0.48,0.4697,0.31,0.2537,487.0
3.0,0.0,7.0,17.0,1.0,1.0,0.0,1.0,0.8,0.7273,0.46,0.0,436.0
2.0,0.0,4.0,0.0,0.0,0.0,0.0,1.0,0.3,0.2879,0.65,0.194,39.0
1.0,0.0,12.0,15.0,0.0,5.0,1.0,1.0,0.42,0.4242,0.44,0.0,292.0
1.0,0.0,2.0,17.0,0.0,0.0,0.0,1.0,0.42,0.4242,0.54,0.194,187.0
3.0,0.0,7.0,6.0,0.0,2.0,1.0,1.0,0.66,0.6212,0.74,0.0896,94.0
4.0,1.0,11.0,1.0,0.0,4.0,1.0,1.0,0.3,0.3182,0.75,0.1045,30.0
1.0,1.0,2.0,7.0,0.0,3.0,1.0,2.0,0.26,0.2727,0.81,0.1343,253.0
2.0,1.0,4.0,4.0,0.0,3.0,1.0,1.0,0.34,0.3485,0.66,0.0896,6.0
1.0,1.0,12.0,9.0,0.0,0.0,0.0,1.0,0.24,0.2121,0.52,0.3881,74.0
3.0,1.0,7.0,5.0,0.0,5.0,1.0,1.0,0.7,0.6667,0.84,0.0,37.0
3.0,1.0,8.0,9.0,0.0,3.0,1.0,2.0,0.72,0.6818,0.62,0.194,367.0
3.0,0.0,9.0,16.0,0.0,5.0,1.0,1.0,0.74,0.697,0.66,0.1343,285.0
3.0,0.0,8.0,23.0,0.0,0.0,0.0,1.0,0.62,0.5909,0.73,0.1045,64.0
1.0,0.0,3.0,6.0,0.0,2.0,1.0,1.0,0.2,0.2576,0.59,0.0,45.0
4.0,1.0,12.0,0.0,0.0,6.0,0.0,2.0,0.36,0.3636,0.93,0.0896,103.0
4.0,0.0,11.0,11.0,0.0,2.0,1.0,2.0,0.56,0.5303,0.64,0.194,134.0
2.0,1.0,5.0,21.0,0.0,4.0,1.0,3.0,0.64,0.5909,0.78,0.1642,285.0
3.0,0.0,8.0,10.0,0.0,1.0,1.0,1.0,0.86,0.7576,0.36,0.1642,97.0
3.0,0.0,9.0,0.0,0.0,1.0,1.0,2.0,0.52,0.5,0.72,0.1642,37.0
2.0,1.0,5.0,6.0,0.0,0.0,0.0,1.0,0.52,0.5,0.68,0.1642,21.0
3.0,0.0,8.0,18.0,0.0,0.0,0.0,1.0,0.74,0.6667,0.42,0.2239,402.0
1.0,1.0,1.0,6.0,1.0,1.0,0.0,1.0,0.26,0.2273,0.41,0.3881,14.0
4.0,0.0,10.0,19.0,0.0,0.0,0.0,1.0,0.56,0.5303,0.49,0.2985,153.0
1.0,1.0,3.0,19.0,0.0,4.0,1.0,2.0,0.64,0.6212,0.5,0.194,425.0
4.0,1.0,10.0,18.0,0.0,4.0,1.0,1.0,0.66,0.6212,0.57,0.1045,887.0
1.0,0.0,2.0,21.0,0.0,2.0,1.0,1.0,0.2,0.197,0.47,0.2537,82.0
3.0,1.0,9.0,11.0,0.0,4.0,1.0,1.0,0.62,0.6212,0.43,0.0,243.0
3.0,1.0,8.0,7.0,0.0,3.0,1.0,1.0,0.62,0.5909,0.78,0.0,553.0
2.0,0.0,6.0,2.0,0.0,6.0,0.0,1.0,0.54,0.5152,0.56,0.194,59.0
3.0,1.0,9.0,19.0,0.0,3.0,1.0,1.0,0.56,0.5303,0.43,0.2239,611.0
3.0,0.0,8.0,6.0,0.0,4.0,1.0,1.0,0.66,0.6061,0.83,0.3284,102.0
3.0,0.0,9.0,5.0,0.0,4.0,1.0,2.0,0.6,0.5152,0.94,0.1045,30.0
2.0,0.0,6.0,21.0,0.0,3.0,1.0,1.0,0.8,0.803,0.66,0.1343,202.0
2.0,0.0,4.0,21.0,0.0,5.0,1.0,1.0,0.46,0.4545,0.51,0.194,195.0
1.0,0.0,1.0,21.0,0.0,3.0,1.0,1.0,0.2,0.197,0.51,0.194,43.0
1.0,1.0,12.0,1.0,0.0,5.0,1.0,3.0,0.44,0.4394,0.88,0.3881,9.0
2.0,0.0,5.0,5.0,0.0,3.0,1.0,1.0,0.52,0.5,1.0,0.2239,9.0
3.0,1.0,8.0,8.0,0.0,0.0,0.0,2.0,0.64,0.6061,0.69,0.1045,124.0
1.0,1.0,3.0,23.0,0.0,2.0,1.0,1.0,0.52,0.5,0.83,0.0,90.0
4.0,1.0,9.0,8.0,0.0,4.0,1.0,1.0,0.62,0.6061,0.71,0.0896,794.0
3.0,0.0,8.0,18.0,0.0,5.0,1.0,1.0,0.76,0.6818,0.4,0.2985,465.0
2.0,1.0,5.0,15.0,0.0,0.0,0.0,2.0,0.7,0.6364,0.39,0.4179,502.0
4.0,0.0,10.0,9.0,0.0,6.0,0.0,1.0,0.42,0.4242,0.67,0.0896,169.0
2.0,0.0,3.0,16.0,0.0,4.0,1.0,2.0,0.3,0.2879,0.87,0.2537,85.0
4.0,1.0,11.0,6.0,0.0,3.0,1.0,2.0,0.26,0.2424,0.56,0.2836,118.0
4.0,1.0,11.0,16.0,0.0,5.0,1.0,1.0,0.46,0.4545,0.38,0.1642,434.0
4.0,1.0,9.0,21.0,0.0,0.0,0.0,1.0,0.5,0.4848,0.68,0.0,123.0
2.0,1.0,6.0,10.0,0.0,6.0,0.0,1.0,0.6,0.6212,0.53,0.2985,493.0
3.0,1.0,8.0,22.0,0.0,0.0,0.0,2.0,0.62,0.5909,0.78,0.1642,56.0
4.0,0.0,11.0,8.0,1.0,4.0,0.0,1.0,0.3,0.3182,0.65,0.0896,46.0
4.0,0.0,11.0,12.0,0.0,2.0,1.0,3.0,0.42,0.4242,0.82,0.4179,18.0
3.0,0.0,8.0,2.0,0.0,1.0,1.0,1.0,0.6,0.5909,0.69,0.194,13.0
1.0,0.0,3.0,5.0,0.0,6.0,0.0,2.0,0.3,0.303,1.0,0.1343,3.0
2.0,0.0,5.0,20.0,0.0,1.0,1.0,2.0,0.62,0.6061,0.69,0.1343,218.0
2.0,1.0,6.0,15.0,0.0,5.0,1.0,3.0,0.72,0.6818,0.66,0.2836,258.0
2.0,0.0,6.0,0.0,0.0,1.0,1.0,1.0,0.66,0.6061,0.83,0.1642,26.0
1.0,1.0,1.0,1.0,0.0,4.0,1.0,2.0,0.28,0.3182,0.75,0.0,21.0
3.0,1.0,6.0,0.0,0.0,4.0,1.0,1.0,0.74,0.697,0.7,0.0896,69.0
1.0,1.0,1.0,12.0,0.0,5.0,1.0,1.0,0.24,0.197,0.38,0.4925,154.0
4.0,1.0,10.0,0.0,0.0,6.0,0.0,1.0,0.56,0.5303,0.83,0.1642,191.0
1.0,1.0,12.0,23.0,0.0,5.0,1.0,1.0,0.26,0.2424,0.44,0.2836,40.0
2.0,0.0,6.0,14.0,0.0,4.0,1.0,2.0,0.72,0.6667,0.54,0.3284,153.0
3.0,0.0,8.0,13.0,0.0,3.0,1.0,1.0,0.74,0.6515,0.37,0.1045,221.0
3.0,1.0,9.0,20.0,0.0,0.0,0.0,1.0,0.6,0.6212,0.53,0.1045,324.0
4.0,0.0,10.0,8.0,0.0,0.0,0.0,1.0,0.44,0.4394,0.62,0.194,99.0
2.0,0.0,4.0,14.0,0.0,4.0,1.0,1.0,0.5,0.4848,0.34,0.3881,228.0
4.0,1.0,11.0,8.0,0.0,5.0,1.0,1.0,0.24,0.2576,0.87,0.0896,94.0
3.0,1.0,9.0,16.0,0.0,3.0,1.0,1.0,0.72,0.6515,0.37,0.1642,509.0
2.0,1.0,4.0,12.0,0.0,6.0,0.0,2.0,0.38,0.3939,0.43,0.0,381.0
2.0,1.0,4.0,22.0,0.0,0.0,0.0,1.0,0.5,0.4848,0.36,0.2239,118.0
4.0,1.0,12.0,1.0,0.0,1.0,1.0,2.0,0.38,0.3939,0.87,0.1045,15.0
1.0,0.0,1.0,6.0,0.0,6.0,0.0,1.0,0.14,0.1667,0.63,0.1045,3.0
3.0,1.0,8.0,12.0,0.0,3.0,1.0,1.0,0.76,0.6818,0.4,0.0,360.0
3.0,0.0,8.0,9.0,0.0,5.0,1.0,1.0,0.72,0.6667,0.58,0.1045,226.0
4.0,0.0,10.0,2.0,0.0,6.0,0.0,1.0,0.4,0.4091,0.62,0.2537,31.0
4.0,0.0,12.0,20.0,0.0,4.0,1.0,1.0,0.52,0.5,0.59,0.3284,221.0
1.0,1.0,3.0,2.0,0.0,0.0,0.0,2.0,0.36,0.3485,0.4,0.1642,80.0
1.0,1.0,3.0,19.0,0.0,1.0,1.0,1.0,0.26,0.2576,0.53,0.2239,226.0
2.0,0.0,4.0,7.0,0.0,5.0,1.0,3.0,0.34,0.3333,0.87,0.1642,113.0
3.0,0.0,9.0,18.0,0.0,5.0,1.0,1.0,0.7,0.6667,0.79,0.194,410.0
1.0,1.0,12.0,0.0,0.0,1.0,1.0,1.0,0.18,0.1818,0.55,0.194,34.0
2.0,0.0,5.0,11.0,0.0,1.0,1.0,1.0,0.6,0.6212,0.46,0.2239,125.0
4.0,0.0,12.0,17.0,0.0,1.0,1.0,1.0,0.38,0.3939,0.46,0.194,378.0
4.0,0.0,11.0,21.0,0.0,3.0,1.0,1.0,0.38,0.3939,0.71,0.1343,168.0
2.0,0.0,4.0,0.0,0.0,0.0,0.0,2.0,0.44,0.4394,0.77,0.2836,33.0
2.0,0.0,6.0,16.0,0.0,4.0,1.0,1.0,0.92,0.8333,0.33,0.1343,200.0
2.0,1.0,4.0,20.0,0.0,0.0,0.0,2.0,0.5,0.4848,0.59,0.2239,232.0
2.0,0.0,4.0,11.0,0.0,0.0,0.0,2.0,0.4,0.4091,0.87,0.1343,202.0
2.0,0.0,4.0,2.0,0.0,2.0,1.0,2.0,0.54,0.5152,0.73,0.3284,5.0
2.0,0.0,6.0,6.0,0.0,1.0,1.0,1.0,0.58,0.5455,0.88,0.0,112.0
3.0,1.0,8.0,12.0,0.0,2.0,1.0,1.0,0.72,0.6515,0.45,0.0,305.0
1.0,1.0,3.0,1.0,0.0,4.0,1.0,1.0,0.5,0.4848,0.59,0.1045,23.0
2.0,0.0,4.0,13.0,0.0,1.0,1.0,2.0,0.56,0.5303,0.49,0.1642,169.0
2.0,1.0,5.0,16.0,0.0,3.0,1.0,1.0,0.72,0.6515,0.45,0.1045,446.0
4.0,0.0,12.0,9.0,0.0,1.0,1.0,2.0,0.18,0.2121,0.74,0.0896,220.0
1.0,1.0,1.0,15.0,0.0,2.0,1.0,1.0,0.42,0.4242,0.38,0.2985,136.0
2.0,0.0,6.0,3.0,0.0,3.0,1.0,1.0,0.68,0.6364,0.89,0.194,6.0
1.0,0.0,2.0,21.0,0.0,0.0,0.0,1.0,0.26,0.303,0.6,0.0,27.0
2.0,1.0,6.0,13.0,0.0,4.0,1.0,1.0,0.7,0.6364,0.37,0.2836,315.0
2.0,0.0,5.0,2.0,0.0,1.0,1.0,1.0,0.5,0.4848,1.0,0.0896,13.0
3.0,1.0,8.0,21.0,0.0,4.0,1.0,1.0,0.72,0.6818,0.66,0.1343,307.0
3.0,0.0,8.0,11.0,0.0,3.0,1.0,1.0,0.78,0.697,0.43,0.1045,128.0
2.0,1.0,5.0,6.0,0.0,6.0,0.0,2.0,0.54,0.5152,0.94,0.0,42.0
3.0,1.0,8.0,8.0,0.0,5.0,1.0,2.0,0.66,0.6212,0.74,0.0,744.0
2.0,1.0,4.0,4.0,0.0,0.0,0.0,1.0,0.4,0.4091,0.4,0.0,7.0
4.0,0.0,11.0,2.0,0.0,2.0,1.0,2.0,0.5,0.4848,0.88,0.0,5.0
3.0,1.0,9.0,11.0,0.0,0.0,0.0,1.0,0.66,0.6212,0.47,0.2537,585.0
2.0,0.0,4.0,12.0,1.0,5.0,0.0,1.0,0.52,0.5,0.55,0.2836,200.0
1.0,1.0,1.0,0.0,0.0,4.0,1.0,3.0,0.34,0.3333,0.93,0.194,3.0
1.0,0.0,1.0,1.0,0.0,2.0,1.0,1.0,0.14,0.1515,0.59,0.1642,3.0
1.0,1.0,2.0,6.0,0.0,3.0,1.0,1.0,0.3,0.303,0.61,0.1343,95.0
2.0,0.0,6.0,6.0,0.0,2.0,1.0,1.0,0.6,0.5758,0.78,0.1343,126.0
1.0,1.0,2.0,0.0,0.0,1.0,1.0,1.0,0.26,0.2424,0.6,0.2537,29.0
2.0,0.0,5.0,12.0,0.0,5.0,1.0,1.0,0.56,0.5303,0.49,0.3582,246.0
3.0,0.0,8.0,18.0,0.0,1.0,1.0,1.0,0.72,0.6515,0.28,0.2985,609.0
2.0,1.0,4.0,18.0,0.0,0.0,0.0,1.0,0.7,0.6364,0.42,0.2537,479.0
4.0,1.0,10.0,3.0,0.0,6.0,0.0,1.0,0.5,0.4848,0.88,0.1642,26.0
3.0,0.0,8.0,21.0,0.0,6.0,0.0,2.0,0.68,0.6364,0.83,0.3881,167.0
3.0,1.0,8.0,10.0,0.0,4.0,1.0,1.0,0.74,0.6818,0.58,0.0896,233.0
1.0,0.0,1.0,11.0,0.0,2.0,1.0,2.0,0.2,0.2121,0.47,0.1343,35.0
3.0,0.0,7.0,19.0,0.0,5.0,1.0,1.0,0.66,0.6061,0.83,0.0896,270.0
3.0,0.0,9.0,3.0,0.0,2.0,1.0,2.0,0.54,0.5152,0.83,0.2239,3.0
4.0,0.0,10.0,5.0,0.0,6.0,0.0,1.0,0.38,0.3939,0.66,0.0,8.0
2.0,1.0,6.0,14.0,0.0,1.0,1.0,1.0,0.62,0.6212,0.41,0.4925,270.0
4.0,0.0,11.0,12.0,0.0,5.0,1.0,2.0,0.48,0.4697,0.55,0.4925,197.0
3.0,1.0,7.0,8.0,0.0,0.0,0.0,1.0,0.7,0.6515,0.65,0.2239,127.0
2.0,0.0,4.0,18.0,0.0,0.0,0.0,2.0,0.46,0.4545,0.31,0.0,172.0
4.0,0.0,10.0,20.0,0.0,0.0,0.0,2.0,0.36,0.3333,0.76,0.2537,87.0
4.0,0.0,10.0,7.0,0.0,5.0,1.0,1.0,0.42,0.4242,0.94,0.0,242.0
3.0,1.0,9.0,15.0,1.0,1.0,0.0,1.0,0.74,0.697,0.7,0.2239,449.0
4.0,0.0,12.0,13.0,0.0,0.0,0.0,1.0,0.3,0.3333,0.31,0.0,268.0
4.0,1.0,12.0,22.0,0.0,4.0,1.0,3.0,0.34,0.3333,0.87,0.194,21.0
4.0,0.0,11.0,13.0,0.0,1.0,1.0,1.0,0.54,0.5152,0.49,0.0896,189.0
1.0,1.0,3.0,5.0,0.0,2.0,1.0,1.0,0.18,0.1818,0.51,0.2239,25.0
1.0,0.0,2.0,10.0,0.0,4.0,1.0,1.0,0.38,0.3939,0.54,0.194,88.0
3.0,0.0,9.0,19.0,0.0,5.0,1.0,1.0,0.66,0.5909,0.89,0.1642,349.0
4.0,1.0,10.0,7.0,0.0,6.0,0.0,1.0,0.54,0.5152,0.83,0.2985,84.0
3.0,1.0,6.0,15.0,0.0,2.0,1.0,1.0,0.72,0.6515,0.28,0.4627,317.0
1.0,0.0,2.0,20.0,0.0,2.0,1.0,1.0,0.16,0.1364,0.4,0.3284,56.0
3.0,1.0,8.0,18.0,0.0,5.0,1.0,2.0,0.82,0.2424,0.38,0.2537,669.0
3.0,1.0,8.0,18.0,0.0,4.0,1.0,2.0,0.82,0.7576,0.46,0.2537,811.0
3.0,0.0,7.0,20.0,0.0,0.0,0.0,1.0,0.76,0.7121,0.58,0.2537,262.0
2.0,0.0,3.0,22.0,0.0,3.0,1.0,3.0,0.24,0.2273,0.93,0.2239,24.0
1.0,1.0,1.0,15.0,0.0,4.0,1.0,1.0,0.26,0.2273,0.44,0.2985,127.0
1.0,1.0,2.0,21.0,0.0,4.0,1.0,1.0,0.34,0.303,0.46,0.4179,148.0
3.0,1.0,9.0,19.0,0.0,0.0,0.0,2.0,0.7,0.6667,0.84,0.2239,292.0
3.0,0.0,7.0,8.0,0.0,2.0,1.0,1.0,0.76,0.7121,0.58,0.2239,417.0
1.0,0.0,3.0,9.0,0.0,6.0,0.0,1.0,0.28,0.2879,0.65,0.1045,101.0
4.0,1.0,11.0,2.0,0.0,2.0,1.0,1.0,0.24,0.2576,0.65,0.0896,2.0
4.0,0.0,12.0,5.0,0.0,3.0,1.0,2.0,0.26,0.303,0.81,0.0,26.0
2.0,0.0,4.0,1.0,0.0,1.0,1.0,1.0,0.46,0.4545,0.94,0.2836,4.0
4.0,0.0,10.0,23.0,0.0,3.0,1.0,1.0,0.5,0.4848,0.77,0.1045,73.0
3.0,0.0,7.0,1.0,0.0,4.0,1.0,2.0,0.74,0.7273,0.84,0.2239,21.0
3.0,0.0,6.0,4.0,0.0,1.0,1.0,2.0,0.6,0.5606,0.83,0.1642,9.0
2.0,0.0,3.0,15.0,0.0,3.0,1.0,2.0,0.38,0.3939,0.82,0.2239,85.0
3.0,1.0,9.0,20.0,0.0,1.0,1.0,2.0,0.62,0.5909,0.73,0.1343,340.0
3.0,1.0,9.0,6.0,0.0,0.0,0.0,2.0,0.66,0.5909,0.89,0.0,15.0
1.0,1.0,2.0,13.0,0.0,0.0,0.0,1.0,0.32,0.3333,0.36,0.0,325.0
2.0,0.0,4.0,3.0,0.0,2.0,1.0,1.0,0.48,0.4697,0.63,0.2239,3.0
1.0,0.0,2.0,1.0,0.0,1.0,1.0,1.0,0.22,0.2727,0.75,0.0,5.0
4.0,1.0,11.0,21.0,1.0,1.0,0.0,3.0,0.54,0.5152,0.73,0.2239,155.0
4.0,1.0,12.0,8.0,0.0,4.0,1.0,1.0,0.24,0.2273,0.6,0.194,679.0
3.0,0.0,7.0,10.0,0.0,3.0,1.0,1.0,0.76,0.7273,0.7,0.0,110.0
3.0,0.0,8.0,2.0,0.0,3.0,1.0,1.0,0.58,0.5455,0.68,0.1343,6.0
4.0,1.0,11.0,23.0,0.0,6.0,0.0,1.0,0.36,0.3636,0.71,0.1045,146.0
4.0,0.0,10.0,20.0,0.0,5.0,1.0,2.0,0.44,0.4394,0.54,0.2239,184.0
4.0,0.0,10.0,9.0,0.0,1.0,1.0,2.0,0.44,0.4394,0.82,0.1642,195.0
2.0,1.0,4.0,22.0,0.0,4.0,1.0,1.0,0.42,0.4242,0.35,0.194,158.0
1.0,1.0,2.0,11.0,0.0,3.0,1.0,1.0,0.4,0.4091,0.58,0.1642,143.0
2.0,1.0,5.0,11.0,0.0,6.0,0.0,1.0,0.62,0.6212,0.41,0.0896,522.0
4.0,0.0,11.0,1.0,0.0,2.0,1.0,1.0,0.32,0.3333,0.93,0.1045,11.0
4.0,1.0,11.0,2.0,0.0,3.0,1.0,2.0,0.26,0.2576,0.75,0.2239,1.0
3.0,1.0,7.0,2.0,0.0,2.0,1.0,1.0,0.66,0.6061,0.83,0.1642,16.0
1.0,0.0,12.0,18.0,0.0,5.0,1.0,1.0,0.36,0.3333,0.5,0.2537,95.0
4.0,1.0,10.0,20.0,0.0,2.0,1.0,3.0,0.62,0.5455,0.94,0.1343,306.0
1.0,0.0,3.0,6.0,0.0,0.0,0.0,1.0,0.34,0.3636,0.66,0.0,2.0
4.0,1.0,12.0,16.0,0.0,4.0,1.0,2.0,0.34,0.303,0.53,0.3284,302.0
1.0,1.0,1.0,14.0,0.0,3.0,1.0,1.0,0.34,0.3485,0.49,0.0896,160.0
3.0,1.0,6.0,19.0,0.0,6.0,0.0,1.0,0.84,0.7576,0.44,0.2537,374.0
3.0,1.0,8.0,20.0,0.0,6.0,0.0,3.0,0.62,0.5758,0.83,0.2537,241.0
4.0,0.0,10.0,7.0,0.0,2.0,1.0,1.0,0.4,0.4091,0.76,0.194,314.0
2.0,1.0,6.0,1.0,0.0,3.0,1.0,1.0,0.68,0.6364,0.79,0.194,27.0
2.0,1.0,5.0,23.0,0.0,4.0,1.0,2.0,0.64,0.5909,0.78,0.1343,167.0
2.0,0.0,4.0,8.0,0.0,5.0,1.0,2.0,0.26,0.2424,0.87,0.2537,206.0
4.0,0.0,10.0,21.0,0.0,1.0,1.0,1.0,0.5,0.4848,0.77,0.1045,177.0
1.0,1.0,12.0,21.0,0.0,3.0,1.0,2.0,0.3,0.2727,0.87,0.2985,20.0
1.0,1.0,12.0,6.0,0.0,5.0,1.0,1.0,0.22,0.2121,0.64,0.2836,51.0
3.0,0.0,7.0,12.0,0.0,4.0,1.0,1.0,0.74,0.6515,0.35,0.2537,223.0
4.0,1.0,12.0,8.0,0.0,0.0,0.0,2.0,0.26,0.2879,0.93,0.0896,93.0
4.0,1.0,11.0,0.0,0.0,1.0,1.0,1.0,0.36,0.3485,0.66,0.2239,27.0
2.0,0.0,5.0,2.0,0.0,4.0,1.0,1.0,0.62,0.5758,0.83,0.1045,14.0
3.0,1.0,8.0,1.0,0.0,1.0,1.0,1.0,0.66,0.6212,0.65,0.0896,14.0
2.0,1.0,5.0,11.0,1.0,1.0,0.0,1.0,0.72,0.6818,0.66,0.1343,476.0
3.0,1.0,7.0,22.0,0.0,4.0,1.0,1.0,0.8,0.7424,0.49,0.6119,234.0
3.0,1.0,7.0,4.0,0.0,6.0,0.0,3.0,0.58,0.5455,0.88,0.2836,16.0
4.0,0.0,11.0,17.0,0.0,4.0,1.0,3.0,0.36,0.3485,0.81,0.2239,177.0
2.0,0.0,6.0,4.0,0.0,0.0,0.0,2.0,0.66,0.6212,0.74,0.1343,17.0
3.0,1.0,8.0,9.0,0.0,0.0,0.0,1.0,0.68,0.6364,0.79,0.2537,263.0
2.0,1.0,6.0,2.0,0.0,1.0,1.0,1.0,0.56,0.5303,0.6,0.2239,11.0
4.0,1.0,12.0,10.0,0.0,0.0,0.0,2.0,0.4,0.4091,0.87,0.2836,219.0
4.0,0.0,12.0,12.0,0.0,0.0,0.0,1.0,0.26,0.2576,0.6,0.2239,228.0
1.0,0.0,2.0,13.0,0.0,1.0,1.0,3.0,0.46,0.4545,0.94,0.2239,32.0
3.0,0.0,9.0,14.0,0.0,0.0,0.0,1.0,0.78,0.7576,0.66,0.3284,361.0
3.0,0.0,6.0,22.0,0.0,4.0,1.0,2.0,0.7,0.6667,0.74,0.2239,162.0
2.0,0.0,4.0,4.0,0.0,6.0,0.0,1.0,0.24,0.2424,0.7,0.1642,5.0
1.0,0.0,12.0,14.0,0.0,5.0,1.0,2.0,0.4,0.4091,0.47,0.0896,245.0
4.0,0.0,12.0,12.0,0.0,6.0,0.0,1.0,0.36,0.3788,0.5,0.0,358.0
1.0,1.0,2.0,21.0,0.0,5.0,1.0,1.0,0.34,0.3485,0.49,0.1045,134.0
2.0,0.0,4.0,4.0,0.0,3.0,1.0,1.0,0.24,0.2424,0.65,0.1343,1.0
4.0,0.0,11.0,16.0,0.0,2.0,1.0,2.0,0.52,0.5,0.68,0.1343,271.0
4.0,1.0,10.0,2.0,0.0,4.0,1.0,1.0,0.42,0.4242,0.5,0.1343,11.0
4.0,0.0,9.0,18.0,0.0,4.0,1.0,1.0,0.64,0.6212,0.41,0.2239,584.0
2.0,1.0,4.0,20.0,0.0,4.0,1.0,1.0,0.44,0.4394,0.41,0.194,312.0
1.0,1.0,1.0,9.0,0.0,4.0,1.0,2.0,0.3,0.3333,0.81,0.0,274.0
2.0,0.0,5.0,2.0,0.0,2.0,1.0,2.0,0.66,0.5909,0.94,0.1343,12.0
1.0,0.0,2.0,22.0,0.0,4.0,1.0,1.0,0.5,0.4848,0.59,0.2836,76.0
1.0,1.0,2.0,11.0,0.0,0.0,0.0,2.0,0.26,0.2273,0.56,0.3284,226.0
2.0,0.0,3.0,23.0,0.0,2.0,1.0,2.0,0.4,0.4091,0.58,0.2537,32.0
1.0,1.0,1.0,5.0,0.0,6.0,0.0,1.0,0.26,0.2727,0.75,0.1045,9.0
1.0,1.0,2.0,2.0,0.0,0.0,0.0,2.0,0.1,0.0606,0.58,0.5821,27.0
4.0,0.0,11.0,14.0,0.0,0.0,0.0,2.0,0.54,0.5152,0.28,0.4925,371.0
4.0,0.0,9.0,19.0,0.0,5.0,1.0,1.0,0.54,0.5152,0.52,0.2836,374.0
1.0,0.0,1.0,16.0,0.0,2.0,1.0,2.0,0.16,0.1515,0.86,0.2239,76.0
3.0,0.0,8.0,13.0,0.0,0.0,0.0,1.0,0.76,0.6818,0.45,0.3582,431.0
1.0,1.0,1.0,20.0,0.0,0.0,0.0,2.0,0.44,0.4394,0.62,0.2985,83.0
2.0,1.0,4.0,21.0,0.0,5.0,1.0,1.0,0.56,0.5303,0.68,0.1343,287.0
4.0,1.0,10.0,22.0,0.0,5.0,1.0,2.0,0.52,0.5,0.83,0.1343,217.0
1.0,0.0,12.0,9.0,0.0,6.0,0.0,1.0,0.38,0.3939,0.76,0.0,90.0
1.0,0.0,1.0,14.0,0.0,6.0,0.0,2.0,0.22,0.2273,0.6,0.1343,99.0
1.0,1.0,1.0,6.0,0.0,3.0,1.0,1.0,0.24,0.2273,0.73,0.2239,88.0
1.0,0.0,2.0,15.0,0.0,6.0,0.0,2.0,0.36,0.3333,0.4,0.2836,165.0
3.0,0.0,7.0,1.0,0.0,1.0,1.0,2.0,0.76,0.7424,0.75,0.0896,12.0
3.0,1.0,7.0,0.0,0.0,3.0,1.0,1.0,0.72,0.6667,0.58,0.2985,66.0
1.0,1.0,3.0,13.0,0.0,6.0,0.0,1.0,0.44,0.4394,0.51,0.2836,339.0
4.0,0.0,9.0,16.0,0.0,1.0,1.0,1.0,0.7,0.6515,0.65,0.1642,313.0
2.0,1.0,5.0,4.0,0.0,0.0,0.0,1.0,0.62,0.5758,0.83,0.194,11.0
1.0,1.0,3.0,18.0,0.0,1.0,1.0,3.0,0.28,0.2273,0.55,0.6567,375.0
3.0,1.0,7.0,3.0,0.0,0.0,0.0,1.0,0.66,0.6212,0.69,0.2239,55.0
2.0,0.0,5.0,1.0,0.0,6.0,0.0,1.0,0.58,0.5455,0.88,0.194,55.0
2.0,1.0,4.0,16.0,0.0,2.0,1.0,1.0,0.68,0.6212,0.22,0.3582,370.0
3.0,1.0,9.0,18.0,0.0,3.0,1.0,1.0,0.66,0.6212,0.44,0.2537,977.0
2.0,0.0,5.0,3.0,0.0,5.0,1.0,2.0,0.5,0.4848,0.88,0.1343,4.0
4.0,1.0,11.0,17.0,0.0,5.0,1.0,1.0,0.38,0.3939,0.4,0.3284,638.0
1.0,1.0,1.0,10.0,1.0,1.0,0.0,2.0,0.14,0.1364,0.59,0.194,126.0
2.0,0.0,6.0,10.0,0.0,4.0,1.0,2.0,0.66,0.6212,0.61,0.2537,121.0
4.0,1.0,11.0,4.0,0.0,0.0,0.0,2.0,0.3,0.2879,0.81,0.194,12.0
1.0,1.0,3.0,0.0,0.0,0.0,0.0,1.0,0.46,0.4545,0.88,0.194,107.0
4.0,0.0,11.0,16.0,0.0,1.0,1.0,1.0,0.56,0.5303,0.6,0.194,264.0
2.0,0.0,6.0,5.0,0.0,4.0,1.0,1.0,0.6,0.6061,0.64,0.194,25.0
4.0,0.0,11.0,16.0,0.0,3.0,1.0,2.0,0.4,0.4091,0.62,0.4627,173.0
3.0,1.0,7.0,23.0,0.0,1.0,1.0,1.0,0.74,0.6667,0.51,0.1045,102.0
3.0,0.0,7.0,6.0,0.0,1.0,1.0,1.0,0.68,0.6364,0.74,0.194,121.0
4.0,0.0,11.0,10.0,0.0,3.0,1.0,1.0,0.4,0.4091,0.76,0.1045,105.0
4.0,1.0,10.0,22.0,0.0,4.0,1.0,2.0,0.54,0.5152,0.83,0.0896,207.0
4.0,1.0,10.0,2.0,0.0,0.0,0.0,2.0,0.5,0.4848,0.68,0.2985,116.0
1.0,0.0,1.0,10.0,0.0,6.0,0.0,2.0,0.04,0.0606,0.41,0.1642,53.0
1.0,0.0,12.0,13.0,0.0,3.0,1.0,3.0,0.44,0.4394,0.94,0.2985,58.0
4.0,0.0,10.0,18.0,0.0,3.0,1.0,1.0,0.52,0.5,0.77,0.1642,453.0
4.0,0.0,10.0,20.0,0.0,5.0,1.0,1.0,0.54,0.5152,0.49,0.0,197.0
2.0,1.0,5.0,4.0,0.0,3.0,1.0,3.0,0.58,0.5455,0.83,0.194,3.0
2.0,0.0,5.0,4.0,0.0,4.0,1.0,1.0,0.6,0.5455,0.88,0.0,2.0
2.0,0.0,4.0,13.0,0.0,3.0,1.0,1.0,0.7,0.6515,0.48,0.3881,177.0
4.0,1.0,12.0,16.0,0.0,5.0,1.0,1.0,0.36,0.3485,0.76,0.1343,375.0
4.0,0.0,10.0,12.0,0.0,2.0,1.0,2.0,0.62,0.6212,0.43,0.0896,201.0
2.0,0.0,5.0,22.0,0.0,3.0,1.0,1.0,0.52,0.5,0.83,0.0,117.0
1.0,1.0,2.0,2.0,0.0,1.0,1.0,1.0,0.26,0.2273,0.7,0.2985,4.0
1.0,0.0,1.0,2.0,0.0,2.0,1.0,1.0,0.14,0.1515,0.63,0.1343,1.0
4.0,1.0,9.0,2.0,0.0,2.0,1.0,1.0,0.42,0.4242,0.77,0.1343,14.0
2.0,0.0,4.0,6.0,0.0,5.0,1.0,1.0,0.34,0.3182,0.53,0.2836,49.0
4.0,0.0,10.0,19.0,0.0,6.0,0.0,1.0,0.54,0.5152,0.68,0.1343,248.0
1.0,1.0,1.0,0.0,1.0,1.0,0.0,1.0,0.14,0.1515,0.46,0.1343,25.0
2.0,1.0,4.0,1.0,0.0,1.0,1.0,3.0,0.42,0.4242,0.88,0.0896,5.0
2.0,1.0,3.0,3.0,0.0,2.0,1.0,1.0,0.26,0.2273,0.3,0.3284,4.0
4.0,0.0,12.0,9.0,0.0,4.0,1.0,1.0,0.3,0.2727,0.52,0.3284,224.0
3.0,0.0,9.0,7.0,0.0,5.0,1.0,1.0,0.4,0.4091,0.71,0.2836,299.0
4.0,1.0,10.0,0.0,0.0,1.0,1.0,1.0,0.46,0.4545,0.72,0.1045,45.0
3.0,0.0,9.0,22.0,0.0,6.0,0.0,1.0,0.5,0.4848,0.72,0.2239,143.0
2.0,1.0,5.0,9.0,0.0,2.0,1.0,2.0,0.54,0.5152,0.88,0.194,349.0
1.0,0.0,2.0,18.0,0.0,5.0,1.0,1.0,0.64,0.6212,0.33,0.3284,224.0
2.0,1.0,3.0,3.0,0.0,0.0,0.0,3.0,0.42,0.4242,0.94,0.2985,18.0
1.0,1.0,2.0,9.0,0.0,3.0,1.0,1.0,0.32,0.3333,0.7,0.0896,252.0
1.0,0.0,12.0,0.0,0.0,4.0,1.0,2.0,0.22,0.2273,0.47,0.194,28.0
1.0,1.0,2.0,6.0,0.0,2.0,1.0,1.0,0.2,0.2576,0.75,0.0,86.0
4.0,0.0,12.0,18.0,0.0,2.0,1.0,2.0,0.46,0.4545,1.0,0.2836,304.0
1.0,1.0,2.0,1.0,1.0,1.0,0.0,2.0,0.24,0.2576,0.87,0.0896,15.0
1.0,0.0,2.0,2.0,0.0,6.0,0.0,1.0,0.22,0.197,0.6,0.3582,12.0
2.0,1.0,5.0,4.0,0.0,6.0,0.0,1.0,0.44,0.4394,0.67,0.1045,9.0
3.0,1.0,9.0,18.0,0.0,4.0,1.0,1.0,0.6,0.6212,0.56,0.2537,900.0
1.0,1.0,2.0,21.0,0.0,1.0,1.0,1.0,0.32,0.3182,0.57,0.1642,154.0
4.0,1.0,10.0,9.0,0.0,3.0,1.0,1.0,0.34,0.3333,0.76,0.1343,297.0
3.0,1.0,8.0,18.0,0.0,1.0,1.0,1.0,0.78,0.7121,0.52,0.2537,834.0
4.0,1.0,11.0,0.0,0.0,2.0,1.0,1.0,0.32,0.3333,0.7,0.1343,29.0
1.0,0.0,2.0,0.0,0.0,5.0,1.0,3.0,0.32,0.3485,0.93,0.0,9.0
2.0,1.0,6.0,1.0,0.0,0.0,0.0,1.0,0.56,0.5303,0.6,0.1642,88.0
3.0,0.0,8.0,5.0,0.0,4.0,1.0,1.0,0.64,0.5909,0.78,0.2836,27.0
1.0,0.0,1.0,3.0,0.0,0.0,0.0,1.0,0.1,0.0758,0.46,0.4179,4.0
4.0,0.0,10.0,11.0,0.0,6.0,0.0,3.0,0.26,0.2273,0.93,0.3881,27.0
1.0,0.0,12.0,16.0,0.0,4.0,1.0,1.0,0.3,0.303,0.52,0.1642,177.0
4.0,1.0,11.0,22.0,0.0,2.0,1.0,1.0,0.26,0.2273,0.56,0.3284,135.0
2.0,1.0,5.0,10.0,0.0,3.0,1.0,1.0,0.62,0.5909,0.78,0.0896,191.0
1.0,1.0,2.0,6.0,0.0,0.0,0.0,1.0,0.22,0.197,0.44,0.3284,2.0
3.0,0.0,7.0,6.0,0.0,1.0,1.0,2.0,0.72,0.7121,0.84,0.0896,107.0
4.0,1.0,12.0,11.0,0.0,4.0,1.0,1.0,0.26,0.2576,0.48,0.1642,178.0
3.0,1.0,7.0,11.0,0.0,5.0,1.0,3.0,0.72,0.697,0.74,0.194,212.0
3.0,1.0,9.0,23.0,0.0,0.0,0.0,3.0,0.66,0.5909,0.89,0.0896,123.0
1.0,0.0,2.0,8.0,0.0,6.0,0.0,2.0,0.24,0.2879,0.6,0.0,57.0
2.0,0.0,6.0,20.0,0.0,2.0,1.0,1.0,0.6,0.6212,0.56,0.1642,297.0
1.0,1.0,2.0,22.0,0.0,4.0,1.0,1.0,0.32,0.2879,0.49,0.4179,109.0
3.0,0.0,7.0,7.0,0.0,6.0,0.0,1.0,0.76,0.7273,0.66,0.194,42.0
2.0,0.0,3.0,10.0,0.0,1.0,1.0,1.0,0.24,0.2273,0.3,0.194,69.0
2.0,1.0,6.0,18.0,0.0,5.0,1.0,1.0,0.72,0.6515,0.39,0.2239,693.0
2.0,0.0,6.0,22.0,0.0,6.0,0.0,2.0,0.72,0.6818,0.62,0.1343,161.0
1.0,1.0,3.0,5.0,0.0,5.0,1.0,3.0,0.4,0.4091,0.66,0.2836,29.0
4.0,1.0,10.0,22.0,0.0,1.0,1.0,3.0,0.54,0.5152,0.77,0.0896,207.0
1.0,0.0,2.0,22.0,0.0,6.0,0.0,1.0,0.24,0.2576,0.44,0.0896,45.0
3.0,1.0,7.0,11.0,0.0,2.0,1.0,2.0,0.86,0.803,0.47,0.0,206.0
2.0,1.0,5.0,5.0,0.0,2.0,1.0,3.0,0.56,0.5303,0.88,0.194,17.0
1.0,1.0,1.0,17.0,0.0,2.0,1.0,1.0,0.42,0.4242,0.38,0.2537,460.0
4.0,0.0,10.0,15.0,0.0,3.0,1.0,3.0,0.54,0.5152,1.0,0.1343,120.0
4.0,0.0,11.0,7.0,0.0,6.0,0.0,1.0,0.26,0.2727,0.87,0.1045,17.0
2.0,1.0,5.0,7.0,0.0,3.0,1.0,1.0,0.56,0.5303,0.83,0.0,440.0
1.0,1.0,1.0,12.0,0.0,6.0,0.0,1.0,0.4,0.4091,0.43,0.2239,376.0
2.0,0.0,5.0,12.0,0.0,6.0,0.0,1.0,0.66,0.6212,0.5,0.0,493.0
1.0,1.0,1.0,18.0,0.0,2.0,1.0,1.0,0.54,0.5152,0.24,0.3582,502.0
3.0,1.0,7.0,13.0,0.0,2.0,1.0,1.0,0.8,0.7576,0.55,0.2836,288.0
2.0,1.0,6.0,4.0,0.0,3.0,1.0,1.0,0.66,0.6061,0.83,0.0896,7.0
1.0,1.0,3.0,11.0,0.0,2.0,1.0,1.0,0.58,0.5455,0.83,0.1343,230.0
3.0,1.0,6.0,5.0,0.0,4.0,1.0,1.0,0.7,0.6667,0.84,0.1045,40.0
3.0,1.0,7.0,4.0,0.0,6.0,0.0,1.0,0.74,0.7121,0.74,0.1642,16.0
2.0,1.0,4.0,18.0,0.0,6.0,0.0,1.0,0.54,0.5152,0.18,0.2985,517.0
3.0,1.0,7.0,8.0,0.0,3.0,1.0,2.0,0.68,0.6364,0.79,0.1642,674.0
4.0,0.0,10.0,22.0,0.0,5.0,1.0,1.0,0.46,0.4545,0.59,0.2239,143.0
3.0,1.0,8.0,1.0,0.0,6.0,0.0,1.0,0.72,0.7121,0.84,0.194,122.0
2.0,1.0,4.0,1.0,0.0,2.0,1.0,1.0,0.42,0.4242,0.5,0.2239,9.0
3.0,0.0,7.0,15.0,0.0,3.0,1.0,1.0,0.86,0.7424,0.26,0.2537,140.0
3.0,0.0,7.0,1.0,0.0,1.0,1.0,1.0,0.7,0.6515,0.61,0.2836,10.0
3.0,1.0,8.0,13.0,0.0,1.0,1.0,1.0,0.7,0.6515,0.58,0.1343,291.0
2.0,0.0,3.0,9.0,0.0,5.0,1.0,1.0,0.24,0.2121,0.48,0.2985,166.0
1.0,0.0,3.0,1.0,0.0,5.0,1.0,3.0,0.34,0.3485,1.0,0.1045,8.0
1.0,1.0,2.0,20.0,0.0,0.0,0.0,1.0,0.14,0.1212,0.42,0.3284,57.0
2.0,0.0,4.0,16.0,0.0,3.0,1.0,1.0,0.46,0.4545,0.67,0.2836,142.0
3.0,0.0,9.0,18.0,1.0,1.0,0.0,1.0,0.66,0.5909,0.89,0.0896,123.0
2.0,0.0,6.0,1.0,0.0,6.0,0.0,1.0,0.7,0.6667,0.79,0.0896,77.0
2.0,0.0,5.0,4.0,0.0,6.0,0.0,1.0,0.56,0.5303,0.88,0.2537,4.0
1.0,0.0,1.0,13.0,0.0,1.0,1.0,2.0,0.2,0.1818,0.4,0.2836,54.0
2.0,1.0,6.0,5.0,0.0,5.0,1.0,1.0,0.5,0.4848,0.72,0.1045,29.0
2.0,1.0,4.0,5.0,0.0,4.0,1.0,2.0,0.48,0.4697,0.63,0.1343,17.0
2.0,0.0,5.0,18.0,0.0,6.0,0.0,1.0,0.72,0.6818,0.62,0.2537,385.0
2.0,0.0,4.0,12.0,0.0,4.0,1.0,1.0,0.46,0.4545,0.38,0.1642,199.0
1.0,1.0,2.0,1.0,0.0,0.0,0.0,2.0,0.32,0.303,0.39,0.2537,72.0
2.0,0.0,5.0,6.0,0.0,3.0,1.0,1.0,0.52,0.5,1.0,0.1343,101.0
2.0,1.0,5.0,18.0,0.0,2.0,1.0,1.0,0.7,0.6515,0.54,0.1343,743.0
2.0,1.0,4.0,2.0,0.0,0.0,0.0,2.0,0.36,0.3485,0.76,0.1642,81.0
3.0,1.0,8.0,21.0,0.0,6.0,0.0,1.0,0.8,0.7727,0.59,0.2537,289.0
4.0,1.0,11.0,13.0,0.0,5.0,1.0,1.0,0.42,0.4242,0.38,0.194,278.0
4.0,0.0,12.0,15.0,0.0,0.0,0.0,1.0,0.42,0.4242,0.62,0.194,296.0
4.0,1.0,10.0,9.0,0.0,0.0,0.0,3.0,0.4,0.4091,0.71,0.1343,86.0
3.0,0.0,7.0,22.0,0.0,5.0,1.0,1.0,0.7,0.6364,0.42,0.0,222.0
3.0,0.0,8.0,21.0,0.0,3.0,1.0,1.0,0.66,0.6212,0.61,0.0896,201.0
1.0,0.0,3.0,14.0,0.0,0.0,0.0,3.0,0.44,0.4394,1.0,0.2239,39.0
4.0,0.0,12.0,19.0,0.0,1.0,1.0,2.0,0.46,0.4545,0.77,0.0,308.0
4.0,0.0,9.0,10.0,0.0,1.0,1.0,2.0,0.64,0.5758,0.89,0.194,154.0
4.0,0.0,10.0,23.0,1.0,1.0,0.0,2.0,0.54,0.5152,0.88,0.1045,75.0
2.0,0.0,5.0,1.0,0.0,4.0,1.0,1.0,0.46,0.4545,0.88,0.2239,17.0
1.0,1.0,1.0,12.0,1.0,1.0,0.0,1.0,0.28,0.2727,0.36,0.2537,202.0
1.0,1.0,12.0,14.0,0.0,3.0,1.0,3.0,0.22,0.2121,0.93,0.2537,20.0
3.0,1.0,7.0,21.0,0.0,0.0,0.0,1.0,0.76,0.7273,0.7,0.1343,207.0
1.0,0.0,2.0,14.0,0.0,6.0,0.0,1.0,0.34,0.3182,0.31,0.2836,120.0
2.0,0.0,4.0,15.0,0.0,6.0,0.0,3.0,0.34,0.303,0.76,0.3881,136.0
1.0,1.0,3.0,2.0,0.0,3.0,1.0,1.0,0.5,0.4848,0.68,0.194,2.0
3.0,1.0,8.0,19.0,0.0,0.0,0.0,1.0,0.7,0.6667,0.84,0.2239,185.0
3.0,1.0,8.0,17.0,0.0,6.0,0.0,1.0,0.76,0.6667,0.37,0.2239,635.0
3.0,1.0,9.0,5.0,0.0,0.0,0.0,1.0,0.66,0.5909,0.89,0.0,12.0
4.0,0.0,10.0,16.0,0.0,1.0,1.0,1.0,0.54,0.5152,0.64,0.194,310.0
3.0,0.0,8.0,21.0,0.0,3.0,1.0,1.0,0.7,0.6515,0.61,0.3582,236.0
4.0,1.0,12.0,6.0,0.0,3.0,1.0,2.0,0.26,0.2424,0.6,0.2537,128.0
1.0,0.0,1.0,17.0,0.0,4.0,1.0,1.0,0.22,0.2424,0.55,0.1045,84.0
4.0,0.0,11.0,20.0,0.0,0.0,0.0,1.0,0.5,0.4848,0.63,0.2537,104.0
4.0,0.0,11.0,13.0,0.0,2.0,1.0,1.0,0.48,0.4697,0.55,0.194,167.0
3.0,1.0,8.0,15.0,0.0,2.0,1.0,1.0,0.82,0.7576,0.46,0.2239,283.0
3.0,1.0,9.0,11.0,0.0,3.0,1.0,1.0,0.6,0.6212,0.43,0.2537,247.0
4.0,0.0,10.0,19.0,0.0,1.0,1.0,1.0,0.4,0.4091,0.76,0.0,315.0
4.0,1.0,12.0,12.0,0.0,4.0,1.0,1.0,0.28,0.3182,0.41,0.0,235.0
4.0,0.0,10.0,18.0,0.0,5.0,1.0,1.0,0.54,0.5152,0.39,0.2836,423.0
1.0,0.0,2.0,17.0,0.0,4.0,1.0,2.0,0.58,0.5455,0.32,0.2985,274.0
1.0,1.0,1.0,1.0,0.0,4.0,1.0,1.0,0.14,0.1515,0.5,0.1642,5.0
