,0,1,2,3,4,5,6,7,8,9,10,11,12,13,14,15,16,17,18,19
0,0.0,0.0,1.0,0.0,1.5066332,1.0,2.0,2.0,1.0,1.0,1.0,1.0,1.0,1.0,2.0,0.0,0.0,-1.3526859,-0.2751862,0.0
1,1.0,0.0,1.0,0.0,-0.37366074,1.0,0.0,2.0,1.0,1.0,1.0,1.0,1.0,1.0,1.0,0.0,1.0,-1.5179937,-0.7890645,0.0
2,0.0,1.0,1.0,0.0,0.6073622,1.0,2.0,1.0,2.0,0.0,0.0,0.0,0.0,0.0,0.0,0.0,2.0,0.52080226,0.69602865,1.0
3,1.0,0.0,0.0,1.0,-0.9868001,0.0,1.0,0.0,2.0,0.0,0.0,2.0,0.0,2.0,2.0,1.0,3.0,-0.67475706,-0.85254335,0.0
4,0.0,0.0,1.0,1.0,1.629261,1.0,2.0,0.0,2.0,2.0,2.0,2.0,2.0,2.0,2.0,0.0,1.0,0.87479466,1.952976,0.0
5,1.0,0.0,1.0,0.0,0.8934939,1.0,2.0,1.0,0.0,2.0,2.0,0.0,2.0,2.0,0.0,1.0,2.0,1.3206247,1.341845,1.0
6,1.0,0.0,0.0,1.0,-0.7824203,1.0,0.0,1.0,0.0,0.0,0.0,0.0,2.0,0.0,0.0,1.0,1.0,0.45234147,-0.5454882,0.0
7,0.0,0.0,1.0,1.0,-1.1503038,1.0,2.0,0.0,0.0,0.0,0.0,0.0,0.0,0.0,0.0,0.0,3.0,-0.46436533,-0.89874613,1.0
8,0.0,0.0,1.0,0.0,0.4029824,1.0,2.0,2.0,1.0,1.0,1.0,1.0,1.0,1.0,2.0,0.0,2.0,-1.3192904,-0.5124703,0.0
9,0.0,0.0,0.0,0.0,-0.6597924,1.0,2.0,1.0,0.0,0.0,0.0,0.0,0.0,0.0,0.0,0.0,2.0,0.26365682,-0.47418287,1.0
10,1.0,0.0,0.0,0.0,-1.2729317,1.0,0.0,1.0,0.0,0.0,0.0,0.0,0.0,0.0,0.0,1.0,2.0,0.17181917,-0.974187,0.0
11,0.0,0.0,1.0,1.0,1.1796255,1.0,2.0,0.0,2.0,2.0,2.0,2.0,0.0,2.0,1.0,1.0,2.0,0.48907652,1.138357,0.0
12,1.0,0.0,0.0,0.0,0.9752458,1.0,2.0,1.0,0.0,2.0,0.0,2.0,0.0,2.0,0.0,1.0,2.0,0.99167895,1.2735636,1.0
13,0.0,0.0,0.0,0.0,-1.1911799,1.0,0.0,1.0,0.0,0.0,0.0,0.0,0.0,0.0,0.0,1.0,2.0,0.18350759,-0.9031263,0.0
14,0.0,0.0,0.0,1.0,0.07597478,1.0,2.0,1.0,2.0,2.0,2.0,2.0,2.0,2.0,2.0,1.0,1.0,1.7163615,0.7498578,0.0
15,0.0,0.0,1.0,1.0,-1.1503038,1.0,2.0,0.0,0.0,2.0,0.0,2.0,0.0,0.0,0.0,1.0,3.0,-0.20888966,-0.90528303,0.0
16,1.0,0.0,0.0,0.0,-0.4962886,1.0,0.0,2.0,1.0,1.0,1.0,1.0,1.0,1.0,0.0,1.0,1.0,-1.5079751,-0.8468958,0.0
17,1.0,0.0,0.0,0.0,-1.2729317,1.0,0.0,2.0,1.0,1.0,1.0,1.0,1.0,1.0,0.0,0.0,3.0,-1.4929471,-0.9963546,0.0
18,0.0,0.0,1.0,1.0,-0.08752905,1.0,2.0,1.0,0.0,0.0,2.0,0.0,2.0,2.0,0.0,1.0,2.0,1.1786939,0.34930754,1.0
19,0.0,0.0,1.0,1.0,1.5883851,1.0,2.0,0.0,2.0,2.0,2.0,2.0,2.0,2.0,2.0,0.0,0.0,0.83972937,1.8152348,0.0
20,0.0,0.0,1.0,1.0,0.6891141,0.0,1.0,0.0,2.0,0.0,0.0,2.0,0.0,0.0,1.0,1.0,1.0,-0.96696776,-0.21284135,0.0
21,1.0,0.0,0.0,0.0,-1.1911799,1.0,0.0,2.0,1.0,1.0,1.0,1.0,1.0,1.0,0.0,1.0,3.0,-1.5246729,-0.9816799,0.0
22,1.0,0.0,0.0,0.0,-0.53716457,1.0,0.0,1.0,0.0,0.0,0.0,2.0,0.0,2.0,1.0,1.0,1.0,0.76625925,-0.23776595,0.0
23,0.0,0.0,1.0,1.0,-0.37366074,1.0,0.0,1.0,0.0,0.0,2.0,0.0,0.0,0.0,0.0,1.0,1.0,0.35215494,-0.24801594,0.0
24,0.0,0.0,0.0,0.0,-0.8641722,1.0,0.0,0.0,0.0,0.0,0.0,0.0,0.0,0.0,0.0,1.0,3.0,-0.6714175,-0.7952679,0.0
25,0.0,0.0,0.0,0.0,-0.9868001,1.0,0.0,0.0,0.0,0.0,0.0,0.0,0.0,0.0,0.0,0.0,3.0,-0.6780966,-0.84104824,0.0
26,0.0,1.0,0.0,0.0,0.2394786,1.0,0.0,0.0,2.0,2.0,0.0,0.0,0.0,0.0,0.0,1.0,1.0,-0.2539736,-0.0044395914,1.0
27,0.0,0.0,1.0,0.0,0.116850734,1.0,0.0,0.0,0.0,2.0,0.0,2.0,0.0,0.0,0.0,0.0,2.0,-0.26399225,-0.17766674,0.0
28,0.0,0.0,1.0,1.0,-0.046653092,1.0,2.0,1.0,0.0,2.0,0.0,0.0,0.0,2.0,0.0,1.0,2.0,0.8814738,0.326762,1.0
29,0.0,1.0,0.0,0.0,1.5066332,1.0,2.0,1.0,2.0,0.0,2.0,2.0,2.0,2.0,2.0,0.0,1.0,1.5193281,2.315439,0.0
30,0.0,0.0,1.0,0.0,-1.2320558,1.0,0.0,1.0,2.0,0.0,0.0,0.0,0.0,0.0,0.0,1.0,2.0,0.32209897,-0.94328135,1.0
31,1.0,0.0,1.0,1.0,0.9752458,1.0,2.0,2.0,1.0,1.0,1.0,1.0,1.0,1.0,2.0,0.0,0.0,-1.3560255,-0.38171056,0.0
32,1.0,0.0,0.0,0.0,-1.2729317,1.0,0.0,0.0,0.0,0.0,0.0,0.0,0.0,0.0,0.0,1.0,3.0,-0.64136153,-0.9850151,0.0
33,0.0,0.0,1.0,1.0,1.0569977,1.0,0.0,2.0,1.0,1.0,1.0,1.0,1.0,1.0,2.0,0.0,1.0,-1.4845982,-0.48910207,0.0
34,1.0,0.0,0.0,0.0,0.56648624,1.0,0.0,0.0,0.0,0.0,0.0,0.0,0.0,0.0,0.0,1.0,1.0,-0.65304995,-0.08692871,0.0
35,0.0,0.0,1.0,1.0,1.4248813,1.0,2.0,1.0,2.0,0.0,0.0,2.0,2.0,2.0,2.0,0.0,1.0,1.400774,2.1117508,0.0
36,1.0,0.0,1.0,0.0,0.44385839,1.0,0.0,1.0,2.0,0.0,2.0,2.0,0.0,0.0,1.0,1.0,0.0,0.6510448,0.5685818,0.0
37,1.0,0.0,0.0,0.0,-0.45541266,1.0,2.0,1.0,0.0,2.0,0.0,0.0,0.0,0.0,0.0,1.0,2.0,0.58759326,-0.18133539,1.0
38,0.0,0.0,0.0,0.0,0.28035456,1.0,0.0,2.0,1.0,1.0,1.0,1.0,1.0,1.0,2.0,0.0,1.0,-1.47124,-0.6662202,0.0
39,1.0,0.0,0.0,0.0,0.03509882,1.0,0.0,1.0,0.0,2.0,0.0,2.0,0.0,0.0,2.0,0.0,0.0,0.52915114,0.17363462,0.0
40,1.0,0.0,0.0,0.0,1.4248813,1.0,0.0,2.0,1.0,1.0,1.0,1.0,1.0,1.0,2.0,0.0,0.0,-1.4779191,-0.3689481,0.0
41,1.0,0.0,0.0,0.0,-1.2320558,1.0,0.0,1.0,0.0,0.0,0.0,0.0,0.0,0.0,0.0,0.0,1.0,0.19853558,-0.94270325,1.0
42,0.0,0.0,0.0,1.0,-1.1503038,1.0,0.0,2.0,1.0,1.0,1.0,1.0,1.0,1.0,1.0,1.0,3.0,-1.4812586,-0.9675834,0.0
43,1.0,0.0,1.0,1.0,-0.16928096,1.0,2.0,1.0,0.0,0.0,0.0,0.0,2.0,2.0,1.0,0.0,0.0,0.9165391,0.13674799,0.0
44,1.0,0.0,0.0,1.0,-0.33278477,0.0,1.0,0.0,2.0,0.0,0.0,2.0,0.0,0.0,2.0,0.0,3.0,-0.9686376,-0.635826,0.0
45,0.0,0.0,0.0,0.0,0.03509882,1.0,2.0,1.0,2.0,0.0,0.0,0.0,0.0,2.0,0.0,1.0,2.0,0.864776,0.32416058,0.0
46,0.0,0.0,0.0,0.0,-0.7824203,1.0,0.0,0.0,2.0,0.0,0.0,2.0,0.0,0.0,1.0,0.0,3.0,-0.32076463,-0.6749138,0.0
47,0.0,0.0,0.0,0.0,-1.2729317,1.0,2.0,1.0,0.0,0.0,0.0,0.0,0.0,2.0,0.0,1.0,2.0,0.6760914,-0.96747226,1.0
48,1.0,0.0,0.0,1.0,0.2394786,1.0,2.0,1.0,0.0,2.0,0.0,0.0,0.0,0.0,0.0,1.0,3.0,0.57089555,0.3917972,0.0
49,1.0,0.0,0.0,0.0,-1.1503038,1.0,0.0,1.0,0.0,0.0,2.0,2.0,0.0,2.0,0.0,1.0,2.0,0.85642713,-0.8466735,0.0
50,1.0,0.0,0.0,0.0,1.629261,0.0,1.0,0.0,2.0,2.0,2.0,2.0,2.0,2.0,2.0,1.0,0.0,0.028218465,1.0253848,0.0
51,1.0,0.0,0.0,0.0,-0.53716457,1.0,2.0,1.0,0.0,2.0,0.0,0.0,2.0,2.0,0.0,1.0,2.0,1.1753542,-0.14624973,1.0
52,0.0,0.0,1.0,1.0,1.5883851,1.0,2.0,1.0,2.0,0.0,2.0,2.0,0.0,2.0,2.0,0.0,2.0,1.192052,2.1785426,0.0
53,1.0,1.0,1.0,0.0,-0.7824203,1.0,0.0,1.0,0.0,2.0,0.0,2.0,0.0,2.0,0.0,1.0,0.0,0.8113432,-0.48527777,1.0
54,0.0,0.0,1.0,1.0,-0.9459241,1.0,0.0,2.0,1.0,1.0,1.0,1.0,1.0,1.0,2.0,0.0,3.0,-1.4829284,-0.9202911,0.0
55,1.0,0.0,1.0,1.0,1.3431294,1.0,0.0,2.0,1.0,1.0,1.0,1.0,1.0,1.0,2.0,1.0,1.0,-1.4996262,-0.44183204,0.0
56,1.0,1.0,0.0,0.0,0.8934939,1.0,0.0,0.0,0.0,0.0,2.0,2.0,0.0,2.0,1.0,0.0,0.0,0.016530037,0.5644463,0.0
57,1.0,0.0,1.0,1.0,-0.41453668,1.0,0.0,0.0,0.0,0.0,0.0,2.0,0.0,0.0,0.0,1.0,2.0,-0.45601645,-0.45701802,0.0
58,0.0,0.0,0.0,0.0,-0.82329625,0.0,1.0,0.0,0.0,2.0,2.0,2.0,2.0,2.0,1.0,0.0,2.0,-0.13708931,-0.6747359,0.0
59,0.0,0.0,0.0,1.0,-0.6597924,1.0,0.0,1.0,0.0,0.0,0.0,0.0,2.0,0.0,0.0,1.0,2.0,0.5425093,-0.4217767,1.0
60,1.0,0.0,1.0,1.0,0.8526179,1.0,2.0,0.0,2.0,0.0,0.0,2.0,0.0,2.0,0.0,0.0,2.0,0.23694041,0.69694024,0.0
61,0.0,1.0,1.0,0.0,1.3840053,1.0,2.0,0.0,0.0,2.0,2.0,0.0,2.0,0.0,1.0,1.0,0.0,0.2035449,1.1020263,0.0
62,1.0,0.0,1.0,1.0,1.3840053,1.0,2.0,2.0,1.0,1.0,1.0,1.0,1.0,1.0,1.0,1.0,1.0,-1.3042624,-0.24283536,0.0
63,0.0,0.0,0.0,0.0,-0.41453668,1.0,2.0,1.0,0.0,0.0,0.0,0.0,0.0,0.0,1.0,1.0,1.0,0.3755318,-0.21212985,0.0
64,1.0,0.0,0.0,0.0,-1.2729317,1.0,0.0,0.0,0.0,0.0,0.0,0.0,0.0,0.0,0.0,1.0,3.0,-0.66306865,-0.9853041,0.0
65,1.0,0.0,1.0,1.0,1.3431294,1.0,2.0,1.0,2.0,2.0,2.0,2.0,0.0,0.0,2.0,0.0,1.0,0.99501854,1.6978601,0.0
66,1.0,0.0,1.0,0.0,1.629261,1.0,2.0,0.0,0.0,2.0,2.0,2.0,2.0,2.0,2.0,1.0,0.0,0.6811007,1.8034506,0.0
67,1.0,0.0,1.0,0.0,-1.068552,1.0,0.0,1.0,0.0,2.0,2.0,0.0,0.0,2.0,0.0,1.0,2.0,0.8764645,-0.7691426,1.0
68,1.0,0.0,1.0,1.0,1.4248813,1.0,0.0,0.0,2.0,2.0,2.0,0.0,2.0,2.0,2.0,0.0,1.0,0.5541978,1.3954074,0.0
69,0.0,0.0,0.0,0.0,0.56648624,1.0,0.0,1.0,0.0,2.0,2.0,2.0,2.0,2.0,2.0,1.0,0.0,1.3239644,1.175555,0.0
70,0.0,0.0,1.0,1.0,0.81174195,1.0,2.0,2.0,1.0,1.0,1.0,1.0,1.0,1.0,2.0,1.0,0.0,-1.3259696,-0.44040903,0.0
71,0.0,0.0,1.0,0.0,-1.2320558,1.0,0.0,1.0,2.0,2.0,0.0,0.0,2.0,0.0,0.0,0.0,2.0,0.85475737,-0.920558,0.0
72,0.0,0.0,0.0,0.0,-0.7006684,1.0,2.0,0.0,0.0,0.0,0.0,0.0,0.0,0.0,0.0,1.0,2.0,-0.5228075,-0.7030846,1.0
73,0.0,0.0,0.0,0.0,-1.2729317,1.0,0.0,2.0,1.0,1.0,1.0,1.0,1.0,1.0,0.0,0.0,3.0,-1.4812586,-0.9961989,1.0
74,1.0,1.0,1.0,0.0,-1.027676,1.0,2.0,1.0,0.0,0.0,0.0,0.0,0.0,0.0,0.0,1.0,2.0,0.35549447,-0.76823103,0.0
75,1.0,0.0,1.0,0.0,1.629261,1.0,2.0,1.0,0.0,2.0,2.0,2.0,2.0,2.0,2.0,1.0,1.0,1.5310165,2.5354025,0.0
76,1.0,0.0,1.0,1.0,0.81174195,0.0,1.0,0.0,2.0,0.0,2.0,0.0,0.0,2.0,1.0,0.0,0.0,-0.6847757,0.0068776486,0.0
77,0.0,0.0,1.0,1.0,1.629261,1.0,2.0,2.0,1.0,1.0,1.0,1.0,1.0,1.0,2.0,1.0,0.0,-1.2858949,-0.12121394,0.0
78,1.0,0.0,1.0,0.0,1.5883851,1.0,0.0,0.0,2.0,2.0,2.0,2.0,2.0,2.0,2.0,1.0,0.0,0.71282643,1.6832522,0.0
79,1.0,0.0,1.0,0.0,1.1387496,1.0,0.0,2.0,1.0,1.0,1.0,1.0,1.0,1.0,2.0,0.0,3.0,-1.4962866,-0.44578972,0.0
80,0.0,1.0,1.0,0.0,0.4029824,1.0,0.0,1.0,2.0,0.0,0.0,0.0,0.0,0.0,0.0,1.0,1.0,0.3137501,0.43079612,1.0
81,1.0,1.0,1.0,0.0,-0.90504813,1.0,2.0,1.0,0.0,0.0,0.0,0.0,0.0,2.0,0.0,1.0,2.0,0.73119396,-0.6243309,1.0
82,0.0,0.0,1.0,1.0,-0.90504813,1.0,2.0,1.0,2.0,0.0,0.0,0.0,2.0,2.0,0.0,1.0,2.0,1.185373,-0.53183633,1.0
83,1.0,1.0,1.0,0.0,1.0978737,1.0,0.0,1.0,2.0,2.0,2.0,0.0,0.0,0.0,1.0,1.0,1.0,0.6076306,1.175088,0.0
84,1.0,0.0,0.0,1.0,0.48473433,1.0,0.0,2.0,1.0,1.0,1.0,1.0,1.0,1.0,2.0,0.0,0.0,-1.5096449,-0.6406508,0.0
85,0.0,0.0,0.0,0.0,-0.9868001,1.0,0.0,0.0,2.0,0.0,0.0,2.0,0.0,2.0,0.0,0.0,0.0,0.043246444,-0.7497988,0.0
86,0.0,0.0,1.0,0.0,0.81174195,0.0,1.0,0.0,2.0,0.0,2.0,0.0,0.0,0.0,1.0,0.0,3.0,-0.97865623,-0.13415429,0.0
87,0.0,0.0,1.0,1.0,1.1387496,1.0,2.0,1.0,2.0,2.0,0.0,0.0,2.0,0.0,1.0,0.0,0.0,0.9816603,1.5791514,0.0
88,1.0,0.0,1.0,1.0,1.2205015,1.0,0.0,1.0,2.0,2.0,2.0,2.0,2.0,2.0,2.0,0.0,3.0,1.4491975,2.0299954,0.0
89,0.0,1.0,1.0,0.0,1.0978737,1.0,2.0,1.0,2.0,2.0,2.0,2.0,0.0,0.0,1.0,1.0,2.0,0.9783208,1.433339,0.0
90,1.0,0.0,0.0,0.0,0.48473433,1.0,0.0,1.0,0.0,0.0,0.0,0.0,0.0,0.0,0.0,0.0,1.0,0.13675387,0.310531,0.0
91,1.0,0.0,1.0,0.0,1.1796255,1.0,0.0,2.0,1.0,1.0,1.0,1.0,1.0,1.0,1.0,1.0,1.0,-1.4762493,-0.44852453,0.0
92,0.0,0.0,0.0,0.0,-0.8641722,1.0,2.0,1.0,0.0,0.0,2.0,0.0,2.0,0.0,0.0,1.0,2.0,0.81635255,-0.56489867,0.0
93,1.0,0.0,0.0,0.0,0.6482381,1.0,0.0,2.0,1.0,1.0,1.0,1.0,1.0,1.0,2.0,0.0,1.0,-1.4996262,-0.5979388,0.0
94,1.0,1.0,1.0,0.0,-0.005777135,1.0,2.0,1.0,0.0,0.0,0.0,0.0,0.0,2.0,0.0,1.0,2.0,0.6760914,0.16961022,1.0
95,1.0,0.0,1.0,0.0,0.9752458,0.0,1.0,0.0,0.0,0.0,2.0,2.0,2.0,2.0,1.0,1.0,0.0,-0.3574997,0.31090897,0.0
96,0.0,1.0,1.0,0.0,-0.4962886,1.0,0.0,1.0,0.0,0.0,0.0,0.0,2.0,2.0,1.0,1.0,0.0,0.8764645,-0.17837824,0.0
97,0.0,1.0,1.0,0.0,1.5475092,1.0,2.0,0.0,2.0,2.0,2.0,2.0,2.0,2.0,2.0,1.0,0.0,0.9165391,1.8738221,0.0
98,1.0,0.0,1.0,0.0,0.72999007,1.0,2.0,1.0,0.0,2.0,0.0,0.0,2.0,2.0,1.0,1.0,2.0,1.1185819,1.1553218,0.0
99,1.0,0.0,1.0,1.0,1.629261,1.0,2.0,0.0,2.0,2.0,2.0,2.0,2.0,2.0,2.0,1.0,1.0,0.9081902,1.9362781,0.0
100,1.0,0.0,0.0,0.0,-1.2729317,1.0,0.0,2.0,1.0,1.0,1.0,1.0,1.0,1.0,0.0,1.0,0.0,-1.5063053,-0.99653244,0.0
101,0.0,0.0,0.0,1.0,-0.45541266,1.0,0.0,2.0,1.0,1.0,1.0,1.0,1.0,1.0,0.0,0.0,3.0,-1.4695703,-0.80418384,0.0
102,1.0,0.0,0.0,0.0,1.4657573,1.0,2.0,1.0,2.0,2.0,2.0,0.0,0.0,2.0,2.0,1.0,0.0,1.2471546,2.1739402,0.0
103,0.0,0.0,0.0,0.0,1.4248813,1.0,0.0,2.0,1.0,1.0,1.0,1.0,1.0,1.0,1.0,0.0,2.0,-1.4762493,-0.4078803,0.0
104,1.0,1.0,1.0,0.0,1.1796255,1.0,2.0,1.0,0.0,2.0,0.0,2.0,0.0,0.0,1.0,1.0,0.0,0.6944589,1.3301054,0.0
105,1.0,1.0,1.0,0.0,0.6891141,1.0,2.0,1.0,0.0,2.0,0.0,0.0,0.0,2.0,0.0,0.0,1.0,0.8447387,1.0168246,1.0
106,1.0,1.0,1.0,0.0,1.3022535,1.0,2.0,2.0,1.0,1.0,1.0,1.0,1.0,1.0,2.0,0.0,1.0,-1.3059323,-0.23116237,0.0
107,1.0,0.0,1.0,1.0,0.28035456,1.0,2.0,2.0,1.0,1.0,1.0,1.0,1.0,1.0,2.0,1.0,3.0,-1.3677139,-0.60336393,0.0
108,0.0,0.0,1.0,0.0,1.2613775,1.0,0.0,1.0,2.0,0.0,2.0,0.0,0.0,0.0,1.0,1.0,1.0,0.5475187,1.3179877,0.0
109,0.0,0.0,1.0,0.0,1.4657573,1.0,2.0,1.0,0.0,2.0,2.0,2.0,0.0,0.0,2.0,0.0,1.0,0.8497481,1.7952017,0.0
110,1.0,0.0,0.0,0.0,0.8934939,1.0,0.0,2.0,1.0,1.0,1.0,1.0,1.0,1.0,2.0,0.0,3.0,-1.4946169,-0.49403808,0.0
111,1.0,1.0,1.0,0.0,0.44385839,1.0,0.0,1.0,0.0,2.0,2.0,0.0,2.0,2.0,1.0,1.0,0.0,1.1953917,0.9086549,0.0
112,0.0,0.0,1.0,1.0,1.629261,1.0,0.0,0.0,2.0,2.0,2.0,2.0,2.0,2.0,2.0,1.0,0.0,0.6326772,1.7059311,0.0
113,1.0,0.0,0.0,0.0,1.629261,0.0,1.0,0.0,2.0,0.0,2.0,2.0,2.0,2.0,2.0,1.0,1.0,-0.11872178,0.947009,0.0
114,1.0,0.0,0.0,0.0,-0.41453668,1.0,2.0,1.0,0.0,2.0,0.0,0.0,0.0,0.0,0.0,1.0,2.0,0.48740676,-0.23580934,1.0
115,0.0,0.0,0.0,0.0,1.629261,1.0,2.0,0.0,2.0,2.0,0.0,0.0,0.0,0.0,2.0,0.0,0.0,-0.16714528,0.8913122,0.0
116,1.0,0.0,0.0,1.0,-1.1911799,1.0,2.0,2.0,1.0,1.0,1.0,1.0,1.0,1.0,2.0,1.0,3.0,-1.2808856,-0.9513524,0.0
117,1.0,0.0,0.0,0.0,-1.1503038,1.0,0.0,0.0,0.0,0.0,0.0,0.0,2.0,0.0,0.0,1.0,2.0,-0.27902025,-0.90083617,0.0
118,0.0,1.0,1.0,0.0,1.629261,1.0,2.0,1.0,2.0,2.0,2.0,2.0,2.0,2.0,2.0,1.0,0.0,1.6662683,2.7007143,0.0
119,1.0,0.0,1.0,1.0,1.629261,1.0,2.0,0.0,2.0,0.0,2.0,2.0,0.0,0.0,2.0,1.0,1.0,0.058274426,1.1343771,0.0
120,1.0,0.0,0.0,1.0,0.28035456,0.0,1.0,0.0,2.0,0.0,0.0,2.0,2.0,0.0,1.0,0.0,0.0,-0.6580593,-0.20901705,0.0
121,0.0,0.0,0.0,0.0,-0.8641722,1.0,0.0,1.0,2.0,0.0,0.0,0.0,0.0,0.0,0.0,0.0,2.0,0.38889,-0.63231295,0.0
122,0.0,0.0,1.0,1.0,-0.046653092,1.0,0.0,2.0,1.0,1.0,1.0,1.0,1.0,1.0,2.0,0.0,3.0,-1.4612213,-0.6950136,0.0
123,0.0,0.0,0.0,0.0,-0.7415443,1.0,0.0,1.0,0.0,0.0,2.0,0.0,0.0,0.0,0.0,0.0,2.0,0.3538247,-0.5490456,1.0
124,1.0,0.0,1.0,0.0,1.1796255,1.0,2.0,1.0,0.0,2.0,2.0,2.0,2.0,2.0,0.0,1.0,2.0,1.6479008,2.1662915,0.0
125,1.0,0.0,0.0,0.0,0.72999007,1.0,2.0,1.0,2.0,2.0,2.0,2.0,2.0,2.0,1.0,0.0,1.0,1.6562496,1.5699464,0.0
126,0.0,0.0,1.0,1.0,1.0569977,0.0,1.0,0.0,0.0,0.0,2.0,2.0,2.0,2.0,2.0,1.0,1.0,-0.3090762,0.40300328,0.0
127,0.0,0.0,1.0,1.0,0.81174195,1.0,2.0,1.0,2.0,2.0,2.0,0.0,0.0,2.0,0.0,0.0,0.0,1.1152424,1.2152209,0.0
128,0.0,0.0,0.0,0.0,-0.61891645,1.0,2.0,0.0,0.0,0.0,2.0,2.0,2.0,0.0,0.0,1.0,3.0,0.14176321,-0.51255924,0.0
129,1.0,0.0,1.0,1.0,-0.37366074,1.0,0.0,2.0,1.0,1.0,1.0,1.0,1.0,1.0,2.0,0.0,3.0,-1.4645609,-0.80338335,0.0
130,0.0,0.0,0.0,0.0,-0.90504813,1.0,0.0,0.0,0.0,0.0,0.0,0.0,0.0,0.0,0.0,0.0,3.0,-0.6513802,-0.8146339,0.0
131,0.0,0.0,0.0,0.0,-0.37366074,1.0,2.0,1.0,2.0,0.0,0.0,0.0,2.0,0.0,0.0,1.0,0.0,0.8447387,-0.040392395,1.0
132,1.0,0.0,0.0,1.0,-1.1911799,1.0,0.0,2.0,1.0,1.0,1.0,1.0,1.0,1.0,0.0,0.0,0.0,-1.4879378,-0.9827694,0.0
133,0.0,1.0,0.0,0.0,1.4248813,1.0,2.0,0.0,0.0,2.0,0.0,0.0,0.0,0.0,0.0,0.0,2.0,-0.3291135,0.6514045,0.0
134,0.0,1.0,0.0,0.0,-0.9868001,1.0,0.0,1.0,0.0,0.0,2.0,0.0,2.0,2.0,0.0,1.0,1.0,0.99167895,-0.6748916,1.0
135,0.0,0.0,0.0,0.0,-0.7824203,0.0,1.0,0.0,0.0,0.0,2.0,0.0,2.0,2.0,0.0,0.0,2.0,-0.5211377,-0.7164919,0.0
136,0.0,0.0,0.0,0.0,0.4029824,1.0,0.0,2.0,1.0,1.0,1.0,1.0,1.0,1.0,2.0,1.0,0.0,-1.4695703,-0.62975603,0.0
137,1.0,0.0,0.0,0.0,-1.2729317,1.0,0.0,1.0,0.0,0.0,0.0,0.0,0.0,0.0,0.0,1.0,2.0,0.17181917,-0.974187,1.0
138,0.0,0.0,0.0,0.0,-0.128405,1.0,2.0,0.0,2.0,0.0,0.0,0.0,0.0,2.0,0.0,1.0,2.0,0.04491622,-0.15496555,0.0
139,0.0,0.0,1.0,0.0,-0.29190883,0.0,1.0,0.0,0.0,0.0,0.0,0.0,2.0,0.0,0.0,1.0,0.0,-1.0270797,-0.625954,1.0
140,0.0,0.0,0.0,0.0,-1.2729317,1.0,2.0,2.0,1.0,1.0,1.0,1.0,1.0,1.0,0.0,1.0,3.0,-1.3025926,-0.99381983,0.0
141,1.0,0.0,1.0,0.0,1.629261,1.0,2.0,0.0,2.0,2.0,2.0,2.0,2.0,2.0,2.0,1.0,0.0,0.74622196,1.7651632,0.0
142,1.0,0.0,1.0,1.0,1.5066332,1.0,2.0,2.0,1.0,1.0,1.0,1.0,1.0,1.0,2.0,1.0,0.0,-1.2942438,-0.20637117,0.0
143,1.0,0.0,0.0,1.0,-1.1911799,1.0,0.0,2.0,1.0,1.0,1.0,1.0,1.0,1.0,0.0,1.0,3.0,-1.4929471,-0.97171897,0.0
144,1.0,0.0,1.0,1.0,-0.7006684,1.0,0.0,2.0,1.0,1.0,1.0,1.0,1.0,1.0,1.0,0.0,3.0,-1.5063053,-0.85734594,0.0
145,0.0,0.0,0.0,0.0,-1.068552,1.0,0.0,1.0,0.0,0.0,0.0,0.0,0.0,0.0,0.0,1.0,3.0,0.15011208,-0.81921417,1.0
146,1.0,0.0,0.0,0.0,-0.005777135,1.0,0.0,1.0,2.0,2.0,2.0,0.0,0.0,2.0,0.0,1.0,1.0,0.95661366,0.31958032,0.0
147,1.0,0.0,0.0,1.0,0.6891141,1.0,2.0,1.0,0.0,0.0,0.0,2.0,2.0,2.0,1.0,1.0,0.0,1.1970614,1.2491282,1.0
148,1.0,0.0,0.0,0.0,-0.82329625,0.0,1.0,0.0,2.0,2.0,0.0,2.0,2.0,0.0,0.0,1.0,0.0,-0.46102577,-0.73590237,0.0
149,1.0,0.0,0.0,0.0,-1.2729317,1.0,2.0,1.0,0.0,0.0,0.0,0.0,0.0,0.0,0.0,1.0,2.0,0.35716426,-0.97171897,1.0
150,0.0,0.0,1.0,1.0,1.629261,1.0,2.0,2.0,1.0,1.0,1.0,1.0,1.0,1.0,2.0,0.0,0.0,-1.3693837,-0.25853276,0.0
151,1.0,0.0,1.0,1.0,0.116850734,1.0,2.0,0.0,2.0,2.0,2.0,2.0,0.0,0.0,2.0,1.0,1.0,0.14677253,0.10206253,0.0
152,1.0,0.0,0.0,0.0,-1.2729317,1.0,0.0,2.0,1.0,1.0,1.0,1.0,1.0,1.0,0.0,0.0,1.0,-1.4762493,-0.9961322,0.0
153,1.0,0.0,0.0,0.0,-0.45541266,1.0,0.0,2.0,1.0,1.0,1.0,1.0,1.0,1.0,1.0,1.0,3.0,-1.4829284,-0.81730205,0.0
154,0.0,0.0,0.0,0.0,0.28035456,0.0,1.0,0.0,0.0,0.0,2.0,0.0,2.0,2.0,0.0,1.0,1.0,-0.47104442,-0.15796718,0.0
155,0.0,0.0,0.0,0.0,-0.8641722,1.0,2.0,1.0,0.0,0.0,0.0,0.0,0.0,0.0,0.0,0.0,2.0,0.35048515,-0.6101009,0.0
156,1.0,0.0,0.0,0.0,-1.027676,1.0,0.0,1.0,0.0,0.0,2.0,0.0,0.0,0.0,0.0,1.0,2.0,0.33879673,-0.7871301,0.0
157,1.0,0.0,0.0,1.0,1.5883851,1.0,0.0,0.0,2.0,2.0,2.0,2.0,2.0,0.0,2.0,1.0,1.0,0.40558773,1.4505929,0.0
158,0.0,0.0,1.0,1.0,0.9752458,1.0,2.0,0.0,2.0,2.0,0.0,0.0,0.0,2.0,1.0,0.0,0.0,0.13341433,0.6913817,0.0
159,1.0,0.0,1.0,0.0,1.629261,1.0,2.0,1.0,2.0,2.0,2.0,0.0,2.0,2.0,2.0,1.0,2.0,1.4992907,2.4989605,0.0
160,0.0,0.0,0.0,0.0,-1.1094279,1.0,0.0,1.0,0.0,0.0,0.0,2.0,0.0,2.0,0.0,1.0,1.0,0.6894496,-0.81587905,1.0
161,1.0,0.0,0.0,0.0,-1.2320558,0.0,1.0,0.0,0.0,0.0,0.0,2.0,0.0,0.0,0.0,0.0,0.0,-1.1656711,-0.97165227,1.0
162,1.0,0.0,1.0,0.0,-0.45541266,1.0,2.0,1.0,0.0,0.0,2.0,2.0,2.0,2.0,0.0,1.0,2.0,1.3807367,-0.004750871,1.0
163,0.0,0.0,1.0,0.0,0.6073622,1.0,2.0,1.0,0.0,0.0,2.0,0.0,2.0,2.0,0.0,1.0,2.0,1.1937218,1.0879076,0.0
164,0.0,1.0,1.0,0.0,0.44385839,1.0,2.0,1.0,2.0,0.0,2.0,2.0,2.0,2.0,1.0,1.0,3.0,1.4959512,1.1426705,1.0
165,1.0,0.0,0.0,0.0,0.8934939,0.0,1.0,0.0,2.0,2.0,0.0,0.0,0.0,2.0,2.0,0.0,0.0,-0.6196545,0.07618185,0.0
166,1.0,0.0,0.0,0.0,0.4029824,1.0,0.0,2.0,1.0,1.0,1.0,1.0,1.0,1.0,1.0,1.0,3.0,-1.5096449,-0.6320017,0.0
167,1.0,0.0,0.0,0.0,-1.1503038,1.0,2.0,1.0,0.0,2.0,0.0,0.0,0.0,0.0,0.0,0.0,2.0,0.4573508,-0.8585021,1.0
168,0.0,0.0,0.0,0.0,1.1387496,1.0,0.0,2.0,1.0,1.0,1.0,1.0,1.0,1.0,2.0,0.0,3.0,-1.4745796,-0.5192295,0.0
169,0.0,0.0,1.0,1.0,-1.1911799,1.0,0.0,2.0,1.0,1.0,1.0,1.0,1.0,1.0,0.0,0.0,3.0,-1.5179937,-0.9809462,0.0
170,0.0,1.0,0.0,0.0,0.52561027,1.0,2.0,0.0,2.0,0.0,0.0,2.0,0.0,2.0,0.0,1.0,2.0,0.17682849,0.3565559,0.0
171,1.0,0.0,1.0,1.0,1.1387496,1.0,0.0,2.0,1.0,1.0,1.0,1.0,1.0,1.0,2.0,0.0,3.0,-1.4762493,-0.46940252,0.0
172,0.0,0.0,0.0,0.0,-0.08752905,1.0,0.0,0.0,2.0,0.0,0.0,0.0,0.0,0.0,0.0,1.0,3.0,-0.5328261,-0.3219004,0.0
173,0.0,1.0,0.0,0.0,1.3431294,0.0,1.0,0.0,0.0,2.0,2.0,0.0,2.0,2.0,2.0,1.0,0.0,-0.37586722,0.5590878,0.0
174,1.0,0.0,1.0,1.0,1.5066332,1.0,2.0,0.0,2.0,0.0,2.0,2.0,2.0,2.0,2.0,0.0,0.0,0.73954284,1.7491546,0.0
175,1.0,0.0,1.0,0.0,-1.2729317,0.0,1.0,0.0,0.0,0.0,0.0,0.0,0.0,0.0,0.0,1.0,2.0,-1.3794024,-0.99484265,1.0
176,1.0,0.0,1.0,0.0,-0.33278477,1.0,0.0,0.0,2.0,0.0,0.0,2.0,0.0,0.0,0.0,0.0,3.0,-0.3725277,-0.4203537,0.0
177,0.0,0.0,1.0,1.0,0.2394786,1.0,0.0,2.0,1.0,1.0,1.0,1.0,1.0,1.0,2.0,1.0,3.0,-1.4879378,-0.67351305,0.0
178,1.0,0.0,1.0,1.0,1.629261,1.0,2.0,1.0,0.0,2.0,0.0,0.0,2.0,0.0,1.0,1.0,2.0,0.8330503,1.9247385,0.0
179,1.0,0.0,0.0,0.0,1.0569977,1.0,0.0,2.0,1.0,1.0,1.0,1.0,1.0,1.0,2.0,1.0,0.0,-1.5230031,-0.5447989,0.0
180,0.0,0.0,0.0,0.0,1.3840053,0.0,1.0,0.0,2.0,0.0,2.0,2.0,2.0,2.0,2.0,1.0,0.0,-0.11371246,0.8594727,0.0
181,0.0,0.0,0.0,0.0,-1.2729317,1.0,0.0,1.0,0.0,0.0,0.0,0.0,2.0,2.0,0.0,0.0,2.0,0.8614365,-0.96500427,1.0
182,1.0,0.0,0.0,0.0,-0.90504813,1.0,0.0,0.0,2.0,0.0,0.0,2.0,2.0,0.0,0.0,0.0,0.0,-0.0836565,-0.73270065,0.0
183,1.0,0.0,1.0,1.0,-0.046653092,1.0,0.0,2.0,1.0,1.0,1.0,1.0,1.0,1.0,0.0,1.0,2.0,-1.4729098,-0.6930792,0.0
184,1.0,0.0,1.0,0.0,1.3431294,1.0,2.0,1.0,0.0,2.0,0.0,0.0,2.0,0.0,0.0,1.0,0.0,0.90485066,1.636538,1.0
185,1.0,0.0,0.0,1.0,-0.41453668,1.0,0.0,2.0,1.0,1.0,1.0,1.0,1.0,1.0,0.0,0.0,1.0,-1.4896076,-0.8129441,0.0
186,0.0,1.0,1.0,0.0,1.1387496,1.0,2.0,1.0,2.0,2.0,2.0,2.0,2.0,2.0,2.0,1.0,0.0,1.713022,2.0745752,0.0
187,0.0,0.0,1.0,1.0,0.03509882,1.0,2.0,1.0,0.0,2.0,2.0,2.0,0.0,0.0,0.0,0.0,1.0,0.79631525,0.27929184,0.0
188,0.0,1.0,0.0,0.0,-0.45541266,1.0,2.0,1.0,0.0,0.0,0.0,0.0,2.0,2.0,0.0,1.0,0.0,1.0234047,-0.104738355,0.0
189,0.0,0.0,1.0,0.0,-1.068552,1.0,2.0,1.0,0.0,2.0,2.0,0.0,2.0,2.0,0.0,1.0,2.0,1.3540202,-0.7628281,1.0
190,0.0,0.0,1.0,0.0,0.8526179,1.0,0.0,2.0,1.0,1.0,1.0,1.0,1.0,1.0,1.0,0.0,0.0,-1.4679005,-0.5508911,1.0
191,0.0,0.0,0.0,0.0,-1.2729317,1.0,0.0,1.0,0.0,0.0,0.0,0.0,0.0,0.0,0.0,0.0,2.0,0.22024266,-0.9735422,1.0
192,1.0,0.0,1.0,1.0,-0.128405,1.0,0.0,2.0,1.0,1.0,1.0,1.0,1.0,1.0,0.0,1.0,3.0,-1.4729098,-0.71406835,0.0
193,1.0,0.0,1.0,0.0,-1.1503038,1.0,2.0,1.0,0.0,2.0,0.0,0.0,2.0,2.0,0.0,1.0,2.0,1.1837032,-0.81841373,1.0
194,0.0,0.0,1.0,1.0,0.116850734,1.0,0.0,0.0,2.0,0.0,0.0,2.0,0.0,0.0,1.0,1.0,0.0,-0.32744372,-0.15325351,0.0
195,0.0,0.0,1.0,0.0,0.6891141,1.0,0.0,2.0,1.0,1.0,1.0,1.0,1.0,1.0,1.0,0.0,0.0,-1.4795889,-0.60465354,0.0
196,1.0,0.0,0.0,0.0,1.0978737,0.0,1.0,0.0,0.0,0.0,0.0,2.0,2.0,2.0,0.0,1.0,2.0,-0.43597916,0.33136448,0.0
197,1.0,0.0,1.0,0.0,-1.027676,0.0,1.0,0.0,2.0,2.0,0.0,0.0,0.0,0.0,0.0,0.0,3.0,-1.0204006,-0.89116424,0.0
198,1.0,0.0,0.0,0.0,-1.2320558,1.0,0.0,2.0,1.0,1.0,1.0,1.0,1.0,1.0,1.0,0.0,1.0,-1.5179937,-0.9926859,1.0
199,0.0,0.0,1.0,1.0,-0.61891645,1.0,2.0,0.0,0.0,0.0,2.0,2.0,0.0,0.0,1.0,1.0,3.0,-0.09367515,-0.52914596,0.0
200,1.0,1.0,0.0,0.0,-1.2320558,1.0,2.0,1.0,0.0,0.0,0.0,0.0,0.0,0.0,0.0,1.0,3.0,0.33712694,-0.9357217,1.0
201,1.0,0.0,1.0,1.0,1.629261,1.0,2.0,0.0,2.0,2.0,2.0,2.0,2.0,0.0,2.0,1.0,0.0,0.5375,1.5416422,0.0
202,1.0,0.0,1.0,1.0,1.629261,1.0,2.0,0.0,2.0,2.0,2.0,2.0,2.0,2.0,2.0,1.0,1.0,0.86310625,1.8593253,0.0
203,1.0,0.0,0.0,0.0,1.5883851,1.0,2.0,1.0,2.0,2.0,2.0,2.0,2.0,2.0,1.0,1.0,0.0,1.7213709,2.689864,0.0
204,0.0,0.0,0.0,0.0,-0.37366074,1.0,0.0,0.0,0.0,2.0,2.0,0.0,0.0,0.0,1.0,0.0,0.0,-0.29905754,-0.41479516,0.0
205,0.0,0.0,0.0,0.0,-1.2729317,1.0,0.0,2.0,1.0,1.0,1.0,1.0,1.0,1.0,0.0,0.0,3.0,-1.5113146,-0.99659914,0.0
206,0.0,0.0,0.0,0.0,-1.2320558,1.0,0.0,0.0,0.0,2.0,0.0,0.0,2.0,0.0,0.0,1.0,2.0,-0.19219191,-0.9545097,0.0
207,0.0,0.0,1.0,1.0,-1.068552,1.0,0.0,0.0,0.0,0.0,0.0,0.0,2.0,0.0,0.0,0.0,2.0,-0.33078328,-0.84736276,0.0
208,0.0,0.0,0.0,0.0,-1.2320558,1.0,0.0,2.0,1.0,1.0,1.0,1.0,1.0,1.0,0.0,0.0,3.0,-1.5113146,-0.9912407,1.0
209,0.0,0.0,1.0,1.0,0.116850734,0.0,1.0,0.0,2.0,0.0,0.0,2.0,2.0,0.0,2.0,1.0,1.0,-0.6146451,-0.26618135,0.0
210,1.0,0.0,1.0,1.0,1.0978737,1.0,2.0,1.0,0.0,0.0,2.0,0.0,2.0,2.0,2.0,1.0,1.0,1.1603264,1.6013634,0.0
211,1.0,0.0,1.0,1.0,-0.7415443,1.0,0.0,0.0,2.0,2.0,0.0,0.0,2.0,0.0,0.0,1.0,2.0,0.023209138,-0.5883336,1.0
212,0.0,1.0,0.0,0.0,0.36210647,1.0,0.0,1.0,0.0,0.0,2.0,2.0,2.0,2.0,1.0,1.0,0.0,1.2137592,0.78067446,0.0
213,1.0,0.0,0.0,0.0,-0.90504813,1.0,2.0,0.0,0.0,0.0,0.0,0.0,2.0,2.0,0.0,1.0,1.0,0.24695906,-0.6520792,1.0
214,1.0,0.0,1.0,1.0,0.4029824,1.0,0.0,2.0,1.0,1.0,1.0,1.0,1.0,1.0,1.0,0.0,3.0,-1.486268,-0.6251091,0.0
215,0.0,0.0,0.0,0.0,-0.6597924,0.0,1.0,0.0,2.0,0.0,0.0,0.0,2.0,0.0,0.0,1.0,2.0,-0.8634417,-0.7098216,0.0
216,0.0,1.0,0.0,0.0,-0.6597924,1.0,2.0,1.0,0.0,0.0,0.0,0.0,2.0,2.0,0.0,1.0,2.0,1.0568002,-0.30213416,1.0
217,0.0,0.0,1.0,1.0,1.0569977,1.0,0.0,1.0,0.0,2.0,2.0,0.0,2.0,0.0,0.0,1.0,2.0,0.894832,1.4456791,0.0
218,1.0,0.0,1.0,0.0,-0.7415443,1.0,2.0,1.0,0.0,0.0,0.0,0.0,0.0,2.0,0.0,1.0,2.0,0.6811007,-0.49868503,1.0
219,0.0,0.0,0.0,0.0,-0.9459241,1.0,0.0,1.0,0.0,0.0,0.0,0.0,2.0,2.0,0.0,1.0,3.0,0.78963614,-0.6545917,0.0
220,0.0,0.0,1.0,0.0,1.2613775,1.0,2.0,1.0,0.0,2.0,0.0,0.0,0.0,0.0,0.0,1.0,0.0,0.56087685,1.231074,0.0
221,0.0,0.0,1.0,1.0,0.93436986,1.0,2.0,1.0,2.0,0.0,0.0,0.0,2.0,2.0,1.0,0.0,3.0,1.20708,1.4176416,0.0
222,1.0,1.0,1.0,0.0,-0.4962886,1.0,2.0,1.0,0.0,2.0,0.0,2.0,2.0,2.0,0.0,0.0,2.0,1.4124625,-0.039391853,0.0
223,0.0,0.0,0.0,0.0,1.2205015,1.0,2.0,1.0,2.0,2.0,2.0,0.0,0.0,0.0,1.0,1.0,2.0,0.9115297,1.5542489,0.0
224,0.0,0.0,1.0,1.0,-0.5780405,1.0,2.0,2.0,1.0,1.0,1.0,1.0,1.0,1.0,2.0,1.0,1.0,-1.3393277,-0.79566807,0.0
225,1.0,0.0,0.0,0.0,-0.41453668,1.0,2.0,1.0,2.0,0.0,0.0,0.0,2.0,2.0,0.0,1.0,2.0,1.2020707,-0.07365485,1.0
226,1.0,0.0,1.0,0.0,0.81174195,1.0,2.0,1.0,0.0,2.0,0.0,2.0,0.0,2.0,0.0,1.0,1.0,1.0317535,1.2574661,0.0
227,0.0,0.0,1.0,1.0,-1.1503038,1.0,2.0,1.0,0.0,2.0,0.0,0.0,2.0,2.0,0.0,1.0,2.0,1.1085633,-0.834289,1.0
228,1.0,0.0,0.0,0.0,-0.25103286,1.0,0.0,2.0,1.0,1.0,1.0,1.0,1.0,1.0,1.0,1.0,1.0,-1.4729098,-0.7404604,0.0
229,1.0,0.0,0.0,0.0,-0.37366074,1.0,0.0,2.0,1.0,1.0,1.0,1.0,1.0,1.0,1.0,0.0,3.0,-1.4795889,-0.7913324,0.0
230,1.0,1.0,1.0,0.0,0.36210647,1.0,2.0,1.0,0.0,0.0,2.0,0.0,2.0,2.0,0.0,1.0,2.0,1.170345,0.8887775,1.0
231,1.0,0.0,0.0,0.0,1.0161217,0.0,1.0,0.0,0.0,0.0,2.0,2.0,2.0,2.0,2.0,0.0,1.0,-0.38087654,0.36882922,0.0
232,0.0,0.0,0.0,0.0,-1.2729317,1.0,0.0,1.0,0.0,2.0,0.0,0.0,0.0,0.0,0.0,1.0,1.0,0.3187594,-0.9722304,1.0
233,0.0,0.0,1.0,1.0,1.629261,1.0,2.0,1.0,2.0,2.0,2.0,2.0,2.0,2.0,2.0,1.0,0.0,1.7397385,2.7646377,0.0
234,1.0,0.0,1.0,0.0,1.5475092,1.0,2.0,1.0,2.0,2.0,2.0,0.0,2.0,0.0,2.0,1.0,1.0,1.155317,2.0828464,0.0
235,0.0,0.0,1.0,0.0,0.6073622,1.0,0.0,0.0,2.0,0.0,2.0,0.0,2.0,0.0,1.0,1.0,1.0,0.043246444,0.3383238,0.0
236,0.0,0.0,1.0,0.0,1.629261,1.0,0.0,2.0,1.0,1.0,1.0,1.0,1.0,1.0,2.0,0.0,1.0,-1.4779191,-0.33724204,0.0
237,1.0,1.0,0.0,0.0,-0.53716457,1.0,2.0,1.0,0.0,0.0,2.0,0.0,0.0,0.0,0.0,1.0,2.0,0.5041045,-0.35080495,1.0
238,0.0,0.0,0.0,0.0,-0.7006684,1.0,0.0,2.0,1.0,1.0,1.0,1.0,1.0,1.0,0.0,0.0,0.0,-1.5146542,-0.87662303,1.0
239,1.0,0.0,0.0,0.0,0.19860265,1.0,2.0,1.0,0.0,0.0,0.0,2.0,2.0,2.0,0.0,0.0,0.0,1.1369494,0.54025537,1.0
240,1.0,0.0,0.0,1.0,-0.9868001,1.0,0.0,2.0,1.0,1.0,1.0,1.0,1.0,1.0,0.0,0.0,0.0,-1.5129844,-0.9344766,0.0
241,1.0,0.0,0.0,0.0,-1.027676,1.0,0.0,0.0,0.0,0.0,0.0,0.0,2.0,0.0,0.0,0.0,3.0,-0.33078328,-0.84055907,0.0
242,1.0,0.0,0.0,0.0,-0.25103286,1.0,0.0,2.0,1.0,1.0,1.0,1.0,1.0,1.0,0.0,1.0,2.0,-1.4845982,-0.77792513,0.0
243,0.0,0.0,1.0,1.0,1.5066332,1.0,0.0,2.0,1.0,1.0,1.0,1.0,1.0,1.0,2.0,0.0,0.0,-1.5046356,-0.38408965,0.0
244,1.0,1.0,0.0,0.0,-0.8641722,1.0,2.0,1.0,0.0,2.0,2.0,2.0,2.0,2.0,0.0,1.0,2.0,1.5577329,-0.47918558,0.0
245,1.0,0.0,0.0,0.0,-1.1503038,0.0,1.0,0.0,0.0,0.0,0.0,0.0,2.0,2.0,0.0,1.0,2.0,-0.67475706,-0.92776185,1.0
246,0.0,0.0,0.0,0.0,-0.41453668,1.0,0.0,2.0,1.0,1.0,1.0,1.0,1.0,1.0,0.0,1.0,3.0,-1.4929471,-0.7961795,0.0
247,1.0,0.0,0.0,1.0,0.9752458,1.0,2.0,2.0,1.0,1.0,1.0,1.0,1.0,1.0,2.0,1.0,3.0,-1.3343184,-0.37194973,0.0
248,0.0,0.0,1.0,1.0,-0.046653092,1.0,2.0,0.0,0.0,2.0,0.0,2.0,2.0,2.0,2.0,0.0,0.0,0.5274814,0.09381362,0.0
249,0.0,0.0,0.0,0.0,1.1387496,0.0,1.0,0.0,0.0,2.0,0.0,0.0,2.0,2.0,0.0,1.0,2.0,-0.4660351,0.34096968,1.0
250,1.0,0.0,0.0,0.0,-1.2729317,1.0,0.0,2.0,1.0,1.0,1.0,1.0,1.0,1.0,0.0,0.0,1.0,-1.4695703,-0.99604326,0.0
251,0.0,0.0,0.0,0.0,-1.1911799,1.0,0.0,1.0,0.0,2.0,0.0,0.0,2.0,2.0,0.0,0.0,2.0,1.0234047,-0.874911,0.0
252,0.0,0.0,0.0,0.0,1.5883851,1.0,2.0,1.0,2.0,2.0,2.0,2.0,2.0,2.0,2.0,1.0,1.0,1.616175,2.5492322,0.0
253,1.0,0.0,1.0,1.0,-1.027676,1.0,0.0,1.0,0.0,0.0,0.0,0.0,0.0,0.0,0.0,1.0,0.0,0.17348894,-0.76980966,1.0
254,1.0,0.0,0.0,0.0,0.77086604,1.0,2.0,1.0,0.0,2.0,2.0,2.0,0.0,0.0,0.0,1.0,2.0,0.75457084,0.9838067,0.0
255,1.0,0.0,0.0,1.0,-1.2729317,1.0,0.0,1.0,0.0,0.0,0.0,0.0,2.0,2.0,0.0,1.0,2.0,0.87145513,-0.9648708,1.0
256,1.0,0.0,0.0,0.0,-0.9459241,1.0,0.0,0.0,0.0,0.0,0.0,0.0,0.0,0.0,0.0,1.0,3.0,-0.67976636,-0.8504533,0.0
257,1.0,0.0,0.0,0.0,0.52561027,1.0,0.0,1.0,2.0,2.0,2.0,2.0,2.0,2.0,1.0,0.0,1.0,1.5844493,1.2323191,0.0
258,0.0,0.0,1.0,0.0,-0.005777135,1.0,0.0,2.0,1.0,1.0,1.0,1.0,1.0,1.0,1.0,0.0,3.0,-1.5179937,-0.7414832,0.0
259,0.0,0.0,0.0,0.0,0.6073622,1.0,0.0,0.0,0.0,0.0,2.0,2.0,2.0,2.0,2.0,0.0,3.0,0.32376873,0.5557082,0.0
260,1.0,0.0,0.0,0.0,-1.2320558,1.0,0.0,2.0,1.0,1.0,1.0,1.0,1.0,1.0,0.0,1.0,3.0,-1.5063053,-0.9880167,0.0
261,0.0,0.0,0.0,0.0,0.8526179,1.0,0.0,1.0,2.0,2.0,2.0,2.0,0.0,2.0,2.0,0.0,3.0,1.1603264,1.4068136,0.0
262,1.0,1.0,1.0,0.0,1.1796255,1.0,2.0,0.0,0.0,2.0,0.0,0.0,0.0,2.0,1.0,0.0,0.0,-0.023544578,0.7301582,0.0
263,1.0,0.0,1.0,0.0,-0.61891645,1.0,2.0,1.0,0.0,2.0,0.0,0.0,0.0,0.0,0.0,1.0,0.0,0.5258116,-0.41077074,0.0
264,1.0,0.0,0.0,0.0,-0.21015692,1.0,0.0,2.0,1.0,1.0,1.0,1.0,1.0,1.0,2.0,0.0,1.0,-1.4829284,-0.7688758,0.0
265,0.0,0.0,0.0,0.0,0.19860265,0.0,1.0,0.0,0.0,0.0,0.0,2.0,0.0,0.0,0.0,0.0,1.0,-1.2074155,-0.57234716,1.0
266,0.0,0.0,0.0,1.0,-1.2320558,1.0,0.0,2.0,1.0,1.0,1.0,1.0,1.0,1.0,1.0,0.0,0.0,-1.4779191,-0.9882613,0.0
267,0.0,0.0,1.0,0.0,-0.53716457,1.0,0.0,0.0,0.0,0.0,0.0,0.0,0.0,0.0,0.0,0.0,3.0,-0.66306865,-0.6318905,0.0
268,1.0,0.0,1.0,1.0,1.629261,1.0,2.0,0.0,2.0,2.0,2.0,2.0,0.0,0.0,2.0,0.0,1.0,0.2452893,1.2255598,0.0
269,0.0,0.0,0.0,0.0,0.19860265,1.0,0.0,1.0,0.0,2.0,2.0,0.0,0.0,0.0,1.0,0.0,2.0,0.5107836,0.3372788,0.0
270,0.0,0.0,1.0,1.0,-0.37366074,1.0,0.0,2.0,1.0,1.0,1.0,1.0,1.0,1.0,2.0,0.0,0.0,-1.4812586,-0.7923774,0.0
271,1.0,0.0,1.0,1.0,-0.21015692,1.0,0.0,1.0,2.0,2.0,0.0,0.0,0.0,0.0,1.0,1.0,1.0,0.5308209,-0.02262722,0.0
272,0.0,0.0,1.0,0.0,-0.33278477,1.0,2.0,1.0,0.0,0.0,2.0,0.0,0.0,0.0,0.0,1.0,3.0,0.4974254,-0.14760602,0.0
273,0.0,0.0,1.0,1.0,1.3431294,1.0,2.0,0.0,0.0,2.0,0.0,2.0,2.0,2.0,2.0,1.0,0.0,0.48907652,1.2501287,0.0
274,1.0,0.0,0.0,0.0,-1.2729317,1.0,0.0,1.0,0.0,0.0,0.0,0.0,0.0,0.0,0.0,1.0,2.0,0.15345164,-0.9744316,1.0
275,1.0,0.0,1.0,1.0,1.629261,0.0,1.0,0.0,2.0,2.0,2.0,2.0,2.0,2.0,2.0,1.0,1.0,0.016530037,0.9864081,0.0
276,0.0,0.0,0.0,0.0,-0.128405,0.0,1.0,0.0,0.0,2.0,0.0,0.0,0.0,0.0,0.0,1.0,2.0,-1.1406244,-0.6244643,1.0
277,1.0,0.0,1.0,1.0,-0.33278477,1.0,0.0,2.0,1.0,1.0,1.0,1.0,1.0,1.0,1.0,0.0,3.0,-1.486268,-0.80972016,0.0
278,0.0,0.0,0.0,0.0,-1.2729317,1.0,0.0,1.0,0.0,0.0,0.0,0.0,2.0,2.0,0.0,0.0,2.0,0.86310625,-0.96498203,1.0
279,0.0,0.0,1.0,0.0,1.629261,1.0,2.0,1.0,2.0,2.0,2.0,2.0,0.0,0.0,2.0,1.0,0.0,1.0768375,2.1538625,0.0
280,0.0,0.0,0.0,0.0,-0.16928096,1.0,0.0,0.0,0.0,2.0,0.0,2.0,0.0,0.0,0.0,0.0,0.0,-0.3374624,-0.3304606,0.0
281,1.0,0.0,1.0,1.0,0.36210647,1.0,2.0,0.0,0.0,2.0,2.0,0.0,2.0,0.0,1.0,0.0,0.0,0.12506545,0.25761345,0.0
282,1.0,0.0,0.0,0.0,-1.2320558,1.0,0.0,1.0,0.0,0.0,0.0,0.0,0.0,2.0,0.0,1.0,2.0,0.5157929,-0.924738,1.0
283,1.0,0.0,1.0,1.0,-1.2729317,1.0,0.0,2.0,1.0,1.0,1.0,1.0,1.0,1.0,1.0,1.0,2.0,-1.4879378,-0.9962878,0.0
284,1.0,0.0,0.0,0.0,-1.2320558,1.0,0.0,1.0,0.0,0.0,0.0,0.0,0.0,0.0,0.0,0.0,3.0,0.19853558,-0.94781715,0.0
285,1.0,0.0,1.0,1.0,-0.9459241,1.0,2.0,1.0,0.0,0.0,2.0,0.0,2.0,0.0,1.0,1.0,2.0,0.85475737,-0.66379666,0.0
286,1.0,0.0,1.0,1.0,1.5066332,1.0,2.0,1.0,0.0,0.0,2.0,0.0,2.0,2.0,0.0,1.0,1.0,1.1586565,2.110906,1.0
287,0.0,0.0,0.0,0.0,0.36210647,1.0,2.0,1.0,2.0,2.0,2.0,2.0,2.0,0.0,0.0,1.0,2.0,1.394095,0.8990497,0.0
288,1.0,0.0,1.0,1.0,1.2205015,1.0,2.0,2.0,1.0,1.0,1.0,1.0,1.0,1.0,1.0,0.0,0.0,-1.3343184,-0.34880388,0.0
289,0.0,0.0,0.0,1.0,-0.9868001,1.0,0.0,2.0,1.0,1.0,1.0,1.0,1.0,1.0,0.0,0.0,3.0,-1.4929471,-0.93252,0.0
290,0.0,0.0,1.0,1.0,0.07597478,1.0,2.0,2.0,1.0,1.0,1.0,1.0,1.0,1.0,2.0,0.0,1.0,-1.3293091,-0.60758847,0.0
291,0.0,1.0,0.0,0.0,0.6891141,1.0,2.0,1.0,2.0,2.0,2.0,2.0,0.0,2.0,1.0,0.0,0.0,1.2772106,1.2920625,0.0
292,0.0,0.0,0.0,0.0,0.6482381,1.0,2.0,0.0,2.0,2.0,2.0,0.0,2.0,2.0,1.0,1.0,1.0,0.6243284,0.72359914,0.0
293,0.0,1.0,1.0,0.0,1.3431294,1.0,0.0,1.0,2.0,2.0,2.0,0.0,0.0,2.0,0.0,0.0,2.0,0.9900092,1.7189381,0.0
294,0.0,0.0,1.0,1.0,-0.9459241,1.0,2.0,0.0,0.0,2.0,0.0,0.0,0.0,0.0,0.0,1.0,3.0,-0.3157553,-0.78239423,0.0
295,0.0,0.0,1.0,0.0,-0.9868001,1.0,0.0,2.0,1.0,1.0,1.0,1.0,1.0,1.0,0.0,0.0,0.0,-1.4896076,-0.9357884,1.0
296,1.0,0.0,0.0,0.0,1.629261,1.0,2.0,1.0,0.0,2.0,2.0,0.0,2.0,2.0,1.0,1.0,2.0,1.3423319,2.3495686,0.0
297,0.0,0.0,0.0,0.0,-0.82329625,1.0,0.0,2.0,1.0,1.0,1.0,1.0,1.0,1.0,0.0,0.0,3.0,-1.4912773,-0.90583885,0.0
298,1.0,0.0,1.0,1.0,-0.7824203,1.0,2.0,0.0,0.0,2.0,2.0,2.0,2.0,0.0,0.0,1.0,2.0,0.26866615,-0.59169096,0.0
299,0.0,0.0,1.0,1.0,-1.068552,1.0,0.0,2.0,1.0,1.0,1.0,1.0,1.0,1.0,0.0,0.0,3.0,-1.5046356,-0.9547987,0.0
300,0.0,0.0,0.0,0.0,-0.82329625,1.0,0.0,2.0,1.0,1.0,1.0,1.0,1.0,1.0,0.0,0.0,3.0,-1.4812586,-0.8867174,0.0
301,1.0,0.0,0.0,1.0,-0.37366074,0.0,1.0,0.0,2.0,0.0,2.0,2.0,0.0,0.0,2.0,0.0,3.0,-0.82336706,-0.6238417,0.0
302,1.0,1.0,1.0,0.0,1.5883851,1.0,0.0,1.0,0.0,2.0,2.0,2.0,0.0,2.0,2.0,1.0,1.0,1.0267442,1.9773003,0.0
303,1.0,0.0,1.0,0.0,1.629261,1.0,2.0,1.0,2.0,2.0,2.0,0.0,2.0,0.0,2.0,1.0,1.0,1.1085633,2.1583316,0.0
304,0.0,0.0,1.0,1.0,1.1796255,1.0,0.0,2.0,1.0,1.0,1.0,1.0,1.0,1.0,2.0,0.0,1.0,-1.5029657,-0.4220213,0.0
305,1.0,0.0,1.0,1.0,1.4248813,1.0,2.0,0.0,2.0,0.0,2.0,0.0,2.0,2.0,2.0,1.0,2.0,0.49909517,1.3486265,1.0
306,0.0,1.0,1.0,0.0,-1.2729317,1.0,2.0,1.0,0.0,2.0,0.0,0.0,2.0,0.0,0.0,1.0,2.0,0.86310625,-0.96498203,1.0
307,0.0,1.0,0.0,0.0,-1.1094279,1.0,0.0,1.0,0.0,2.0,0.0,0.0,2.0,0.0,0.0,1.0,2.0,0.6660727,-0.8307315,0.0
308,0.0,0.0,1.0,1.0,-0.21015692,1.0,0.0,2.0,1.0,1.0,1.0,1.0,1.0,1.0,2.0,0.0,3.0,-1.4979564,-0.76064914,0.0
309,1.0,0.0,1.0,1.0,-1.2729317,1.0,0.0,1.0,0.0,0.0,0.0,0.0,0.0,0.0,0.0,1.0,3.0,0.1968658,-0.97385347,1.0
310,1.0,0.0,0.0,0.0,-0.7415443,1.0,0.0,2.0,1.0,1.0,1.0,1.0,1.0,1.0,0.0,1.0,2.0,-1.4929471,-0.8721762,0.0
311,1.0,0.0,1.0,1.0,-0.8641722,1.0,0.0,0.0,0.0,0.0,2.0,0.0,2.0,0.0,0.0,1.0,0.0,-0.17048483,-0.70143926,0.0
312,0.0,0.0,0.0,1.0,-0.82329625,1.0,2.0,1.0,0.0,0.0,0.0,0.0,2.0,0.0,0.0,1.0,2.0,0.64436567,-0.57545996,0.0
313,1.0,0.0,0.0,0.0,-0.53716457,1.0,2.0,1.0,2.0,0.0,2.0,0.0,0.0,0.0,0.0,1.0,2.0,0.6677425,-0.27067265,0.0
314,0.0,0.0,1.0,1.0,-1.2729317,1.0,0.0,1.0,0.0,0.0,0.0,0.0,0.0,0.0,0.0,1.0,3.0,0.14510275,-0.97454274,1.0
315,0.0,1.0,0.0,1.0,-1.2729317,1.0,0.0,1.0,0.0,0.0,0.0,0.0,0.0,0.0,0.0,1.0,2.0,0.20855422,-0.97369784,1.0
316,0.0,0.0,1.0,1.0,-0.4962886,1.0,2.0,1.0,0.0,2.0,2.0,0.0,2.0,2.0,0.0,1.0,0.0,1.3723878,-0.0093311295,1.0
317,0.0,0.0,0.0,0.0,-1.068552,1.0,0.0,2.0,1.0,1.0,1.0,1.0,1.0,1.0,0.0,0.0,1.0,-1.5046356,-0.9476615,0.0
318,0.0,0.0,0.0,0.0,-1.1503038,1.0,0.0,0.0,2.0,2.0,0.0,0.0,0.0,0.0,0.0,0.0,2.0,-0.31909487,-0.9071507,0.0
319,0.0,0.0,1.0,1.0,0.81174195,1.0,0.0,1.0,2.0,0.0,2.0,2.0,0.0,0.0,0.0,1.0,0.0,0.64436567,0.91879374,0.0
320,1.0,0.0,0.0,0.0,-0.33278477,1.0,2.0,0.0,2.0,0.0,0.0,0.0,0.0,0.0,0.0,1.0,0.0,-0.30406687,-0.38246652,1.0
321,1.0,0.0,0.0,0.0,-0.82329625,1.0,2.0,1.0,0.0,0.0,0.0,0.0,2.0,2.0,0.0,1.0,2.0,1.0451118,-0.49472734,1.0
322,0.0,0.0,1.0,1.0,1.5475092,1.0,2.0,0.0,2.0,0.0,0.0,2.0,2.0,2.0,2.0,1.0,0.0,0.52915114,1.4228001,0.0
323,0.0,0.0,0.0,0.0,-1.2729317,1.0,2.0,0.0,0.0,0.0,0.0,0.0,0.0,0.0,0.0,1.0,0.0,-0.4944213,-0.98305845,1.0
324,0.0,0.0,0.0,0.0,0.6073622,0.0,1.0,0.0,2.0,0.0,2.0,2.0,0.0,0.0,2.0,0.0,3.0,-0.7632552,-0.17137444,0.0
325,1.0,1.0,1.0,1.0,0.07597478,1.0,2.0,1.0,0.0,2.0,2.0,2.0,2.0,2.0,0.0,1.0,2.0,1.4742441,0.6068025,0.0
326,1.0,1.0,0.0,0.0,1.4248813,1.0,0.0,1.0,2.0,2.0,0.0,2.0,2.0,2.0,2.0,1.0,2.0,1.3456714,2.183879,0.0
327,0.0,1.0,0.0,0.0,-0.5780405,1.0,0.0,0.0,0.0,2.0,0.0,0.0,0.0,0.0,0.0,1.0,1.0,-0.49776083,-0.6202842,0.0
328,1.0,0.0,1.0,0.0,0.9752458,1.0,0.0,2.0,1.0,1.0,1.0,1.0,1.0,1.0,1.0,0.0,1.0,-1.4962866,-0.5042214,0.0
329,1.0,0.0,0.0,0.0,-1.2729317,1.0,2.0,0.0,0.0,0.0,0.0,0.0,0.0,0.0,0.0,1.0,1.0,-0.49943063,-0.98312515,0.0
330,0.0,0.0,0.0,0.0,0.56648624,1.0,2.0,1.0,0.0,2.0,2.0,0.0,0.0,2.0,1.0,1.0,2.0,0.9816603,0.95510226,0.0
331,1.0,0.0,1.0,1.0,1.4248813,1.0,0.0,2.0,1.0,1.0,1.0,1.0,1.0,1.0,2.0,1.0,3.0,-1.4679005,-0.37741935,0.0
332,1.0,1.0,0.0,0.0,1.4657573,1.0,0.0,2.0,1.0,1.0,1.0,1.0,1.0,1.0,2.0,1.0,1.0,-1.4946169,-0.38448986,0.0
333,1.0,0.0,0.0,0.0,-0.9459241,1.0,0.0,2.0,1.0,1.0,1.0,1.0,1.0,1.0,0.0,0.0,3.0,-1.4812586,-0.92442673,0.0
334,1.0,1.0,1.0,0.0,0.07597478,1.0,0.0,1.0,0.0,0.0,0.0,0.0,0.0,0.0,0.0,0.0,1.0,0.22692175,0.074136294,0.0
335,1.0,0.0,0.0,0.0,0.9752458,1.0,2.0,2.0,1.0,1.0,1.0,1.0,1.0,1.0,1.0,0.0,2.0,-1.3309789,-0.41206035,1.0
336,1.0,0.0,0.0,0.0,-0.16928096,1.0,2.0,1.0,2.0,2.0,0.0,0.0,0.0,2.0,0.0,1.0,1.0,0.9933488,0.17732552,1.0
337,1.0,0.0,1.0,1.0,-0.16928096,1.0,2.0,0.0,0.0,2.0,0.0,0.0,0.0,2.0,0.0,0.0,2.0,-0.011856149,-0.20388094,0.0
338,1.0,1.0,1.0,1.0,-1.2729317,1.0,0.0,0.0,0.0,0.0,0.0,2.0,0.0,0.0,0.0,1.0,1.0,-0.5177981,-0.98336977,1.0
339,1.0,0.0,1.0,0.0,1.0978737,0.0,1.0,0.0,0.0,0.0,0.0,0.0,2.0,2.0,0.0,1.0,2.0,-0.68310595,0.18059395,0.0
340,0.0,1.0,0.0,0.0,-0.82329625,1.0,2.0,1.0,0.0,2.0,0.0,0.0,2.0,0.0,0.0,1.0,2.0,0.88648313,-0.51856244,1.0
341,0.0,0.0,1.0,1.0,1.0978737,1.0,2.0,0.0,0.0,0.0,2.0,2.0,2.0,0.0,2.0,1.0,0.0,0.2452893,0.8601175,0.0
342,0.0,1.0,1.0,0.0,-1.1094279,1.0,2.0,1.0,0.0,0.0,0.0,0.0,0.0,0.0,0.0,1.0,2.0,0.3204292,-0.8563899,1.0
343,0.0,0.0,1.0,0.0,1.629261,1.0,2.0,0.0,2.0,2.0,2.0,2.0,2.0,2.0,2.0,0.0,0.0,0.7779477,1.8944333,0.0
344,1.0,0.0,1.0,0.0,1.4248813,1.0,0.0,1.0,2.0,2.0,0.0,0.0,0.0,2.0,1.0,1.0,1.0,0.86310625,1.6878102,1.0
345,1.0,0.0,1.0,1.0,1.5883851,1.0,2.0,1.0,2.0,2.0,2.0,2.0,2.0,2.0,2.0,1.0,0.0,1.713022,2.6845055,0.0
346,1.0,0.0,0.0,1.0,-1.2729317,0.0,1.0,0.0,0.0,0.0,0.0,0.0,0.0,0.0,0.0,1.0,2.0,-1.3376579,-0.9942868,0.0
347,0.0,0.0,1.0,1.0,0.56648624,1.0,0.0,2.0,1.0,1.0,1.0,1.0,1.0,1.0,2.0,1.0,3.0,-1.4962866,-0.5930028,0.0
348,1.0,0.0,1.0,1.0,-1.2729317,1.0,0.0,1.0,0.0,0.0,0.0,0.0,0.0,0.0,0.0,1.0,3.0,0.17181917,-0.974187,1.0
349,1.0,1.0,1.0,0.0,-1.1503038,0.0,1.0,0.0,0.0,0.0,2.0,0.0,0.0,0.0,0.0,1.0,2.0,-1.1640013,-0.9526864,0.0
350,1.0,0.0,0.0,0.0,-1.1911799,1.0,0.0,1.0,0.0,2.0,2.0,0.0,0.0,2.0,0.0,0.0,2.0,0.85642713,-0.8858947,0.0
351,0.0,1.0,0.0,0.0,1.629261,1.0,2.0,1.0,2.0,2.0,2.0,2.0,2.0,2.0,2.0,1.0,1.0,1.7564362,2.7462056,0.0
352,0.0,0.0,1.0,0.0,1.629261,1.0,2.0,0.0,2.0,0.0,2.0,2.0,2.0,2.0,2.0,1.0,1.0,0.6560541,1.705731,0.0
353,0.0,0.0,1.0,0.0,-1.2729317,1.0,0.0,1.0,0.0,0.0,0.0,0.0,2.0,0.0,0.0,1.0,0.0,0.48740676,-0.9699847,1.0
354,1.0,0.0,1.0,0.0,-0.9868001,1.0,0.0,1.0,2.0,0.0,0.0,0.0,0.0,0.0,0.0,1.0,3.0,0.34213626,-0.7126231,0.0
355,1.0,0.0,0.0,0.0,0.93436986,1.0,2.0,0.0,0.0,0.0,2.0,0.0,2.0,2.0,2.0,1.0,0.0,0.4356437,0.9172596,0.0
356,0.0,0.0,0.0,0.0,-0.16928096,0.0,1.0,0.0,0.0,0.0,2.0,2.0,0.0,0.0,0.0,1.0,3.0,-0.9686376,-0.5777501,0.0
357,0.0,0.0,0.0,0.0,-0.9459241,1.0,0.0,0.0,2.0,2.0,0.0,0.0,2.0,2.0,0.0,1.0,2.0,0.33044785,-0.6924122,1.0
358,0.0,1.0,1.0,0.0,1.3431294,1.0,2.0,1.0,2.0,2.0,2.0,0.0,2.0,2.0,0.0,1.0,1.0,1.4909419,2.2086701,0.0
359,0.0,0.0,1.0,1.0,-1.1503038,1.0,0.0,1.0,0.0,0.0,0.0,0.0,2.0,0.0,0.0,1.0,3.0,0.47237876,-0.8719761,0.0
360,1.0,0.0,1.0,0.0,-0.7415443,1.0,0.0,0.0,0.0,2.0,2.0,2.0,2.0,2.0,2.0,0.0,3.0,0.5742351,-0.4797637,0.0
361,0.0,0.0,0.0,0.0,-0.9868001,1.0,2.0,1.0,0.0,0.0,2.0,0.0,2.0,2.0,0.0,1.0,2.0,1.1653357,-0.64040625,1.0
362,0.0,0.0,1.0,1.0,-1.2729317,1.0,0.0,0.0,0.0,0.0,0.0,0.0,0.0,0.0,0.0,1.0,0.0,-0.6814362,-0.9855487,1.0
363,1.0,0.0,0.0,0.0,0.9752458,1.0,2.0,1.0,2.0,2.0,0.0,0.0,0.0,0.0,0.0,1.0,2.0,0.7228451,1.1836482,0.0
364,0.0,0.0,1.0,0.0,-0.08752905,1.0,2.0,1.0,0.0,0.0,0.0,0.0,0.0,2.0,0.0,1.0,2.0,0.6760914,0.16169482,1.0
365,1.0,0.0,0.0,0.0,-1.2729317,1.0,0.0,1.0,0.0,0.0,0.0,0.0,0.0,2.0,0.0,1.0,2.0,0.4840672,-0.9700292,1.0
366,0.0,0.0,1.0,0.0,1.5883851,1.0,0.0,0.0,2.0,2.0,2.0,2.0,2.0,2.0,1.0,1.0,0.0,0.6694123,1.6833411,0.0
367,0.0,0.0,1.0,1.0,-1.2729317,0.0,1.0,0.0,2.0,0.0,0.0,0.0,0.0,0.0,0.0,0.0,0.0,-1.143964,-0.99170756,1.0
368,1.0,0.0,0.0,0.0,0.44385839,1.0,2.0,1.0,0.0,2.0,0.0,0.0,2.0,2.0,0.0,1.0,2.0,1.2237778,1.0082644,1.0
369,1.0,0.0,0.0,0.0,-1.2729317,1.0,0.0,0.0,0.0,0.0,0.0,0.0,0.0,0.0,0.0,0.0,2.0,-0.6497104,-0.98512626,1.0
370,1.0,0.0,0.0,0.0,-1.1094279,1.0,0.0,1.0,0.0,0.0,0.0,0.0,0.0,2.0,0.0,0.0,3.0,0.46736944,-0.81567895,0.0
371,0.0,0.0,1.0,1.0,0.36210647,1.0,2.0,0.0,2.0,2.0,2.0,2.0,0.0,2.0,0.0,0.0,1.0,0.50577426,0.47384164,1.0
372,1.0,0.0,1.0,1.0,-0.4962886,1.0,0.0,1.0,0.0,0.0,0.0,0.0,0.0,0.0,0.0,1.0,2.0,0.1901867,-0.3511607,1.0
373,1.0,0.0,0.0,1.0,1.5883851,1.0,2.0,1.0,2.0,0.0,2.0,0.0,2.0,2.0,2.0,0.0,0.0,1.400774,2.2775073,0.0
374,1.0,1.0,0.0,0.0,1.0161217,1.0,2.0,0.0,0.0,2.0,2.0,0.0,2.0,2.0,2.0,1.0,0.0,0.50076497,0.9683317,0.0
375,1.0,0.0,1.0,1.0,1.629261,1.0,2.0,1.0,0.0,2.0,2.0,0.0,2.0,2.0,1.0,1.0,1.0,1.3256341,2.311637,0.0
376,1.0,1.0,1.0,0.0,1.5883851,1.0,2.0,1.0,2.0,2.0,2.0,0.0,2.0,2.0,0.0,1.0,2.0,1.4274904,2.4248316,0.0
377,0.0,0.0,0.0,0.0,-0.33278477,1.0,0.0,2.0,1.0,1.0,1.0,1.0,1.0,1.0,1.0,0.0,1.0,-1.4795889,-0.7707657,0.0
378,1.0,0.0,1.0,0.0,0.03509882,1.0,0.0,1.0,0.0,0.0,2.0,0.0,2.0,2.0,1.0,1.0,2.0,1.036763,0.3451275,1.0
379,0.0,0.0,1.0,0.0,1.629261,1.0,2.0,2.0,1.0,1.0,1.0,1.0,1.0,1.0,2.0,0.0,1.0,-1.3326486,-0.17288637,0.0
380,1.0,0.0,1.0,0.0,-1.2729317,0.0,1.0,0.0,0.0,0.0,2.0,0.0,2.0,2.0,0.0,1.0,2.0,-0.4810631,-0.9828806,1.0
381,1.0,0.0,0.0,0.0,-1.2320558,1.0,0.0,1.0,0.0,0.0,0.0,0.0,2.0,0.0,0.0,1.0,2.0,0.51746273,-0.9409912,1.0
382,1.0,0.0,1.0,0.0,1.5883851,1.0,2.0,1.0,2.0,2.0,2.0,2.0,2.0,2.0,2.0,1.0,0.0,1.7146918,2.6903086,0.0
383,0.0,0.0,1.0,0.0,1.629261,1.0,2.0,0.0,2.0,2.0,2.0,2.0,2.0,2.0,2.0,0.0,0.0,0.90985996,1.8737998,0.0
384,1.0,0.0,0.0,0.0,-0.45541266,1.0,0.0,0.0,2.0,0.0,2.0,0.0,2.0,0.0,0.0,0.0,0.0,0.019869586,-0.3718608,0.0
385,0.0,1.0,0.0,0.0,0.8526179,1.0,0.0,1.0,2.0,2.0,0.0,2.0,0.0,2.0,1.0,1.0,3.0,1.0684886,1.3100055,0.0
386,1.0,0.0,0.0,0.0,-1.2729317,1.0,0.0,2.0,1.0,1.0,1.0,1.0,1.0,1.0,0.0,0.0,3.0,-1.5263426,-0.99679923,0.0
387,1.0,0.0,1.0,1.0,1.629261,1.0,0.0,1.0,2.0,2.0,2.0,2.0,2.0,2.0,2.0,0.0,0.0,1.5761005,2.5669308,0.0
388,0.0,0.0,0.0,0.0,1.629261,1.0,2.0,1.0,2.0,0.0,0.0,2.0,0.0,0.0,2.0,1.0,0.0,0.6660727,1.7451746,0.0
389,1.0,1.0,1.0,0.0,-0.53716457,1.0,0.0,0.0,2.0,0.0,2.0,0.0,2.0,0.0,0.0,0.0,0.0,0.054934874,-0.433383,0.0
390,1.0,0.0,1.0,0.0,1.629261,1.0,2.0,1.0,2.0,0.0,2.0,2.0,2.0,2.0,2.0,1.0,1.0,1.5744307,2.5838065,0.0
391,1.0,0.0,1.0,0.0,0.8526179,1.0,2.0,1.0,2.0,0.0,2.0,0.0,0.0,2.0,0.0,0.0,2.0,0.9733114,1.2311406,1.0
392,0.0,0.0,1.0,0.0,-0.6597924,1.0,2.0,1.0,0.0,2.0,0.0,0.0,2.0,2.0,0.0,1.0,2.0,1.177024,-0.3227898,1.0
393,1.0,1.0,0.0,0.0,-0.9459241,1.0,2.0,1.0,0.0,0.0,0.0,0.0,0.0,2.0,0.0,1.0,1.0,0.6560541,-0.67953855,1.0
394,0.0,1.0,0.0,0.0,0.07597478,1.0,2.0,1.0,0.0,2.0,0.0,2.0,2.0,0.0,0.0,1.0,2.0,1.0551305,0.41338667,0.0
395,1.0,1.0,0.0,0.0,1.5883851,0.0,1.0,0.0,2.0,2.0,0.0,0.0,2.0,2.0,1.0,1.0,2.0,-0.27735046,0.766956,0.0
396,1.0,0.0,0.0,0.0,-0.6597924,1.0,2.0,1.0,0.0,2.0,0.0,0.0,0.0,0.0,0.0,1.0,3.0,0.5274814,-0.44990307,0.0
397,0.0,1.0,1.0,0.0,1.4248813,1.0,2.0,1.0,2.0,2.0,0.0,0.0,2.0,2.0,1.0,1.0,2.0,1.364039,2.1573977,0.0
398,1.0,0.0,0.0,0.0,-0.08752905,1.0,0.0,2.0,1.0,1.0,1.0,1.0,1.0,1.0,1.0,0.0,3.0,-1.5046356,-0.72731996,0.0
399,0.0,1.0,1.0,0.0,0.72999007,1.0,2.0,2.0,1.0,1.0,1.0,1.0,1.0,1.0,1.0,0.0,2.0,-1.3209602,-0.42437813,0.0
400,0.0,0.0,0.0,0.0,-0.82329625,1.0,0.0,2.0,1.0,1.0,1.0,1.0,1.0,1.0,0.0,0.0,3.0,-1.5129844,-0.89576674,0.0
401,1.0,0.0,1.0,0.0,-0.08752905,1.0,0.0,2.0,1.0,1.0,1.0,1.0,1.0,1.0,1.0,0.0,1.0,-1.47124,-0.74419576,0.0
402,0.0,0.0,0.0,0.0,-0.61891645,1.0,0.0,2.0,1.0,1.0,1.0,1.0,1.0,1.0,1.0,0.0,0.0,-1.4979564,-0.8615704,0.0
403,0.0,1.0,0.0,0.0,-0.128405,1.0,2.0,1.0,0.0,0.0,0.0,2.0,2.0,2.0,0.0,0.0,2.0,1.1319401,0.26775226,1.0
404,0.0,0.0,0.0,0.0,1.3431294,1.0,2.0,1.0,0.0,2.0,0.0,2.0,2.0,2.0,1.0,1.0,0.0,1.3456714,1.9937981,0.0
405,1.0,1.0,1.0,1.0,0.72999007,1.0,2.0,0.0,2.0,2.0,2.0,0.0,0.0,2.0,2.0,1.0,0.0,0.3471456,0.6945167,0.0
406,0.0,0.0,1.0,0.0,1.1796255,1.0,2.0,1.0,0.0,2.0,0.0,0.0,2.0,2.0,2.0,1.0,0.0,1.2120893,1.6500564,0.0
407,1.0,1.0,0.0,0.0,-1.2729317,0.0,1.0,0.0,0.0,2.0,2.0,0.0,0.0,2.0,0.0,1.0,2.0,-0.7165014,-0.9860156,1.0
408,1.0,0.0,1.0,0.0,1.4657573,0.0,1.0,0.0,2.0,0.0,2.0,0.0,2.0,2.0,2.0,1.0,0.0,-0.35582992,0.6820878,0.0
409,0.0,1.0,1.0,0.0,1.4657573,1.0,2.0,1.0,2.0,2.0,0.0,0.0,0.0,2.0,1.0,1.0,1.0,1.0618095,1.9216034,1.0
410,1.0,0.0,0.0,0.0,0.19860265,1.0,2.0,0.0,2.0,2.0,2.0,2.0,2.0,2.0,1.0,1.0,0.0,0.86310625,0.48827168,0.0
411,1.0,0.0,0.0,0.0,-1.1911799,1.0,0.0,1.0,0.0,0.0,0.0,0.0,0.0,0.0,0.0,1.0,3.0,0.16180052,-0.9130428,0.0
412,0.0,0.0,1.0,1.0,1.629261,1.0,2.0,0.0,2.0,2.0,2.0,2.0,2.0,2.0,2.0,0.0,1.0,0.8347201,1.927829,0.0
413,1.0,0.0,1.0,0.0,1.5475092,1.0,2.0,0.0,0.0,2.0,2.0,2.0,2.0,0.0,2.0,0.0,1.0,0.37887135,1.3356639,0.0
414,1.0,1.0,0.0,0.0,0.36210647,1.0,2.0,1.0,0.0,0.0,2.0,0.0,2.0,2.0,0.0,1.0,2.0,1.1235913,0.85696024,1.0
415,0.0,0.0,1.0,0.0,0.8526179,1.0,0.0,2.0,1.0,1.0,1.0,1.0,1.0,1.0,1.0,0.0,1.0,-1.5263426,-0.564832,0.0
416,0.0,0.0,1.0,1.0,0.6482381,1.0,0.0,0.0,2.0,0.0,2.0,2.0,2.0,0.0,1.0,0.0,0.0,0.16514006,0.33930212,0.0
417,1.0,0.0,0.0,0.0,-1.068552,1.0,0.0,0.0,0.0,2.0,0.0,0.0,2.0,0.0,0.0,0.0,2.0,-0.17716393,-0.846251,0.0
418,1.0,0.0,0.0,0.0,-0.046653092,1.0,0.0,1.0,0.0,2.0,0.0,2.0,0.0,0.0,0.0,1.0,2.0,0.4573508,0.07760484,1.0
419,0.0,0.0,1.0,1.0,0.2394786,1.0,0.0,2.0,1.0,1.0,1.0,1.0,1.0,1.0,2.0,1.0,3.0,-1.4962866,-0.66891056,0.0
420,1.0,0.0,0.0,0.0,-1.2729317,1.0,2.0,1.0,0.0,0.0,0.0,0.0,0.0,0.0,0.0,1.0,3.0,0.31708965,-0.9722526,1.0
421,0.0,0.0,1.0,1.0,1.5883851,1.0,0.0,0.0,2.0,2.0,2.0,2.0,0.0,0.0,2.0,0.0,1.0,-0.023544578,0.99265593,0.0
422,1.0,0.0,1.0,0.0,1.629261,1.0,2.0,1.0,2.0,2.0,2.0,2.0,2.0,2.0,2.0,1.0,0.0,1.7046732,2.7411585,0.0
423,1.0,0.0,1.0,1.0,-0.4962886,0.0,1.0,0.0,2.0,0.0,2.0,2.0,0.0,0.0,2.0,1.0,1.0,-0.84674394,-0.6382273,0.0
424,0.0,0.0,1.0,0.0,-1.2729317,1.0,0.0,0.0,0.0,0.0,0.0,0.0,0.0,0.0,0.0,1.0,2.0,-0.65972906,-0.98525965,0.0
425,1.0,0.0,0.0,1.0,-0.9459241,1.0,0.0,2.0,1.0,1.0,1.0,1.0,1.0,1.0,0.0,0.0,3.0,-1.4812586,-0.9234039,0.0
426,1.0,1.0,1.0,1.0,-0.005777135,1.0,0.0,1.0,0.0,2.0,0.0,0.0,2.0,2.0,0.0,1.0,3.0,0.97498125,0.26717418,0.0
427,1.0,1.0,1.0,0.0,-0.45541266,1.0,0.0,0.0,2.0,2.0,0.0,0.0,0.0,2.0,0.0,1.0,0.0,0.0065113828,-0.40948117,0.0
428,1.0,0.0,0.0,0.0,0.72999007,1.0,0.0,1.0,2.0,2.0,0.0,2.0,0.0,2.0,0.0,1.0,1.0,0.95995325,1.1058729,0.0
429,0.0,0.0,0.0,0.0,-0.33278477,1.0,2.0,2.0,1.0,1.0,1.0,1.0,1.0,1.0,2.0,0.0,1.0,-1.3226299,-0.75935954,0.0
430,1.0,0.0,1.0,1.0,-0.41453668,1.0,2.0,0.0,0.0,0.0,2.0,2.0,2.0,2.0,1.0,1.0,3.0,0.46402988,-0.26542538,0.0
431,0.0,0.0,0.0,0.0,-0.82329625,1.0,0.0,0.0,0.0,2.0,0.0,2.0,0.0,0.0,0.0,1.0,2.0,-0.3491508,-0.714224,0.0
432,0.0,1.0,1.0,0.0,0.2394786,1.0,2.0,1.0,0.0,0.0,0.0,0.0,0.0,0.0,0.0,1.0,0.0,0.3404665,0.27090952,1.0
433,1.0,1.0,1.0,0.0,1.2205015,1.0,2.0,1.0,0.0,2.0,2.0,0.0,2.0,2.0,1.0,1.0,2.0,1.3022572,1.8333112,1.0
434,0.0,0.0,1.0,0.0,-0.25103286,1.0,2.0,2.0,1.0,1.0,1.0,1.0,1.0,1.0,1.0,0.0,3.0,-1.2942438,-0.70108354,0.0
435,0.0,1.0,0.0,0.0,-0.7824203,1.0,0.0,1.0,0.0,0.0,2.0,0.0,2.0,2.0,0.0,1.0,2.0,1.0718282,-0.4558396,0.0
436,1.0,0.0,1.0,1.0,-0.8641722,1.0,0.0,2.0,1.0,1.0,1.0,1.0,1.0,1.0,0.0,0.0,0.0,-1.4628911,-0.8863839,0.0
437,1.0,0.0,1.0,0.0,0.8526179,1.0,0.0,2.0,1.0,1.0,1.0,1.0,1.0,1.0,2.0,0.0,1.0,-1.4979564,-0.5116476,0.0
438,1.0,1.0,1.0,0.0,1.629261,1.0,2.0,0.0,2.0,2.0,2.0,0.0,2.0,2.0,2.0,0.0,1.0,0.65772384,1.6183059,0.0
439,1.0,0.0,0.0,0.0,1.4248813,1.0,0.0,0.0,2.0,0.0,2.0,0.0,0.0,2.0,2.0,0.0,0.0,0.02654869,0.93424654,0.0
440,1.0,0.0,0.0,0.0,-0.33278477,1.0,2.0,1.0,0.0,2.0,0.0,0.0,2.0,2.0,0.0,1.0,0.0,1.1653357,0.06413088,0.0
441,1.0,1.0,0.0,0.0,0.6891141,1.0,2.0,1.0,0.0,0.0,0.0,0.0,2.0,2.0,0.0,1.0,2.0,1.0501211,1.0928658,1.0
442,0.0,0.0,0.0,0.0,-0.7824203,1.0,0.0,2.0,1.0,1.0,1.0,1.0,1.0,1.0,0.0,1.0,3.0,-1.4845982,-0.88280416,0.0
443,0.0,0.0,1.0,1.0,0.4029824,1.0,0.0,2.0,1.0,1.0,1.0,1.0,1.0,1.0,1.0,1.0,2.0,-1.5263426,-0.66648704,0.0
444,0.0,0.0,0.0,0.0,0.81174195,1.0,0.0,0.0,0.0,0.0,2.0,0.0,0.0,2.0,0.0,1.0,2.0,-0.17716393,0.34821805,0.0
445,0.0,0.0,1.0,1.0,0.52561027,1.0,0.0,0.0,0.0,2.0,0.0,2.0,0.0,0.0,1.0,1.0,1.0,-0.35416013,0.026310395,1.0
446,1.0,0.0,1.0,1.0,-1.1094279,1.0,2.0,2.0,1.0,1.0,1.0,1.0,1.0,1.0,0.0,1.0,0.0,-1.2975833,-0.945238,1.0
447,1.0,0.0,1.0,1.0,-0.9868001,1.0,2.0,0.0,2.0,2.0,0.0,2.0,0.0,2.0,2.0,1.0,1.0,0.38054112,-0.71809274,0.0
448,1.0,0.0,0.0,1.0,-0.5780405,1.0,2.0,1.0,0.0,0.0,2.0,0.0,0.0,0.0,0.0,1.0,1.0,0.5274814,-0.37975395,0.0
449,1.0,0.0,1.0,1.0,-1.2729317,1.0,0.0,0.0,2.0,0.0,0.0,0.0,0.0,0.0,0.0,1.0,3.0,-0.5344959,-0.9835921,0.0
450,0.0,1.0,0.0,0.0,0.8934939,1.0,2.0,1.0,0.0,2.0,0.0,0.0,0.0,0.0,0.0,1.0,2.0,0.49241608,0.9381153,1.0
451,1.0,0.0,0.0,0.0,-0.046653092,1.0,2.0,1.0,0.0,2.0,0.0,0.0,0.0,0.0,0.0,1.0,2.0,0.5475187,0.1689432,0.0
452,0.0,0.0,1.0,1.0,0.81174195,1.0,0.0,2.0,1.0,1.0,1.0,1.0,1.0,1.0,2.0,0.0,3.0,-1.5163239,-0.5464887,0.0
453,1.0,0.0,0.0,0.0,-1.027676,1.0,2.0,1.0,0.0,2.0,0.0,0.0,2.0,2.0,0.0,1.0,2.0,1.170345,-0.7058861,1.0
454,0.0,0.0,0.0,1.0,-1.1503038,0.0,1.0,0.0,2.0,2.0,2.0,0.0,2.0,2.0,0.0,1.0,3.0,-0.25230384,-0.90577215,0.0
455,0.0,0.0,1.0,0.0,0.9752458,1.0,2.0,1.0,0.0,0.0,2.0,2.0,2.0,2.0,2.0,0.0,0.0,1.2838897,1.5491574,0.0
456,0.0,0.0,1.0,0.0,-0.29190883,1.0,2.0,1.0,0.0,0.0,2.0,2.0,2.0,2.0,0.0,1.0,0.0,1.3423319,0.13601425,1.0
457,0.0,0.0,1.0,1.0,0.8526179,1.0,0.0,1.0,0.0,2.0,2.0,2.0,2.0,2.0,0.0,1.0,0.0,1.4525371,1.633981,0.0
458,1.0,0.0,1.0,1.0,-0.21015692,1.0,2.0,1.0,2.0,2.0,0.0,2.0,2.0,0.0,0.0,0.0,2.0,1.2020707,0.23698004,0.0
459,0.0,0.0,0.0,0.0,-0.9868001,1.0,2.0,1.0,0.0,0.0,0.0,0.0,0.0,0.0,0.0,1.0,1.0,0.32877806,-0.7611827,0.0
460,1.0,0.0,0.0,0.0,-1.068552,1.0,0.0,2.0,1.0,1.0,1.0,1.0,1.0,1.0,0.0,0.0,0.0,-1.4896076,-0.94723904,0.0
461,1.0,0.0,1.0,1.0,-1.2729317,1.0,0.0,2.0,1.0,1.0,1.0,1.0,1.0,1.0,1.0,0.0,1.0,-1.4996262,-0.9964435,0.0
462,0.0,0.0,0.0,0.0,0.8934939,0.0,1.0,0.0,2.0,0.0,0.0,2.0,0.0,2.0,1.0,0.0,0.0,-0.68978506,0.04850019,0.0
463,0.0,0.0,1.0,1.0,-0.37366074,1.0,2.0,2.0,1.0,1.0,1.0,1.0,1.0,1.0,2.0,1.0,1.0,-1.307602,-0.77636874,0.0
464,1.0,0.0,1.0,1.0,1.3431294,1.0,2.0,0.0,2.0,2.0,2.0,0.0,0.0,2.0,1.0,0.0,1.0,0.2569777,1.064228,1.0
465,0.0,0.0,1.0,0.0,-0.82329625,0.0,1.0,0.0,0.0,0.0,2.0,0.0,2.0,2.0,0.0,1.0,0.0,-0.49776083,-0.730833,0.0
466,0.0,0.0,0.0,0.0,-1.027676,1.0,0.0,0.0,0.0,0.0,0.0,2.0,2.0,2.0,0.0,1.0,1.0,0.20020536,-0.80480635,1.0
467,1.0,0.0,1.0,0.0,1.5475092,1.0,0.0,1.0,2.0,2.0,2.0,2.0,0.0,2.0,2.0,0.0,1.0,1.2104195,2.145547,0.0
468,1.0,0.0,0.0,0.0,-1.068552,1.0,0.0,0.0,2.0,0.0,2.0,2.0,2.0,2.0,0.0,0.0,1.0,0.46402988,-0.7903541,0.0
469,1.0,0.0,1.0,1.0,0.36210647,1.0,2.0,0.0,2.0,2.0,2.0,0.0,2.0,0.0,0.0,1.0,1.0,0.3271083,0.33925766,0.0
470,0.0,0.0,1.0,1.0,1.3840053,1.0,2.0,1.0,2.0,2.0,2.0,0.0,2.0,2.0,2.0,0.0,0.0,1.4859326,2.144213,0.0
471,1.0,0.0,0.0,0.0,-1.2320558,1.0,0.0,0.0,0.0,2.0,0.0,0.0,0.0,0.0,0.0,0.0,3.0,-0.5177981,-0.96213603,0.0
472,0.0,0.0,0.0,0.0,0.03509882,1.0,2.0,1.0,0.0,2.0,0.0,0.0,2.0,2.0,0.0,1.0,2.0,1.177024,0.47135141,0.0
473,0.0,0.0,0.0,0.0,-1.2729317,1.0,0.0,0.0,0.0,2.0,0.0,0.0,0.0,0.0,0.0,0.0,2.0,-0.50944924,-0.98325855,0.0
474,1.0,0.0,0.0,0.0,-0.08752905,1.0,0.0,1.0,2.0,2.0,2.0,0.0,0.0,0.0,0.0,1.0,1.0,0.65271455,0.079139,0.0
475,0.0,0.0,0.0,0.0,-0.90504813,1.0,0.0,2.0,1.0,1.0,1.0,1.0,1.0,1.0,1.0,1.0,3.0,-1.5012959,-0.91711164,0.0
476,0.0,0.0,0.0,0.0,-1.2729317,1.0,0.0,2.0,1.0,1.0,1.0,1.0,1.0,1.0,0.0,0.0,1.0,-1.5146542,-0.9966436,0.0
477,1.0,0.0,1.0,0.0,-0.33278477,1.0,2.0,1.0,0.0,2.0,2.0,0.0,2.0,2.0,0.0,1.0,2.0,1.3323132,0.12531957,1.0
478,0.0,1.0,0.0,0.0,-1.027676,1.0,0.0,0.0,2.0,0.0,0.0,0.0,0.0,0.0,0.0,1.0,2.0,-0.5528634,-0.85392183,0.0
479,1.0,0.0,0.0,0.0,-1.1911799,1.0,0.0,1.0,0.0,0.0,2.0,2.0,2.0,0.0,0.0,1.0,3.0,0.8380596,-0.89656717,0.0
480,0.0,1.0,0.0,0.0,-0.9868001,1.0,0.0,1.0,0.0,0.0,2.0,0.0,2.0,2.0,0.0,1.0,2.0,0.91319954,-0.68067247,1.0
481,0.0,1.0,1.0,0.0,-0.53716457,1.0,2.0,1.0,0.0,0.0,0.0,0.0,2.0,2.0,0.0,1.0,2.0,1.0083767,-0.22251324,0.0
482,0.0,0.0,1.0,1.0,1.1796255,1.0,2.0,1.0,0.0,2.0,0.0,0.0,2.0,2.0,0.0,1.0,2.0,1.1486379,1.6673102,1.0
483,0.0,1.0,0.0,0.0,1.3840053,1.0,2.0,1.0,0.0,0.0,2.0,2.0,2.0,2.0,1.0,1.0,1.0,1.2722013,2.0971875,0.0
484,1.0,0.0,0.0,0.0,-1.1094279,1.0,0.0,0.0,0.0,2.0,0.0,0.0,0.0,0.0,0.0,1.0,2.0,-0.44766757,-0.88862956,0.0
485,0.0,0.0,0.0,0.0,-0.29190883,1.0,0.0,2.0,1.0,1.0,1.0,1.0,1.0,1.0,0.0,0.0,3.0,-1.5263426,-0.80013716,0.0
486,1.0,0.0,1.0,1.0,-0.7006684,1.0,0.0,2.0,1.0,1.0,1.0,1.0,1.0,1.0,2.0,0.0,3.0,-1.5163239,-0.88127,0.0
487,0.0,0.0,1.0,0.0,0.77086604,0.0,1.0,0.0,0.0,2.0,0.0,0.0,2.0,2.0,0.0,1.0,2.0,-0.50443995,0.13016663,0.0
488,0.0,1.0,0.0,0.0,-0.6597924,1.0,2.0,1.0,0.0,0.0,0.0,0.0,2.0,2.0,0.0,1.0,2.0,1.0484513,-0.32525778,1.0
489,1.0,0.0,0.0,0.0,-1.1503038,1.0,0.0,0.0,0.0,0.0,0.0,2.0,2.0,0.0,0.0,1.0,2.0,-0.11538223,-0.89436597,0.0
490,1.0,0.0,0.0,0.0,-1.1911799,1.0,0.0,0.0,2.0,0.0,0.0,2.0,2.0,0.0,0.0,1.0,1.0,-0.011856149,-0.91826785,0.0
491,1.0,1.0,0.0,0.0,0.56648624,1.0,0.0,1.0,2.0,0.0,0.0,0.0,0.0,2.0,0.0,0.0,2.0,0.6760914,0.7598632,1.0
492,0.0,1.0,0.0,0.0,-0.45541266,0.0,1.0,0.0,2.0,0.0,0.0,0.0,2.0,0.0,0.0,1.0,2.0,-0.7632552,-0.6316904,1.0
493,0.0,0.0,0.0,0.0,1.0569977,1.0,2.0,0.0,2.0,2.0,2.0,2.0,0.0,0.0,1.0,1.0,1.0,0.21189378,0.9065204,0.0
494,1.0,1.0,0.0,0.0,-0.5780405,1.0,2.0,1.0,0.0,2.0,0.0,0.0,0.0,0.0,0.0,1.0,1.0,0.5274814,-0.37753054,0.0
495,0.0,0.0,1.0,1.0,-0.9868001,1.0,0.0,2.0,1.0,1.0,1.0,1.0,1.0,1.0,0.0,0.0,1.0,-1.4595516,-0.9431257,0.0
496,0.0,1.0,1.0,0.0,0.9752458,1.0,2.0,1.0,2.0,2.0,2.0,2.0,0.0,0.0,1.0,0.0,2.0,1.0317535,1.4279361,0.0
497,0.0,0.0,0.0,1.0,-0.9459241,1.0,0.0,0.0,0.0,0.0,0.0,2.0,2.0,2.0,0.0,1.0,1.0,0.15512142,-0.7511551,0.0
498,0.0,0.0,1.0,1.0,-0.7415443,1.0,2.0,2.0,1.0,1.0,1.0,1.0,1.0,1.0,0.0,0.0,3.0,-1.3092718,-0.8396475,0.0
499,0.0,0.0,0.0,0.0,1.4657573,1.0,0.0,2.0,1.0,1.0,1.0,1.0,1.0,1.0,2.0,0.0,0.0,-1.4929471,-0.38853648,0.0
500,0.0,0.0,0.0,0.0,-1.2729317,1.0,0.0,0.0,0.0,0.0,0.0,0.0,2.0,0.0,0.0,1.0,1.0,-0.32577395,-0.9808128,1.0
501,0.0,0.0,1.0,0.0,0.52561027,1.0,2.0,1.0,2.0,2.0,2.0,2.0,2.0,2.0,1.0,0.0,3.0,1.6211843,1.232497,0.0
502,1.0,0.0,0.0,0.0,-1.2729317,1.0,0.0,1.0,2.0,0.0,0.0,0.0,0.0,2.0,0.0,1.0,3.0,0.6627332,-0.9676501,1.0
503,0.0,0.0,1.0,0.0,1.0978737,1.0,0.0,2.0,1.0,1.0,1.0,1.0,1.0,1.0,1.0,0.0,3.0,-1.4829284,-0.44185427,0.0
504,1.0,0.0,1.0,1.0,0.52561027,1.0,2.0,0.0,2.0,2.0,0.0,2.0,2.0,0.0,2.0,0.0,1.0,0.30373144,0.49376354,0.0
505,1.0,0.0,1.0,0.0,1.0161217,0.0,1.0,0.0,0.0,2.0,2.0,2.0,2.0,2.0,2.0,1.0,0.0,-0.24228518,0.44704935,0.0
506,0.0,1.0,1.0,0.0,-0.25103286,1.0,2.0,1.0,0.0,0.0,2.0,0.0,2.0,2.0,0.0,1.0,0.0,1.1135726,0.11120081,0.0
507,0.0,0.0,0.0,0.0,-0.82329625,1.0,2.0,1.0,0.0,0.0,0.0,0.0,2.0,2.0,0.0,1.0,2.0,0.9833301,-0.54008526,1.0
508,1.0,0.0,0.0,0.0,-0.6597924,1.0,0.0,1.0,0.0,0.0,0.0,0.0,0.0,0.0,0.0,1.0,1.0,0.17348894,-0.4692024,0.0
509,0.0,0.0,0.0,0.0,-1.2729317,1.0,0.0,0.0,0.0,0.0,0.0,0.0,0.0,0.0,0.0,0.0,1.0,-0.69479436,-0.9857266,0.0
510,0.0,1.0,0.0,0.0,-0.7006684,1.0,2.0,1.0,0.0,2.0,0.0,0.0,0.0,2.0,0.0,0.0,2.0,0.8380596,-0.3716162,1.0
511,1.0,0.0,0.0,0.0,0.3212305,1.0,2.0,1.0,0.0,0.0,2.0,2.0,2.0,2.0,0.0,0.0,0.0,1.3373225,0.8321468,1.0
512,1.0,0.0,0.0,0.0,-0.6597924,1.0,0.0,2.0,1.0,1.0,1.0,1.0,1.0,1.0,0.0,0.0,1.0,-1.5029657,-0.8741328,0.0
513,0.0,0.0,1.0,1.0,0.77086604,1.0,0.0,2.0,1.0,1.0,1.0,1.0,1.0,1.0,2.0,0.0,3.0,-1.4962866,-0.54780054,0.0
514,0.0,1.0,1.0,0.0,-1.1503038,1.0,2.0,1.0,2.0,0.0,0.0,0.0,2.0,2.0,0.0,1.0,2.0,1.1636659,-0.85067564,1.0
515,1.0,0.0,1.0,1.0,-0.7824203,1.0,0.0,0.0,2.0,0.0,0.0,0.0,0.0,0.0,0.0,1.0,3.0,-0.4944213,-0.74404013,0.0
516,1.0,0.0,1.0,0.0,-0.5780405,1.0,2.0,1.0,0.0,0.0,0.0,0.0,2.0,2.0,0.0,1.0,2.0,1.0000279,-0.254664,1.0
517,1.0,0.0,0.0,0.0,-0.41453668,1.0,0.0,0.0,2.0,0.0,0.0,2.0,0.0,0.0,0.0,0.0,3.0,-0.3224344,-0.44801316,0.0
518,0.0,0.0,0.0,0.0,-0.9868001,1.0,0.0,1.0,0.0,0.0,0.0,0.0,2.0,0.0,0.0,1.0,0.0,0.50911385,-0.72752005,0.0
519,1.0,0.0,1.0,1.0,-0.53716457,1.0,0.0,2.0,1.0,1.0,1.0,1.0,1.0,1.0,1.0,0.0,3.0,-1.4979564,-0.84620655,0.0
520,0.0,0.0,0.0,0.0,-0.9868001,1.0,0.0,0.0,2.0,0.0,0.0,2.0,0.0,0.0,1.0,0.0,0.0,-0.3508206,-0.80616266,0.0
521,1.0,0.0,1.0,1.0,0.72999007,0.0,1.0,0.0,2.0,0.0,0.0,0.0,2.0,0.0,0.0,1.0,1.0,-0.8450742,-0.10640592,0.0
522,0.0,0.0,0.0,0.0,-1.2729317,1.0,0.0,0.0,0.0,0.0,0.0,0.0,0.0,0.0,0.0,1.0,3.0,-0.6463709,-0.9850818,1.0
523,0.0,0.0,1.0,1.0,-0.6597924,0.0,1.0,0.0,0.0,0.0,0.0,0.0,0.0,2.0,0.0,1.0,1.0,-0.9769864,-0.75949293,0.0
524,1.0,0.0,0.0,0.0,-0.7006684,1.0,0.0,1.0,0.0,0.0,2.0,2.0,2.0,2.0,0.0,1.0,2.0,1.222108,-0.3142518,1.0
525,0.0,0.0,0.0,0.0,0.116850734,1.0,0.0,2.0,1.0,1.0,1.0,1.0,1.0,1.0,1.0,0.0,3.0,-1.4578818,-0.6757587,0.0
526,1.0,1.0,1.0,0.0,0.48473433,1.0,0.0,2.0,1.0,1.0,1.0,1.0,1.0,1.0,2.0,1.0,1.0,-1.5163239,-0.6285109,0.0
527,1.0,0.0,1.0,0.0,-0.53716457,1.0,2.0,1.0,2.0,2.0,0.0,2.0,0.0,0.0,0.0,1.0,1.0,0.8029943,-0.2616011,0.0
528,0.0,0.0,0.0,0.0,-1.2729317,1.0,0.0,2.0,1.0,1.0,1.0,1.0,1.0,1.0,0.0,1.0,0.0,-1.5196635,-0.9967103,0.0
529,1.0,0.0,1.0,1.0,1.1796255,1.0,2.0,1.0,2.0,2.0,0.0,0.0,2.0,2.0,1.0,1.0,2.0,1.3773972,1.9063952,1.0
530,1.0,0.0,1.0,1.0,-0.33278477,1.0,2.0,2.0,1.0,1.0,1.0,1.0,1.0,1.0,2.0,1.0,0.0,-1.3576952,-0.74406236,0.0
531,1.0,1.0,1.0,1.0,0.81174195,1.0,2.0,0.0,0.0,2.0,2.0,0.0,2.0,2.0,1.0,1.0,2.0,0.5375,0.8088453,0.0
532,0.0,0.0,0.0,0.0,0.15772669,1.0,2.0,0.0,0.0,2.0,0.0,2.0,0.0,2.0,1.0,1.0,3.0,0.19853558,0.11175667,0.0
533,1.0,0.0,0.0,1.0,1.3022535,1.0,0.0,1.0,0.0,2.0,0.0,2.0,2.0,2.0,0.0,1.0,1.0,1.1486379,1.7389712,0.0
534,0.0,0.0,0.0,1.0,-1.2729317,1.0,0.0,1.0,0.0,0.0,0.0,0.0,0.0,2.0,0.0,1.0,2.0,0.49575564,-0.96987355,1.0
535,0.0,0.0,0.0,0.0,-1.1503038,1.0,0.0,1.0,0.0,0.0,0.0,0.0,0.0,0.0,0.0,0.0,2.0,0.18851691,-0.88031393,1.0
536,0.0,0.0,1.0,0.0,1.1796255,1.0,2.0,1.0,0.0,2.0,0.0,2.0,0.0,2.0,2.0,1.0,0.0,0.9883394,1.5307696,0.0
537,1.0,0.0,0.0,1.0,0.81174195,1.0,2.0,0.0,2.0,2.0,0.0,2.0,2.0,2.0,2.0,1.0,3.0,0.6811007,0.97884846,0.0
538,1.0,0.0,1.0,1.0,1.3840053,1.0,0.0,2.0,1.0,1.0,1.0,1.0,1.0,1.0,2.0,0.0,1.0,-1.4946169,-0.394184,0.0
539,0.0,1.0,1.0,0.0,-1.1094279,1.0,2.0,1.0,0.0,2.0,0.0,0.0,0.0,0.0,0.0,1.0,2.0,0.5425093,-0.8400032,1.0
540,0.0,0.0,0.0,0.0,0.07597478,1.0,0.0,0.0,2.0,0.0,2.0,2.0,2.0,2.0,1.0,1.0,0.0,0.5074441,0.20751964,0.0
541,1.0,0.0,0.0,1.0,-0.21015692,1.0,0.0,2.0,1.0,1.0,1.0,1.0,1.0,1.0,0.0,0.0,3.0,-1.5230031,-0.76631886,0.0
542,1.0,1.0,1.0,0.0,0.93436986,1.0,2.0,1.0,0.0,0.0,0.0,0.0,0.0,0.0,0.0,1.0,2.0,0.30874076,0.79677206,0.0
543,1.0,0.0,0.0,0.0,-0.29190883,1.0,2.0,1.0,0.0,0.0,0.0,0.0,0.0,2.0,0.0,1.0,2.0,0.6694123,-0.09657838,1.0
544,1.0,0.0,1.0,0.0,1.3431294,1.0,2.0,0.0,2.0,0.0,2.0,2.0,0.0,2.0,2.0,0.0,0.0,0.38054112,1.1868278,0.0
545,0.0,0.0,0.0,0.0,-1.2729317,1.0,0.0,1.0,0.0,0.0,2.0,0.0,0.0,0.0,0.0,0.0,2.0,0.35215494,-0.97178566,1.0
546,0.0,0.0,1.0,0.0,1.5883851,1.0,2.0,2.0,1.0,1.0,1.0,1.0,1.0,1.0,2.0,1.0,1.0,-1.2959136,-0.2039921,0.0
547,0.0,1.0,0.0,0.0,-0.8641722,1.0,0.0,1.0,0.0,0.0,0.0,0.0,2.0,2.0,0.0,0.0,0.0,0.8330503,-0.53937376,1.0
548,1.0,0.0,0.0,0.0,-0.08752905,1.0,0.0,0.0,2.0,0.0,2.0,0.0,0.0,0.0,2.0,1.0,3.0,-0.30406687,-0.26982775,0.0
549,1.0,1.0,1.0,0.0,0.8934939,0.0,1.0,0.0,0.0,0.0,0.0,0.0,0.0,0.0,0.0,1.0,0.0,-1.3293091,-0.39838627,0.0
550,1.0,0.0,1.0,1.0,0.81174195,1.0,0.0,2.0,1.0,1.0,1.0,1.0,1.0,1.0,2.0,0.0,3.0,-1.5213332,-0.53623873,0.0
551,0.0,1.0,0.0,0.0,-1.068552,1.0,0.0,1.0,0.0,0.0,0.0,0.0,2.0,2.0,0.0,1.0,2.0,0.82136184,-0.7527782,0.0
552,1.0,0.0,0.0,0.0,0.56648624,1.0,2.0,1.0,0.0,2.0,2.0,2.0,2.0,2.0,2.0,0.0,2.0,1.4658953,1.1751103,0.0
553,1.0,1.0,0.0,0.0,-0.33278477,1.0,2.0,1.0,0.0,0.0,0.0,0.0,0.0,0.0,0.0,1.0,2.0,0.37887135,-0.24365804,1.0
554,1.0,0.0,1.0,1.0,1.629261,0.0,1.0,0.0,2.0,2.0,2.0,0.0,0.0,0.0,2.0,0.0,1.0,-0.8767999,0.2233949,0.0
555,0.0,0.0,1.0,0.0,-1.2320558,1.0,0.0,2.0,1.0,1.0,1.0,1.0,1.0,1.0,0.0,0.0,3.0,-1.4829284,-0.9866604,0.0
556,0.0,0.0,1.0,1.0,1.629261,1.0,2.0,1.0,2.0,2.0,2.0,2.0,0.0,2.0,2.0,0.0,1.0,1.4258206,2.4002626,0.0
557,0.0,0.0,1.0,1.0,1.629261,1.0,0.0,2.0,1.0,1.0,1.0,1.0,1.0,1.0,2.0,1.0,1.0,-1.4912773,-0.41550666,0.0
558,1.0,0.0,1.0,1.0,1.5066332,1.0,2.0,0.0,0.0,2.0,2.0,2.0,2.0,2.0,2.0,1.0,0.0,0.5742351,1.4855896,0.0
559,1.0,1.0,0.0,0.0,0.6073622,1.0,2.0,0.0,0.0,2.0,0.0,2.0,0.0,0.0,2.0,0.0,0.0,-0.1721546,0.21939273,0.0
560,0.0,0.0,1.0,1.0,-1.2729317,1.0,0.0,0.0,0.0,0.0,2.0,0.0,0.0,0.0,0.0,0.0,3.0,-0.47772354,-0.9828361,1.0
561,0.0,0.0,0.0,0.0,1.3022535,1.0,2.0,1.0,0.0,2.0,2.0,2.0,2.0,2.0,2.0,1.0,1.0,1.5276769,2.138321,0.0
562,0.0,0.0,0.0,1.0,-0.7006684,1.0,0.0,1.0,0.0,2.0,0.0,0.0,0.0,2.0,0.0,1.0,0.0,0.7061474,-0.44072032,1.0
563,1.0,1.0,0.0,0.0,0.93436986,0.0,1.0,0.0,0.0,0.0,2.0,0.0,2.0,2.0,1.0,1.0,0.0,-0.49108174,0.21470131,0.0
564,1.0,0.0,0.0,0.0,-1.1911799,0.0,1.0,0.0,0.0,0.0,0.0,2.0,0.0,0.0,0.0,0.0,2.0,-1.1473036,-0.96873957,0.0
565,0.0,0.0,0.0,0.0,-0.9459241,1.0,0.0,1.0,2.0,0.0,0.0,0.0,0.0,0.0,0.0,1.0,1.0,0.31708965,-0.7208276,1.0
566,0.0,0.0,1.0,0.0,-1.2320558,1.0,0.0,1.0,0.0,2.0,2.0,0.0,0.0,0.0,0.0,0.0,0.0,0.49909517,-0.9318974,1.0
567,0.0,0.0,1.0,1.0,-0.7824203,1.0,0.0,2.0,1.0,1.0,1.0,1.0,1.0,1.0,0.0,0.0,3.0,-1.5346915,-0.8935433,0.0
568,1.0,0.0,1.0,0.0,-1.1911799,0.0,1.0,0.0,0.0,2.0,0.0,0.0,0.0,0.0,0.0,0.0,1.0,-1.1673409,-0.9632922,0.0
569,1.0,0.0,0.0,0.0,1.3022535,1.0,2.0,1.0,0.0,0.0,2.0,2.0,2.0,2.0,1.0,1.0,1.0,1.3323132,2.058522,0.0
570,0.0,0.0,1.0,0.0,1.0978737,1.0,2.0,1.0,2.0,2.0,2.0,2.0,0.0,2.0,1.0,1.0,1.0,1.4107926,1.7305667,0.0
571,0.0,0.0,1.0,1.0,-0.29190883,0.0,1.0,0.0,2.0,2.0,2.0,0.0,2.0,2.0,0.0,1.0,1.0,-0.20555012,-0.33706418,1.0
572,1.0,0.0,0.0,0.0,-0.5780405,1.0,0.0,2.0,1.0,1.0,1.0,1.0,1.0,1.0,0.0,0.0,3.0,-1.5196635,-0.85792404,0.0
573,0.0,0.0,0.0,1.0,-0.53716457,1.0,0.0,2.0,1.0,1.0,1.0,1.0,1.0,1.0,2.0,0.0,3.0,-1.4779191,-0.8280412,0.0
574,1.0,0.0,1.0,0.0,1.629261,1.0,2.0,0.0,2.0,2.0,2.0,2.0,0.0,0.0,2.0,0.0,3.0,0.11337702,1.1330875,0.0
575,0.0,0.0,0.0,0.0,-0.61891645,1.0,0.0,0.0,2.0,2.0,0.0,2.0,2.0,2.0,1.0,0.0,1.0,0.5041045,-0.3883364,0.0
576,0.0,0.0,1.0,1.0,-1.1911799,1.0,0.0,0.0,0.0,0.0,0.0,0.0,0.0,0.0,0.0,0.0,3.0,-0.68310595,-0.9454603,1.0
577,1.0,0.0,0.0,0.0,-1.1911799,1.0,0.0,2.0,1.0,1.0,1.0,1.0,1.0,1.0,1.0,0.0,3.0,-1.5079751,-0.9779891,0.0
578,1.0,0.0,0.0,0.0,-0.82329625,1.0,0.0,1.0,0.0,0.0,0.0,0.0,2.0,0.0,0.0,1.0,2.0,0.5575373,-0.5997175,0.0
579,1.0,0.0,1.0,1.0,1.1387496,1.0,0.0,0.0,2.0,2.0,2.0,2.0,0.0,0.0,1.0,1.0,0.0,0.03656734,0.7415866,0.0
580,0.0,1.0,0.0,0.0,-1.1094279,1.0,2.0,1.0,0.0,0.0,0.0,0.0,2.0,0.0,0.0,1.0,1.0,0.61430967,-0.8069186,1.0
581,0.0,0.0,1.0,1.0,1.5883851,1.0,0.0,2.0,1.0,1.0,1.0,1.0,1.0,1.0,2.0,0.0,0.0,-1.4996262,-0.4154622,0.0
582,0.0,1.0,1.0,0.0,-1.2729317,1.0,0.0,1.0,0.0,0.0,0.0,0.0,0.0,0.0,0.0,1.0,2.0,0.16013074,-0.97434264,1.0
583,1.0,0.0,0.0,0.0,-0.82329625,1.0,0.0,0.0,0.0,0.0,0.0,2.0,2.0,0.0,1.0,1.0,2.0,-0.1654755,-0.6816285,1.0
584,1.0,1.0,1.0,0.0,0.07597478,1.0,2.0,1.0,0.0,0.0,0.0,0.0,0.0,0.0,0.0,1.0,2.0,0.3605038,0.07326916,0.0
585,0.0,0.0,0.0,0.0,1.2613775,1.0,0.0,0.0,0.0,0.0,2.0,0.0,0.0,2.0,1.0,0.0,1.0,-0.2072199,0.55268437,0.0
586,1.0,0.0,0.0,1.0,0.2394786,1.0,2.0,1.0,0.0,0.0,2.0,0.0,2.0,2.0,0.0,1.0,0.0,1.1519774,0.6743725,1.0
587,1.0,0.0,1.0,1.0,-0.37366074,1.0,0.0,1.0,2.0,0.0,0.0,2.0,2.0,2.0,0.0,1.0,2.0,1.1720147,0.031424277,1.0
588,0.0,0.0,0.0,0.0,0.36210647,1.0,0.0,1.0,0.0,0.0,0.0,0.0,0.0,0.0,0.0,0.0,0.0,0.18350759,0.2701091,1.0
589,1.0,0.0,1.0,1.0,0.8934939,1.0,2.0,0.0,0.0,2.0,0.0,2.0,2.0,0.0,1.0,1.0,2.0,0.19853558,0.67119294,0.0
590,0.0,0.0,0.0,0.0,1.0161217,1.0,2.0,1.0,2.0,2.0,2.0,0.0,2.0,2.0,2.0,1.0,0.0,1.609496,1.8696197,1.0
591,1.0,0.0,1.0,0.0,0.56648624,1.0,2.0,1.0,0.0,2.0,2.0,0.0,2.0,0.0,1.0,1.0,2.0,0.9983581,0.91243476,0.0
592,1.0,0.0,1.0,0.0,-0.5780405,1.0,0.0,1.0,0.0,0.0,2.0,2.0,0.0,0.0,0.0,0.0,2.0,0.4490019,-0.352139,0.0
593,0.0,0.0,0.0,0.0,1.4248813,1.0,2.0,0.0,2.0,0.0,2.0,2.0,2.0,2.0,2.0,1.0,3.0,0.68444026,1.53575,0.0
594,1.0,1.0,0.0,0.0,1.2613775,1.0,2.0,1.0,2.0,2.0,2.0,0.0,2.0,2.0,0.0,1.0,0.0,1.4909419,2.1215117,0.0
595,1.0,0.0,0.0,0.0,1.629261,1.0,0.0,2.0,1.0,1.0,1.0,1.0,1.0,1.0,2.0,0.0,0.0,-1.5179937,-0.37612978,0.0
596,0.0,0.0,1.0,1.0,0.44385839,1.0,2.0,1.0,0.0,0.0,2.0,0.0,0.0,2.0,0.0,1.0,0.0,0.9282275,0.7908133,0.0
597,1.0,1.0,0.0,0.0,0.03509882,0.0,1.0,0.0,0.0,0.0,2.0,2.0,2.0,2.0,0.0,1.0,2.0,-0.33913216,-0.20319167,0.0
598,0.0,0.0,0.0,0.0,-0.90504813,1.0,0.0,2.0,1.0,1.0,1.0,1.0,1.0,1.0,1.0,1.0,3.0,-1.5179937,-0.9229148,0.0
599,0.0,1.0,0.0,0.0,0.19860265,1.0,2.0,1.0,2.0,2.0,0.0,0.0,2.0,2.0,0.0,1.0,0.0,1.4024438,0.7987065,1.0
600,1.0,0.0,1.0,1.0,1.0569977,1.0,2.0,1.0,0.0,0.0,2.0,2.0,0.0,2.0,2.0,0.0,0.0,0.9883394,1.4688027,0.0
601,1.0,0.0,0.0,0.0,-0.8641722,0.0,1.0,0.0,0.0,2.0,0.0,2.0,0.0,0.0,0.0,1.0,2.0,-0.9719771,-0.81623477,0.0
602,0.0,0.0,0.0,0.0,-1.2729317,1.0,2.0,1.0,0.0,0.0,0.0,0.0,2.0,2.0,0.0,1.0,2.0,0.97164166,-0.9635368,1.0
603,0.0,0.0,1.0,1.0,0.9752458,1.0,2.0,0.0,2.0,0.0,0.0,0.0,2.0,0.0,1.0,0.0,0.0,0.01486026,0.5565309,0.0
604,1.0,0.0,1.0,0.0,0.3212305,1.0,2.0,0.0,0.0,2.0,0.0,2.0,2.0,0.0,1.0,0.0,1.0,0.20020536,0.2939887,0.0
605,1.0,0.0,1.0,0.0,1.1796255,1.0,0.0,0.0,2.0,2.0,0.0,2.0,2.0,2.0,2.0,1.0,3.0,0.54417914,1.1059395,0.0
606,0.0,0.0,0.0,1.0,-0.7415443,1.0,2.0,1.0,2.0,0.0,0.0,2.0,0.0,0.0,0.0,1.0,3.0,0.7094869,-0.4876346,0.0
607,0.0,0.0,1.0,0.0,-0.25103286,0.0,1.0,0.0,2.0,0.0,2.0,0.0,0.0,0.0,1.0,0.0,1.0,-0.980326,-0.5701015,0.0
608,0.0,0.0,0.0,0.0,1.5475092,0.0,1.0,0.0,2.0,0.0,2.0,2.0,2.0,2.0,2.0,1.0,0.0,-0.213899,0.8687444,0.0
609,0.0,0.0,0.0,0.0,1.3840053,1.0,2.0,1.0,2.0,2.0,2.0,2.0,0.0,2.0,0.0,1.0,0.0,1.2805501,1.9274288,0.0
610,1.0,0.0,0.0,0.0,-1.2729317,1.0,0.0,0.0,0.0,0.0,0.0,0.0,0.0,0.0,0.0,1.0,3.0,-0.63301265,-0.98490393,0.0
611,0.0,0.0,1.0,1.0,1.629261,1.0,2.0,2.0,1.0,1.0,1.0,1.0,1.0,1.0,2.0,0.0,3.0,-1.3309789,-0.17851163,0.0
612,1.0,1.0,0.0,0.0,-1.1094279,1.0,0.0,1.0,0.0,0.0,0.0,0.0,2.0,2.0,0.0,1.0,2.0,0.8263712,-0.79284436,1.0
613,0.0,0.0,0.0,0.0,-1.2729317,1.0,0.0,2.0,1.0,1.0,1.0,1.0,1.0,1.0,0.0,1.0,3.0,-1.5079751,-0.9965547,1.0
614,1.0,0.0,1.0,1.0,0.07597478,0.0,1.0,0.0,0.0,0.0,0.0,2.0,2.0,0.0,2.0,1.0,2.0,-0.8083391,-0.41568452,0.0
615,1.0,1.0,0.0,0.0,-0.4962886,1.0,0.0,0.0,2.0,0.0,0.0,2.0,0.0,0.0,1.0,0.0,3.0,-0.35916948,-0.5357273,0.0
616,0.0,1.0,1.0,0.0,0.8934939,1.0,2.0,1.0,0.0,2.0,0.0,0.0,2.0,2.0,1.0,1.0,1.0,1.2271173,1.3840679,1.0
617,0.0,0.0,1.0,1.0,1.629261,1.0,2.0,1.0,0.0,2.0,2.0,2.0,0.0,2.0,2.0,1.0,0.0,1.1319401,2.1650908,0.0
618,1.0,0.0,0.0,0.0,-0.90504813,1.0,2.0,2.0,1.0,1.0,1.0,1.0,1.0,1.0,0.0,1.0,2.0,-1.3610349,-0.90452707,0.0
619,1.0,0.0,1.0,1.0,1.2613775,1.0,2.0,1.0,0.0,2.0,2.0,0.0,2.0,2.0,2.0,1.0,0.0,1.3373225,1.9284294,0.0
620,1.0,1.0,1.0,0.0,0.44385839,1.0,2.0,1.0,0.0,2.0,2.0,0.0,2.0,2.0,0.0,1.0,2.0,1.2772106,0.9577037,1.0
621,0.0,0.0,0.0,1.0,1.1796255,1.0,2.0,2.0,1.0,1.0,1.0,1.0,1.0,1.0,2.0,1.0,1.0,-1.3276393,-0.33897632,0.0
622,1.0,0.0,1.0,1.0,1.2205015,1.0,0.0,0.0,2.0,0.0,2.0,2.0,0.0,2.0,1.0,0.0,1.0,0.22191243,0.9901657,0.0
623,0.0,0.0,0.0,0.0,-0.08752905,1.0,2.0,1.0,0.0,2.0,0.0,0.0,2.0,2.0,0.0,1.0,2.0,1.1837032,0.32158142,1.0
624,1.0,0.0,0.0,0.0,-0.21015692,1.0,2.0,1.0,0.0,0.0,2.0,0.0,2.0,2.0,1.0,1.0,0.0,1.1937218,0.18357334,0.0
625,0.0,0.0,1.0,1.0,-1.2320558,1.0,0.0,1.0,0.0,0.0,0.0,0.0,0.0,0.0,0.0,0.0,2.0,0.18851691,-0.9398351,1.0
626,1.0,0.0,1.0,0.0,1.5883851,1.0,2.0,1.0,2.0,2.0,2.0,2.0,2.0,2.0,2.0,1.0,2.0,1.7197012,2.8033476,0.0
627,0.0,0.0,1.0,1.0,-0.33278477,1.0,0.0,2.0,1.0,1.0,1.0,1.0,1.0,1.0,2.0,1.0,1.0,-1.4578818,-0.78708565,0.0
628,1.0,0.0,0.0,0.0,-1.068552,1.0,0.0,2.0,1.0,1.0,1.0,1.0,1.0,1.0,0.0,0.0,3.0,-1.4729098,-0.9566664,0.0
629,0.0,0.0,1.0,0.0,-1.2320558,1.0,0.0,1.0,0.0,0.0,0.0,0.0,0.0,0.0,0.0,1.0,1.0,0.18851691,-0.9364332,0.0
630,0.0,0.0,0.0,0.0,-1.027676,1.0,0.0,2.0,1.0,1.0,1.0,1.0,1.0,1.0,0.0,0.0,3.0,-1.4929471,-0.9319641,1.0
631,1.0,0.0,1.0,1.0,-0.37366074,1.0,0.0,0.0,2.0,0.0,0.0,2.0,0.0,0.0,1.0,0.0,1.0,-0.25230384,-0.37232772,0.0
632,0.0,0.0,1.0,1.0,1.5066332,1.0,2.0,0.0,2.0,0.0,0.0,2.0,0.0,0.0,2.0,0.0,1.0,-0.11204268,0.800085,0.0
633,0.0,1.0,0.0,0.0,1.5883851,1.0,2.0,0.0,2.0,2.0,2.0,2.0,2.0,2.0,2.0,0.0,3.0,0.8380596,1.793334,0.0
634,1.0,0.0,1.0,1.0,-0.37366074,1.0,0.0,2.0,1.0,1.0,1.0,1.0,1.0,1.0,1.0,1.0,1.0,-1.4946169,-0.80725217,0.0
635,0.0,0.0,1.0,1.0,1.629261,0.0,1.0,0.0,0.0,2.0,0.0,2.0,2.0,2.0,2.0,0.0,1.0,-0.3708579,0.6774186,0.0
636,0.0,0.0,0.0,0.0,-1.068552,1.0,0.0,2.0,1.0,1.0,1.0,1.0,1.0,1.0,2.0,0.0,1.0,-1.5063053,-0.953309,0.0
637,1.0,0.0,0.0,1.0,0.44385839,0.0,1.0,0.0,2.0,2.0,2.0,0.0,0.0,0.0,0.0,1.0,2.0,-0.81167865,-0.15465428,0.0
638,0.0,0.0,0.0,0.0,-1.027676,1.0,2.0,1.0,2.0,0.0,0.0,0.0,0.0,0.0,0.0,1.0,3.0,0.4974254,-0.7363693,1.0
639,0.0,0.0,0.0,0.0,-0.7006684,1.0,2.0,0.0,0.0,0.0,0.0,0.0,0.0,0.0,0.0,1.0,3.0,-0.5328261,-0.68505263,0.0
640,1.0,0.0,1.0,0.0,-0.21015692,1.0,0.0,0.0,2.0,0.0,0.0,0.0,0.0,0.0,1.0,0.0,1.0,-0.53616565,-0.37303922,0.0
641,1.0,0.0,0.0,0.0,-1.2729317,1.0,0.0,0.0,0.0,2.0,0.0,0.0,0.0,0.0,0.0,1.0,3.0,-0.4877422,-0.9829695,0.0
642,1.0,0.0,1.0,0.0,0.19860265,1.0,2.0,0.0,2.0,0.0,0.0,0.0,0.0,0.0,0.0,1.0,3.0,-0.3241042,-0.102225885,0.0
643,0.0,0.0,1.0,0.0,1.0569977,1.0,2.0,1.0,0.0,2.0,2.0,0.0,0.0,2.0,1.0,1.0,2.0,0.98666966,1.4894806,0.0
644,0.0,0.0,1.0,0.0,-0.9868001,1.0,2.0,1.0,0.0,0.0,0.0,0.0,0.0,2.0,0.0,1.0,1.0,0.6827705,-0.72627497,1.0
645,1.0,0.0,0.0,0.0,-0.90504813,1.0,0.0,2.0,1.0,1.0,1.0,1.0,1.0,1.0,1.0,0.0,3.0,-1.5113146,-0.9048383,0.0
646,1.0,0.0,1.0,1.0,-0.9868001,1.0,0.0,2.0,1.0,1.0,1.0,1.0,1.0,1.0,1.0,0.0,1.0,-1.4979564,-0.9368112,0.0
647,0.0,0.0,1.0,1.0,-0.7824203,1.0,0.0,2.0,1.0,1.0,1.0,1.0,1.0,1.0,0.0,1.0,3.0,-1.4795889,-0.89209807,0.0
648,1.0,0.0,0.0,0.0,-1.2729317,1.0,0.0,0.0,0.0,0.0,0.0,0.0,0.0,0.0,0.0,1.0,3.0,-0.6313429,-0.9848817,1.0
649,0.0,0.0,1.0,1.0,0.81174195,1.0,0.0,1.0,0.0,2.0,2.0,2.0,0.0,0.0,0.0,0.0,0.0,0.7028078,0.9661527,0.0
650,1.0,0.0,1.0,1.0,-0.005777135,1.0,0.0,1.0,0.0,0.0,0.0,0.0,0.0,0.0,0.0,1.0,0.0,0.16680984,0.03880605,1.0
651,0.0,1.0,1.0,0.0,1.5066332,1.0,2.0,1.0,0.0,2.0,0.0,2.0,2.0,2.0,2.0,0.0,1.0,1.3573599,2.1070595,0.0
652,1.0,0.0,1.0,1.0,1.629261,0.0,1.0,0.0,2.0,2.0,2.0,2.0,2.0,2.0,2.0,1.0,0.0,0.02988824,1.0689639,0.0
653,1.0,0.0,0.0,0.0,-1.2729317,1.0,0.0,0.0,0.0,0.0,0.0,0.0,2.0,0.0,0.0,1.0,3.0,-0.37586722,-0.9814798,1.0
654,0.0,1.0,0.0,0.0,-1.2729317,1.0,0.0,1.0,0.0,0.0,2.0,0.0,0.0,2.0,0.0,1.0,2.0,0.6760914,-0.96747226,1.0
655,0.0,0.0,0.0,0.0,-0.82329625,1.0,0.0,1.0,2.0,0.0,0.0,2.0,2.0,2.0,0.0,1.0,0.0,1.140289,-0.50680053,1.0
656,1.0,1.0,1.0,0.0,0.77086604,0.0,1.0,0.0,0.0,2.0,0.0,0.0,0.0,0.0,0.0,1.0,1.0,-1.1790292,-0.35631904,0.0
657,1.0,0.0,0.0,1.0,-0.16928096,1.0,0.0,1.0,2.0,0.0,0.0,0.0,0.0,0.0,0.0,1.0,0.0,0.33879673,-0.08541678,1.0
658,0.0,0.0,1.0,1.0,0.6482381,1.0,0.0,2.0,1.0,1.0,1.0,1.0,1.0,1.0,2.0,0.0,0.0,-1.4729098,-0.53523815,0.0
659,0.0,0.0,1.0,0.0,-1.2729317,1.0,0.0,0.0,0.0,0.0,0.0,0.0,2.0,0.0,0.0,1.0,3.0,-0.3157553,-0.9806794,0.0
660,1.0,0.0,0.0,0.0,-0.9868001,1.0,2.0,1.0,0.0,0.0,0.0,0.0,0.0,2.0,0.0,1.0,2.0,0.72785443,-0.7163807,1.0
661,1.0,1.0,1.0,0.0,1.5475092,1.0,2.0,1.0,0.0,2.0,2.0,0.0,2.0,2.0,0.0,1.0,2.0,1.2755408,2.152662,1.0
662,0.0,0.0,1.0,1.0,-0.7006684,1.0,2.0,1.0,0.0,2.0,2.0,0.0,2.0,2.0,0.0,1.0,0.0,1.35569,-0.31189498,0.0
663,0.0,0.0,0.0,0.0,-1.068552,1.0,0.0,2.0,1.0,1.0,1.0,1.0,1.0,1.0,0.0,0.0,3.0,-1.47124,-0.95513225,0.0
664,0.0,0.0,0.0,0.0,-0.7415443,1.0,2.0,1.0,0.0,0.0,2.0,0.0,0.0,0.0,0.0,1.0,2.0,0.5241418,-0.5285679,1.0
665,1.0,0.0,1.0,0.0,1.5475092,1.0,2.0,0.0,2.0,0.0,2.0,2.0,0.0,2.0,2.0,1.0,1.0,0.33545718,1.3585875,0.0
666,1.0,0.0,1.0,0.0,-0.29190883,1.0,0.0,2.0,1.0,1.0,1.0,1.0,1.0,1.0,1.0,1.0,0.0,-1.4628911,-0.7850846,0.0
667,0.0,0.0,1.0,1.0,0.8934939,1.0,2.0,0.0,0.0,2.0,2.0,2.0,2.0,2.0,0.0,1.0,2.0,0.716166,1.0065079,0.0
668,0.0,0.0,1.0,0.0,1.3022535,1.0,0.0,1.0,2.0,0.0,0.0,2.0,2.0,2.0,1.0,1.0,3.0,1.073498,1.8026279,0.0
669,1.0,0.0,1.0,1.0,-0.7006684,0.0,1.0,0.0,2.0,0.0,0.0,0.0,0.0,0.0,0.0,1.0,0.0,-1.1539826,-0.79642403,0.0
670,0.0,0.0,0.0,0.0,-0.90504813,1.0,2.0,1.0,2.0,0.0,0.0,0.0,2.0,2.0,0.0,1.0,2.0,1.1336099,-0.57248056,1.0
671,1.0,0.0,1.0,1.0,0.6073622,1.0,2.0,1.0,0.0,2.0,0.0,0.0,2.0,0.0,0.0,0.0,2.0,0.7495615,0.78123033,0.0
672,0.0,0.0,1.0,1.0,-0.45541266,1.0,0.0,1.0,0.0,2.0,0.0,0.0,0.0,0.0,0.0,1.0,0.0,0.31041053,-0.30902678,1.0
673,0.0,0.0,0.0,0.0,-0.9459241,1.0,2.0,1.0,0.0,0.0,0.0,0.0,0.0,0.0,0.0,1.0,1.0,0.34881538,-0.72340673,0.0
674,0.0,0.0,0.0,0.0,-0.8641722,1.0,2.0,1.0,0.0,0.0,0.0,2.0,2.0,0.0,0.0,0.0,2.0,0.84807825,-0.56594366,1.0
675,0.0,1.0,0.0,0.0,-1.1094279,1.0,0.0,0.0,2.0,2.0,0.0,2.0,0.0,0.0,0.0,0.0,1.0,-0.16213594,-0.87726784,0.0
676,1.0,1.0,0.0,0.0,-1.1094279,1.0,0.0,1.0,0.0,0.0,0.0,0.0,2.0,2.0,0.0,1.0,2.0,0.88982266,-0.8052733,1.0
677,1.0,0.0,0.0,0.0,-0.7006684,1.0,2.0,0.0,0.0,0.0,0.0,0.0,0.0,0.0,0.0,0.0,2.0,-0.44098848,-0.66486394,1.0
678,1.0,1.0,1.0,0.0,0.8526179,1.0,2.0,0.0,2.0,0.0,0.0,2.0,0.0,0.0,1.0,1.0,2.0,-0.15712662,0.43090728,1.0
679,1.0,0.0,1.0,0.0,1.5475092,1.0,2.0,1.0,0.0,2.0,2.0,0.0,2.0,0.0,1.0,1.0,0.0,1.0100465,1.9309418,0.0
680,0.0,1.0,0.0,0.0,0.8934939,1.0,2.0,0.0,0.0,2.0,0.0,2.0,2.0,0.0,1.0,0.0,3.0,0.2452893,0.7227987,0.0
681,1.0,0.0,0.0,0.0,-0.7824203,1.0,0.0,1.0,0.0,0.0,0.0,0.0,0.0,0.0,0.0,1.0,2.0,0.18016805,-0.590935,0.0
682,1.0,0.0,0.0,0.0,-1.2729317,1.0,0.0,1.0,0.0,0.0,0.0,0.0,2.0,2.0,0.0,1.0,2.0,0.8180223,-0.9655823,0.0
683,0.0,0.0,1.0,0.0,0.4029824,0.0,1.0,0.0,0.0,2.0,0.0,2.0,0.0,0.0,1.0,0.0,3.0,-1.0421077,-0.36256686,1.0
684,1.0,0.0,0.0,0.0,-0.33278477,1.0,0.0,0.0,0.0,0.0,2.0,0.0,0.0,0.0,0.0,1.0,3.0,-0.5027702,-0.48596704,0.0
685,0.0,0.0,1.0,1.0,0.44385839,1.0,2.0,2.0,1.0,1.0,1.0,1.0,1.0,1.0,1.0,1.0,0.0,-1.3460069,-0.5636313,0.0
686,0.0,0.0,1.0,0.0,-1.1911799,1.0,2.0,1.0,0.0,0.0,0.0,0.0,0.0,0.0,0.0,1.0,1.0,0.31208032,-0.90388227,1.0
687,0.0,0.0,1.0,0.0,-0.6597924,1.0,2.0,1.0,2.0,2.0,2.0,0.0,0.0,0.0,0.0,0.0,2.0,0.8664458,-0.3938727,0.0
688,0.0,0.0,0.0,0.0,1.5883851,1.0,2.0,1.0,2.0,2.0,2.0,2.0,2.0,2.0,2.0,0.0,3.0,1.5543933,2.5459416,0.0
689,1.0,1.0,1.0,0.0,0.28035456,1.0,2.0,1.0,0.0,2.0,2.0,0.0,2.0,2.0,0.0,1.0,2.0,1.3657087,0.9001169,1.0
690,0.0,0.0,0.0,0.0,-1.2729317,1.0,0.0,1.0,0.0,0.0,0.0,0.0,0.0,0.0,0.0,0.0,2.0,0.19185647,-0.97392017,1.0
691,0.0,0.0,1.0,0.0,-0.45541266,0.0,1.0,0.0,2.0,0.0,0.0,0.0,0.0,0.0,0.0,0.0,2.0,-1.210755,-0.72540784,0.0
692,1.0,0.0,0.0,0.0,-0.6597924,1.0,0.0,2.0,1.0,1.0,1.0,1.0,1.0,1.0,0.0,0.0,3.0,-1.4946169,-0.88267076,0.0
693,1.0,0.0,1.0,0.0,0.6073622,1.0,2.0,2.0,1.0,1.0,1.0,1.0,1.0,1.0,0.0,0.0,2.0,-1.3142811,-0.49868503,0.0
694,0.0,1.0,1.0,0.0,-0.45541266,1.0,2.0,0.0,0.0,2.0,2.0,0.0,0.0,2.0,1.0,0.0,0.0,0.23193109,-0.3395544,0.0
695,0.0,0.0,1.0,0.0,-0.9868001,1.0,0.0,0.0,2.0,0.0,0.0,2.0,0.0,2.0,2.0,0.0,3.0,0.024878914,-0.75431234,0.0
696,1.0,0.0,0.0,0.0,-1.2729317,1.0,0.0,1.0,0.0,0.0,0.0,0.0,2.0,0.0,0.0,1.0,2.0,0.49241608,-0.969918,1.0
697,0.0,0.0,1.0,1.0,1.3022535,0.0,1.0,0.0,0.0,2.0,2.0,2.0,0.0,2.0,2.0,0.0,2.0,-0.49776083,0.42232487,0.0
698,1.0,0.0,1.0,0.0,0.81174195,1.0,2.0,1.0,2.0,0.0,2.0,2.0,0.0,0.0,2.0,1.0,1.0,0.8965018,1.052644,0.0
699,1.0,0.0,0.0,0.0,-1.1911799,1.0,0.0,2.0,1.0,1.0,1.0,1.0,1.0,1.0,0.0,1.0,3.0,-1.5063053,-0.9748762,0.0
700,1.0,0.0,1.0,1.0,-0.37366074,0.0,1.0,0.0,0.0,0.0,0.0,2.0,0.0,0.0,0.0,1.0,0.0,-1.1489733,-0.70344037,0.0
701,1.0,0.0,0.0,1.0,-0.9459241,1.0,0.0,0.0,0.0,0.0,0.0,0.0,2.0,0.0,0.0,0.0,2.0,-0.31408554,-0.8052733,1.0
702,0.0,0.0,1.0,0.0,0.77086604,1.0,0.0,0.0,2.0,2.0,0.0,2.0,0.0,0.0,1.0,1.0,0.0,-0.14209865,0.39333138,0.0
703,1.0,1.0,1.0,0.0,-0.33278477,1.0,2.0,1.0,2.0,0.0,0.0,0.0,0.0,0.0,0.0,1.0,2.0,0.470709,-0.21717702,1.0
704,0.0,0.0,1.0,1.0,1.5883851,1.0,0.0,0.0,2.0,0.0,2.0,0.0,2.0,2.0,2.0,0.0,1.0,0.42729482,1.4735608,0.0
705,1.0,0.0,0.0,0.0,1.0569977,1.0,2.0,1.0,0.0,0.0,0.0,2.0,0.0,0.0,0.0,0.0,0.0,0.5308209,1.1324872,0.0
706,0.0,0.0,1.0,0.0,1.5475092,1.0,0.0,2.0,1.0,1.0,1.0,1.0,1.0,1.0,2.0,0.0,1.0,-1.4996262,-0.4145728,0.0
707,0.0,0.0,0.0,0.0,-1.2729317,1.0,0.0,2.0,1.0,1.0,1.0,1.0,1.0,1.0,0.0,0.0,2.0,-1.47124,-0.9960655,0.0
708,1.0,0.0,1.0,0.0,1.629261,1.0,2.0,0.0,2.0,2.0,2.0,2.0,2.0,2.0,2.0,1.0,1.0,0.90985996,2.0106516,0.0
709,1.0,0.0,1.0,1.0,0.8526179,1.0,2.0,0.0,2.0,2.0,0.0,0.0,0.0,2.0,2.0,0.0,0.0,0.16514006,0.63386166,0.0
710,0.0,0.0,0.0,0.0,-0.33278477,1.0,2.0,1.0,0.0,0.0,2.0,0.0,2.0,2.0,0.0,1.0,2.0,1.1352797,0.065220356,1.0
711,0.0,0.0,0.0,0.0,-0.7006684,1.0,2.0,1.0,0.0,2.0,0.0,0.0,2.0,2.0,0.0,1.0,2.0,1.1820334,-0.37604085,0.0
712,0.0,1.0,1.0,0.0,-0.6597924,1.0,2.0,1.0,0.0,0.0,0.0,0.0,0.0,2.0,0.0,1.0,1.0,0.68777984,-0.39376155,1.0
713,1.0,0.0,0.0,0.0,-0.25103286,0.0,1.0,0.0,2.0,0.0,0.0,2.0,2.0,2.0,1.0,0.0,1.0,-0.34080192,-0.39923117,0.0
714,1.0,0.0,1.0,1.0,-0.8641722,1.0,2.0,0.0,2.0,0.0,0.0,0.0,2.0,0.0,0.0,1.0,0.0,0.013190485,-0.6836074,0.0
715,1.0,1.0,1.0,0.0,-1.027676,1.0,0.0,1.0,0.0,0.0,0.0,0.0,0.0,0.0,0.0,1.0,3.0,0.17849827,-0.7973579,1.0
716,0.0,0.0,0.0,1.0,-0.25103286,1.0,2.0,0.0,0.0,0.0,0.0,0.0,0.0,0.0,0.0,1.0,3.0,-0.50944924,-0.44245458,0.0
717,1.0,0.0,1.0,1.0,1.5883851,1.0,2.0,1.0,2.0,0.0,2.0,0.0,2.0,2.0,2.0,0.0,2.0,1.3623692,2.2878463,0.0
718,1.0,0.0,1.0,1.0,0.28035456,1.0,2.0,1.0,0.0,0.0,2.0,0.0,2.0,2.0,1.0,0.0,2.0,1.177024,0.7003421,0.0
719,1.0,0.0,0.0,0.0,-0.29190883,1.0,0.0,2.0,1.0,1.0,1.0,1.0,1.0,1.0,1.0,1.0,0.0,-1.5113146,-0.77567947,0.0
720,0.0,1.0,1.0,0.0,-0.21015692,1.0,0.0,1.0,2.0,0.0,0.0,0.0,0.0,0.0,0.0,1.0,0.0,0.34881538,-0.14731696,1.0
721,0.0,0.0,0.0,0.0,-0.90504813,1.0,2.0,1.0,0.0,2.0,0.0,0.0,0.0,0.0,0.0,1.0,1.0,0.5425093,-0.6414957,1.0
722,1.0,0.0,0.0,0.0,-0.41453668,1.0,2.0,1.0,0.0,0.0,0.0,0.0,0.0,2.0,0.0,0.0,2.0,0.61097014,-0.2051483,0.0
723,1.0,0.0,0.0,0.0,-0.9459241,1.0,0.0,2.0,1.0,1.0,1.0,1.0,1.0,1.0,0.0,1.0,3.0,-1.5296822,-0.9227369,1.0
724,0.0,0.0,0.0,0.0,0.2394786,1.0,0.0,2.0,1.0,1.0,1.0,1.0,1.0,1.0,1.0,0.0,3.0,-1.4929471,-0.7036849,0.0
725,1.0,0.0,0.0,0.0,0.77086604,1.0,2.0,2.0,1.0,1.0,1.0,1.0,1.0,1.0,2.0,0.0,3.0,-1.3359882,-0.45626205,0.0
726,1.0,0.0,0.0,0.0,-0.4962886,0.0,1.0,0.0,2.0,2.0,2.0,2.0,2.0,0.0,0.0,1.0,1.0,-0.32577395,-0.48696756,0.0
727,0.0,0.0,0.0,0.0,-0.5780405,1.0,2.0,1.0,0.0,0.0,0.0,2.0,0.0,2.0,0.0,1.0,2.0,0.8464085,-0.28810433,1.0
728,0.0,1.0,0.0,0.0,-1.2729317,1.0,0.0,1.0,0.0,0.0,0.0,0.0,0.0,0.0,0.0,1.0,2.0,0.15011208,-0.97447604,1.0
729,0.0,1.0,0.0,0.0,1.3022535,1.0,0.0,0.0,2.0,2.0,0.0,2.0,2.0,0.0,2.0,1.0,1.0,0.18183781,0.9873642,1.0
730,0.0,0.0,1.0,1.0,1.5883851,1.0,2.0,0.0,2.0,2.0,2.0,2.0,2.0,2.0,2.0,0.0,3.0,0.87813425,1.7934674,0.0
731,1.0,0.0,0.0,0.0,-0.08752905,1.0,0.0,0.0,2.0,2.0,0.0,2.0,2.0,0.0,1.0,0.0,2.0,0.18851691,-0.09600029,0.0
732,0.0,0.0,0.0,1.0,1.2613775,1.0,0.0,2.0,1.0,1.0,1.0,1.0,1.0,1.0,2.0,0.0,1.0,-1.5113146,-0.46493343,0.0
733,1.0,0.0,1.0,1.0,0.72999007,1.0,2.0,1.0,0.0,2.0,0.0,2.0,2.0,2.0,0.0,0.0,2.0,1.3005874,1.2497507,1.0
734,1.0,0.0,0.0,0.0,0.07597478,1.0,0.0,2.0,1.0,1.0,1.0,1.0,1.0,1.0,0.0,0.0,3.0,-1.5046356,-0.70484114,0.0
735,0.0,0.0,0.0,1.0,-1.1503038,1.0,0.0,2.0,1.0,1.0,1.0,1.0,1.0,1.0,0.0,1.0,0.0,-1.4929471,-0.9672499,0.0
736,0.0,1.0,1.0,0.0,0.19860265,1.0,0.0,1.0,0.0,0.0,2.0,2.0,2.0,0.0,0.0,0.0,2.0,0.84306896,0.49409705,0.0
737,0.0,0.0,1.0,1.0,-1.2729317,1.0,0.0,2.0,1.0,1.0,1.0,1.0,1.0,1.0,0.0,1.0,1.0,-1.4896076,-0.99631006,1.0
738,0.0,0.0,0.0,0.0,-1.1503038,1.0,0.0,2.0,1.0,1.0,1.0,1.0,1.0,1.0,0.0,0.0,0.0,-1.4628911,-0.9672499,1.0
739,1.0,1.0,0.0,0.0,1.5475092,0.0,1.0,0.0,0.0,0.0,0.0,0.0,2.0,2.0,1.0,1.0,2.0,-0.6513802,0.44638234,1.0
740,0.0,0.0,1.0,0.0,-0.7415443,1.0,2.0,0.0,2.0,0.0,0.0,0.0,2.0,0.0,0.0,1.0,0.0,-0.0018374952,-0.5868217,1.0
741,0.0,0.0,1.0,1.0,0.07597478,1.0,2.0,2.0,1.0,1.0,1.0,1.0,1.0,1.0,1.0,1.0,1.0,-1.307602,-0.59742737,0.0
742,1.0,0.0,1.0,1.0,-0.128405,1.0,2.0,0.0,2.0,0.0,0.0,2.0,2.0,0.0,1.0,0.0,0.0,0.14343297,-0.13437663,0.0
743,0.0,0.0,1.0,0.0,1.1796255,1.0,0.0,2.0,1.0,1.0,1.0,1.0,1.0,1.0,2.0,0.0,1.0,-1.486268,-0.43660697,0.0
744,1.0,0.0,1.0,0.0,1.629261,0.0,1.0,0.0,2.0,2.0,2.0,0.0,0.0,0.0,2.0,0.0,0.0,-0.75657606,0.31188726,0.0
745,1.0,0.0,1.0,0.0,1.5475092,1.0,0.0,0.0,2.0,2.0,0.0,2.0,0.0,2.0,2.0,0.0,3.0,0.10669792,1.0688083,0.0
746,1.0,0.0,1.0,1.0,0.07597478,1.0,2.0,1.0,0.0,0.0,2.0,0.0,0.0,2.0,0.0,1.0,1.0,0.8447387,0.37191978,0.0
747,0.0,0.0,1.0,1.0,-0.7415443,1.0,0.0,1.0,0.0,2.0,0.0,2.0,0.0,2.0,0.0,1.0,1.0,0.83138055,-0.46793506,1.0
748,1.0,0.0,0.0,0.0,1.3840053,1.0,2.0,1.0,0.0,2.0,0.0,0.0,0.0,2.0,0.0,0.0,1.0,0.82303166,1.6525689,0.0
749,0.0,0.0,1.0,0.0,1.0161217,1.0,2.0,0.0,0.0,2.0,2.0,2.0,2.0,0.0,1.0,0.0,0.0,0.32877806,0.9375372,0.0
750,1.0,0.0,0.0,0.0,-0.33278477,1.0,0.0,1.0,0.0,0.0,0.0,2.0,2.0,2.0,0.0,1.0,2.0,1.043442,-0.061448243,1.0
751,0.0,0.0,0.0,0.0,-1.027676,1.0,0.0,1.0,0.0,0.0,0.0,0.0,0.0,0.0,0.0,1.0,3.0,0.17181917,-0.7841285,0.0
752,1.0,0.0,0.0,0.0,-0.90504813,1.0,0.0,2.0,1.0,1.0,1.0,1.0,1.0,1.0,0.0,1.0,1.0,-1.4946169,-0.916956,0.0
753,1.0,0.0,0.0,0.0,-1.1094279,0.0,1.0,0.0,2.0,2.0,2.0,2.0,0.0,0.0,0.0,1.0,3.0,-0.71817124,-0.9078844,1.0
754,0.0,0.0,0.0,0.0,-1.2729317,1.0,0.0,0.0,0.0,0.0,0.0,0.0,0.0,0.0,0.0,1.0,3.0,-0.6497104,-0.98512626,1.0
755,1.0,0.0,1.0,1.0,1.629261,1.0,2.0,2.0,1.0,1.0,1.0,1.0,1.0,1.0,2.0,0.0,1.0,-1.3092718,-0.17473182,0.0
756,1.0,0.0,0.0,0.0,-0.90504813,1.0,0.0,0.0,0.0,2.0,0.0,0.0,2.0,0.0,0.0,1.0,3.0,-0.17048483,-0.72113883,0.0
757,0.0,0.0,1.0,0.0,-0.37366074,1.0,0.0,0.0,0.0,0.0,2.0,2.0,0.0,0.0,0.0,0.0,2.0,-0.3508206,-0.4620652,0.0
758,1.0,0.0,1.0,1.0,1.0569977,1.0,0.0,2.0,1.0,1.0,1.0,1.0,1.0,1.0,1.0,1.0,2.0,-1.5096449,-0.51220345,0.0
759,1.0,0.0,1.0,1.0,0.72999007,1.0,2.0,0.0,0.0,0.0,2.0,2.0,2.0,0.0,1.0,1.0,2.0,0.16347028,0.5254029,0.0
760,0.0,0.0,1.0,1.0,1.0569977,1.0,2.0,0.0,0.0,2.0,0.0,0.0,2.0,0.0,0.0,1.0,0.0,0.06829308,0.7603079,0.0
761,1.0,0.0,0.0,0.0,-1.2729317,1.0,0.0,2.0,1.0,1.0,1.0,1.0,1.0,1.0,0.0,0.0,3.0,-1.4745796,-0.99610996,0.0
762,1.0,0.0,0.0,0.0,-1.2729317,1.0,0.0,2.0,1.0,1.0,1.0,1.0,1.0,1.0,0.0,0.0,3.0,-1.4896076,-0.99631006,1.0
763,0.0,1.0,0.0,0.0,0.9752458,1.0,2.0,0.0,2.0,0.0,2.0,2.0,0.0,2.0,2.0,0.0,0.0,0.28369412,0.79757255,0.0
764,1.0,1.0,0.0,0.0,-1.1911799,1.0,2.0,1.0,0.0,0.0,0.0,0.0,2.0,2.0,0.0,1.0,2.0,1.0050372,-0.8559674,0.0
765,1.0,0.0,1.0,1.0,1.5883851,1.0,0.0,0.0,2.0,0.0,2.0,2.0,0.0,2.0,2.0,1.0,1.0,0.2035449,1.2063272,0.0
766,0.0,0.0,0.0,0.0,-0.9868001,1.0,2.0,1.0,0.0,0.0,0.0,0.0,2.0,2.0,0.0,0.0,0.0,1.0317535,-0.65926087,1.0
767,0.0,0.0,1.0,0.0,1.5883851,1.0,0.0,2.0,1.0,1.0,1.0,1.0,1.0,1.0,2.0,0.0,1.0,-1.4996262,-0.3917827,0.0
768,0.0,1.0,0.0,0.0,-1.1911799,1.0,0.0,1.0,0.0,0.0,2.0,0.0,2.0,0.0,0.0,1.0,2.0,0.7378731,-0.9070173,1.0
769,1.0,0.0,0.0,0.0,-0.90504813,1.0,0.0,0.0,0.0,0.0,0.0,0.0,0.0,0.0,0.0,0.0,3.0,-0.62633353,-0.78644085,0.0
770,0.0,0.0,0.0,0.0,-1.2729317,1.0,0.0,0.0,0.0,0.0,0.0,0.0,0.0,0.0,0.0,0.0,2.0,-0.65471977,-0.98519295,1.0
771,1.0,1.0,1.0,0.0,-0.005777135,1.0,2.0,1.0,0.0,2.0,2.0,0.0,2.0,2.0,0.0,0.0,0.0,1.3890855,0.5603552,1.0
772,1.0,0.0,0.0,0.0,-1.2729317,1.0,0.0,0.0,0.0,0.0,0.0,0.0,0.0,0.0,0.0,1.0,0.0,-0.6914548,-0.98568213,0.0
773,1.0,0.0,0.0,1.0,-0.45541266,1.0,0.0,0.0,0.0,0.0,0.0,0.0,0.0,0.0,0.0,0.0,3.0,-0.638022,-0.56723326,0.0
774,1.0,0.0,1.0,0.0,0.4029824,1.0,2.0,1.0,0.0,0.0,2.0,2.0,2.0,2.0,1.0,1.0,2.0,1.4542068,1.0341228,0.0
775,1.0,0.0,0.0,0.0,1.1796255,1.0,2.0,1.0,2.0,0.0,2.0,0.0,2.0,2.0,0.0,1.0,2.0,1.3924251,1.7963134,0.0
776,1.0,0.0,1.0,1.0,1.4657573,1.0,2.0,1.0,2.0,2.0,0.0,0.0,0.0,0.0,1.0,1.0,0.0,0.69278914,1.5279236,0.0
777,1.0,0.0,0.0,1.0,-0.7824203,1.0,0.0,0.0,0.0,0.0,0.0,0.0,2.0,2.0,0.0,0.0,1.0,0.054934874,-0.6354035,0.0
778,1.0,0.0,0.0,0.0,-0.9459241,1.0,0.0,0.0,2.0,0.0,2.0,2.0,0.0,2.0,0.0,1.0,0.0,0.11671657,-0.7487093,0.0
779,1.0,0.0,0.0,0.0,-0.25103286,1.0,0.0,1.0,0.0,2.0,0.0,0.0,2.0,0.0,0.0,1.0,2.0,0.701138,-0.050753564,0.0
780,0.0,1.0,0.0,0.0,-1.1911799,1.0,0.0,1.0,0.0,0.0,0.0,0.0,0.0,0.0,0.0,1.0,2.0,0.18851691,-0.9142434,1.0
781,0.0,0.0,1.0,1.0,1.3431294,1.0,2.0,2.0,1.0,1.0,1.0,1.0,1.0,1.0,2.0,1.0,0.0,-1.3176206,-0.22771606,0.0
782,0.0,0.0,1.0,1.0,1.0978737,1.0,2.0,0.0,2.0,2.0,0.0,2.0,0.0,0.0,1.0,0.0,3.0,0.024878914,0.68511164,0.0
783,0.0,1.0,0.0,0.0,-0.9868001,1.0,2.0,1.0,0.0,0.0,0.0,0.0,0.0,0.0,0.0,1.0,2.0,0.3671829,-0.73568004,1.0
784,0.0,0.0,0.0,0.0,1.1387496,1.0,2.0,1.0,0.0,2.0,2.0,0.0,2.0,2.0,0.0,1.0,2.0,1.3740575,1.8391366,1.0
785,0.0,0.0,0.0,0.0,-1.2729317,1.0,0.0,2.0,1.0,1.0,1.0,1.0,1.0,1.0,0.0,0.0,2.0,-1.5179937,-0.99668807,1.0
786,1.0,0.0,1.0,0.0,-1.1911799,1.0,0.0,1.0,0.0,0.0,0.0,0.0,0.0,0.0,0.0,1.0,2.0,0.18517737,-0.912398,1.0
787,1.0,0.0,0.0,0.0,1.0161217,1.0,0.0,2.0,1.0,1.0,1.0,1.0,1.0,1.0,2.0,0.0,0.0,-1.4729098,-0.5047327,0.0
788,1.0,0.0,1.0,1.0,1.3431294,1.0,2.0,1.0,0.0,0.0,2.0,2.0,2.0,2.0,2.0,1.0,0.0,1.3139457,1.974143,0.0
789,1.0,0.0,1.0,1.0,0.28035456,1.0,0.0,0.0,2.0,2.0,2.0,0.0,0.0,0.0,1.0,0.0,2.0,-0.1654755,0.037005074,0.0
790,1.0,0.0,1.0,1.0,-0.046653092,1.0,2.0,0.0,0.0,0.0,0.0,0.0,0.0,2.0,0.0,0.0,0.0,-0.16881505,-0.19349754,0.0
791,1.0,0.0,0.0,0.0,-1.2729317,1.0,0.0,1.0,0.0,0.0,0.0,0.0,0.0,0.0,0.0,0.0,2.0,0.18851691,-0.97396463,1.0
792,1.0,0.0,1.0,0.0,0.4029824,0.0,1.0,0.0,2.0,0.0,0.0,0.0,2.0,0.0,0.0,1.0,0.0,-0.8216973,-0.28219002,0.0
793,1.0,0.0,0.0,1.0,-0.7006684,1.0,0.0,0.0,2.0,0.0,2.0,0.0,0.0,2.0,1.0,0.0,3.0,0.0031718314,-0.582486,0.0
794,1.0,0.0,0.0,0.0,-1.1911799,0.0,1.0,0.0,0.0,2.0,0.0,2.0,0.0,0.0,0.0,1.0,3.0,-0.93190247,-0.9569332,1.0
795,0.0,0.0,0.0,0.0,-0.046653092,1.0,2.0,1.0,2.0,2.0,0.0,0.0,2.0,2.0,0.0,0.0,2.0,1.3222946,0.4202126,0.0
796,1.0,0.0,1.0,1.0,1.629261,1.0,0.0,2.0,1.0,1.0,1.0,1.0,1.0,1.0,2.0,0.0,0.0,-1.4612213,-0.34102187,0.0
797,1.0,0.0,0.0,0.0,-0.25103286,1.0,0.0,2.0,1.0,1.0,1.0,1.0,1.0,1.0,1.0,0.0,1.0,-1.5012959,-0.80191594,0.0
798,0.0,0.0,0.0,0.0,-1.2729317,1.0,2.0,1.0,0.0,2.0,0.0,0.0,0.0,0.0,0.0,1.0,3.0,0.5157929,-0.96960676,1.0
799,0.0,0.0,1.0,1.0,0.15772669,1.0,0.0,2.0,1.0,1.0,1.0,1.0,1.0,1.0,2.0,0.0,0.0,-1.486268,-0.6860087,0.0
800,1.0,0.0,1.0,0.0,1.2613775,1.0,0.0,1.0,2.0,2.0,2.0,2.0,2.0,2.0,2.0,1.0,1.0,1.5143187,1.9766555,0.0
801,1.0,0.0,1.0,1.0,-0.25103286,1.0,0.0,0.0,0.0,0.0,2.0,0.0,0.0,0.0,1.0,0.0,3.0,-0.4810631,-0.43349418,0.0
802,0.0,0.0,1.0,1.0,-0.45541266,1.0,0.0,0.0,0.0,2.0,0.0,0.0,2.0,0.0,1.0,1.0,1.0,-0.19720124,-0.46477777,0.0
803,1.0,0.0,0.0,0.0,-0.7824203,0.0,1.0,0.0,0.0,0.0,0.0,0.0,0.0,0.0,0.0,1.0,0.0,-1.3226299,-0.85770166,0.0
804,1.0,0.0,0.0,0.0,1.629261,1.0,2.0,0.0,2.0,0.0,2.0,2.0,2.0,2.0,2.0,0.0,1.0,0.65271455,1.6615515,0.0
805,0.0,0.0,1.0,1.0,1.629261,0.0,1.0,0.0,2.0,2.0,2.0,2.0,2.0,2.0,2.0,0.0,0.0,-0.010186373,1.0082644,0.0
806,0.0,1.0,0.0,0.0,-1.1503038,1.0,2.0,1.0,0.0,0.0,0.0,0.0,0.0,2.0,0.0,1.0,2.0,0.6627332,-0.8451393,1.0
807,1.0,0.0,0.0,0.0,-0.8641722,1.0,0.0,0.0,0.0,0.0,0.0,0.0,0.0,0.0,0.0,0.0,1.0,-0.65304995,-0.7864853,0.0
808,0.0,0.0,1.0,0.0,0.6073622,1.0,0.0,2.0,1.0,1.0,1.0,1.0,1.0,1.0,2.0,0.0,0.0,-1.5063053,-0.5954708,0.0
809,1.0,0.0,1.0,1.0,-0.82329625,1.0,0.0,2.0,1.0,1.0,1.0,1.0,1.0,1.0,0.0,0.0,3.0,-1.4779191,-0.8916534,0.0
810,0.0,0.0,1.0,0.0,-0.25103286,1.0,2.0,0.0,2.0,2.0,2.0,2.0,2.0,2.0,1.0,1.0,1.0,0.8464085,0.023086427,0.0
811,0.0,1.0,0.0,0.0,-0.53716457,1.0,0.0,1.0,2.0,2.0,0.0,2.0,2.0,2.0,0.0,1.0,3.0,1.3440017,-0.11267599,0.0
812,0.0,0.0,1.0,1.0,-0.53716457,0.0,1.0,0.0,0.0,0.0,0.0,0.0,0.0,0.0,0.0,1.0,3.0,-1.3326486,-0.81192136,0.0
813,1.0,1.0,0.0,0.0,1.5066332,1.0,0.0,2.0,1.0,1.0,1.0,1.0,1.0,1.0,2.0,0.0,1.0,-1.4845982,-0.40214387,0.0
814,1.0,0.0,0.0,1.0,-0.37366074,1.0,0.0,2.0,1.0,1.0,1.0,1.0,1.0,1.0,1.0,0.0,3.0,-1.5012959,-0.79829174,0.0
815,1.0,1.0,0.0,0.0,-1.2320558,0.0,1.0,0.0,0.0,0.0,0.0,0.0,0.0,0.0,0.0,1.0,3.0,-1.3460069,-0.98414797,1.0
816,0.0,0.0,1.0,1.0,0.6073622,1.0,0.0,2.0,1.0,1.0,1.0,1.0,1.0,1.0,2.0,0.0,3.0,-1.5029657,-0.58330864,0.0
817,1.0,0.0,0.0,0.0,1.5475092,1.0,2.0,1.0,2.0,0.0,0.0,2.0,2.0,2.0,2.0,1.0,1.0,1.3106061,2.2187643,1.0
818,1.0,0.0,0.0,0.0,0.4029824,1.0,2.0,1.0,2.0,2.0,2.0,0.0,0.0,2.0,1.0,1.0,2.0,1.1436286,0.9061869,0.0
819,1.0,0.0,1.0,1.0,-1.2320558,1.0,0.0,1.0,2.0,0.0,0.0,0.0,2.0,2.0,0.0,0.0,2.0,1.0801771,-0.9233817,0.0
820,1.0,0.0,1.0,0.0,1.2205015,1.0,2.0,1.0,0.0,0.0,2.0,2.0,2.0,2.0,2.0,1.0,0.0,1.43083,2.0687053,0.0
821,0.0,0.0,1.0,1.0,0.93436986,1.0,2.0,0.0,2.0,2.0,0.0,2.0,0.0,2.0,1.0,1.0,0.0,0.3671829,0.8909787,0.0
822,0.0,0.0,1.0,1.0,-0.6597924,1.0,0.0,0.0,2.0,2.0,0.0,2.0,0.0,2.0,2.0,0.0,0.0,0.11671657,-0.50951314,0.0
823,0.0,0.0,0.0,0.0,-0.5780405,1.0,0.0,1.0,0.0,0.0,0.0,0.0,0.0,0.0,0.0,1.0,2.0,0.16847962,-0.46202073,0.0
824,1.0,0.0,0.0,1.0,-1.068552,1.0,0.0,2.0,1.0,1.0,1.0,1.0,1.0,1.0,0.0,0.0,3.0,-1.5046356,-0.95562136,0.0
825,1.0,1.0,1.0,0.0,0.19860265,1.0,2.0,1.0,0.0,0.0,0.0,0.0,2.0,2.0,0.0,1.0,2.0,0.9265577,0.5392993,1.0
826,1.0,0.0,1.0,1.0,1.629261,1.0,2.0,0.0,2.0,2.0,2.0,2.0,0.0,2.0,2.0,0.0,1.0,0.5425093,1.5516698,0.0
827,1.0,0.0,0.0,0.0,-0.21015692,1.0,0.0,2.0,1.0,1.0,1.0,1.0,1.0,1.0,0.0,1.0,2.0,-1.5146542,-0.7696762,0.0
828,0.0,0.0,0.0,0.0,0.19860265,1.0,0.0,2.0,1.0,1.0,1.0,1.0,1.0,1.0,2.0,0.0,3.0,-1.4996262,-0.6565261,0.0
829,1.0,0.0,1.0,1.0,0.52561027,1.0,2.0,1.0,0.0,2.0,2.0,0.0,0.0,2.0,0.0,1.0,0.0,1.0417722,0.9765361,0.0
830,1.0,0.0,0.0,0.0,-0.5780405,1.0,0.0,2.0,1.0,1.0,1.0,1.0,1.0,1.0,0.0,0.0,3.0,-1.4929471,-0.8458508,0.0
831,0.0,0.0,0.0,0.0,-1.1094279,1.0,0.0,0.0,2.0,0.0,0.0,2.0,0.0,0.0,0.0,0.0,1.0,-0.3641788,-0.88974124,1.0
832,1.0,0.0,1.0,0.0,0.3212305,1.0,2.0,1.0,0.0,2.0,0.0,0.0,2.0,2.0,0.0,1.0,2.0,1.2204382,0.8237645,1.0
833,1.0,1.0,1.0,1.0,-0.4962886,1.0,0.0,1.0,2.0,0.0,2.0,2.0,0.0,2.0,1.0,0.0,1.0,0.98666966,-0.19669926,0.0
834,1.0,0.0,0.0,0.0,-0.90504813,1.0,0.0,1.0,2.0,2.0,2.0,0.0,2.0,2.0,0.0,1.0,2.0,1.3239644,-0.5243656,1.0
835,0.0,0.0,1.0,1.0,0.77086604,1.0,0.0,1.0,2.0,2.0,0.0,0.0,0.0,0.0,0.0,1.0,0.0,0.48072764,0.7817195,0.0
836,1.0,0.0,0.0,1.0,-1.2729317,1.0,2.0,1.0,0.0,0.0,2.0,0.0,2.0,2.0,0.0,1.0,2.0,1.1686752,-0.9609131,1.0
837,1.0,0.0,0.0,0.0,1.2205015,1.0,2.0,1.0,2.0,2.0,0.0,2.0,0.0,2.0,1.0,0.0,2.0,1.2438151,1.8981909,1.0
838,0.0,0.0,1.0,1.0,-0.16928096,1.0,0.0,2.0,1.0,1.0,1.0,1.0,1.0,1.0,1.0,0.0,3.0,-1.4979564,-0.7638064,0.0
839,1.0,0.0,1.0,1.0,1.3840053,1.0,0.0,0.0,2.0,2.0,2.0,2.0,0.0,0.0,2.0,0.0,3.0,0.03656734,0.81662726,0.0
840,1.0,0.0,0.0,0.0,-0.5780405,1.0,0.0,0.0,2.0,0.0,2.0,2.0,2.0,0.0,0.0,1.0,2.0,0.12005612,-0.42726856,0.0
841,0.0,0.0,0.0,0.0,-0.7824203,1.0,0.0,1.0,0.0,2.0,2.0,0.0,0.0,0.0,0.0,1.0,2.0,0.4840672,-0.51093614,1.0
842,0.0,0.0,1.0,1.0,0.6891141,1.0,2.0,1.0,0.0,2.0,0.0,0.0,2.0,2.0,1.0,0.0,3.0,1.192052,1.1922752,1.0
843,1.0,0.0,0.0,0.0,-1.2729317,1.0,0.0,0.0,0.0,0.0,0.0,0.0,0.0,0.0,0.0,1.0,2.0,-0.66807795,-0.9853708,0.0
844,1.0,0.0,1.0,1.0,-0.046653092,1.0,2.0,1.0,2.0,0.0,2.0,2.0,0.0,0.0,0.0,0.0,2.0,0.8196921,0.25007603,0.0
845,1.0,1.0,1.0,0.0,-0.7824203,1.0,2.0,1.0,2.0,2.0,0.0,0.0,0.0,2.0,0.0,0.0,1.0,0.9699719,-0.44452238,0.0
846,1.0,1.0,0.0,0.0,0.72999007,1.0,2.0,1.0,0.0,0.0,0.0,0.0,2.0,2.0,0.0,1.0,2.0,1.0334234,1.1366451,1.0
847,0.0,0.0,1.0,0.0,0.6073622,1.0,0.0,1.0,0.0,0.0,2.0,0.0,0.0,2.0,0.0,1.0,2.0,0.68611,0.7937705,1.0
848,0.0,1.0,0.0,0.0,1.629261,1.0,2.0,1.0,0.0,2.0,2.0,2.0,2.0,2.0,2.0,1.0,0.0,1.4475278,2.451735,0.0
849,1.0,0.0,0.0,0.0,1.629261,1.0,2.0,1.0,0.0,2.0,2.0,0.0,2.0,2.0,2.0,1.0,2.0,1.2989177,2.3898127,0.0
850,1.0,1.0,1.0,0.0,-1.2320558,1.0,0.0,1.0,0.0,0.0,2.0,0.0,2.0,2.0,0.0,1.0,1.0,1.0267442,-0.92449343,0.0
851,1.0,0.0,0.0,0.0,-0.82329625,1.0,2.0,2.0,1.0,1.0,1.0,1.0,1.0,1.0,1.0,0.0,1.0,-1.3293091,-0.8805807,0.0
852,1.0,0.0,1.0,1.0,-0.005777135,1.0,0.0,1.0,2.0,2.0,0.0,0.0,0.0,2.0,1.0,1.0,2.0,0.86978537,0.33939105,0.0
853,1.0,0.0,0.0,0.0,0.116850734,1.0,2.0,2.0,1.0,1.0,1.0,1.0,1.0,1.0,1.0,0.0,0.0,-1.2875646,-0.58064055,0.0
854,0.0,0.0,0.0,0.0,1.0978737,1.0,2.0,1.0,2.0,2.0,2.0,0.0,0.0,2.0,0.0,1.0,0.0,1.1586565,1.495506,0.0
855,1.0,0.0,0.0,0.0,-1.2729317,1.0,2.0,2.0,1.0,1.0,1.0,1.0,1.0,1.0,0.0,1.0,3.0,-1.3276393,-0.9941534,0.0
856,0.0,0.0,0.0,0.0,-0.41453668,1.0,2.0,0.0,2.0,0.0,0.0,2.0,0.0,0.0,0.0,1.0,3.0,-0.19052213,-0.4478575,0.0
857,0.0,0.0,1.0,1.0,-0.82329625,1.0,0.0,2.0,1.0,1.0,1.0,1.0,1.0,1.0,1.0,0.0,0.0,-1.5012959,-0.90317076,1.0
858,0.0,0.0,0.0,0.0,0.2394786,1.0,0.0,1.0,0.0,0.0,0.0,0.0,2.0,2.0,1.0,1.0,3.0,0.813013,0.48086768,0.0
859,1.0,0.0,0.0,0.0,-1.068552,1.0,0.0,0.0,2.0,0.0,0.0,0.0,0.0,2.0,0.0,1.0,0.0,-0.18718259,-0.855545,0.0
860,1.0,0.0,1.0,0.0,1.3840053,1.0,2.0,1.0,0.0,2.0,2.0,0.0,0.0,2.0,1.0,0.0,2.0,1.0200652,1.7844181,0.0
861,1.0,0.0,1.0,1.0,0.15772669,1.0,0.0,2.0,1.0,1.0,1.0,1.0,1.0,1.0,2.0,0.0,1.0,-1.5129844,-0.66975546,0.0
862,0.0,0.0,1.0,0.0,0.6891141,1.0,0.0,2.0,1.0,1.0,1.0,1.0,1.0,1.0,1.0,1.0,0.0,-1.4929471,-0.5947815,0.0
863,1.0,1.0,0.0,0.0,1.4248813,1.0,2.0,0.0,2.0,2.0,0.0,2.0,0.0,0.0,2.0,1.0,0.0,-0.006846822,0.88468635,0.0
864,1.0,0.0,0.0,0.0,-1.1094279,1.0,0.0,2.0,1.0,1.0,1.0,1.0,1.0,1.0,0.0,0.0,1.0,-1.4929471,-0.96278083,0.0
865,1.0,0.0,0.0,0.0,-0.25103286,0.0,1.0,0.0,0.0,0.0,2.0,2.0,0.0,0.0,0.0,0.0,2.0,-0.9686376,-0.5505798,0.0
866,1.0,0.0,0.0,0.0,-0.9459241,0.0,1.0,0.0,0.0,0.0,0.0,0.0,2.0,2.0,0.0,1.0,2.0,-0.6463709,-0.8190363,1.0
867,1.0,0.0,1.0,1.0,-0.82329625,1.0,0.0,0.0,0.0,0.0,0.0,0.0,2.0,0.0,0.0,1.0,3.0,-0.28235978,-0.7257191,0.0
868,0.0,0.0,1.0,0.0,1.3431294,1.0,0.0,0.0,2.0,2.0,2.0,0.0,0.0,2.0,2.0,0.0,0.0,0.20855422,0.945208,0.0
869,1.0,1.0,1.0,0.0,0.03509882,1.0,0.0,1.0,2.0,2.0,0.0,2.0,0.0,2.0,1.0,1.0,2.0,0.961623,0.35346535,0.0
870,1.0,0.0,0.0,0.0,1.4248813,1.0,0.0,0.0,0.0,0.0,0.0,2.0,0.0,0.0,2.0,0.0,0.0,-0.47438398,0.44444796,0.0
871,0.0,1.0,0.0,0.0,-1.2320558,1.0,0.0,0.0,2.0,2.0,0.0,0.0,0.0,0.0,0.0,0.0,3.0,-0.33078328,-0.9589343,1.0
872,1.0,0.0,1.0,1.0,0.15772669,1.0,0.0,0.0,2.0,2.0,0.0,0.0,0.0,0.0,1.0,0.0,3.0,-0.3708579,-0.14287011,0.0
873,1.0,1.0,1.0,0.0,1.5883851,1.0,2.0,2.0,1.0,1.0,1.0,1.0,1.0,1.0,2.0,0.0,1.0,-1.3126113,-0.2094395,0.0
874,0.0,0.0,1.0,0.0,-1.2729317,1.0,0.0,0.0,0.0,0.0,0.0,0.0,2.0,0.0,0.0,0.0,3.0,-0.31909487,-0.98072386,1.0
875,0.0,0.0,1.0,0.0,-0.45541266,1.0,0.0,1.0,0.0,0.0,2.0,2.0,0.0,0.0,1.0,0.0,2.0,0.48239744,-0.23042865,0.0
876,0.0,0.0,0.0,0.0,-1.1503038,1.0,0.0,1.0,2.0,0.0,2.0,2.0,0.0,2.0,0.0,1.0,0.0,0.9900092,-0.83308834,1.0
877,0.0,0.0,1.0,1.0,0.44385839,0.0,1.0,0.0,2.0,0.0,2.0,2.0,2.0,2.0,1.0,1.0,1.0,-0.1454382,0.1689432,0.0
878,1.0,0.0,1.0,1.0,1.4248813,1.0,0.0,1.0,0.0,2.0,2.0,2.0,2.0,2.0,2.0,0.0,0.0,1.2822199,2.0610569,0.0
879,0.0,1.0,1.0,0.0,-0.41453668,1.0,2.0,2.0,1.0,1.0,1.0,1.0,1.0,1.0,1.0,0.0,0.0,-1.307602,-0.7612272,0.0
880,1.0,0.0,1.0,1.0,0.6482381,1.0,0.0,0.0,0.0,2.0,2.0,0.0,0.0,0.0,1.0,1.0,1.0,-0.29905754,0.1736791,0.0
881,1.0,1.0,0.0,0.0,-0.53716457,1.0,0.0,1.0,2.0,0.0,0.0,0.0,0.0,2.0,0.0,1.0,2.0,0.7529011,-0.2771873,0.0
882,1.0,0.0,0.0,0.0,-0.29190883,1.0,2.0,0.0,2.0,2.0,2.0,2.0,0.0,2.0,0.0,0.0,0.0,0.56755596,-0.10309302,0.0
883,1.0,0.0,0.0,0.0,0.44385839,1.0,0.0,0.0,0.0,2.0,0.0,0.0,0.0,2.0,2.0,1.0,2.0,-0.1587964,0.12803215,0.0
884,1.0,0.0,0.0,0.0,-0.90504813,1.0,0.0,0.0,0.0,0.0,0.0,0.0,0.0,2.0,0.0,1.0,0.0,-0.2673318,-0.78148264,0.0
885,1.0,1.0,1.0,0.0,-1.2320558,1.0,0.0,1.0,0.0,0.0,0.0,0.0,0.0,0.0,0.0,0.0,2.0,0.17849827,-0.9422808,0.0
886,0.0,0.0,0.0,0.0,-0.7824203,1.0,0.0,2.0,1.0,1.0,1.0,1.0,1.0,1.0,1.0,0.0,3.0,-1.4879378,-0.8837602,0.0
887,1.0,0.0,0.0,0.0,-1.1094279,1.0,0.0,0.0,0.0,0.0,2.0,0.0,2.0,2.0,0.0,1.0,2.0,0.17682849,-0.8512315,1.0
888,0.0,1.0,0.0,0.0,0.8526179,1.0,0.0,1.0,0.0,2.0,0.0,0.0,0.0,0.0,0.0,1.0,1.0,0.30206165,0.7751826,0.0
889,1.0,0.0,0.0,0.0,1.629261,1.0,2.0,0.0,0.0,2.0,2.0,2.0,2.0,2.0,2.0,1.0,0.0,0.79631525,1.7526453,0.0
890,0.0,0.0,1.0,1.0,-0.005777135,1.0,2.0,1.0,0.0,2.0,0.0,0.0,2.0,2.0,0.0,1.0,2.0,1.1386192,0.36862913,0.0
891,0.0,0.0,0.0,1.0,0.36210647,1.0,0.0,0.0,0.0,0.0,0.0,0.0,0.0,0.0,0.0,0.0,0.0,-0.65304995,-0.1862047,0.0
892,1.0,0.0,0.0,0.0,-1.2320558,1.0,2.0,1.0,2.0,0.0,0.0,0.0,0.0,2.0,0.0,0.0,3.0,0.8681156,-0.92756176,0.0
893,1.0,1.0,1.0,0.0,1.629261,1.0,2.0,1.0,2.0,2.0,2.0,2.0,2.0,2.0,2.0,1.0,3.0,1.6612589,2.699825,0.0
894,1.0,0.0,1.0,0.0,1.0161217,1.0,0.0,0.0,2.0,0.0,0.0,2.0,0.0,0.0,0.0,0.0,2.0,-0.3023971,0.4050933,0.0
895,0.0,1.0,0.0,0.0,1.5883851,1.0,2.0,1.0,0.0,2.0,2.0,0.0,2.0,2.0,1.0,1.0,2.0,1.3740575,2.33963,0.0
896,0.0,0.0,0.0,0.0,0.36210647,1.0,0.0,2.0,1.0,1.0,1.0,1.0,1.0,1.0,2.0,0.0,3.0,-1.4729098,-0.6338916,0.0
897,1.0,1.0,0.0,0.0,-0.6597924,1.0,2.0,1.0,0.0,0.0,0.0,0.0,2.0,0.0,0.0,1.0,2.0,0.7295242,-0.43562865,1.0
898,0.0,0.0,1.0,1.0,1.0569977,1.0,2.0,2.0,1.0,1.0,1.0,1.0,1.0,1.0,2.0,0.0,1.0,-1.3226299,-0.3338402,0.0
899,1.0,0.0,0.0,0.0,0.48473433,1.0,0.0,0.0,2.0,0.0,0.0,2.0,2.0,0.0,1.0,0.0,2.0,0.021539362,0.22853102,0.0
900,0.0,0.0,0.0,0.0,-0.6597924,1.0,0.0,2.0,1.0,1.0,1.0,1.0,1.0,1.0,1.0,0.0,1.0,-1.5163239,-0.8738438,0.0
901,1.0,0.0,0.0,0.0,-1.2729317,1.0,0.0,0.0,0.0,0.0,0.0,2.0,0.0,0.0,0.0,1.0,2.0,-0.51612836,-0.98334754,0.0
902,1.0,0.0,1.0,0.0,-0.82329625,1.0,0.0,1.0,0.0,2.0,0.0,0.0,0.0,2.0,0.0,1.0,1.0,0.67776114,-0.56067413,0.0
903,1.0,0.0,1.0,1.0,1.4248813,1.0,0.0,0.0,2.0,0.0,2.0,2.0,0.0,0.0,2.0,1.0,0.0,-0.1454382,0.75288165,0.0
904,0.0,1.0,1.0,0.0,1.5475092,1.0,0.0,2.0,1.0,1.0,1.0,1.0,1.0,1.0,2.0,1.0,1.0,-1.5096449,-0.3551184,0.0
905,1.0,1.0,0.0,0.0,-0.33278477,1.0,2.0,1.0,0.0,2.0,2.0,0.0,2.0,2.0,0.0,1.0,1.0,1.2755408,0.104975216,1.0
906,0.0,1.0,0.0,0.0,0.9752458,1.0,2.0,1.0,0.0,2.0,2.0,0.0,2.0,2.0,1.0,1.0,0.0,1.3356527,1.4452344,1.0
907,1.0,0.0,1.0,0.0,0.56648624,0.0,1.0,0.0,2.0,0.0,2.0,2.0,0.0,0.0,2.0,0.0,1.0,-0.8133484,-0.18584895,0.0
908,1.0,0.0,0.0,0.0,1.4248813,0.0,1.0,0.0,2.0,0.0,2.0,2.0,2.0,0.0,1.0,1.0,0.0,-0.5144586,0.47168493,0.0
909,0.0,0.0,0.0,0.0,0.72999007,0.0,1.0,0.0,0.0,2.0,2.0,2.0,0.0,0.0,2.0,0.0,1.0,-0.8367253,-0.14580503,0.0
910,1.0,0.0,1.0,1.0,0.9752458,0.0,1.0,0.0,0.0,2.0,2.0,0.0,0.0,0.0,1.0,1.0,1.0,-0.9569491,-0.12857348,0.0
911,0.0,0.0,1.0,1.0,-0.5780405,1.0,0.0,2.0,1.0,1.0,1.0,1.0,1.0,1.0,2.0,0.0,3.0,-1.5163239,-0.8677516,0.0
912,0.0,0.0,1.0,1.0,1.629261,1.0,2.0,1.0,2.0,0.0,0.0,0.0,0.0,0.0,2.0,0.0,0.0,0.47738808,1.5430874,0.0
913,0.0,0.0,0.0,0.0,-0.7006684,1.0,0.0,1.0,0.0,2.0,2.0,0.0,2.0,2.0,0.0,1.0,2.0,1.2187685,-0.3572529,1.0
914,1.0,1.0,1.0,0.0,1.629261,1.0,2.0,0.0,2.0,2.0,2.0,0.0,2.0,2.0,2.0,1.0,1.0,0.64603543,1.6546811,0.0
915,0.0,0.0,1.0,1.0,-0.82329625,0.0,1.0,0.0,0.0,2.0,0.0,0.0,0.0,0.0,0.0,0.0,3.0,-1.1873782,-0.8678183,1.0
916,1.0,0.0,0.0,0.0,0.2394786,1.0,2.0,1.0,2.0,2.0,0.0,0.0,2.0,2.0,1.0,1.0,2.0,1.3389922,0.72333235,0.0
917,0.0,1.0,0.0,0.0,0.4029824,1.0,2.0,1.0,0.0,2.0,2.0,0.0,2.0,2.0,0.0,1.0,0.0,1.3356527,0.91730404,1.0
918,0.0,0.0,0.0,0.0,0.116850734,1.0,0.0,2.0,1.0,1.0,1.0,1.0,1.0,1.0,0.0,0.0,0.0,-1.5196635,-0.7306106,0.0
919,0.0,0.0,1.0,0.0,-1.1094279,1.0,2.0,0.0,0.0,0.0,2.0,2.0,2.0,0.0,0.0,0.0,0.0,0.10669792,-0.84949726,1.0
920,0.0,0.0,0.0,0.0,-0.9868001,1.0,0.0,2.0,1.0,1.0,1.0,1.0,1.0,1.0,2.0,0.0,3.0,-1.4662306,-0.9333871,0.0
921,0.0,0.0,1.0,0.0,0.81174195,1.0,2.0,1.0,0.0,2.0,2.0,0.0,2.0,2.0,0.0,1.0,2.0,1.3456714,1.4960175,1.0
922,1.0,1.0,1.0,0.0,0.6891141,1.0,2.0,1.0,2.0,2.0,2.0,0.0,0.0,0.0,0.0,1.0,2.0,0.782957,0.84437567,0.0
923,1.0,0.0,0.0,0.0,0.56648624,0.0,1.0,0.0,0.0,0.0,2.0,2.0,0.0,0.0,1.0,0.0,1.0,-1.0370984,-0.32141125,0.0
924,0.0,0.0,0.0,0.0,-0.5780405,1.0,0.0,2.0,1.0,1.0,1.0,1.0,1.0,1.0,0.0,0.0,3.0,-1.5063053,-0.8310873,0.0
925,0.0,0.0,0.0,0.0,-1.2729317,1.0,0.0,1.0,0.0,0.0,2.0,0.0,0.0,0.0,0.0,0.0,0.0,0.292043,-0.9725861,1.0
926,0.0,0.0,0.0,0.0,-1.2729317,1.0,0.0,1.0,0.0,0.0,0.0,0.0,0.0,0.0,0.0,1.0,2.0,0.18350759,-0.9740313,1.0
927,1.0,0.0,0.0,1.0,-1.068552,1.0,0.0,2.0,1.0,1.0,1.0,1.0,1.0,1.0,0.0,1.0,3.0,-1.4879378,-0.9615357,0.0
928,1.0,0.0,1.0,1.0,1.5066332,1.0,0.0,1.0,0.0,2.0,0.0,2.0,2.0,0.0,2.0,1.0,3.0,0.9148693,1.8766903,0.0
929,0.0,0.0,0.0,1.0,-0.046653092,1.0,2.0,1.0,0.0,0.0,0.0,0.0,2.0,0.0,0.0,1.0,1.0,0.72785443,0.19422355,1.0
930,0.0,0.0,0.0,0.0,-1.1911799,1.0,0.0,2.0,1.0,1.0,1.0,1.0,1.0,1.0,0.0,0.0,3.0,-1.4996262,-0.9798345,0.0
931,1.0,1.0,1.0,0.0,1.629261,1.0,0.0,1.0,2.0,2.0,0.0,2.0,0.0,0.0,2.0,1.0,1.0,0.6694123,1.7258308,0.0
932,0.0,0.0,1.0,0.0,0.6891141,1.0,0.0,1.0,0.0,2.0,2.0,0.0,2.0,2.0,0.0,0.0,2.0,1.1569867,1.229273,0.0
933,0.0,1.0,0.0,0.0,-1.2320558,1.0,2.0,1.0,0.0,0.0,2.0,0.0,0.0,2.0,0.0,1.0,2.0,0.7946454,-0.92556065,1.0
934,1.0,0.0,0.0,0.0,0.9752458,1.0,0.0,0.0,2.0,0.0,2.0,0.0,0.0,0.0,1.0,0.0,3.0,-0.40258363,0.3375456,0.0
935,0.0,0.0,1.0,1.0,1.5066332,0.0,1.0,0.0,2.0,2.0,2.0,2.0,0.0,0.0,2.0,0.0,0.0,-0.6179847,0.3827701,0.0
936,0.0,0.0,0.0,0.0,0.8526179,1.0,0.0,1.0,0.0,2.0,2.0,2.0,0.0,2.0,1.0,1.0,1.0,0.99167895,1.2371662,0.0
937,0.0,0.0,0.0,0.0,-0.7006684,1.0,2.0,0.0,2.0,0.0,0.0,0.0,0.0,2.0,0.0,1.0,0.0,-0.003507271,-0.5630088,1.0
938,0.0,0.0,1.0,0.0,0.9752458,1.0,0.0,1.0,2.0,2.0,2.0,0.0,2.0,2.0,1.0,1.0,1.0,1.364039,1.6933688,0.0
939,1.0,0.0,1.0,1.0,-0.7824203,1.0,0.0,2.0,1.0,1.0,1.0,1.0,1.0,1.0,0.0,1.0,3.0,-1.4996262,-0.8932098,0.0
940,1.0,0.0,0.0,0.0,0.28035456,1.0,2.0,0.0,0.0,0.0,0.0,2.0,0.0,0.0,2.0,1.0,1.0,-0.3641788,-0.02665162,0.0
941,1.0,1.0,1.0,0.0,0.72999007,1.0,2.0,1.0,2.0,0.0,2.0,0.0,2.0,2.0,2.0,1.0,1.0,1.3456714,1.2907729,0.0
942,1.0,0.0,0.0,0.0,-0.82329625,1.0,0.0,2.0,1.0,1.0,1.0,1.0,1.0,1.0,1.0,0.0,1.0,-1.4929471,-0.8865395,0.0
943,0.0,0.0,0.0,0.0,0.6073622,1.0,2.0,1.0,2.0,0.0,2.0,0.0,2.0,0.0,1.0,0.0,1.0,1.006707,1.0470632,0.0
944,0.0,0.0,0.0,0.0,-1.068552,1.0,0.0,0.0,2.0,2.0,0.0,0.0,0.0,0.0,0.0,0.0,2.0,-0.28402957,-0.83224344,1.0
945,1.0,0.0,0.0,0.0,1.1387496,1.0,2.0,1.0,2.0,2.0,2.0,2.0,2.0,2.0,1.0,1.0,1.0,1.7313895,2.1295383,0.0
946,0.0,0.0,1.0,1.0,1.629261,1.0,2.0,1.0,2.0,2.0,2.0,0.0,2.0,2.0,2.0,0.0,1.0,1.5009605,2.6097095,0.0
947,0.0,0.0,1.0,1.0,-0.7415443,1.0,0.0,2.0,1.0,1.0,1.0,1.0,1.0,1.0,2.0,0.0,3.0,-1.5346915,-0.8916312,0.0
948,1.0,0.0,0.0,0.0,1.3022535,1.0,2.0,0.0,0.0,2.0,2.0,2.0,2.0,2.0,2.0,0.0,1.0,0.72785443,1.4994415,0.0
949,0.0,0.0,1.0,0.0,1.629261,1.0,2.0,1.0,2.0,2.0,2.0,2.0,2.0,2.0,2.0,1.0,0.0,1.6328728,2.633478,0.0
950,1.0,0.0,0.0,0.0,-0.7006684,1.0,2.0,1.0,0.0,0.0,0.0,0.0,0.0,0.0,0.0,1.0,3.0,0.3755318,-0.50239813,1.0
951,0.0,0.0,0.0,0.0,-1.2320558,1.0,0.0,1.0,0.0,0.0,0.0,0.0,2.0,0.0,0.0,1.0,3.0,0.4974254,-0.937367,1.0
952,1.0,0.0,0.0,0.0,-1.2320558,1.0,0.0,0.0,0.0,0.0,0.0,0.0,0.0,0.0,0.0,1.0,0.0,-0.60629624,-0.96618265,0.0
953,0.0,1.0,0.0,0.0,-1.1911799,1.0,0.0,1.0,0.0,0.0,2.0,0.0,0.0,0.0,0.0,0.0,3.0,0.34380606,-0.91504383,0.0
954,0.0,0.0,1.0,1.0,-0.61891645,1.0,0.0,0.0,2.0,2.0,0.0,0.0,2.0,2.0,0.0,0.0,3.0,0.3271083,-0.46462214,0.0
955,0.0,0.0,1.0,0.0,1.4657573,0.0,1.0,0.0,2.0,0.0,2.0,0.0,2.0,2.0,1.0,1.0,2.0,-0.34581128,0.65058184,0.0
956,1.0,0.0,1.0,0.0,0.81174195,1.0,0.0,1.0,2.0,0.0,0.0,0.0,2.0,0.0,0.0,0.0,2.0,0.64603543,0.9285101,1.0
957,0.0,0.0,0.0,0.0,-1.068552,1.0,0.0,1.0,0.0,0.0,0.0,0.0,2.0,2.0,0.0,1.0,2.0,0.879804,-0.8028053,1.0
958,0.0,0.0,1.0,1.0,0.3212305,1.0,2.0,1.0,0.0,2.0,2.0,0.0,2.0,0.0,0.0,1.0,1.0,1.0551305,0.7358502,0.0
959,0.0,0.0,1.0,1.0,-1.2729317,1.0,0.0,2.0,1.0,1.0,1.0,1.0,1.0,1.0,0.0,0.0,3.0,-1.5129844,-0.9966214,1.0
960,1.0,0.0,1.0,1.0,1.5883851,1.0,2.0,1.0,2.0,2.0,2.0,2.0,2.0,2.0,2.0,1.0,0.0,1.6445612,2.630432,0.0
961,0.0,0.0,1.0,1.0,1.1796255,1.0,2.0,2.0,1.0,1.0,1.0,1.0,1.0,1.0,2.0,1.0,3.0,-1.3576952,-0.31529683,0.0
962,0.0,0.0,0.0,0.0,1.4657573,1.0,2.0,1.0,2.0,2.0,0.0,2.0,2.0,2.0,2.0,0.0,1.0,1.5193281,2.2317493,0.0
963,0.0,0.0,1.0,0.0,1.5883851,1.0,2.0,1.0,0.0,2.0,2.0,0.0,2.0,2.0,2.0,1.0,0.0,1.349011,2.3543267,0.0
964,1.0,0.0,0.0,1.0,-1.2729317,0.0,1.0,0.0,0.0,0.0,0.0,0.0,0.0,0.0,0.0,0.0,2.0,-1.3359882,-0.99426454,1.0
965,1.0,0.0,1.0,1.0,0.28035456,1.0,0.0,1.0,0.0,2.0,0.0,0.0,2.0,0.0,0.0,1.0,3.0,0.71950555,0.44707158,1.0
966,0.0,1.0,1.0,0.0,1.5475092,1.0,2.0,1.0,2.0,2.0,2.0,2.0,2.0,2.0,2.0,1.0,2.0,1.6328728,2.4253206,0.0
967,0.0,0.0,0.0,0.0,-1.027676,1.0,0.0,2.0,1.0,1.0,1.0,1.0,1.0,1.0,0.0,0.0,3.0,-1.4829284,-0.9383009,0.0
968,0.0,0.0,0.0,0.0,0.4029824,0.0,1.0,0.0,2.0,2.0,2.0,2.0,0.0,2.0,1.0,1.0,2.0,-0.33412284,0.039050627,0.0
969,0.0,0.0,0.0,0.0,-1.1503038,1.0,0.0,1.0,0.0,2.0,2.0,2.0,2.0,2.0,1.0,1.0,2.0,1.3657087,-0.8078747,1.0
970,1.0,0.0,1.0,0.0,1.629261,1.0,2.0,1.0,2.0,2.0,0.0,2.0,2.0,2.0,2.0,1.0,1.0,1.5093094,2.486576,0.0
971,1.0,0.0,0.0,0.0,-0.6597924,0.0,1.0,0.0,2.0,2.0,2.0,2.0,2.0,0.0,2.0,0.0,3.0,-0.33078328,-0.5978721,0.0
972,1.0,0.0,1.0,0.0,0.77086604,1.0,0.0,0.0,2.0,2.0,2.0,2.0,2.0,2.0,2.0,1.0,1.0,0.63768655,0.9100334,0.0
973,1.0,0.0,0.0,0.0,1.2613775,1.0,0.0,1.0,2.0,2.0,2.0,2.0,2.0,2.0,2.0,0.0,1.0,1.4842628,2.1296494,0.0
974,0.0,1.0,1.0,0.0,0.93436986,1.0,0.0,1.0,0.0,0.0,2.0,2.0,2.0,0.0,2.0,0.0,1.0,0.8029943,1.1315756,0.0
975,1.0,0.0,0.0,0.0,-0.005777135,1.0,0.0,2.0,1.0,1.0,1.0,1.0,1.0,1.0,2.0,1.0,0.0,-1.4929471,-0.7320336,0.0
976,1.0,0.0,1.0,0.0,-0.5780405,1.0,0.0,0.0,0.0,0.0,2.0,0.0,0.0,0.0,0.0,1.0,3.0,-0.5077795,-0.6146812,1.0
977,1.0,0.0,0.0,0.0,-1.027676,1.0,0.0,2.0,1.0,1.0,1.0,1.0,1.0,1.0,0.0,1.0,3.0,-1.5146542,-0.9302743,0.0
978,0.0,0.0,0.0,0.0,-1.2320558,1.0,2.0,1.0,0.0,0.0,0.0,0.0,2.0,2.0,0.0,1.0,2.0,1.0150558,-0.917712,1.0
979,1.0,0.0,1.0,1.0,1.1796255,1.0,0.0,2.0,1.0,1.0,1.0,1.0,1.0,1.0,1.0,0.0,3.0,-1.4812586,-0.45988625,0.0
980,1.0,0.0,1.0,1.0,1.629261,0.0,1.0,0.0,2.0,2.0,2.0,2.0,2.0,2.0,2.0,1.0,1.0,0.0015020559,1.0935328,0.0
981,1.0,0.0,0.0,0.0,-0.7824203,1.0,0.0,2.0,1.0,1.0,1.0,1.0,1.0,1.0,2.0,0.0,3.0,-1.5029657,-0.8870954,0.0
982,1.0,0.0,0.0,0.0,-0.25103286,1.0,0.0,2.0,1.0,1.0,1.0,1.0,1.0,1.0,1.0,0.0,3.0,-1.5146542,-0.77156615,0.0
983,1.0,0.0,0.0,0.0,-0.90504813,1.0,0.0,2.0,1.0,1.0,1.0,1.0,1.0,1.0,0.0,0.0,1.0,-1.4946169,-0.91691154,0.0
984,1.0,0.0,0.0,0.0,-0.7824203,1.0,0.0,2.0,1.0,1.0,1.0,1.0,1.0,1.0,1.0,0.0,1.0,-1.5179937,-0.88980794,0.0
985,1.0,1.0,0.0,0.0,0.81174195,0.0,1.0,0.0,2.0,0.0,0.0,0.0,2.0,2.0,0.0,1.0,1.0,-0.5328261,0.1309226,0.0
986,0.0,0.0,0.0,0.0,-0.82329625,1.0,0.0,0.0,0.0,0.0,0.0,0.0,0.0,0.0,0.0,1.0,0.0,-0.65972906,-0.7720998,0.0
987,1.0,0.0,1.0,0.0,1.3431294,1.0,0.0,2.0,1.0,1.0,1.0,1.0,1.0,1.0,2.0,1.0,1.0,-1.4812586,-0.3762854,0.0
988,1.0,1.0,1.0,0.0,0.52561027,1.0,2.0,2.0,1.0,1.0,1.0,1.0,1.0,1.0,1.0,0.0,1.0,-1.3376579,-0.48305434,0.0
989,0.0,0.0,1.0,1.0,1.4248813,1.0,2.0,0.0,2.0,2.0,0.0,2.0,2.0,0.0,2.0,0.0,1.0,0.30874076,1.1596353,0.0
990,0.0,0.0,1.0,1.0,1.629261,1.0,2.0,0.0,2.0,2.0,0.0,2.0,2.0,0.0,2.0,0.0,3.0,0.3271083,1.4096595,0.0
991,1.0,1.0,0.0,0.0,-0.29190883,1.0,2.0,1.0,0.0,2.0,0.0,0.0,2.0,0.0,0.0,1.0,2.0,0.80800366,0.013592396,1.0
992,0.0,0.0,0.0,0.0,1.5475092,0.0,1.0,0.0,2.0,2.0,2.0,2.0,0.0,0.0,2.0,1.0,0.0,-0.6730873,0.35464376,0.0
993,1.0,0.0,0.0,0.0,-1.2729317,1.0,0.0,1.0,0.0,0.0,0.0,2.0,0.0,0.0,0.0,0.0,2.0,0.30874076,-0.97236377,0.0
994,1.0,0.0,1.0,1.0,1.5883851,1.0,2.0,0.0,2.0,2.0,2.0,2.0,2.0,2.0,2.0,0.0,1.0,0.83972937,1.866129,0.0
995,1.0,0.0,0.0,1.0,-1.2729317,1.0,2.0,1.0,0.0,0.0,0.0,0.0,2.0,2.0,0.0,1.0,2.0,0.95327413,-0.96378136,1.0
996,1.0,0.0,0.0,1.0,1.5475092,1.0,2.0,1.0,2.0,2.0,2.0,2.0,2.0,2.0,2.0,1.0,2.0,1.6645986,2.4999611,0.0
997,1.0,0.0,1.0,1.0,-0.9459241,1.0,0.0,2.0,1.0,1.0,1.0,1.0,1.0,1.0,2.0,0.0,3.0,-1.5079751,-0.91748965,0.0
998,0.0,0.0,1.0,0.0,-0.7006684,1.0,0.0,1.0,0.0,0.0,0.0,0.0,2.0,2.0,0.0,0.0,2.0,0.78128725,-0.38689116,1.0
999,1.0,0.0,0.0,1.0,0.19860265,1.0,0.0,0.0,2.0,2.0,0.0,2.0,0.0,0.0,2.0,0.0,1.0,-0.11037291,0.018550636,0.0
1000,1.0,0.0,0.0,0.0,-1.1911799,0.0,1.0,0.0,0.0,0.0,0.0,0.0,0.0,0.0,0.0,0.0,2.0,-1.3359882,-0.9754988,1.0
1001,0.0,0.0,0.0,0.0,-1.2320558,1.0,0.0,1.0,0.0,0.0,0.0,0.0,0.0,0.0,0.0,0.0,2.0,0.14009343,-0.95201945,1.0
1002,0.0,0.0,0.0,0.0,-1.027676,1.0,0.0,2.0,1.0,1.0,1.0,1.0,1.0,1.0,0.0,0.0,3.0,-1.5179937,-0.94081336,0.0
1003,1.0,0.0,0.0,0.0,-0.6597924,1.0,0.0,2.0,1.0,1.0,1.0,1.0,1.0,1.0,0.0,1.0,3.0,-1.5046356,-0.85301024,1.0
1004,1.0,0.0,1.0,1.0,1.2613775,0.0,1.0,0.0,0.0,2.0,2.0,2.0,0.0,0.0,2.0,0.0,0.0,-0.8484137,0.05977296,0.0
1005,1.0,1.0,0.0,0.0,-0.8641722,1.0,0.0,1.0,0.0,0.0,0.0,0.0,0.0,2.0,0.0,1.0,1.0,0.48072764,-0.63720447,0.0
1006,1.0,0.0,1.0,1.0,-0.45541266,1.0,0.0,2.0,1.0,1.0,1.0,1.0,1.0,1.0,1.0,0.0,3.0,-1.5012959,-0.8495862,0.0
1007,0.0,0.0,0.0,0.0,1.1796255,0.0,1.0,0.0,2.0,2.0,2.0,2.0,0.0,0.0,1.0,0.0,1.0,-0.70314324,0.19384557,0.0
1008,1.0,0.0,0.0,1.0,1.629261,0.0,1.0,0.0,2.0,2.0,2.0,2.0,2.0,2.0,2.0,0.0,1.0,0.081651285,1.0721657,0.0
1009,1.0,0.0,1.0,1.0,0.9752458,0.0,1.0,0.0,2.0,2.0,0.0,2.0,2.0,0.0,1.0,1.0,3.0,-0.42596048,0.27760205,0.0
1010,0.0,0.0,0.0,0.0,-1.2729317,1.0,0.0,0.0,2.0,2.0,0.0,0.0,0.0,0.0,0.0,1.0,2.0,-0.3291135,-0.98085725,1.0
1011,1.0,0.0,0.0,0.0,-1.2729317,0.0,1.0,0.0,0.0,0.0,0.0,0.0,0.0,0.0,0.0,1.0,2.0,-1.3226299,-0.9940867,1.0
1012,0.0,0.0,0.0,0.0,-0.128405,0.0,1.0,0.0,0.0,0.0,0.0,2.0,0.0,0.0,0.0,1.0,2.0,-1.1205871,-0.593403,0.0
1013,1.0,0.0,1.0,0.0,1.2613775,1.0,0.0,2.0,1.0,1.0,1.0,1.0,1.0,1.0,2.0,0.0,3.0,-1.5196635,-0.45490578,0.0
1014,0.0,0.0,0.0,0.0,-0.33278477,1.0,0.0,2.0,1.0,1.0,1.0,1.0,1.0,1.0,2.0,1.0,0.0,-1.5096449,-0.7961795,0.0
1015,1.0,0.0,1.0,0.0,-0.08752905,1.0,0.0,2.0,1.0,1.0,1.0,1.0,1.0,1.0,1.0,0.0,1.0,-1.5012959,-0.7488427,0.0
1016,1.0,0.0,1.0,1.0,-0.61891645,0.0,1.0,0.0,2.0,0.0,2.0,0.0,2.0,0.0,1.0,0.0,1.0,-0.6780966,-0.65301305,0.0
1017,1.0,0.0,1.0,1.0,1.5883851,1.0,2.0,0.0,2.0,2.0,2.0,2.0,2.0,2.0,2.0,0.0,2.0,0.85642713,1.9599131,0.0
1018,1.0,0.0,0.0,0.0,1.3840053,1.0,0.0,2.0,1.0,1.0,1.0,1.0,1.0,1.0,2.0,0.0,0.0,-1.5046356,-0.4477241,0.0
1019,1.0,0.0,1.0,0.0,-0.08752905,1.0,2.0,0.0,0.0,0.0,0.0,0.0,0.0,0.0,0.0,0.0,2.0,-0.49609107,-0.36405656,0.0
1020,0.0,0.0,0.0,0.0,-0.82329625,1.0,2.0,1.0,2.0,2.0,2.0,0.0,0.0,2.0,0.0,1.0,0.0,1.1670054,-0.45455003,1.0
1021,1.0,0.0,1.0,1.0,1.629261,1.0,2.0,1.0,0.0,2.0,2.0,2.0,2.0,2.0,2.0,1.0,0.0,1.586119,2.5707328,0.0
1022,0.0,0.0,0.0,1.0,-1.1503038,1.0,2.0,2.0,1.0,1.0,1.0,1.0,1.0,1.0,0.0,1.0,3.0,-1.3126113,-0.967828,0.0
1023,0.0,1.0,0.0,0.0,-0.5780405,1.0,0.0,1.0,0.0,2.0,0.0,0.0,0.0,0.0,0.0,1.0,2.0,0.2937128,-0.4007431,0.0
1024,1.0,0.0,0.0,0.0,0.8934939,1.0,0.0,1.0,2.0,0.0,2.0,2.0,0.0,0.0,1.0,0.0,2.0,0.6560541,0.9887205,0.0
1025,1.0,0.0,1.0,1.0,0.77086604,1.0,2.0,2.0,1.0,1.0,1.0,1.0,1.0,1.0,2.0,1.0,3.0,-1.3293091,-0.46175393,0.0
1026,0.0,0.0,1.0,1.0,-1.1094279,1.0,0.0,1.0,0.0,0.0,0.0,0.0,2.0,0.0,0.0,1.0,2.0,0.5375,-0.84691805,0.0
1027,1.0,0.0,0.0,0.0,1.5883851,1.0,2.0,1.0,0.0,2.0,0.0,0.0,0.0,0.0,1.0,1.0,1.0,0.47738808,1.4638444,0.0
1028,0.0,0.0,1.0,1.0,0.93436986,1.0,0.0,1.0,0.0,0.0,0.0,0.0,0.0,0.0,2.0,1.0,1.0,0.14343297,0.70347714,0.0
1029,1.0,1.0,0.0,0.0,1.4248813,1.0,2.0,1.0,0.0,0.0,2.0,0.0,2.0,2.0,0.0,1.0,1.0,1.2237778,2.0368438,0.0
1030,1.0,0.0,0.0,0.0,1.2613775,1.0,2.0,1.0,0.0,2.0,0.0,2.0,2.0,2.0,0.0,0.0,2.0,1.3573599,1.9799906,0.0
1031,0.0,0.0,1.0,1.0,1.5883851,1.0,2.0,1.0,0.0,2.0,2.0,0.0,0.0,2.0,2.0,1.0,1.0,1.0350932,2.0405567,0.0
1032,0.0,1.0,1.0,1.0,-1.1503038,1.0,0.0,0.0,0.0,0.0,0.0,0.0,0.0,0.0,0.0,0.0,2.0,-0.62633353,-0.92451566,1.0
1033,0.0,0.0,0.0,0.0,-0.37366074,1.0,0.0,1.0,0.0,2.0,2.0,2.0,0.0,0.0,0.0,0.0,0.0,0.6159795,-0.10153662,0.0
1034,0.0,1.0,0.0,0.0,-1.1503038,1.0,0.0,1.0,0.0,2.0,2.0,0.0,2.0,2.0,0.0,1.0,1.0,1.170345,-0.8083416,1.0
1035,1.0,0.0,0.0,0.0,-1.2729317,1.0,0.0,2.0,1.0,1.0,1.0,1.0,1.0,1.0,0.0,0.0,3.0,-1.4795889,-0.99617666,0.0
1036,1.0,0.0,0.0,1.0,-1.1911799,1.0,0.0,0.0,0.0,0.0,0.0,0.0,2.0,0.0,0.0,1.0,1.0,-0.3357926,-0.9299186,1.0
1037,1.0,0.0,0.0,1.0,-0.7415443,1.0,0.0,0.0,2.0,2.0,2.0,2.0,0.0,2.0,2.0,0.0,0.0,0.37887135,-0.5362165,0.0
1038,1.0,0.0,0.0,0.0,-0.45541266,1.0,2.0,1.0,0.0,0.0,0.0,0.0,0.0,0.0,0.0,1.0,2.0,0.29872212,-0.31213957,0.0
1039,1.0,0.0,0.0,1.0,0.72999007,0.0,1.0,0.0,2.0,2.0,0.0,0.0,2.0,0.0,1.0,1.0,0.0,-0.7248503,-0.023383183,0.0
1040,0.0,0.0,0.0,0.0,-1.2729317,1.0,2.0,1.0,0.0,2.0,0.0,0.0,0.0,0.0,0.0,1.0,3.0,0.48072764,-0.97007364,0.0
1041,0.0,1.0,0.0,0.0,-1.027676,1.0,0.0,0.0,0.0,2.0,2.0,0.0,2.0,0.0,0.0,1.0,2.0,0.0065113828,-0.7857516,0.0
1042,0.0,0.0,0.0,0.0,-1.068552,0.0,1.0,0.0,2.0,2.0,2.0,2.0,2.0,2.0,2.0,1.0,3.0,-0.04525166,-0.8501643,0.0
1043,0.0,1.0,1.0,0.0,-0.8641722,1.0,2.0,1.0,0.0,0.0,2.0,2.0,2.0,2.0,0.0,1.0,0.0,1.3122759,-0.50115305,1.0
1044,0.0,0.0,1.0,1.0,-0.25103286,1.0,0.0,1.0,2.0,2.0,0.0,0.0,0.0,0.0,0.0,0.0,2.0,0.5742351,-0.08474975,0.0
1045,1.0,0.0,0.0,0.0,-0.5780405,1.0,0.0,1.0,0.0,0.0,0.0,2.0,0.0,0.0,0.0,1.0,0.0,0.37219223,-0.39469537,0.0
1046,1.0,0.0,1.0,1.0,0.77086604,1.0,0.0,0.0,2.0,0.0,0.0,2.0,2.0,2.0,1.0,1.0,0.0,0.38889,0.75848466,0.0
1047,0.0,1.0,0.0,0.0,-0.6597924,1.0,0.0,0.0,0.0,0.0,0.0,2.0,2.0,0.0,0.0,0.0,2.0,-0.17883371,-0.5499572,1.0
1048,0.0,1.0,1.0,0.0,0.44385839,1.0,2.0,1.0,0.0,0.0,2.0,2.0,2.0,2.0,1.0,1.0,2.0,1.4291602,1.0108881,1.0
1049,1.0,0.0,1.0,0.0,1.2205015,1.0,0.0,0.0,0.0,2.0,2.0,2.0,0.0,0.0,2.0,1.0,1.0,-0.15378708,0.6637223,0.0
1050,1.0,0.0,1.0,0.0,-0.37366074,1.0,2.0,1.0,0.0,2.0,2.0,0.0,0.0,0.0,0.0,0.0,2.0,0.6510448,-0.13008541,0.0
1051,0.0,0.0,1.0,1.0,-0.005777135,0.0,1.0,0.0,2.0,2.0,0.0,0.0,0.0,0.0,0.0,1.0,2.0,-0.9886749,-0.53788406,0.0
1052,0.0,0.0,1.0,0.0,0.03509882,1.0,0.0,0.0,0.0,2.0,0.0,2.0,0.0,0.0,1.0,1.0,1.0,-0.36751834,-0.17935655,0.0
1053,1.0,1.0,0.0,0.0,0.6073622,1.0,2.0,1.0,0.0,0.0,0.0,0.0,2.0,0.0,0.0,1.0,1.0,0.71115667,0.7137049,0.0
1054,0.0,0.0,1.0,1.0,-0.16928096,1.0,0.0,1.0,0.0,0.0,0.0,0.0,0.0,2.0,0.0,1.0,2.0,0.54417914,-0.014911929,1.0
1055,1.0,1.0,1.0,0.0,1.4248813,1.0,0.0,0.0,2.0,2.0,0.0,2.0,0.0,0.0,1.0,1.0,0.0,-0.12707067,0.826566,0.0
1056,0.0,0.0,0.0,0.0,-1.068552,1.0,0.0,2.0,1.0,1.0,1.0,1.0,1.0,1.0,2.0,0.0,3.0,-1.5096449,-0.9499294,0.0
1057,0.0,0.0,1.0,0.0,1.0161217,0.0,1.0,0.0,2.0,2.0,2.0,0.0,2.0,2.0,0.0,1.0,0.0,-0.2005408,0.52331287,0.0
1058,1.0,0.0,1.0,1.0,1.5066332,1.0,0.0,2.0,1.0,1.0,1.0,1.0,1.0,1.0,1.0,1.0,1.0,-1.4762493,-0.38133258,0.0
1059,0.0,0.0,1.0,1.0,-1.1503038,1.0,0.0,0.0,2.0,0.0,0.0,0.0,0.0,0.0,0.0,0.0,2.0,-0.48273286,-0.9087293,0.0
1060,1.0,0.0,1.0,1.0,-1.2729317,1.0,0.0,1.0,0.0,2.0,0.0,0.0,0.0,0.0,0.0,0.0,1.0,0.32877806,-0.972097,0.0
1061,0.0,1.0,1.0,0.0,0.9752458,1.0,2.0,1.0,0.0,0.0,0.0,2.0,0.0,0.0,0.0,1.0,0.0,0.40391797,0.89609253,0.0
1062,0.0,0.0,0.0,0.0,-1.2729317,1.0,0.0,0.0,0.0,0.0,0.0,0.0,2.0,0.0,0.0,1.0,2.0,-0.3374624,-0.9809684,0.0
1063,0.0,0.0,1.0,0.0,1.629261,1.0,2.0,2.0,1.0,1.0,1.0,1.0,1.0,1.0,2.0,1.0,0.0,-1.3192904,-0.18651597,0.0
1064,0.0,0.0,1.0,1.0,-0.41453668,1.0,2.0,2.0,1.0,1.0,1.0,1.0,1.0,1.0,2.0,0.0,1.0,-1.3192904,-0.7582923,0.0
1065,1.0,1.0,0.0,0.0,-1.1911799,1.0,0.0,1.0,0.0,0.0,0.0,0.0,2.0,0.0,0.0,1.0,2.0,0.50577426,-0.8892521,1.0
1066,1.0,0.0,1.0,1.0,0.77086604,1.0,2.0,1.0,2.0,2.0,0.0,2.0,2.0,2.0,1.0,0.0,1.0,1.5126489,1.5233878,0.0
1067,1.0,1.0,1.0,0.0,1.0569977,1.0,2.0,1.0,0.0,0.0,2.0,0.0,2.0,2.0,0.0,1.0,2.0,1.1336099,1.5795071,1.0
1068,1.0,0.0,0.0,0.0,0.28035456,1.0,0.0,0.0,0.0,0.0,0.0,2.0,0.0,0.0,2.0,1.0,0.0,-0.49943063,-0.12872912,0.0
1069,1.0,0.0,0.0,0.0,-1.1911799,1.0,2.0,0.0,0.0,0.0,0.0,2.0,2.0,0.0,0.0,1.0,3.0,0.016530037,-0.91193104,0.0
1070,0.0,1.0,0.0,0.0,-1.2729317,1.0,0.0,1.0,0.0,0.0,0.0,0.0,2.0,2.0,0.0,1.0,2.0,0.88648313,-0.9646707,1.0
1071,1.0,0.0,1.0,0.0,1.5883851,1.0,2.0,1.0,2.0,0.0,2.0,2.0,2.0,2.0,2.0,1.0,1.0,1.4625556,2.3814526,0.0
1072,0.0,1.0,0.0,0.0,-1.2729317,0.0,1.0,0.0,0.0,0.0,0.0,0.0,0.0,0.0,0.0,1.0,3.0,-1.3009229,-0.9937976,1.0
1073,0.0,0.0,0.0,0.0,-1.2320558,1.0,0.0,2.0,1.0,1.0,1.0,1.0,1.0,1.0,0.0,0.0,3.0,-1.5113146,-0.9930194,0.0
1074,1.0,0.0,1.0,1.0,-0.5780405,1.0,0.0,1.0,0.0,0.0,2.0,0.0,2.0,2.0,0.0,0.0,3.0,1.0150558,-0.21375294,1.0
1075,0.0,0.0,0.0,0.0,-1.2320558,1.0,0.0,2.0,1.0,1.0,1.0,1.0,1.0,1.0,0.0,1.0,3.0,-1.4795889,-0.98639363,0.0
1076,1.0,1.0,0.0,0.0,-0.6597924,0.0,1.0,0.0,0.0,2.0,0.0,0.0,2.0,0.0,0.0,1.0,3.0,-0.8601021,-0.7029512,1.0
1077,0.0,0.0,0.0,0.0,-1.1503038,1.0,2.0,1.0,0.0,0.0,0.0,0.0,2.0,0.0,0.0,1.0,2.0,0.6977985,-0.86223745,1.0
1078,1.0,0.0,1.0,1.0,0.116850734,1.0,0.0,2.0,1.0,1.0,1.0,1.0,1.0,1.0,2.0,0.0,3.0,-1.5079751,-0.69979393,0.0
1079,1.0,0.0,1.0,0.0,1.629261,1.0,0.0,2.0,1.0,1.0,1.0,1.0,1.0,1.0,2.0,0.0,1.0,-1.5179937,-0.42504516,0.0
1080,1.0,0.0,1.0,1.0,1.4248813,1.0,2.0,1.0,2.0,2.0,2.0,0.0,2.0,2.0,1.0,1.0,2.0,1.5543933,2.3219092,1.0
1081,1.0,0.0,0.0,1.0,0.116850734,1.0,0.0,1.0,0.0,0.0,2.0,0.0,2.0,0.0,1.0,1.0,2.0,0.6811007,0.34239268,1.0
1082,0.0,0.0,0.0,0.0,-0.53716457,1.0,2.0,1.0,2.0,2.0,0.0,0.0,0.0,2.0,0.0,1.0,2.0,1.0150558,-0.20961738,1.0
1083,0.0,0.0,1.0,1.0,-0.33278477,1.0,0.0,2.0,1.0,1.0,1.0,1.0,1.0,1.0,1.0,0.0,3.0,-1.4979564,-0.7680309,0.0
1084,0.0,0.0,1.0,1.0,-0.7415443,1.0,2.0,1.0,0.0,0.0,2.0,0.0,0.0,2.0,0.0,1.0,2.0,0.7512313,-0.4455896,1.0
1085,0.0,0.0,0.0,1.0,1.4248813,1.0,2.0,1.0,0.0,2.0,0.0,2.0,2.0,2.0,1.0,1.0,0.0,1.3974345,2.2163408,0.0
1086,0.0,0.0,0.0,0.0,-0.005777135,1.0,2.0,1.0,0.0,0.0,2.0,0.0,2.0,2.0,0.0,1.0,2.0,1.222108,0.4777104,0.0
1087,1.0,0.0,1.0,1.0,0.3212305,1.0,0.0,2.0,1.0,1.0,1.0,1.0,1.0,1.0,2.0,0.0,3.0,-1.5079751,-0.6455423,0.0
1088,0.0,0.0,0.0,0.0,0.81174195,1.0,2.0,0.0,2.0,0.0,2.0,2.0,2.0,0.0,1.0,0.0,1.0,0.30874076,0.71906334,0.0
1089,1.0,0.0,1.0,1.0,-1.1503038,1.0,2.0,1.0,0.0,2.0,2.0,0.0,0.0,0.0,0.0,1.0,0.0,0.6694123,-0.839892,1.0
1090,0.0,0.0,0.0,0.0,-1.2729317,1.0,0.0,2.0,1.0,1.0,1.0,1.0,1.0,1.0,0.0,0.0,1.0,-1.4845982,-0.99624336,0.0
1091,1.0,1.0,1.0,0.0,0.07597478,1.0,0.0,1.0,0.0,0.0,2.0,0.0,2.0,0.0,0.0,1.0,1.0,0.6827705,0.2729551,0.0
1092,1.0,0.0,1.0,1.0,-0.82329625,1.0,0.0,2.0,1.0,1.0,1.0,1.0,1.0,1.0,0.0,1.0,2.0,-1.456212,-0.86917454,0.0
1093,0.0,0.0,0.0,0.0,0.2394786,1.0,0.0,1.0,0.0,2.0,2.0,2.0,0.0,0.0,0.0,1.0,1.0,0.6510448,0.44640458,1.0
1094,1.0,1.0,1.0,0.0,-0.9868001,0.0,1.0,0.0,0.0,2.0,2.0,0.0,0.0,2.0,0.0,1.0,3.0,-0.71483165,-0.84011436,0.0
1095,1.0,1.0,0.0,0.0,0.6073622,1.0,0.0,1.0,2.0,0.0,0.0,0.0,0.0,2.0,0.0,0.0,3.0,0.69278914,0.7922808,1.0
1096,0.0,0.0,0.0,0.0,1.2205015,1.0,2.0,0.0,0.0,2.0,2.0,2.0,2.0,2.0,2.0,0.0,0.0,0.6593936,1.304069,0.0
1097,0.0,0.0,1.0,0.0,1.5475092,1.0,2.0,1.0,0.0,0.0,2.0,0.0,2.0,2.0,1.0,1.0,2.0,1.2354662,2.138343,0.0
1098,1.0,1.0,0.0,0.0,-0.046653092,1.0,2.0,1.0,0.0,2.0,0.0,0.0,2.0,0.0,0.0,1.0,2.0,0.8664458,0.2599258,0.0
1099,0.0,0.0,0.0,0.0,1.2613775,1.0,2.0,0.0,2.0,2.0,2.0,2.0,2.0,0.0,2.0,1.0,1.0,0.5041045,1.1565447,0.0
1100,0.0,0.0,0.0,0.0,-1.2729317,0.0,1.0,0.0,0.0,0.0,0.0,2.0,0.0,0.0,0.0,0.0,3.0,-1.1422942,-0.99168533,0.0
1101,1.0,0.0,1.0,1.0,-0.7415443,1.0,0.0,0.0,2.0,2.0,0.0,0.0,0.0,2.0,2.0,1.0,0.0,-0.11204268,-0.6426074,0.0
1102,1.0,0.0,0.0,0.0,-0.41453668,1.0,0.0,1.0,0.0,0.0,0.0,0.0,0.0,0.0,0.0,1.0,3.0,0.16514006,-0.34251156,0.0
1103,0.0,0.0,0.0,0.0,-1.1911799,1.0,0.0,2.0,1.0,1.0,1.0,1.0,1.0,1.0,0.0,0.0,3.0,-1.4946169,-0.9769885,0.0
1104,1.0,0.0,1.0,1.0,-0.33278477,1.0,2.0,0.0,2.0,0.0,0.0,2.0,2.0,2.0,0.0,0.0,0.0,0.5425093,-0.14976273,0.0
1105,0.0,0.0,1.0,0.0,0.6482381,0.0,1.0,0.0,2.0,0.0,2.0,0.0,0.0,2.0,0.0,1.0,0.0,-0.6497104,-0.05142059,1.0
1106,1.0,1.0,1.0,1.0,1.1387496,1.0,2.0,1.0,2.0,2.0,0.0,0.0,0.0,2.0,0.0,1.0,2.0,0.95160437,1.5625868,0.0
1107,1.0,0.0,0.0,1.0,0.9752458,1.0,0.0,2.0,1.0,1.0,1.0,1.0,1.0,1.0,1.0,1.0,3.0,-1.4545423,-0.4544611,0.0
1108,0.0,0.0,1.0,1.0,-0.9868001,1.0,0.0,0.0,0.0,0.0,0.0,2.0,2.0,2.0,0.0,1.0,2.0,0.12673523,-0.75431234,0.0
1109,0.0,0.0,0.0,0.0,-1.2320558,1.0,2.0,1.0,0.0,0.0,0.0,0.0,2.0,2.0,0.0,1.0,2.0,1.043442,-0.9275395,1.0
1110,1.0,0.0,1.0,0.0,1.1796255,1.0,2.0,1.0,2.0,2.0,0.0,0.0,2.0,2.0,0.0,1.0,2.0,1.3840762,1.829687,0.0
1111,1.0,1.0,0.0,0.0,0.8934939,1.0,2.0,1.0,0.0,2.0,0.0,0.0,0.0,2.0,0.0,1.0,2.0,0.8447387,1.1878283,0.0
1112,0.0,0.0,1.0,0.0,1.0161217,1.0,0.0,0.0,2.0,2.0,0.0,2.0,2.0,0.0,2.0,1.0,1.0,0.18684715,0.8289006,0.0
1113,1.0,1.0,1.0,0.0,-0.37366074,1.0,0.0,1.0,0.0,0.0,0.0,0.0,2.0,2.0,0.0,1.0,2.0,0.85809696,-0.06376061,0.0
1114,1.0,0.0,0.0,0.0,-1.2729317,1.0,2.0,1.0,0.0,0.0,2.0,0.0,2.0,2.0,0.0,1.0,2.0,1.2254475,-0.96015716,1.0
1115,1.0,0.0,0.0,0.0,0.48473433,1.0,0.0,2.0,1.0,1.0,1.0,1.0,1.0,1.0,1.0,0.0,1.0,-1.5113146,-0.63373595,0.0
1116,0.0,0.0,0.0,0.0,0.2394786,1.0,0.0,2.0,1.0,1.0,1.0,1.0,1.0,1.0,2.0,0.0,3.0,-1.4929471,-0.67553633,0.0
1117,0.0,0.0,0.0,0.0,-1.1911799,1.0,0.0,2.0,1.0,1.0,1.0,1.0,1.0,1.0,0.0,0.0,2.0,-1.5096449,-0.9781225,0.0
1118,1.0,0.0,0.0,1.0,0.28035456,1.0,2.0,1.0,0.0,0.0,0.0,2.0,2.0,2.0,2.0,0.0,3.0,1.1953917,0.72693425,0.0
1119,1.0,1.0,1.0,0.0,0.52561027,1.0,2.0,1.0,0.0,2.0,2.0,2.0,2.0,0.0,1.0,1.0,0.0,1.1336099,1.0072861,0.0
1120,0.0,0.0,1.0,1.0,0.72999007,1.0,0.0,2.0,1.0,1.0,1.0,1.0,1.0,1.0,2.0,0.0,1.0,-1.4762493,-0.5293461,0.0
1121,1.0,0.0,0.0,0.0,1.3840053,1.0,2.0,0.0,2.0,2.0,2.0,2.0,0.0,0.0,2.0,0.0,0.0,0.13341433,0.9724895,0.0
1122,1.0,0.0,0.0,1.0,1.5066332,1.0,2.0,0.0,2.0,2.0,2.0,2.0,2.0,0.0,2.0,1.0,1.0,0.4907463,1.4416324,0.0
1123,1.0,0.0,1.0,0.0,1.1387496,1.0,0.0,1.0,0.0,2.0,0.0,0.0,2.0,2.0,1.0,1.0,2.0,0.9900092,1.4895251,1.0
1124,0.0,0.0,0.0,0.0,0.15772669,1.0,2.0,1.0,0.0,2.0,0.0,0.0,2.0,2.0,0.0,1.0,2.0,1.1486379,0.6025336,1.0
1125,0.0,1.0,1.0,0.0,0.3212305,0.0,1.0,0.0,0.0,2.0,0.0,0.0,2.0,0.0,0.0,1.0,2.0,-0.8500835,-0.27714282,1.0
1126,0.0,0.0,0.0,0.0,-1.2320558,1.0,0.0,0.0,2.0,0.0,0.0,0.0,2.0,2.0,0.0,1.0,2.0,0.20020536,-0.93994623,1.0
1127,1.0,0.0,0.0,0.0,-0.33278477,1.0,2.0,2.0,1.0,1.0,1.0,1.0,1.0,1.0,1.0,0.0,2.0,-1.3409975,-0.74172777,0.0
1128,0.0,0.0,0.0,0.0,-1.1094279,1.0,0.0,1.0,0.0,2.0,0.0,0.0,2.0,0.0,0.0,1.0,3.0,0.68611,-0.8183026,0.0
1129,0.0,0.0,1.0,1.0,-1.2320558,0.0,1.0,0.0,0.0,0.0,0.0,2.0,0.0,0.0,0.0,0.0,0.0,-1.1923875,-0.9853708,0.0
1130,1.0,0.0,0.0,0.0,0.4029824,1.0,0.0,2.0,1.0,1.0,1.0,1.0,1.0,1.0,1.0,0.0,0.0,-1.5012959,-0.6273325,0.0
1131,1.0,1.0,0.0,0.0,0.07597478,1.0,0.0,1.0,0.0,2.0,2.0,0.0,2.0,2.0,1.0,1.0,2.0,1.1720147,0.48137906,0.0
1132,1.0,0.0,0.0,0.0,-1.2729317,1.0,0.0,1.0,0.0,0.0,0.0,0.0,0.0,0.0,0.0,1.0,2.0,0.16847962,-0.9742315,1.0
1133,1.0,0.0,0.0,0.0,-1.2729317,1.0,0.0,1.0,0.0,0.0,0.0,0.0,0.0,0.0,0.0,1.0,2.0,0.17181917,-0.974187,1.0
1134,1.0,0.0,1.0,1.0,0.8526179,1.0,2.0,0.0,0.0,0.0,2.0,2.0,2.0,2.0,1.0,1.0,3.0,0.46736944,0.74787897,0.0
1135,1.0,0.0,1.0,0.0,1.4248813,1.0,0.0,1.0,2.0,2.0,2.0,2.0,2.0,2.0,2.0,1.0,2.0,1.5460445,2.2502925,0.0
1136,0.0,0.0,0.0,0.0,-0.9459241,1.0,2.0,1.0,0.0,0.0,0.0,0.0,2.0,2.0,0.0,0.0,2.0,0.9900092,-0.624064,1.0
1137,1.0,0.0,1.0,1.0,0.6482381,1.0,2.0,2.0,1.0,1.0,1.0,1.0,1.0,1.0,2.0,0.0,0.0,-1.2842251,-0.4516151,0.0
1138,1.0,1.0,0.0,0.0,-0.9459241,1.0,2.0,1.0,0.0,0.0,0.0,0.0,0.0,0.0,0.0,1.0,2.0,0.31041053,-0.70357376,0.0
1139,0.0,1.0,0.0,0.0,-0.6597924,1.0,0.0,1.0,0.0,0.0,0.0,2.0,2.0,2.0,0.0,1.0,2.0,0.99167895,-0.33326212,1.0
1140,0.0,0.0,1.0,0.0,0.28035456,1.0,0.0,1.0,2.0,0.0,2.0,2.0,2.0,2.0,1.0,1.0,1.0,1.333983,0.83343637,1.0
1141,0.0,0.0,1.0,0.0,0.9752458,1.0,2.0,1.0,0.0,0.0,0.0,0.0,2.0,0.0,0.0,1.0,0.0,0.6961287,1.1749325,0.0
1142,0.0,1.0,0.0,0.0,0.4029824,1.0,2.0,1.0,0.0,0.0,0.0,0.0,2.0,0.0,0.0,1.0,2.0,0.66440296,0.5695157,1.0
1143,1.0,0.0,0.0,0.0,-1.1911799,1.0,0.0,1.0,0.0,0.0,0.0,0.0,2.0,2.0,0.0,0.0,3.0,0.8664458,-0.899591,0.0
1144,0.0,0.0,0.0,0.0,-1.2320558,1.0,2.0,1.0,0.0,0.0,2.0,0.0,2.0,0.0,0.0,1.0,2.0,0.88982266,-0.91917944,1.0
1145,0.0,1.0,0.0,0.0,-0.128405,1.0,2.0,0.0,2.0,2.0,0.0,0.0,0.0,0.0,0.0,1.0,0.0,-0.2072199,-0.24087875,0.0
1146,0.0,1.0,1.0,0.0,1.1796255,1.0,2.0,1.0,0.0,2.0,2.0,0.0,2.0,2.0,1.0,1.0,1.0,1.3239644,1.8429387,1.0
1147,0.0,0.0,0.0,0.0,-1.1094279,1.0,2.0,1.0,0.0,0.0,2.0,2.0,0.0,0.0,0.0,1.0,2.0,0.6009515,-0.81950325,0.0
1148,1.0,0.0,1.0,1.0,0.4029824,1.0,2.0,0.0,2.0,2.0,0.0,0.0,2.0,0.0,0.0,1.0,0.0,0.15512142,0.35471046,0.0
1149,0.0,0.0,1.0,0.0,-0.7006684,1.0,0.0,1.0,0.0,2.0,0.0,0.0,0.0,0.0,0.0,0.0,0.0,0.3538247,-0.50964653,0.0
1150,0.0,0.0,1.0,1.0,0.36210647,1.0,2.0,1.0,0.0,2.0,2.0,2.0,2.0,2.0,1.0,1.0,0.0,1.4809232,0.9754689,0.0
1151,1.0,0.0,1.0,0.0,0.19860265,1.0,2.0,0.0,2.0,0.0,2.0,0.0,2.0,2.0,1.0,0.0,3.0,0.4840672,0.28956407,0.0
1152,1.0,0.0,0.0,0.0,-0.90504813,0.0,1.0,0.0,0.0,0.0,2.0,0.0,0.0,0.0,0.0,0.0,3.0,-1.1773595,-0.8917646,1.0
1153,0.0,0.0,1.0,0.0,-0.5780405,1.0,0.0,1.0,0.0,0.0,2.0,0.0,2.0,2.0,0.0,1.0,1.0,1.0417722,-0.22907235,0.0
1154,1.0,0.0,1.0,1.0,-0.29190883,1.0,0.0,0.0,0.0,2.0,2.0,0.0,0.0,0.0,1.0,0.0,3.0,-0.3708579,-0.40252185,0.0
1155,0.0,0.0,0.0,0.0,-0.9459241,1.0,0.0,1.0,0.0,0.0,0.0,0.0,2.0,2.0,0.0,1.0,0.0,0.86978537,-0.6451866,1.0
1156,0.0,0.0,0.0,0.0,-0.08752905,1.0,2.0,0.0,0.0,2.0,2.0,0.0,2.0,0.0,1.0,1.0,1.0,0.14009343,-0.09869064,0.0
1157,0.0,0.0,1.0,0.0,1.5475092,1.0,0.0,2.0,1.0,1.0,1.0,1.0,1.0,1.0,2.0,0.0,0.0,-1.5129844,-0.42562324,0.0
1158,0.0,0.0,0.0,0.0,0.4029824,1.0,0.0,0.0,2.0,2.0,2.0,2.0,0.0,2.0,1.0,0.0,1.0,0.3054012,0.40017954,1.0
1159,1.0,0.0,1.0,1.0,-0.9868001,1.0,0.0,2.0,1.0,1.0,1.0,1.0,1.0,1.0,0.0,0.0,1.0,-1.5063053,-0.9297852,0.0
1160,1.0,0.0,1.0,0.0,1.629261,1.0,2.0,0.0,2.0,2.0,2.0,2.0,2.0,2.0,2.0,1.0,1.0,0.7996548,1.7970027,0.0
1161,0.0,0.0,0.0,0.0,1.2205015,1.0,0.0,2.0,1.0,1.0,1.0,1.0,1.0,1.0,2.0,1.0,1.0,-1.5213332,-0.5055999,0.0
1162,1.0,1.0,1.0,0.0,1.0161217,1.0,2.0,1.0,0.0,2.0,0.0,0.0,0.0,2.0,0.0,1.0,2.0,0.8380596,1.1849601,0.0
1163,1.0,0.0,1.0,1.0,1.629261,1.0,2.0,1.0,0.0,0.0,2.0,0.0,0.0,2.0,2.0,1.0,1.0,0.86978537,1.890431,0.0
1164,0.0,0.0,0.0,0.0,0.6073622,1.0,2.0,1.0,0.0,2.0,2.0,0.0,2.0,2.0,0.0,1.0,2.0,1.3890855,1.1510528,0.0
1165,1.0,0.0,1.0,1.0,0.44385839,1.0,2.0,2.0,1.0,1.0,1.0,1.0,1.0,1.0,2.0,0.0,3.0,-1.3526859,-0.525922,0.0
1166,0.0,0.0,1.0,1.0,0.6482381,1.0,0.0,1.0,2.0,0.0,2.0,0.0,2.0,2.0,1.0,1.0,0.0,1.1670054,1.208017,0.0
1167,1.0,0.0,1.0,0.0,0.4029824,1.0,2.0,1.0,2.0,0.0,2.0,0.0,0.0,2.0,0.0,1.0,2.0,0.9900092,0.779963,0.0
1168,1.0,0.0,0.0,0.0,0.15772669,1.0,0.0,0.0,0.0,2.0,0.0,2.0,0.0,2.0,1.0,1.0,3.0,0.021539362,0.10573118,1.0
1169,1.0,0.0,1.0,1.0,0.03509882,1.0,0.0,0.0,0.0,0.0,2.0,2.0,2.0,2.0,1.0,1.0,3.0,0.3054012,0.06421982,1.0
1170,0.0,0.0,1.0,1.0,1.2205015,1.0,2.0,1.0,0.0,2.0,0.0,2.0,2.0,2.0,1.0,1.0,1.0,1.379067,1.9756773,0.0
1171,0.0,0.0,0.0,0.0,-1.2320558,1.0,0.0,1.0,2.0,2.0,0.0,2.0,0.0,0.0,0.0,1.0,2.0,0.7178358,-0.92449343,1.0
1172,0.0,0.0,1.0,1.0,-1.027676,1.0,0.0,0.0,2.0,2.0,2.0,2.0,2.0,0.0,0.0,1.0,2.0,0.36551315,-0.7588926,0.0
1173,0.0,0.0,1.0,1.0,-0.046653092,1.0,2.0,1.0,0.0,0.0,2.0,2.0,2.0,2.0,0.0,1.0,2.0,1.3172852,0.43704394,1.0
1174,1.0,1.0,0.0,0.0,-0.7006684,1.0,0.0,1.0,0.0,0.0,0.0,0.0,0.0,2.0,0.0,1.0,2.0,0.48907652,-0.49116984,1.0
1175,0.0,0.0,0.0,0.0,-1.2320558,1.0,2.0,1.0,0.0,0.0,2.0,0.0,0.0,0.0,0.0,0.0,3.0,0.52915114,-0.93598855,1.0
1176,0.0,0.0,1.0,1.0,1.629261,1.0,2.0,0.0,2.0,0.0,2.0,2.0,2.0,2.0,2.0,1.0,1.0,0.7061474,1.71209,0.0
1177,1.0,0.0,0.0,0.0,-0.005777135,1.0,2.0,1.0,0.0,0.0,0.0,0.0,0.0,2.0,0.0,1.0,0.0,0.6977985,0.17950447,0.0
1178,1.0,0.0,0.0,0.0,0.8934939,1.0,0.0,1.0,2.0,2.0,0.0,2.0,2.0,2.0,1.0,1.0,1.0,1.3573599,1.5042664,1.0
1179,0.0,0.0,1.0,0.0,1.3022535,1.0,2.0,0.0,2.0,2.0,2.0,2.0,0.0,2.0,2.0,1.0,3.0,0.552528,1.2756536,0.0
1180,1.0,0.0,0.0,0.0,-0.25103286,1.0,0.0,1.0,0.0,2.0,0.0,0.0,0.0,0.0,1.0,0.0,0.0,0.35883403,-0.10785115,0.0
1181,0.0,0.0,1.0,0.0,-0.7415443,1.0,0.0,1.0,2.0,2.0,0.0,2.0,2.0,2.0,1.0,0.0,3.0,1.3757274,-0.40543452,1.0
1182,1.0,0.0,1.0,0.0,1.629261,1.0,0.0,1.0,0.0,0.0,2.0,0.0,2.0,2.0,0.0,1.0,2.0,0.9983581,1.9951767,0.0
1183,1.0,0.0,1.0,0.0,1.0978737,1.0,2.0,1.0,0.0,0.0,2.0,0.0,2.0,2.0,1.0,1.0,0.0,1.1603264,1.6455429,1.0
1184,0.0,0.0,0.0,0.0,-1.2729317,1.0,2.0,1.0,0.0,0.0,0.0,0.0,0.0,2.0,0.0,0.0,3.0,0.7028078,-0.9671165,1.0
1185,0.0,0.0,1.0,0.0,-0.61891645,1.0,2.0,1.0,0.0,0.0,0.0,0.0,2.0,2.0,0.0,0.0,2.0,0.9298973,-0.30280116,0.0
1186,0.0,1.0,0.0,0.0,-0.21015692,1.0,2.0,1.0,0.0,0.0,2.0,0.0,0.0,2.0,0.0,0.0,1.0,0.7862966,0.09210158,1.0
1187,0.0,1.0,0.0,0.0,-0.41453668,1.0,0.0,0.0,2.0,0.0,2.0,2.0,0.0,2.0,0.0,1.0,3.0,0.16680984,-0.31805387,0.0
1188,1.0,0.0,1.0,0.0,1.629261,1.0,0.0,2.0,1.0,1.0,1.0,1.0,1.0,1.0,2.0,0.0,1.0,-1.5046356,-0.37297252,0.0
1189,0.0,0.0,1.0,1.0,1.1387496,0.0,1.0,0.0,2.0,0.0,2.0,2.0,2.0,2.0,2.0,0.0,1.0,-0.16380572,0.59123856,0.0
1190,1.0,0.0,0.0,0.0,-0.9868001,1.0,2.0,1.0,0.0,2.0,0.0,0.0,2.0,2.0,0.0,0.0,2.0,1.2054102,-0.64082867,1.0
1191,0.0,0.0,1.0,1.0,0.116850734,1.0,2.0,0.0,2.0,0.0,2.0,2.0,2.0,0.0,0.0,0.0,2.0,0.25029862,0.13692586,1.0
1192,1.0,0.0,0.0,1.0,-1.1503038,1.0,0.0,0.0,2.0,0.0,0.0,0.0,0.0,0.0,0.0,0.0,2.0,-0.5144586,-0.9075954,1.0
1193,1.0,0.0,0.0,0.0,1.4248813,0.0,1.0,0.0,2.0,0.0,0.0,2.0,2.0,0.0,2.0,0.0,2.0,-0.6964641,0.3720087,0.0
1194,0.0,0.0,0.0,0.0,-1.2729317,1.0,0.0,0.0,0.0,2.0,0.0,0.0,0.0,0.0,0.0,0.0,2.0,-0.47438398,-0.98279166,1.0
1195,1.0,0.0,1.0,1.0,-0.9868001,1.0,0.0,2.0,1.0,1.0,1.0,1.0,1.0,1.0,2.0,0.0,3.0,-1.4896076,-0.9316751,0.0
1196,0.0,1.0,0.0,0.0,-0.25103286,1.0,2.0,1.0,0.0,2.0,0.0,0.0,2.0,0.0,0.0,1.0,2.0,0.8146828,0.0075669107,1.0
1197,1.0,0.0,1.0,1.0,0.9752458,1.0,2.0,1.0,2.0,2.0,2.0,2.0,2.0,2.0,2.0,0.0,3.0,1.7063429,1.9153779,0.0
1198,1.0,0.0,1.0,0.0,0.9752458,1.0,2.0,1.0,0.0,2.0,0.0,2.0,2.0,2.0,1.0,1.0,2.0,1.4191415,1.6776491,0.0
1199,0.0,0.0,0.0,0.0,-0.7006684,1.0,0.0,2.0,1.0,1.0,1.0,1.0,1.0,1.0,0.0,0.0,3.0,-1.4979564,-0.8627711,0.0
1200,1.0,0.0,0.0,0.0,-0.9868001,1.0,0.0,1.0,0.0,0.0,2.0,0.0,2.0,2.0,0.0,1.0,2.0,1.0000279,-0.67607,1.0
1201,1.0,0.0,1.0,1.0,1.5883851,1.0,2.0,0.0,2.0,2.0,2.0,2.0,2.0,2.0,2.0,1.0,3.0,0.88481337,1.9250276,0.0
1202,0.0,0.0,0.0,0.0,-0.9868001,1.0,2.0,1.0,0.0,0.0,0.0,0.0,0.0,0.0,0.0,1.0,2.0,0.35048515,-0.7488205,0.0
1203,1.0,0.0,0.0,0.0,1.629261,1.0,0.0,2.0,1.0,1.0,1.0,1.0,1.0,1.0,2.0,1.0,3.0,-1.4679005,-0.32881525,0.0
1204,1.0,1.0,0.0,0.0,0.28035456,1.0,2.0,1.0,0.0,2.0,0.0,0.0,0.0,2.0,0.0,0.0,2.0,0.8664458,0.5125515,0.0
1205,1.0,0.0,1.0,1.0,0.2394786,1.0,0.0,2.0,1.0,1.0,1.0,1.0,1.0,1.0,0.0,0.0,2.0,-1.5079751,-0.6862978,0.0
1206,0.0,0.0,1.0,0.0,-0.7006684,1.0,0.0,1.0,2.0,0.0,2.0,0.0,2.0,2.0,0.0,0.0,2.0,1.2354662,-0.2629129,0.0
1207,1.0,1.0,0.0,0.0,1.629261,1.0,2.0,2.0,1.0,1.0,1.0,1.0,1.0,1.0,2.0,1.0,1.0,-1.3242998,-0.20932832,0.0
1208,1.0,0.0,1.0,0.0,1.629261,1.0,2.0,0.0,2.0,2.0,2.0,2.0,2.0,2.0,2.0,0.0,1.0,0.9198786,1.98297,0.0
1209,1.0,0.0,0.0,0.0,0.15772669,1.0,2.0,1.0,0.0,0.0,0.0,0.0,0.0,2.0,0.0,1.0,2.0,0.67275184,0.35866818,1.0
1210,1.0,0.0,0.0,0.0,-1.2729317,1.0,0.0,2.0,1.0,1.0,1.0,1.0,1.0,1.0,0.0,0.0,3.0,-1.4912773,-0.9963323,1.0
1211,1.0,0.0,0.0,0.0,0.93436986,1.0,0.0,0.0,2.0,0.0,2.0,2.0,0.0,0.0,2.0,1.0,2.0,-0.18551281,0.40698323,0.0
1212,1.0,0.0,1.0,1.0,-1.1911799,1.0,0.0,0.0,0.0,2.0,2.0,0.0,0.0,0.0,0.0,1.0,3.0,-0.28736913,-0.93049663,1.0
1213,0.0,0.0,0.0,0.0,1.1387496,1.0,2.0,1.0,0.0,0.0,2.0,0.0,0.0,0.0,1.0,1.0,0.0,0.48239744,1.1136549,0.0
1214,0.0,0.0,0.0,0.0,1.0161217,1.0,2.0,1.0,2.0,2.0,0.0,2.0,0.0,0.0,0.0,1.0,0.0,0.76124996,1.1669503,0.0
1215,0.0,0.0,0.0,0.0,-1.2729317,1.0,0.0,0.0,0.0,0.0,0.0,0.0,0.0,0.0,0.0,1.0,3.0,-0.6780966,-0.9855042,1.0
1216,0.0,0.0,0.0,0.0,0.36210647,0.0,1.0,0.0,0.0,2.0,0.0,0.0,0.0,2.0,0.0,1.0,2.0,-0.8150182,-0.2591553,0.0
1217,0.0,1.0,1.0,0.0,0.52561027,1.0,0.0,1.0,0.0,0.0,2.0,0.0,0.0,2.0,0.0,1.0,2.0,0.71282643,0.71185946,0.0
1218,0.0,1.0,0.0,0.0,-0.33278477,1.0,0.0,2.0,1.0,1.0,1.0,1.0,1.0,1.0,0.0,1.0,3.0,-1.4845982,-0.8007375,0.0
1219,1.0,0.0,1.0,1.0,0.4029824,0.0,1.0,0.0,0.0,2.0,2.0,0.0,0.0,2.0,1.0,1.0,1.0,-0.65638953,-0.094088145,0.0
1220,0.0,0.0,1.0,1.0,-0.82329625,1.0,0.0,2.0,1.0,1.0,1.0,1.0,1.0,1.0,0.0,0.0,3.0,-1.5280124,-0.9014143,1.0
1221,0.0,0.0,0.0,0.0,-1.027676,1.0,0.0,1.0,0.0,0.0,2.0,0.0,2.0,2.0,0.0,1.0,2.0,1.021735,-0.711378,1.0
1222,0.0,0.0,1.0,0.0,-1.2320558,1.0,2.0,1.0,0.0,0.0,0.0,0.0,2.0,0.0,0.0,1.0,2.0,0.64436567,-0.9456604,0.0
1223,1.0,1.0,0.0,0.0,-0.9868001,0.0,1.0,0.0,0.0,0.0,2.0,0.0,0.0,0.0,0.0,1.0,2.0,-1.1806991,-0.9065948,1.0
1224,0.0,0.0,1.0,0.0,-0.5780405,1.0,0.0,1.0,2.0,0.0,0.0,0.0,0.0,0.0,0.0,0.0,2.0,0.33545718,-0.36579084,0.0
1225,1.0,0.0,1.0,1.0,1.3840053,1.0,0.0,1.0,2.0,2.0,2.0,0.0,2.0,2.0,1.0,1.0,0.0,1.2822199,2.121445,0.0
1226,0.0,0.0,0.0,1.0,-1.2729317,1.0,0.0,1.0,0.0,0.0,0.0,0.0,0.0,0.0,0.0,1.0,2.0,0.16347028,-0.9742982,1.0
1227,1.0,0.0,1.0,1.0,0.72999007,1.0,2.0,0.0,0.0,0.0,2.0,0.0,0.0,0.0,1.0,0.0,0.0,-0.3291135,0.15718126,0.0
1228,0.0,0.0,1.0,0.0,1.1387496,1.0,2.0,1.0,0.0,2.0,2.0,0.0,2.0,2.0,0.0,1.0,2.0,1.3824065,1.8457179,0.0
1229,1.0,0.0,1.0,1.0,1.629261,1.0,2.0,2.0,1.0,1.0,1.0,1.0,1.0,1.0,2.0,1.0,0.0,-1.3209602,-0.20532615,0.0
1230,0.0,0.0,0.0,0.0,-1.1911799,1.0,0.0,1.0,0.0,0.0,0.0,0.0,0.0,0.0,0.0,1.0,2.0,0.17014939,-0.91640013,0.0
1231,1.0,0.0,0.0,0.0,-1.2729317,0.0,1.0,0.0,0.0,0.0,0.0,0.0,0.0,2.0,0.0,0.0,2.0,-0.96362823,-0.9893063,1.0
1232,0.0,0.0,1.0,0.0,0.48473433,1.0,0.0,0.0,2.0,2.0,2.0,0.0,0.0,0.0,1.0,1.0,3.0,-0.10870313,0.20525175,0.0
1233,0.0,0.0,0.0,0.0,0.56648624,1.0,0.0,2.0,1.0,1.0,1.0,1.0,1.0,1.0,2.0,1.0,2.0,-1.4578818,-0.58855593,0.0
1234,0.0,0.0,0.0,0.0,-1.1911799,0.0,1.0,0.0,0.0,0.0,0.0,0.0,0.0,0.0,0.0,0.0,2.0,-1.3192904,-0.97907853,1.0
1235,0.0,0.0,1.0,0.0,0.6891141,1.0,2.0,0.0,0.0,0.0,0.0,0.0,0.0,0.0,0.0,1.0,1.0,-0.42095116,0.14368507,0.0
1236,0.0,0.0,0.0,0.0,-1.2320558,0.0,1.0,0.0,0.0,0.0,0.0,0.0,0.0,0.0,0.0,0.0,2.0,-1.3443371,-0.9846371,0.0
1237,0.0,0.0,0.0,0.0,-0.82329625,1.0,0.0,1.0,0.0,0.0,2.0,2.0,0.0,2.0,0.0,1.0,2.0,0.82303166,-0.5180511,1.0
1238,0.0,0.0,1.0,0.0,1.5883851,0.0,1.0,0.0,2.0,2.0,2.0,2.0,2.0,2.0,1.0,0.0,0.0,0.06829308,1.0799254,0.0
1239,1.0,0.0,1.0,0.0,0.6891141,1.0,2.0,1.0,0.0,2.0,0.0,0.0,2.0,2.0,0.0,1.0,0.0,1.1452984,1.1531206,1.0
1240,0.0,0.0,1.0,0.0,-0.7824203,1.0,2.0,1.0,0.0,2.0,2.0,0.0,2.0,0.0,0.0,0.0,2.0,0.97999054,-0.46471107,1.0
1241,0.0,0.0,0.0,0.0,1.0569977,1.0,0.0,0.0,2.0,2.0,2.0,2.0,0.0,0.0,2.0,1.0,1.0,0.004841607,0.6825102,0.0
1242,0.0,0.0,0.0,0.0,-0.45541266,1.0,0.0,0.0,2.0,0.0,2.0,2.0,0.0,0.0,1.0,1.0,2.0,-0.15044752,-0.4457008,0.0
1243,0.0,0.0,1.0,1.0,0.6482381,1.0,2.0,1.0,0.0,0.0,0.0,0.0,0.0,2.0,1.0,1.0,3.0,0.5775746,0.7867889,1.0
1244,0.0,0.0,1.0,1.0,-0.61891645,1.0,0.0,1.0,2.0,0.0,0.0,2.0,2.0,0.0,0.0,0.0,2.0,0.90485066,-0.30513576,1.0
1245,0.0,0.0,1.0,1.0,-1.027676,1.0,2.0,0.0,0.0,0.0,0.0,0.0,0.0,0.0,0.0,0.0,2.0,-0.5328261,-0.8497196,0.0
1246,1.0,0.0,1.0,0.0,0.6073622,1.0,0.0,2.0,1.0,1.0,1.0,1.0,1.0,1.0,2.0,0.0,3.0,-1.5063053,-0.57254726,0.0
1247,0.0,0.0,1.0,0.0,-1.027676,1.0,0.0,0.0,2.0,0.0,0.0,0.0,0.0,0.0,0.0,1.0,0.0,-0.48273286,-0.84736276,0.0
1248,1.0,1.0,1.0,0.0,1.5066332,1.0,2.0,1.0,0.0,2.0,2.0,2.0,2.0,2.0,2.0,1.0,0.0,1.4575464,2.2490253,1.0
1249,0.0,0.0,1.0,0.0,1.3431294,1.0,2.0,1.0,0.0,2.0,2.0,2.0,2.0,2.0,1.0,1.0,1.0,1.4458579,2.1603994,0.0
1250,1.0,0.0,0.0,0.0,-1.2729317,1.0,0.0,1.0,0.0,0.0,0.0,0.0,0.0,0.0,0.0,0.0,3.0,0.19519602,-0.9738757,1.0
1251,1.0,0.0,0.0,0.0,1.5066332,1.0,2.0,2.0,1.0,1.0,1.0,1.0,1.0,1.0,2.0,0.0,0.0,-1.3627046,-0.24348016,0.0
1252,0.0,0.0,1.0,0.0,1.2613775,1.0,2.0,1.0,0.0,2.0,2.0,2.0,2.0,2.0,0.0,1.0,2.0,1.4692348,2.0504732,0.0
1253,1.0,0.0,1.0,0.0,1.629261,1.0,2.0,1.0,0.0,2.0,2.0,2.0,2.0,2.0,2.0,1.0,1.0,1.5026304,2.444998,0.0
1254,0.0,0.0,0.0,0.0,1.5066332,1.0,0.0,0.0,2.0,0.0,2.0,2.0,2.0,2.0,2.0,1.0,1.0,0.59093285,1.4650896,0.0
1255,1.0,0.0,0.0,0.0,-0.41453668,1.0,0.0,2.0,1.0,1.0,1.0,1.0,1.0,1.0,1.0,0.0,3.0,-1.5079751,-0.817391,0.0
1256,1.0,0.0,0.0,0.0,1.0978737,1.0,2.0,2.0,1.0,1.0,1.0,1.0,1.0,1.0,2.0,0.0,3.0,-1.3276393,-0.3335734,0.0
1257,0.0,0.0,0.0,0.0,-0.90504813,1.0,0.0,2.0,1.0,1.0,1.0,1.0,1.0,1.0,0.0,1.0,3.0,-1.4645609,-0.89543325,0.0
1258,1.0,0.0,0.0,0.0,-0.046653092,1.0,0.0,1.0,0.0,0.0,2.0,2.0,2.0,2.0,2.0,0.0,0.0,1.1586565,0.37765622,0.0
1259,0.0,0.0,1.0,1.0,0.03509882,1.0,0.0,2.0,1.0,1.0,1.0,1.0,1.0,1.0,1.0,0.0,3.0,-1.4912773,-0.74761987,0.0
1260,1.0,0.0,0.0,0.0,-0.8641722,1.0,0.0,2.0,1.0,1.0,1.0,1.0,1.0,1.0,0.0,1.0,1.0,-1.4795889,-0.89974666,0.0
1261,1.0,0.0,1.0,1.0,1.1387496,1.0,0.0,2.0,1.0,1.0,1.0,1.0,1.0,1.0,2.0,0.0,1.0,-1.5063053,-0.4886574,0.0
1262,1.0,0.0,1.0,1.0,-0.90504813,1.0,0.0,2.0,1.0,1.0,1.0,1.0,1.0,1.0,1.0,0.0,3.0,-1.4795889,-0.89747876,0.0
1263,0.0,0.0,1.0,1.0,-0.37366074,1.0,2.0,1.0,0.0,0.0,0.0,0.0,2.0,0.0,0.0,1.0,2.0,0.634347,-0.18262498,0.0
1264,0.0,0.0,1.0,0.0,1.0978737,1.0,0.0,1.0,2.0,0.0,2.0,0.0,0.0,0.0,1.0,1.0,1.0,0.5508582,1.0578246,0.0
1265,1.0,1.0,1.0,0.0,1.3431294,1.0,0.0,1.0,0.0,0.0,0.0,0.0,0.0,0.0,1.0,1.0,0.0,0.20688446,1.0203599,0.0
1266,0.0,0.0,0.0,1.0,-0.5780405,1.0,2.0,0.0,2.0,0.0,0.0,0.0,0.0,0.0,0.0,0.0,3.0,-0.23727585,-0.56383145,0.0
1267,0.0,0.0,0.0,0.0,-0.9868001,1.0,0.0,0.0,0.0,2.0,0.0,2.0,2.0,0.0,0.0,1.0,2.0,0.023209138,-0.75871474,0.0
1268,1.0,0.0,0.0,0.0,1.4248813,1.0,0.0,2.0,1.0,1.0,1.0,1.0,1.0,1.0,2.0,1.0,3.0,-1.5012959,-0.4221547,0.0
1269,0.0,0.0,1.0,0.0,-0.7824203,1.0,2.0,0.0,2.0,2.0,0.0,2.0,2.0,0.0,0.0,1.0,2.0,0.38221088,-0.5688341,0.0
1270,0.0,1.0,1.0,0.0,1.3431294,1.0,0.0,1.0,0.0,2.0,2.0,2.0,2.0,2.0,2.0,1.0,1.0,1.3723878,1.9854603,0.0
1271,0.0,0.0,0.0,0.0,-1.2729317,1.0,0.0,2.0,1.0,1.0,1.0,1.0,1.0,1.0,0.0,0.0,3.0,-1.5096449,-0.9965769,0.0
1272,1.0,0.0,1.0,0.0,-1.1503038,1.0,0.0,1.0,0.0,0.0,0.0,0.0,2.0,0.0,0.0,1.0,2.0,0.52080226,-0.86857426,1.0
1273,1.0,0.0,1.0,1.0,0.8526179,1.0,0.0,0.0,2.0,2.0,0.0,2.0,2.0,0.0,2.0,1.0,3.0,0.16514006,0.6532277,0.0
1274,0.0,0.0,1.0,0.0,0.8526179,1.0,0.0,1.0,0.0,0.0,0.0,2.0,2.0,2.0,1.0,1.0,2.0,0.9582835,1.1613251,0.0
1275,1.0,0.0,1.0,0.0,-0.08752905,1.0,0.0,2.0,1.0,1.0,1.0,1.0,1.0,1.0,2.0,0.0,3.0,-1.5263426,-0.7217614,0.0
1276,1.0,0.0,0.0,0.0,-1.2729317,1.0,0.0,2.0,1.0,1.0,1.0,1.0,1.0,1.0,0.0,0.0,3.0,-1.5096449,-0.9965769,0.0
1277,1.0,0.0,0.0,0.0,0.3212305,1.0,0.0,0.0,0.0,0.0,0.0,2.0,0.0,0.0,0.0,1.0,2.0,-0.45601645,-0.07458869,0.0
1278,0.0,0.0,0.0,0.0,-1.2320558,0.0,1.0,0.0,0.0,2.0,0.0,0.0,2.0,2.0,0.0,0.0,2.0,-0.4459978,-0.96222496,0.0
1279,0.0,1.0,1.0,0.0,1.2205015,1.0,2.0,1.0,0.0,2.0,2.0,0.0,2.0,0.0,1.0,1.0,1.0,1.1085633,1.6346258,0.0
1280,0.0,1.0,1.0,0.0,-0.7824203,1.0,0.0,1.0,0.0,0.0,0.0,0.0,0.0,0.0,0.0,1.0,2.0,0.18016805,-0.5976053,1.0
1281,1.0,0.0,0.0,0.0,-0.16928096,1.0,0.0,1.0,0.0,0.0,2.0,2.0,0.0,2.0,0.0,0.0,2.0,0.8764645,0.16253972,0.0
1282,0.0,0.0,0.0,0.0,-1.027676,1.0,0.0,2.0,1.0,1.0,1.0,1.0,1.0,1.0,0.0,0.0,0.0,-1.4946169,-0.9440818,1.0
1283,0.0,0.0,0.0,0.0,0.15772669,1.0,0.0,0.0,2.0,2.0,2.0,2.0,0.0,2.0,1.0,1.0,3.0,0.3605038,0.18655273,0.0
1284,1.0,0.0,0.0,0.0,0.07597478,0.0,1.0,0.0,0.0,0.0,0.0,0.0,0.0,0.0,0.0,1.0,0.0,-1.3259696,-0.62608737,0.0
1285,1.0,0.0,0.0,0.0,-1.1911799,1.0,0.0,2.0,1.0,1.0,1.0,1.0,1.0,1.0,0.0,0.0,3.0,-1.47124,-0.9797011,0.0
1286,0.0,0.0,1.0,1.0,0.6482381,1.0,0.0,2.0,1.0,1.0,1.0,1.0,1.0,1.0,2.0,0.0,3.0,-1.5096449,-0.61245775,0.0
1287,1.0,0.0,1.0,0.0,1.629261,1.0,2.0,1.0,2.0,2.0,2.0,0.0,0.0,2.0,2.0,1.0,2.0,1.1486379,2.295228,0.0
1288,1.0,0.0,1.0,1.0,1.3840053,1.0,0.0,2.0,1.0,1.0,1.0,1.0,1.0,1.0,1.0,1.0,2.0,-1.4829284,-0.40072086,0.0
1289,1.0,0.0,0.0,0.0,-1.2320558,1.0,0.0,0.0,0.0,0.0,0.0,0.0,0.0,0.0,0.0,0.0,3.0,-0.6714175,-0.9719636,1.0
1290,0.0,0.0,1.0,0.0,1.4657573,1.0,2.0,2.0,1.0,1.0,1.0,1.0,1.0,1.0,2.0,1.0,1.0,-1.3293091,-0.28714824,0.0
1291,0.0,0.0,0.0,0.0,-0.37366074,1.0,0.0,2.0,1.0,1.0,1.0,1.0,1.0,1.0,0.0,1.0,0.0,-1.4845982,-0.7960016,0.0
1292,0.0,0.0,0.0,0.0,0.52561027,1.0,0.0,1.0,2.0,2.0,0.0,0.0,2.0,2.0,1.0,1.0,2.0,1.1870427,0.988676,0.0
1293,1.0,1.0,1.0,0.0,-1.027676,1.0,2.0,1.0,0.0,0.0,0.0,0.0,2.0,2.0,0.0,1.0,0.0,1.0300838,-0.71873754,1.0
1294,1.0,1.0,0.0,0.0,-1.2320558,1.0,0.0,1.0,0.0,2.0,2.0,2.0,0.0,2.0,0.0,1.0,1.0,1.013386,-0.92511594,1.0
1295,1.0,0.0,1.0,1.0,-0.9459241,1.0,0.0,1.0,0.0,2.0,0.0,2.0,2.0,2.0,0.0,1.0,2.0,1.2271173,-0.6020076,0.0
1296,0.0,0.0,1.0,1.0,0.6482381,0.0,1.0,0.0,0.0,0.0,0.0,2.0,0.0,0.0,0.0,1.0,1.0,-1.1773595,-0.3724611,0.0
1297,1.0,0.0,0.0,0.0,1.5066332,1.0,0.0,2.0,1.0,1.0,1.0,1.0,1.0,1.0,2.0,1.0,0.0,-1.5179937,-0.36141068,0.0
1298,0.0,0.0,0.0,0.0,-1.2729317,1.0,0.0,1.0,0.0,0.0,0.0,0.0,0.0,0.0,0.0,0.0,0.0,0.16514006,-0.97427595,1.0
1299,1.0,0.0,1.0,1.0,-0.61891645,1.0,0.0,1.0,0.0,0.0,0.0,0.0,2.0,0.0,0.0,0.0,2.0,0.5375,-0.38233313,1.0
1300,1.0,0.0,1.0,1.0,1.2205015,1.0,2.0,2.0,1.0,1.0,1.0,1.0,1.0,1.0,2.0,1.0,0.0,-1.3526859,-0.37177187,0.0
1301,1.0,0.0,1.0,0.0,0.77086604,0.0,1.0,0.0,0.0,2.0,0.0,0.0,0.0,0.0,0.0,1.0,1.0,-1.1589919,-0.32514662,0.0
1302,0.0,0.0,1.0,0.0,1.5883851,1.0,0.0,2.0,1.0,1.0,1.0,1.0,1.0,1.0,2.0,1.0,0.0,-1.4645609,-0.34126645,0.0
1303,0.0,0.0,1.0,0.0,-0.9868001,1.0,2.0,1.0,0.0,0.0,0.0,0.0,0.0,2.0,0.0,1.0,2.0,0.67275184,-0.6651085,1.0
1304,1.0,0.0,0.0,0.0,-0.21015692,1.0,2.0,0.0,0.0,0.0,2.0,2.0,0.0,0.0,0.0,0.0,2.0,-0.17716393,-0.28859347,0.0
1305,1.0,0.0,0.0,0.0,-1.2729317,1.0,0.0,0.0,2.0,0.0,0.0,0.0,0.0,0.0,0.0,0.0,3.0,-0.45100713,-0.98248035,0.0
1306,1.0,1.0,0.0,0.0,0.2394786,1.0,0.0,0.0,0.0,2.0,2.0,2.0,2.0,0.0,1.0,1.0,1.0,0.18016805,0.10526426,1.0
1307,1.0,0.0,0.0,0.0,-0.7415443,1.0,2.0,1.0,0.0,0.0,0.0,2.0,2.0,0.0,0.0,1.0,2.0,0.8413992,-0.48125336,1.0
1308,1.0,0.0,0.0,0.0,1.4657573,1.0,2.0,1.0,0.0,2.0,2.0,2.0,2.0,2.0,1.0,0.0,2.0,1.4592161,2.1860356,1.0
1309,0.0,0.0,0.0,0.0,-1.2729317,1.0,0.0,2.0,1.0,1.0,1.0,1.0,1.0,1.0,0.0,0.0,3.0,-1.5063053,-0.99653244,0.0
1310,1.0,0.0,1.0,1.0,-1.2320558,1.0,0.0,0.0,2.0,2.0,0.0,2.0,0.0,0.0,2.0,0.0,3.0,-0.17549415,-0.94723904,0.0
1311,1.0,0.0,0.0,0.0,0.116850734,1.0,2.0,1.0,0.0,0.0,0.0,0.0,2.0,0.0,0.0,0.0,2.0,0.61430967,0.26139325,0.0
1312,0.0,0.0,1.0,1.0,1.5066332,1.0,2.0,1.0,2.0,0.0,2.0,0.0,0.0,0.0,1.0,0.0,0.0,0.65772384,1.5955157,0.0
1313,1.0,0.0,0.0,0.0,-0.61891645,1.0,0.0,2.0,1.0,1.0,1.0,1.0,1.0,1.0,1.0,1.0,0.0,-1.5063053,-0.8489414,0.0
1314,0.0,1.0,1.0,0.0,-0.25103286,1.0,0.0,1.0,0.0,0.0,2.0,0.0,2.0,0.0,0.0,1.0,1.0,0.69946826,-0.08610604,0.0
1315,1.0,1.0,1.0,0.0,-1.2729317,1.0,2.0,1.0,2.0,0.0,0.0,0.0,0.0,0.0,0.0,1.0,2.0,0.5191325,-0.9695623,1.0
1316,1.0,0.0,1.0,1.0,-1.068552,1.0,2.0,2.0,1.0,1.0,1.0,1.0,1.0,1.0,2.0,0.0,3.0,-1.3142811,-0.93710023,0.0
1317,0.0,0.0,1.0,0.0,1.629261,1.0,2.0,1.0,0.0,2.0,2.0,2.0,2.0,2.0,1.0,1.0,2.0,1.4859326,2.601038,1.0
1318,0.0,0.0,0.0,0.0,-1.2729317,1.0,0.0,1.0,2.0,0.0,0.0,0.0,2.0,2.0,0.0,1.0,2.0,1.0300838,-0.9627586,1.0
1319,1.0,0.0,1.0,1.0,0.07597478,0.0,1.0,0.0,2.0,0.0,0.0,0.0,0.0,0.0,1.0,0.0,0.0,-1.1473036,-0.58786666,0.0
1320,1.0,0.0,0.0,1.0,-0.61891645,1.0,0.0,0.0,0.0,2.0,2.0,2.0,2.0,2.0,1.0,0.0,2.0,0.5375,-0.36227784,0.0
1321,1.0,0.0,1.0,1.0,0.19860265,1.0,0.0,2.0,1.0,1.0,1.0,1.0,1.0,1.0,1.0,0.0,1.0,-1.5012959,-0.70419633,0.0
1322,0.0,1.0,1.0,0.0,-1.1911799,1.0,0.0,1.0,0.0,0.0,0.0,0.0,2.0,0.0,0.0,1.0,2.0,0.522472,-0.90563875,1.0
1323,0.0,0.0,0.0,0.0,-0.33278477,1.0,2.0,1.0,0.0,2.0,2.0,0.0,2.0,2.0,0.0,1.0,2.0,1.3156154,0.104063615,0.0
1324,0.0,0.0,1.0,1.0,1.4248813,1.0,2.0,1.0,0.0,2.0,0.0,2.0,2.0,0.0,2.0,0.0,1.0,0.97999054,1.7974918,0.0
1325,1.0,1.0,1.0,0.0,0.93436986,1.0,2.0,0.0,2.0,2.0,0.0,0.0,0.0,0.0,1.0,0.0,1.0,-0.1587964,0.46935034,0.0
1326,0.0,0.0,1.0,0.0,0.3212305,1.0,2.0,0.0,0.0,2.0,0.0,0.0,2.0,0.0,1.0,0.0,0.0,-0.028553905,0.16647519,0.0
1327,1.0,0.0,0.0,0.0,-1.2729317,1.0,0.0,2.0,1.0,1.0,1.0,1.0,1.0,1.0,0.0,0.0,3.0,-1.4745796,-0.99610996,1.0
1328,1.0,0.0,1.0,0.0,-0.90504813,1.0,0.0,1.0,0.0,0.0,0.0,0.0,2.0,0.0,0.0,1.0,2.0,0.5074441,-0.62408626,1.0
1329,0.0,0.0,1.0,0.0,1.629261,1.0,2.0,1.0,2.0,2.0,2.0,2.0,2.0,0.0,2.0,1.0,0.0,1.3089364,2.3551717,0.0
1330,0.0,0.0,1.0,1.0,-0.41453668,1.0,0.0,2.0,1.0,1.0,1.0,1.0,1.0,1.0,0.0,0.0,3.0,-1.4979564,-0.827263,0.0
1331,0.0,0.0,0.0,0.0,-0.7006684,1.0,0.0,0.0,2.0,2.0,2.0,2.0,2.0,2.0,0.0,0.0,3.0,0.65772384,-0.43258256,0.0
1332,1.0,0.0,0.0,0.0,-0.16928096,1.0,0.0,1.0,0.0,2.0,0.0,2.0,2.0,0.0,1.0,1.0,0.0,0.88481337,0.09917208,0.0
1333,1.0,0.0,1.0,0.0,-0.90504813,1.0,0.0,2.0,1.0,1.0,1.0,1.0,1.0,1.0,1.0,0.0,0.0,-1.5079751,-0.92102486,0.0
1334,0.0,1.0,0.0,0.0,-1.2729317,1.0,0.0,1.0,0.0,0.0,0.0,0.0,0.0,0.0,0.0,1.0,2.0,0.16180052,-0.9743204,1.0
1335,0.0,0.0,0.0,0.0,-1.1911799,1.0,2.0,1.0,0.0,0.0,0.0,0.0,2.0,2.0,0.0,1.0,2.0,1.0634793,-0.8754669,1.0
1336,1.0,0.0,0.0,0.0,0.116850734,0.0,1.0,0.0,0.0,0.0,2.0,0.0,2.0,2.0,0.0,0.0,2.0,-0.51946795,-0.2485718,0.0
1337,0.0,0.0,0.0,0.0,-0.9459241,1.0,0.0,2.0,1.0,1.0,1.0,1.0,1.0,1.0,0.0,0.0,0.0,-1.5113146,-0.9384121,0.0
1338,1.0,0.0,0.0,0.0,-0.7006684,1.0,0.0,2.0,1.0,1.0,1.0,1.0,1.0,1.0,1.0,0.0,3.0,-1.5012959,-0.86981934,0.0
1339,0.0,0.0,1.0,0.0,-1.1503038,1.0,0.0,2.0,1.0,1.0,1.0,1.0,1.0,1.0,0.0,0.0,2.0,-1.4896076,-0.96462625,0.0
1340,0.0,0.0,1.0,1.0,0.52561027,1.0,2.0,1.0,2.0,2.0,0.0,0.0,2.0,2.0,0.0,1.0,2.0,1.349011,1.0984911,0.0
1341,0.0,1.0,0.0,0.0,-1.1094279,0.0,1.0,0.0,0.0,0.0,0.0,0.0,2.0,2.0,0.0,0.0,2.0,-0.63635224,-0.9172228,1.0
1342,1.0,0.0,1.0,1.0,-0.29190883,1.0,2.0,0.0,0.0,0.0,0.0,2.0,0.0,0.0,1.0,1.0,3.0,-0.3224344,-0.3533174,0.0
1343,1.0,0.0,0.0,0.0,-1.2729317,1.0,0.0,1.0,0.0,0.0,0.0,0.0,0.0,2.0,0.0,1.0,3.0,0.5375,-0.9693177,1.0
1344,0.0,0.0,1.0,1.0,-0.61891645,1.0,2.0,2.0,1.0,1.0,1.0,1.0,1.0,1.0,0.0,0.0,3.0,-1.3576952,-0.822994,1.0
1345,0.0,1.0,1.0,0.0,0.6482381,1.0,0.0,1.0,0.0,0.0,0.0,0.0,0.0,0.0,0.0,1.0,0.0,0.1968658,0.57116103,0.0
1346,0.0,0.0,0.0,0.0,-0.21015692,1.0,0.0,0.0,0.0,2.0,0.0,2.0,0.0,0.0,0.0,1.0,3.0,-0.28736913,-0.36521274,0.0
1347,1.0,0.0,0.0,0.0,-1.2320558,1.0,0.0,0.0,2.0,2.0,0.0,0.0,0.0,0.0,0.0,1.0,3.0,-0.3641788,-0.95717776,1.0
1348,1.0,0.0,0.0,1.0,-1.2729317,1.0,0.0,0.0,0.0,0.0,0.0,0.0,0.0,0.0,0.0,1.0,2.0,-0.67976636,-0.98552644,1.0
1349,0.0,0.0,0.0,0.0,-0.7006684,1.0,2.0,1.0,0.0,2.0,0.0,0.0,0.0,0.0,0.0,1.0,2.0,0.50076497,-0.51084715,1.0
1350,0.0,0.0,0.0,0.0,-1.1911799,1.0,0.0,2.0,1.0,1.0,1.0,1.0,1.0,1.0,0.0,0.0,2.0,-1.4879378,-0.9759435,0.0
1351,1.0,0.0,0.0,1.0,-1.1503038,1.0,2.0,1.0,0.0,2.0,0.0,0.0,2.0,2.0,0.0,1.0,2.0,1.2337965,-0.84316045,1.0
1352,0.0,0.0,1.0,1.0,1.5066332,1.0,0.0,0.0,0.0,2.0,2.0,2.0,0.0,0.0,1.0,0.0,0.0,-0.18885235,0.8333697,0.0
1353,0.0,0.0,0.0,0.0,-1.2320558,1.0,2.0,1.0,0.0,0.0,0.0,0.0,0.0,0.0,0.0,1.0,2.0,0.3605038,-0.93131936,1.0
1354,1.0,0.0,0.0,0.0,-1.2320558,1.0,0.0,0.0,0.0,0.0,0.0,0.0,0.0,0.0,0.0,0.0,0.0,-0.66306865,-0.9558882,0.0
1355,1.0,0.0,1.0,0.0,1.1387496,1.0,2.0,2.0,1.0,1.0,1.0,1.0,1.0,1.0,1.0,0.0,0.0,-1.3560255,-0.33561894,0.0
1356,1.0,0.0,1.0,0.0,0.81174195,1.0,0.0,1.0,2.0,2.0,2.0,2.0,2.0,2.0,2.0,1.0,2.0,1.3874158,1.4347175,0.0
1357,0.0,0.0,1.0,1.0,-1.2729317,1.0,0.0,1.0,0.0,2.0,0.0,0.0,0.0,0.0,0.0,1.0,2.0,0.33211762,-0.9720525,1.0
1358,0.0,0.0,1.0,0.0,-0.9868001,1.0,0.0,1.0,0.0,2.0,2.0,0.0,2.0,2.0,0.0,0.0,2.0,1.215429,-0.6304453,1.0
1359,1.0,0.0,0.0,0.0,-0.7824203,1.0,2.0,1.0,2.0,0.0,0.0,0.0,2.0,2.0,0.0,0.0,3.0,1.1152424,-0.45819643,1.0
1360,1.0,1.0,1.0,0.0,-0.5780405,1.0,0.0,1.0,0.0,0.0,0.0,0.0,0.0,2.0,0.0,0.0,2.0,0.46069035,-0.372639,1.0
1361,1.0,0.0,0.0,1.0,-0.90504813,1.0,2.0,2.0,1.0,1.0,1.0,1.0,1.0,1.0,0.0,0.0,1.0,-1.3343184,-0.90570545,0.0
1362,1.0,0.0,0.0,0.0,-1.2320558,1.0,0.0,1.0,0.0,0.0,2.0,0.0,2.0,2.0,0.0,1.0,2.0,1.0384327,-0.9173562,1.0
1363,0.0,1.0,0.0,0.0,-0.25103286,1.0,0.0,1.0,0.0,0.0,0.0,0.0,2.0,2.0,0.0,1.0,2.0,0.88481337,0.040540323,1.0
1364,0.0,0.0,1.0,0.0,0.8526179,1.0,0.0,1.0,2.0,2.0,2.0,2.0,2.0,2.0,1.0,0.0,2.0,1.5276769,1.5896904,0.0
1365,1.0,0.0,1.0,1.0,-0.61891645,1.0,2.0,0.0,0.0,2.0,2.0,2.0,0.0,0.0,0.0,1.0,3.0,0.06495353,-0.52632225,0.0
1366,1.0,0.0,1.0,1.0,1.4248813,1.0,2.0,1.0,0.0,2.0,0.0,0.0,0.0,2.0,0.0,1.0,0.0,0.82804096,1.8287532,0.0
1367,0.0,0.0,1.0,0.0,1.2205015,1.0,2.0,1.0,2.0,2.0,2.0,2.0,2.0,2.0,2.0,0.0,3.0,1.6428914,2.0592337,0.0
1368,0.0,0.0,1.0,1.0,1.4248813,0.0,1.0,0.0,2.0,2.0,2.0,2.0,2.0,0.0,2.0,0.0,1.0,-0.35249037,0.6062467,0.0
1369,1.0,1.0,0.0,0.0,-1.2729317,1.0,0.0,1.0,0.0,0.0,0.0,2.0,0.0,0.0,0.0,0.0,2.0,0.33211762,-0.9720525,0.0
1370,0.0,1.0,0.0,0.0,0.44385839,1.0,0.0,1.0,2.0,2.0,0.0,2.0,2.0,2.0,0.0,1.0,1.0,1.4491975,1.040593,1.0
1371,1.0,0.0,0.0,0.0,-1.1911799,1.0,2.0,1.0,0.0,0.0,0.0,0.0,0.0,0.0,0.0,0.0,3.0,0.34213626,-0.9122868,1.0
1372,1.0,0.0,1.0,1.0,-0.128405,1.0,2.0,0.0,0.0,2.0,2.0,0.0,2.0,2.0,0.0,0.0,1.0,0.5124534,-0.021715615,0.0
1373,0.0,1.0,0.0,0.0,-0.21015692,1.0,2.0,1.0,0.0,0.0,0.0,0.0,0.0,2.0,0.0,1.0,2.0,0.68444026,0.011835889,1.0
1374,1.0,0.0,1.0,1.0,1.4657573,1.0,0.0,2.0,1.0,1.0,1.0,1.0,1.0,1.0,2.0,0.0,0.0,-1.4962866,-0.3926276,0.0
1375,0.0,0.0,1.0,0.0,1.0569977,1.0,2.0,0.0,2.0,0.0,0.0,2.0,0.0,0.0,1.0,1.0,0.0,-0.123731114,0.54167837,0.0
1376,0.0,0.0,1.0,0.0,1.0569977,1.0,0.0,0.0,2.0,2.0,0.0,0.0,2.0,0.0,0.0,1.0,1.0,0.016530037,0.6807982,0.0
1377,1.0,0.0,1.0,0.0,1.4248813,0.0,1.0,0.0,2.0,2.0,0.0,2.0,0.0,2.0,2.0,1.0,0.0,-0.46102577,0.5607776,0.0
1378,0.0,0.0,1.0,1.0,0.36210647,1.0,0.0,1.0,0.0,0.0,2.0,0.0,2.0,2.0,0.0,1.0,0.0,1.006707,0.70587844,0.0
1379,0.0,0.0,0.0,0.0,0.8934939,1.0,0.0,2.0,1.0,1.0,1.0,1.0,1.0,1.0,2.0,0.0,3.0,-1.4912773,-0.52525496,0.0
1380,0.0,0.0,1.0,1.0,-0.7415443,1.0,0.0,2.0,1.0,1.0,1.0,1.0,1.0,1.0,1.0,1.0,3.0,-1.5113146,-0.8843161,0.0
1381,1.0,0.0,1.0,0.0,-0.29190883,1.0,0.0,1.0,0.0,0.0,0.0,2.0,2.0,2.0,0.0,1.0,1.0,1.0334234,0.034559306,0.0
1382,0.0,0.0,0.0,0.0,-1.2320558,1.0,0.0,0.0,0.0,2.0,0.0,0.0,0.0,0.0,0.0,1.0,3.0,-0.5061097,-0.9542651,1.0
1383,0.0,0.0,1.0,0.0,-0.29190883,1.0,0.0,1.0,0.0,0.0,2.0,0.0,0.0,0.0,0.0,1.0,2.0,0.32877806,-0.20583755,0.0
1384,0.0,0.0,1.0,0.0,1.629261,1.0,2.0,1.0,2.0,0.0,0.0,0.0,0.0,0.0,2.0,0.0,0.0,0.5241418,1.5461557,0.0
1385,0.0,0.0,0.0,0.0,-1.1911799,1.0,0.0,0.0,0.0,0.0,2.0,0.0,2.0,2.0,1.0,1.0,2.0,0.17348894,-0.9072396,0.0
1386,0.0,0.0,0.0,1.0,-0.046653092,1.0,0.0,2.0,1.0,1.0,1.0,1.0,1.0,1.0,1.0,0.0,1.0,-1.4912773,-0.7432397,0.0
1387,0.0,0.0,0.0,0.0,0.28035456,1.0,0.0,0.0,0.0,0.0,0.0,2.0,0.0,2.0,1.0,0.0,2.0,-0.18217325,-0.02289403,0.0
1388,1.0,0.0,1.0,1.0,1.5475092,1.0,0.0,1.0,2.0,2.0,2.0,2.0,2.0,0.0,2.0,1.0,1.0,1.2137592,2.105214,0.0
1389,0.0,0.0,0.0,0.0,-1.2320558,1.0,0.0,1.0,2.0,0.0,2.0,0.0,0.0,0.0,0.0,1.0,2.0,0.5241418,-0.94430417,0.0
1390,1.0,0.0,0.0,0.0,-1.068552,1.0,0.0,2.0,1.0,1.0,1.0,1.0,1.0,1.0,1.0,0.0,3.0,-1.5230031,-0.94995165,0.0
1391,0.0,0.0,0.0,0.0,-1.1094279,1.0,2.0,1.0,0.0,0.0,0.0,0.0,2.0,2.0,0.0,1.0,3.0,0.9733114,-0.78877544,1.0
1392,1.0,0.0,1.0,0.0,0.03509882,1.0,2.0,1.0,0.0,2.0,2.0,0.0,0.0,2.0,0.0,1.0,2.0,0.9549439,0.36969635,0.0
1393,0.0,1.0,1.0,0.0,0.48473433,1.0,2.0,1.0,0.0,0.0,2.0,2.0,2.0,2.0,0.0,0.0,2.0,1.3156154,0.99387884,0.0
1394,0.0,0.0,0.0,0.0,-0.9868001,1.0,0.0,0.0,2.0,0.0,0.0,0.0,2.0,0.0,0.0,1.0,2.0,-0.1587964,-0.78837526,0.0
1395,1.0,0.0,1.0,0.0,-0.128405,1.0,2.0,1.0,0.0,2.0,2.0,0.0,0.0,0.0,0.0,1.0,2.0,0.7028078,0.079872735,0.0
1396,1.0,1.0,0.0,0.0,-0.005777135,1.0,0.0,2.0,1.0,1.0,1.0,1.0,1.0,1.0,1.0,0.0,1.0,-1.5012959,-0.74392897,0.0
1397,0.0,0.0,0.0,1.0,-1.027676,1.0,0.0,2.0,1.0,1.0,1.0,1.0,1.0,1.0,1.0,0.0,3.0,-1.4929471,-0.96222496,0.0
1398,1.0,1.0,0.0,0.0,-1.1094279,1.0,0.0,1.0,0.0,2.0,0.0,0.0,0.0,2.0,0.0,1.0,2.0,0.6944589,-0.82361656,0.0
1399,1.0,0.0,0.0,0.0,0.116850734,1.0,2.0,1.0,2.0,0.0,2.0,2.0,2.0,2.0,2.0,1.0,2.0,1.4759139,0.78481007,0.0
1400,1.0,0.0,0.0,0.0,0.28035456,1.0,0.0,1.0,0.0,0.0,2.0,2.0,0.0,0.0,1.0,0.0,2.0,0.5725653,0.4265049,0.0
1401,0.0,1.0,1.0,1.0,1.5883851,1.0,2.0,0.0,2.0,2.0,0.0,0.0,2.0,0.0,1.0,0.0,2.0,0.14844231,1.2103739,0.0
1402,0.0,0.0,1.0,1.0,1.3431294,1.0,2.0,0.0,2.0,2.0,2.0,2.0,2.0,2.0,2.0,0.0,0.0,0.894832,1.6468102,0.0
1403,0.0,0.0,1.0,0.0,1.5883851,1.0,2.0,1.0,2.0,2.0,0.0,0.0,2.0,0.0,1.0,0.0,3.0,1.0317535,2.043914,0.0
1404,1.0,0.0,0.0,0.0,-1.2320558,1.0,0.0,2.0,1.0,1.0,1.0,1.0,1.0,1.0,0.0,0.0,3.0,-1.5146542,-0.9827694,0.0
1405,1.0,0.0,1.0,0.0,1.1796255,1.0,2.0,2.0,1.0,1.0,1.0,1.0,1.0,1.0,2.0,0.0,0.0,-1.3126113,-0.32107773,0.0
1406,0.0,0.0,1.0,1.0,-0.08752905,1.0,0.0,0.0,2.0,0.0,0.0,2.0,0.0,2.0,0.0,0.0,0.0,0.051595323,-0.14991838,0.0
1407,1.0,0.0,0.0,0.0,-0.08752905,1.0,0.0,1.0,0.0,2.0,0.0,0.0,2.0,2.0,1.0,1.0,0.0,1.0768375,0.3382571,0.0
1408,0.0,0.0,1.0,0.0,1.629261,1.0,2.0,0.0,2.0,0.0,2.0,2.0,2.0,2.0,2.0,1.0,0.0,0.67275184,1.691879,0.0
1409,0.0,0.0,1.0,1.0,0.77086604,1.0,2.0,1.0,2.0,2.0,0.0,0.0,0.0,2.0,0.0,1.0,2.0,0.9699719,1.0133116,0.0
1410,1.0,0.0,0.0,0.0,-1.2729317,1.0,0.0,1.0,0.0,0.0,0.0,0.0,0.0,0.0,0.0,0.0,3.0,0.15512142,-0.97440934,1.0
1411,1.0,0.0,0.0,0.0,1.4248813,1.0,2.0,1.0,2.0,2.0,2.0,2.0,2.0,2.0,1.0,1.0,0.0,1.7898318,2.46512,1.0
1412,1.0,0.0,1.0,0.0,1.5883851,1.0,0.0,0.0,2.0,0.0,2.0,2.0,2.0,2.0,2.0,1.0,2.0,0.5942724,1.588423,0.0
1413,0.0,0.0,0.0,0.0,-0.8641722,1.0,0.0,2.0,1.0,1.0,1.0,1.0,1.0,1.0,1.0,0.0,3.0,-1.4946169,-0.91101944,0.0
1414,0.0,0.0,1.0,1.0,0.56648624,0.0,1.0,0.0,2.0,2.0,0.0,0.0,0.0,0.0,0.0,0.0,0.0,-0.9920144,-0.28476918,0.0
1415,0.0,0.0,0.0,0.0,0.28035456,1.0,0.0,0.0,0.0,2.0,0.0,0.0,2.0,0.0,1.0,1.0,1.0,-0.20555012,-0.016068112,0.0
1416,0.0,0.0,1.0,1.0,1.5066332,1.0,2.0,1.0,2.0,2.0,2.0,2.0,2.0,0.0,1.0,1.0,1.0,1.3473412,2.2119384,0.0
1417,0.0,0.0,0.0,0.0,0.8526179,1.0,2.0,1.0,2.0,2.0,2.0,0.0,0.0,0.0,0.0,0.0,2.0,0.86978537,1.1831146,0.0
1418,1.0,0.0,0.0,0.0,-0.33278477,1.0,0.0,1.0,0.0,2.0,2.0,2.0,0.0,0.0,0.0,1.0,2.0,0.70781714,-0.06825193,0.0
1419,0.0,0.0,1.0,0.0,0.52561027,1.0,2.0,2.0,1.0,1.0,1.0,1.0,1.0,1.0,2.0,0.0,3.0,-1.3109416,-0.50675607,0.0
1420,1.0,1.0,0.0,0.0,-0.9459241,1.0,2.0,1.0,0.0,2.0,0.0,0.0,2.0,2.0,0.0,1.0,1.0,1.1586565,-0.59642684,1.0
1421,0.0,0.0,0.0,0.0,0.48473433,0.0,1.0,0.0,0.0,0.0,2.0,0.0,2.0,2.0,1.0,1.0,2.0,-0.52447724,0.0019416421,0.0
1422,1.0,0.0,0.0,0.0,-1.2320558,1.0,0.0,1.0,0.0,0.0,2.0,0.0,0.0,2.0,0.0,1.0,2.0,0.70447755,-0.93087465,1.0
1423,1.0,0.0,1.0,0.0,0.8526179,0.0,1.0,0.0,0.0,2.0,2.0,2.0,2.0,2.0,1.0,1.0,2.0,-0.14376841,0.41071856,1.0
1424,0.0,0.0,0.0,0.0,1.3840053,1.0,2.0,1.0,0.0,2.0,0.0,0.0,2.0,0.0,1.0,1.0,0.0,0.8063339,1.6628855,0.0
1425,0.0,0.0,1.0,0.0,0.48473433,1.0,2.0,1.0,0.0,0.0,0.0,0.0,2.0,2.0,0.0,1.0,2.0,1.0467815,0.9353805,1.0
1426,0.0,0.0,1.0,0.0,0.4029824,1.0,2.0,0.0,2.0,2.0,0.0,2.0,0.0,0.0,0.0,1.0,1.0,0.054934874,0.20774199,0.0
1427,0.0,0.0,1.0,1.0,-0.45541266,0.0,1.0,0.0,2.0,0.0,2.0,0.0,2.0,2.0,1.0,1.0,2.0,-0.29404822,-0.4907474,1.0
1428,0.0,0.0,0.0,0.0,-0.25103286,1.0,0.0,1.0,0.0,0.0,0.0,0.0,0.0,0.0,0.0,1.0,1.0,0.14343297,-0.19787769,0.0
1429,0.0,0.0,1.0,0.0,0.56648624,1.0,2.0,0.0,2.0,0.0,0.0,0.0,0.0,0.0,0.0,0.0,0.0,-0.32577395,0.09485863,0.0
1430,1.0,1.0,1.0,0.0,0.2394786,1.0,2.0,1.0,0.0,2.0,2.0,0.0,2.0,2.0,0.0,1.0,2.0,1.2638524,0.77756166,0.0
1431,1.0,1.0,1.0,0.0,-0.6597924,1.0,0.0,1.0,0.0,2.0,0.0,0.0,0.0,0.0,0.0,1.0,1.0,0.3187594,-0.48132008,1.0
1432,0.0,0.0,0.0,0.0,-1.1094279,1.0,0.0,2.0,1.0,1.0,1.0,1.0,1.0,1.0,1.0,0.0,2.0,-1.5096449,-0.9609798,0.0
1433,1.0,0.0,0.0,0.0,1.629261,1.0,2.0,2.0,1.0,1.0,1.0,1.0,1.0,1.0,2.0,0.0,0.0,-1.3359882,-0.21479796,0.0
1434,1.0,0.0,1.0,0.0,-0.33278477,1.0,0.0,2.0,1.0,1.0,1.0,1.0,1.0,1.0,2.0,0.0,3.0,-1.5029657,-0.79042083,0.0
1435,0.0,0.0,1.0,1.0,1.629261,1.0,0.0,1.0,2.0,2.0,2.0,2.0,2.0,2.0,2.0,1.0,0.0,1.4542068,2.4097567,0.0
1436,1.0,0.0,1.0,1.0,1.629261,1.0,2.0,1.0,2.0,0.0,2.0,0.0,2.0,2.0,1.0,1.0,0.0,1.3807367,2.4848418,0.0
1437,0.0,1.0,0.0,0.0,-1.2729317,0.0,1.0,0.0,0.0,0.0,0.0,0.0,2.0,0.0,0.0,1.0,2.0,-0.9452607,-0.9890617,1.0
1438,0.0,0.0,1.0,0.0,1.3022535,1.0,0.0,0.0,0.0,2.0,2.0,2.0,0.0,2.0,2.0,1.0,3.0,0.11838634,0.94191736,0.0
1439,1.0,0.0,1.0,0.0,0.52561027,1.0,2.0,1.0,0.0,2.0,2.0,0.0,2.0,2.0,0.0,1.0,0.0,1.4358393,1.1660388,0.0
1440,1.0,0.0,0.0,0.0,-1.1503038,1.0,0.0,2.0,1.0,1.0,1.0,1.0,1.0,1.0,0.0,1.0,2.0,-1.4879378,-0.98050153,0.0
1441,1.0,0.0,1.0,1.0,1.5883851,1.0,2.0,1.0,0.0,2.0,0.0,2.0,0.0,0.0,2.0,1.0,2.0,0.6694123,1.7306112,0.0
1442,0.0,0.0,0.0,0.0,-0.41453668,1.0,0.0,2.0,1.0,1.0,1.0,1.0,1.0,1.0,1.0,1.0,3.0,-1.5196635,-0.8218156,0.0
1443,0.0,0.0,1.0,1.0,-0.8641722,1.0,0.0,2.0,1.0,1.0,1.0,1.0,1.0,1.0,0.0,1.0,3.0,-1.5196635,-0.9250937,1.0
1444,1.0,0.0,0.0,0.0,0.2394786,1.0,2.0,1.0,0.0,0.0,2.0,2.0,2.0,0.0,1.0,0.0,0.0,1.0100465,0.5980867,0.0
1445,0.0,0.0,0.0,0.0,-1.2729317,1.0,0.0,0.0,2.0,0.0,0.0,0.0,0.0,0.0,0.0,1.0,1.0,-0.53950524,-0.9836588,1.0
1446,1.0,0.0,0.0,1.0,-0.90504813,1.0,2.0,1.0,0.0,0.0,0.0,0.0,2.0,2.0,0.0,0.0,2.0,1.0167257,-0.59153533,1.0
1447,0.0,1.0,1.0,0.0,1.1387496,1.0,0.0,1.0,2.0,2.0,2.0,2.0,2.0,2.0,2.0,1.0,0.0,1.5109792,1.9600465,0.0
1448,1.0,0.0,0.0,0.0,-0.4962886,1.0,2.0,1.0,0.0,0.0,2.0,0.0,2.0,0.0,0.0,1.0,1.0,0.8664458,-0.21313038,0.0
1449,1.0,0.0,0.0,0.0,-1.027676,0.0,1.0,0.0,0.0,0.0,0.0,0.0,0.0,0.0,1.0,1.0,1.0,-1.3493464,-0.93818974,0.0
1450,1.0,0.0,1.0,1.0,1.629261,1.0,2.0,1.0,0.0,2.0,2.0,0.0,2.0,2.0,2.0,1.0,2.0,1.2905688,2.2732384,1.0
1451,0.0,1.0,1.0,0.0,-0.08752905,1.0,2.0,1.0,0.0,2.0,0.0,0.0,2.0,0.0,0.0,1.0,2.0,0.8447387,0.16300665,0.0
1452,0.0,0.0,1.0,1.0,0.03509882,1.0,2.0,1.0,0.0,0.0,0.0,0.0,0.0,2.0,0.0,0.0,1.0,0.71449625,0.21570185,1.0
1453,0.0,0.0,1.0,1.0,0.19860265,1.0,2.0,1.0,0.0,0.0,0.0,0.0,2.0,2.0,0.0,1.0,2.0,1.0183954,0.46848318,0.0
1454,0.0,1.0,1.0,0.0,-0.7006684,1.0,0.0,1.0,0.0,2.0,0.0,0.0,2.0,2.0,0.0,1.0,2.0,0.9983581,-0.4338277,0.0
1455,0.0,0.0,1.0,0.0,-0.90504813,1.0,0.0,2.0,1.0,1.0,1.0,1.0,1.0,1.0,0.0,1.0,0.0,-1.4962866,-0.9217808,0.0
1456,0.0,0.0,1.0,1.0,-0.9868001,1.0,0.0,2.0,1.0,1.0,1.0,1.0,1.0,1.0,1.0,0.0,2.0,-1.5012959,-0.9340986,0.0
1457,1.0,0.0,0.0,1.0,-1.2729317,0.0,1.0,0.0,0.0,0.0,0.0,0.0,0.0,0.0,0.0,1.0,2.0,-1.3176206,-0.9940199,1.0
1458,0.0,1.0,0.0,0.0,-1.1094279,1.0,0.0,1.0,0.0,0.0,0.0,0.0,0.0,0.0,0.0,1.0,3.0,0.14343297,-0.8636382,1.0
1459,1.0,0.0,1.0,0.0,0.77086604,1.0,2.0,1.0,0.0,2.0,0.0,0.0,0.0,2.0,1.0,1.0,1.0,0.85475737,1.0467519,0.0
1460,1.0,0.0,1.0,1.0,0.3212305,1.0,2.0,0.0,0.0,0.0,2.0,0.0,2.0,2.0,0.0,1.0,2.0,0.3271083,0.3357891,0.0
1461,0.0,0.0,0.0,0.0,-0.7824203,1.0,2.0,1.0,2.0,2.0,0.0,0.0,2.0,0.0,0.0,1.0,2.0,1.0651491,-0.45185968,1.0
1462,0.0,0.0,0.0,0.0,0.6073622,1.0,2.0,1.0,0.0,2.0,2.0,0.0,2.0,2.0,0.0,1.0,2.0,1.3907553,1.2750534,1.0
1463,1.0,0.0,0.0,0.0,-0.08752905,1.0,2.0,1.0,0.0,0.0,0.0,2.0,0.0,2.0,0.0,1.0,1.0,0.83972937,0.2056742,0.0
1464,0.0,1.0,1.0,0.0,0.8526179,1.0,0.0,1.0,0.0,2.0,2.0,2.0,2.0,0.0,1.0,1.0,2.0,0.976651,1.1609915,0.0
1465,1.0,0.0,0.0,1.0,-0.41453668,1.0,2.0,1.0,0.0,2.0,0.0,0.0,2.0,0.0,0.0,1.0,1.0,0.813013,-0.13840103,0.0
1466,0.0,0.0,0.0,1.0,-1.1503038,1.0,2.0,1.0,0.0,2.0,2.0,0.0,0.0,0.0,0.0,0.0,0.0,0.64436567,-0.8569457,1.0
1467,1.0,0.0,1.0,0.0,0.116850734,1.0,2.0,0.0,0.0,2.0,0.0,2.0,2.0,0.0,1.0,1.0,2.0,0.14176321,0.08051753,0.0
1468,0.0,0.0,1.0,0.0,1.3022535,0.0,1.0,0.0,2.0,0.0,2.0,2.0,0.0,2.0,2.0,0.0,2.0,-0.5645519,0.3943764,1.0
1469,1.0,0.0,0.0,0.0,-0.7006684,1.0,2.0,1.0,2.0,0.0,0.0,0.0,2.0,2.0,0.0,1.0,2.0,1.1670054,-0.30855983,0.0
1470,0.0,0.0,1.0,0.0,1.3022535,1.0,2.0,2.0,1.0,1.0,1.0,1.0,1.0,1.0,2.0,0.0,1.0,-1.3276393,-0.30053326,0.0
1471,0.0,0.0,0.0,0.0,0.6482381,0.0,1.0,0.0,2.0,2.0,0.0,0.0,2.0,0.0,0.0,1.0,2.0,-0.6664082,-0.06940811,0.0
1472,1.0,1.0,0.0,0.0,-0.005777135,1.0,2.0,1.0,0.0,0.0,0.0,0.0,2.0,2.0,0.0,1.0,1.0,1.0484513,0.3373455,1.0
1473,0.0,1.0,0.0,0.0,-1.1911799,1.0,2.0,1.0,0.0,0.0,0.0,0.0,0.0,0.0,0.0,1.0,1.0,0.34380606,-0.8913199,1.0
1474,1.0,1.0,0.0,0.0,-0.90504813,1.0,0.0,1.0,0.0,2.0,0.0,0.0,0.0,0.0,0.0,1.0,2.0,0.2703359,-0.69903797,1.0
1475,0.0,1.0,1.0,1.0,0.6073622,1.0,0.0,1.0,0.0,0.0,0.0,0.0,0.0,0.0,0.0,0.0,0.0,0.19352625,0.46630424,1.0
1476,0.0,1.0,1.0,0.0,-0.005777135,1.0,2.0,1.0,0.0,0.0,0.0,0.0,2.0,0.0,0.0,1.0,1.0,0.70781714,0.1636292,1.0
1477,0.0,0.0,0.0,1.0,-0.7824203,0.0,1.0,0.0,0.0,2.0,0.0,0.0,0.0,0.0,0.0,0.0,2.0,-1.1556524,-0.8353118,0.0
1478,1.0,1.0,0.0,0.0,-0.9868001,1.0,0.0,1.0,2.0,0.0,0.0,2.0,2.0,2.0,0.0,0.0,1.0,1.1870427,-0.6351367,1.0
1479,0.0,0.0,0.0,0.0,1.2613775,1.0,2.0,1.0,2.0,2.0,2.0,0.0,2.0,2.0,0.0,0.0,1.0,1.4525371,2.00974,0.0
1480,0.0,0.0,1.0,1.0,1.629261,1.0,0.0,2.0,1.0,1.0,1.0,1.0,1.0,1.0,2.0,1.0,3.0,-1.47124,-0.3461135,0.0
1481,0.0,1.0,1.0,0.0,0.93436986,1.0,2.0,1.0,0.0,2.0,2.0,0.0,0.0,0.0,0.0,1.0,2.0,0.6911194,1.1624368,1.0
1482,1.0,0.0,0.0,1.0,-0.128405,1.0,2.0,1.0,0.0,2.0,2.0,2.0,0.0,2.0,1.0,0.0,1.0,1.1953917,0.25338894,0.0
1483,0.0,0.0,1.0,1.0,-1.027676,1.0,0.0,0.0,2.0,2.0,2.0,0.0,2.0,0.0,1.0,0.0,2.0,0.15679118,-0.7931334,0.0
1484,0.0,0.0,0.0,0.0,-0.4962886,1.0,2.0,1.0,2.0,0.0,0.0,0.0,2.0,0.0,0.0,1.0,0.0,0.813013,-0.1695957,0.0
1485,1.0,1.0,0.0,0.0,-0.9459241,1.0,2.0,0.0,2.0,0.0,0.0,0.0,0.0,0.0,0.0,0.0,2.0,-0.34080192,-0.7855737,1.0
1486,0.0,0.0,1.0,0.0,1.629261,1.0,2.0,1.0,2.0,2.0,2.0,2.0,2.0,2.0,2.0,0.0,1.0,1.5811098,2.53707,0.0
1487,0.0,0.0,0.0,0.0,-1.2729317,1.0,0.0,1.0,0.0,0.0,0.0,0.0,0.0,0.0,0.0,1.0,2.0,0.2035449,-0.97376454,1.0
1488,1.0,0.0,0.0,0.0,0.56648624,0.0,1.0,0.0,0.0,2.0,0.0,0.0,0.0,0.0,0.0,0.0,0.0,-1.1506431,-0.39156035,1.0
1489,0.0,0.0,1.0,1.0,-0.53716457,1.0,0.0,2.0,1.0,1.0,1.0,1.0,1.0,1.0,0.0,0.0,3.0,-1.4879378,-0.8353118,0.0
1490,0.0,0.0,1.0,1.0,0.8934939,1.0,2.0,0.0,2.0,2.0,2.0,2.0,2.0,2.0,2.0,0.0,1.0,0.88648313,1.2025919,0.0
1491,1.0,0.0,0.0,0.0,-0.82329625,1.0,0.0,0.0,0.0,2.0,0.0,2.0,0.0,0.0,0.0,1.0,3.0,-0.36751834,-0.71682537,0.0
1492,0.0,0.0,0.0,0.0,-0.9868001,1.0,0.0,0.0,0.0,0.0,2.0,2.0,0.0,2.0,0.0,0.0,3.0,-0.021874802,-0.78112686,0.0
1493,1.0,0.0,1.0,1.0,-0.8641722,1.0,0.0,1.0,0.0,0.0,0.0,0.0,2.0,2.0,0.0,0.0,2.0,0.86310625,-0.5516026,0.0
1494,1.0,0.0,1.0,0.0,-0.7824203,1.0,2.0,1.0,0.0,0.0,2.0,0.0,2.0,2.0,0.0,1.0,1.0,1.252164,-0.40094322,1.0
1495,1.0,1.0,1.0,0.0,1.2613775,0.0,1.0,0.0,2.0,0.0,0.0,2.0,0.0,0.0,1.0,0.0,0.0,-0.9569491,0.017016472,0.0
1496,0.0,1.0,0.0,0.0,0.4029824,1.0,2.0,0.0,0.0,0.0,2.0,0.0,0.0,0.0,0.0,0.0,2.0,-0.30406687,0.07164606,0.0
1497,0.0,0.0,0.0,0.0,-1.2729317,1.0,0.0,0.0,0.0,0.0,0.0,0.0,0.0,0.0,0.0,1.0,0.0,-0.66306865,-0.9853041,1.0
1498,1.0,0.0,0.0,1.0,-0.25103286,0.0,1.0,0.0,0.0,2.0,0.0,0.0,2.0,0.0,1.0,1.0,0.0,-0.8283764,-0.550024,0.0
1499,1.0,1.0,0.0,0.0,-0.6597924,1.0,0.0,1.0,0.0,0.0,0.0,0.0,0.0,0.0,0.0,0.0,2.0,0.16347028,-0.54133034,0.0
1500,1.0,0.0,0.0,0.0,1.3431294,1.0,2.0,1.0,2.0,0.0,2.0,2.0,2.0,2.0,1.0,1.0,1.0,1.5109792,2.169182,0.0
1501,0.0,0.0,1.0,1.0,1.0569977,1.0,2.0,0.0,2.0,0.0,2.0,2.0,2.0,0.0,2.0,0.0,3.0,0.36885267,0.95834845,0.0
1502,1.0,0.0,1.0,1.0,-0.5780405,1.0,0.0,2.0,1.0,1.0,1.0,1.0,1.0,1.0,1.0,0.0,0.0,-1.5012959,-0.8530547,0.0
1503,1.0,0.0,0.0,0.0,-0.6597924,1.0,2.0,0.0,0.0,2.0,2.0,0.0,0.0,2.0,0.0,1.0,0.0,0.22191243,-0.46626747,0.0
1504,1.0,0.0,1.0,0.0,-0.29190883,1.0,2.0,0.0,0.0,0.0,2.0,0.0,0.0,0.0,0.0,0.0,1.0,-0.30740643,-0.3803543,0.0
1505,1.0,1.0,0.0,0.0,-0.82329625,0.0,1.0,0.0,0.0,0.0,2.0,2.0,0.0,2.0,0.0,1.0,2.0,-0.704813,-0.7709436,1.0
1506,1.0,0.0,1.0,1.0,1.4657573,1.0,2.0,0.0,0.0,2.0,0.0,2.0,0.0,2.0,2.0,0.0,1.0,0.20187512,1.1558777,0.0
1507,0.0,0.0,1.0,1.0,1.629261,1.0,2.0,0.0,2.0,0.0,2.0,2.0,2.0,2.0,2.0,1.0,0.0,0.619319,1.6818292,0.0
1508,0.0,0.0,0.0,0.0,-1.2729317,0.0,1.0,0.0,0.0,0.0,0.0,0.0,2.0,0.0,0.0,1.0,2.0,-0.9686376,-0.98937297,1.0
1509,0.0,0.0,1.0,0.0,1.5883851,1.0,2.0,0.0,2.0,2.0,2.0,2.0,2.0,2.0,2.0,0.0,1.0,0.8196921,1.8356681,0.0
1510,1.0,0.0,0.0,0.0,-0.82329625,1.0,2.0,1.0,0.0,0.0,0.0,0.0,2.0,2.0,0.0,0.0,2.0,0.99501854,-0.4834101,0.0
1511,1.0,1.0,1.0,0.0,0.48473433,1.0,2.0,1.0,0.0,2.0,0.0,0.0,0.0,2.0,1.0,0.0,3.0,0.78963614,0.73473847,1.0
1512,0.0,0.0,0.0,1.0,1.629261,1.0,0.0,2.0,1.0,1.0,1.0,1.0,1.0,1.0,2.0,1.0,3.0,-1.5029657,-0.30844867,0.0
1513,0.0,0.0,1.0,0.0,0.6891141,1.0,0.0,2.0,1.0,1.0,1.0,1.0,1.0,1.0,1.0,0.0,1.0,-1.5280124,-0.59673816,0.0
1514,0.0,0.0,0.0,0.0,-1.2320558,1.0,0.0,1.0,0.0,0.0,0.0,0.0,0.0,0.0,0.0,0.0,2.0,0.16347028,-0.94072443,1.0
1515,0.0,0.0,1.0,1.0,-0.9459241,1.0,0.0,2.0,1.0,1.0,1.0,1.0,1.0,1.0,2.0,0.0,3.0,-1.5029657,-0.91159755,0.0
1516,1.0,0.0,0.0,0.0,1.2205015,1.0,0.0,2.0,1.0,1.0,1.0,1.0,1.0,1.0,2.0,1.0,1.0,-1.4929471,-0.47091442,0.0
1517,0.0,1.0,1.0,1.0,1.629261,1.0,2.0,0.0,2.0,2.0,2.0,2.0,2.0,2.0,2.0,1.0,0.0,0.84807825,1.9814359,0.0
1518,1.0,0.0,1.0,1.0,0.2394786,1.0,2.0,1.0,0.0,0.0,2.0,0.0,2.0,2.0,0.0,1.0,1.0,1.215429,0.7542157,0.0
1519,0.0,0.0,0.0,0.0,-1.068552,1.0,0.0,0.0,2.0,2.0,0.0,0.0,0.0,0.0,0.0,0.0,3.0,-0.32076463,-0.86168164,0.0
1520,1.0,0.0,0.0,0.0,-0.37366074,1.0,2.0,1.0,0.0,0.0,2.0,2.0,2.0,2.0,0.0,1.0,3.0,1.3122759,0.09314659,1.0
1521,1.0,0.0,1.0,1.0,1.3431294,1.0,2.0,2.0,1.0,1.0,1.0,1.0,1.0,1.0,2.0,0.0,1.0,-1.3359882,-0.24259079,0.0
1522,1.0,0.0,1.0,0.0,0.2394786,1.0,2.0,0.0,0.0,0.0,2.0,2.0,0.0,2.0,1.0,0.0,1.0,0.14176321,0.1817946,0.0
1523,0.0,0.0,0.0,0.0,0.116850734,1.0,2.0,1.0,0.0,0.0,2.0,0.0,2.0,2.0,0.0,1.0,2.0,1.185373,0.5634013,1.0
1524,1.0,1.0,1.0,0.0,0.77086604,1.0,2.0,1.0,2.0,0.0,2.0,0.0,2.0,0.0,0.0,1.0,0.0,0.9699719,1.107407,1.0
1525,0.0,1.0,0.0,0.0,-1.1503038,1.0,2.0,1.0,0.0,0.0,0.0,0.0,2.0,2.0,0.0,1.0,2.0,0.98666966,-0.81652385,1.0
1526,1.0,1.0,1.0,0.0,-0.6597924,1.0,0.0,0.0,2.0,2.0,0.0,0.0,0.0,0.0,0.0,1.0,0.0,-0.34080192,-0.6383607,0.0
1527,0.0,0.0,0.0,0.0,1.1796255,1.0,2.0,0.0,2.0,2.0,2.0,2.0,2.0,2.0,2.0,0.0,2.0,0.83138055,1.3554302,0.0
1528,1.0,1.0,1.0,0.0,-0.128405,1.0,2.0,1.0,0.0,0.0,0.0,2.0,0.0,0.0,0.0,1.0,2.0,0.48573697,0.06844433,0.0
1529,1.0,0.0,0.0,0.0,-1.2729317,1.0,0.0,2.0,1.0,1.0,1.0,1.0,1.0,1.0,0.0,0.0,3.0,-1.4845982,-0.99624336,0.0
1530,0.0,0.0,1.0,0.0,1.3022535,1.0,0.0,2.0,1.0,1.0,1.0,1.0,1.0,1.0,2.0,0.0,1.0,-1.5129844,-0.46782386,0.0
1531,1.0,0.0,1.0,0.0,-0.61891645,1.0,0.0,1.0,0.0,0.0,2.0,0.0,2.0,2.0,1.0,1.0,0.0,1.0651491,-0.2989991,0.0
1532,0.0,0.0,1.0,1.0,0.8934939,1.0,0.0,2.0,1.0,1.0,1.0,1.0,1.0,1.0,2.0,1.0,0.0,-1.4829284,-0.51951855,0.0
1533,0.0,1.0,1.0,0.0,1.629261,1.0,2.0,2.0,1.0,1.0,1.0,1.0,1.0,1.0,2.0,0.0,0.0,-1.3510162,-0.2143088,0.0
1534,0.0,0.0,1.0,1.0,1.4248813,1.0,2.0,1.0,2.0,0.0,2.0,2.0,0.0,2.0,1.0,1.0,0.0,1.185373,1.9692292,0.0
1535,1.0,0.0,1.0,0.0,1.5883851,1.0,0.0,1.0,0.0,2.0,2.0,2.0,2.0,2.0,2.0,1.0,2.0,1.3523505,2.2372632,0.0
1536,1.0,0.0,1.0,1.0,-1.2729317,1.0,0.0,0.0,0.0,0.0,0.0,0.0,0.0,0.0,0.0,0.0,2.0,-0.67475706,-0.98545974,0.0
1537,1.0,0.0,1.0,1.0,-0.29190883,1.0,0.0,1.0,0.0,0.0,0.0,2.0,2.0,0.0,0.0,0.0,2.0,0.7061474,-0.027385352,0.0
1538,1.0,0.0,1.0,0.0,1.3840053,1.0,2.0,0.0,2.0,2.0,0.0,2.0,2.0,2.0,2.0,0.0,2.0,0.68444026,1.4575522,0.0
1539,1.0,1.0,0.0,0.0,0.2394786,1.0,2.0,1.0,0.0,0.0,0.0,0.0,2.0,2.0,0.0,0.0,2.0,1.0016977,0.61916476,0.0
1540,1.0,0.0,1.0,0.0,-1.1911799,1.0,0.0,0.0,0.0,0.0,2.0,2.0,0.0,0.0,0.0,1.0,3.0,-0.29905754,-0.93654436,0.0
1541,1.0,1.0,0.0,0.0,-1.2729317,0.0,1.0,0.0,0.0,0.0,0.0,0.0,0.0,0.0,0.0,1.0,2.0,-1.3242998,-0.9941089,1.0
1542,0.0,0.0,1.0,1.0,0.03509882,1.0,2.0,2.0,1.0,1.0,1.0,1.0,1.0,1.0,1.0,0.0,1.0,-1.3560255,-0.64938885,0.0
1543,1.0,0.0,1.0,1.0,-0.7824203,1.0,0.0,0.0,0.0,0.0,0.0,0.0,0.0,0.0,0.0,0.0,0.0,-0.6664082,-0.75660247,0.0
1544,0.0,0.0,1.0,1.0,-1.027676,1.0,0.0,2.0,1.0,1.0,1.0,1.0,1.0,1.0,2.0,0.0,3.0,-1.4996262,-0.9411691,0.0
1545,0.0,0.0,1.0,1.0,-1.2320558,0.0,1.0,0.0,0.0,0.0,0.0,0.0,0.0,0.0,0.0,1.0,3.0,-1.3476766,-0.98901725,1.0
1546,0.0,0.0,1.0,0.0,1.1796255,1.0,2.0,1.0,0.0,0.0,2.0,2.0,2.0,2.0,1.0,1.0,0.0,1.2872293,1.8933437,0.0
1547,1.0,0.0,0.0,0.0,-0.82329625,1.0,0.0,1.0,0.0,0.0,0.0,0.0,0.0,2.0,0.0,1.0,0.0,0.5074441,-0.5412859,0.0
1548,1.0,0.0,1.0,1.0,0.03509882,1.0,0.0,2.0,1.0,1.0,1.0,1.0,1.0,1.0,1.0,1.0,0.0,-1.5129844,-0.7383482,0.0
1549,1.0,0.0,1.0,0.0,1.5883851,1.0,2.0,1.0,0.0,2.0,2.0,2.0,2.0,2.0,2.0,1.0,1.0,1.4642254,2.4147594,1.0
1550,1.0,0.0,0.0,0.0,-1.1503038,1.0,0.0,1.0,0.0,0.0,2.0,0.0,0.0,0.0,0.0,1.0,2.0,0.3054012,-0.88038063,1.0
1551,0.0,1.0,0.0,0.0,0.116850734,1.0,2.0,1.0,2.0,2.0,2.0,0.0,2.0,2.0,1.0,1.0,2.0,1.4558766,0.6516935,0.0
1552,0.0,1.0,1.0,0.0,-0.25103286,1.0,2.0,1.0,0.0,2.0,2.0,0.0,0.0,2.0,0.0,1.0,2.0,0.97164166,0.05376971,1.0
1553,0.0,1.0,0.0,0.0,1.629261,1.0,2.0,1.0,0.0,2.0,2.0,2.0,2.0,2.0,2.0,0.0,2.0,1.5660818,2.5270648,0.0
1554,0.0,0.0,1.0,1.0,1.3431294,1.0,2.0,0.0,2.0,2.0,2.0,2.0,2.0,2.0,2.0,1.0,3.0,0.85809696,1.6441199,0.0
1555,0.0,0.0,0.0,0.0,-1.2729317,0.0,1.0,0.0,0.0,0.0,0.0,0.0,0.0,0.0,0.0,0.0,0.0,-1.3192904,-0.99404216,0.0
1556,1.0,0.0,0.0,0.0,-0.41453668,0.0,1.0,0.0,0.0,2.0,2.0,0.0,0.0,2.0,1.0,1.0,0.0,-0.7014735,-0.60345286,1.0
1557,0.0,0.0,1.0,0.0,1.629261,1.0,2.0,2.0,1.0,1.0,1.0,1.0,1.0,1.0,2.0,0.0,0.0,-1.3059323,-0.1661494,0.0
1558,1.0,1.0,1.0,0.0,0.8934939,1.0,2.0,1.0,0.0,0.0,0.0,0.0,0.0,0.0,0.0,0.0,0.0,0.30874076,0.7375178,0.0
1559,0.0,0.0,1.0,0.0,-0.33278477,1.0,0.0,2.0,1.0,1.0,1.0,1.0,1.0,1.0,1.0,0.0,1.0,-1.4812586,-0.79057646,0.0
1560,1.0,0.0,1.0,0.0,1.2205015,1.0,2.0,2.0,1.0,1.0,1.0,1.0,1.0,1.0,1.0,1.0,1.0,-1.3693837,-0.36189985,0.0
1561,1.0,0.0,0.0,0.0,-0.53716457,1.0,0.0,2.0,1.0,1.0,1.0,1.0,1.0,1.0,2.0,1.0,3.0,-1.4962866,-0.8391805,0.0
1562,0.0,0.0,0.0,0.0,-0.45541266,1.0,0.0,2.0,1.0,1.0,1.0,1.0,1.0,1.0,2.0,1.0,1.0,-1.4662306,-0.8117212,0.0
1563,0.0,0.0,1.0,0.0,1.0978737,1.0,0.0,2.0,1.0,1.0,1.0,1.0,1.0,1.0,2.0,0.0,0.0,-1.5480497,-0.5348602,0.0
1564,0.0,0.0,0.0,0.0,-0.82329625,1.0,0.0,1.0,0.0,2.0,0.0,0.0,0.0,2.0,0.0,1.0,2.0,0.6627332,-0.5528699,0.0
1565,0.0,1.0,0.0,0.0,1.629261,1.0,2.0,1.0,2.0,2.0,2.0,2.0,0.0,2.0,2.0,1.0,0.0,1.4241508,2.4404845,0.0
1566,1.0,0.0,0.0,0.0,-1.1503038,1.0,0.0,2.0,1.0,1.0,1.0,1.0,1.0,1.0,0.0,0.0,3.0,-1.5029657,-0.97045165,0.0
1567,1.0,0.0,1.0,0.0,1.629261,1.0,0.0,2.0,1.0,1.0,1.0,1.0,1.0,1.0,2.0,0.0,0.0,-1.47124,-0.3417556,0.0
1568,0.0,0.0,0.0,0.0,-0.046653092,0.0,1.0,0.0,2.0,2.0,0.0,2.0,0.0,2.0,2.0,1.0,0.0,-0.49776083,-0.32930443,0.0
1569,0.0,0.0,0.0,0.0,1.4657573,1.0,0.0,0.0,2.0,0.0,2.0,0.0,0.0,0.0,1.0,1.0,1.0,-0.34414148,0.6289256,0.0
1570,1.0,0.0,1.0,1.0,1.0978737,1.0,0.0,2.0,1.0,1.0,1.0,1.0,1.0,1.0,2.0,0.0,3.0,-1.5113146,-0.4948385,0.0
1571,0.0,0.0,0.0,0.0,-1.1503038,1.0,0.0,2.0,1.0,1.0,1.0,1.0,1.0,1.0,0.0,0.0,3.0,-1.4896076,-0.9676946,0.0
1572,0.0,0.0,0.0,0.0,0.93436986,1.0,2.0,1.0,0.0,0.0,0.0,0.0,0.0,0.0,0.0,1.0,2.0,0.2786848,0.83790547,0.0
1573,1.0,0.0,0.0,0.0,1.2613775,1.0,2.0,1.0,0.0,2.0,2.0,0.0,2.0,2.0,2.0,1.0,0.0,1.3356527,1.9014148,0.0
1574,1.0,1.0,1.0,0.0,1.1387496,1.0,0.0,1.0,0.0,2.0,2.0,0.0,2.0,2.0,1.0,1.0,2.0,1.1085633,1.603698,0.0
1575,0.0,0.0,0.0,0.0,-1.1503038,1.0,0.0,1.0,0.0,2.0,0.0,0.0,0.0,0.0,0.0,1.0,0.0,0.39723888,-0.85692346,1.0
1576,1.0,0.0,1.0,0.0,0.4029824,1.0,2.0,1.0,0.0,2.0,2.0,0.0,2.0,0.0,0.0,1.0,0.0,1.0183954,0.7553941,1.0
1577,1.0,1.0,0.0,0.0,0.81174195,1.0,2.0,1.0,0.0,0.0,0.0,0.0,0.0,0.0,0.0,1.0,0.0,0.27367547,0.6977629,0.0
1578,1.0,1.0,0.0,0.0,-0.9868001,1.0,2.0,1.0,0.0,0.0,2.0,0.0,2.0,2.0,0.0,1.0,2.0,1.1970614,-0.64089537,1.0
1579,0.0,0.0,0.0,0.0,-0.7006684,1.0,0.0,0.0,0.0,0.0,0.0,0.0,2.0,0.0,1.0,0.0,3.0,-0.28736913,-0.5908683,0.0
1580,1.0,1.0,1.0,1.0,0.36210647,1.0,2.0,1.0,0.0,2.0,2.0,2.0,2.0,2.0,1.0,1.0,2.0,1.5761005,1.0113328,1.0
1581,1.0,1.0,0.0,0.0,-1.068552,1.0,0.0,0.0,0.0,0.0,0.0,0.0,0.0,0.0,0.0,0.0,1.0,-0.6697477,-0.88231504,0.0
1582,1.0,0.0,0.0,0.0,-0.8641722,1.0,0.0,1.0,0.0,0.0,2.0,0.0,0.0,0.0,0.0,0.0,2.0,0.2720057,-0.64131784,0.0
1583,1.0,0.0,1.0,1.0,-0.37366074,1.0,0.0,2.0,1.0,1.0,1.0,1.0,1.0,1.0,2.0,0.0,1.0,-1.5079751,-0.8155455,0.0
1584,0.0,0.0,0.0,0.0,1.0569977,1.0,0.0,1.0,2.0,2.0,2.0,0.0,2.0,2.0,1.0,1.0,2.0,1.3924251,1.7276984,1.0
1585,1.0,0.0,1.0,1.0,1.2205015,1.0,2.0,1.0,2.0,2.0,0.0,0.0,2.0,0.0,1.0,1.0,1.0,1.0083767,1.5702798,0.0
1586,0.0,0.0,0.0,0.0,-0.5780405,1.0,0.0,1.0,0.0,0.0,0.0,0.0,0.0,0.0,0.0,1.0,2.0,0.21189378,-0.45041445,0.0
1587,1.0,1.0,0.0,0.0,-0.33278477,1.0,2.0,0.0,0.0,2.0,0.0,0.0,0.0,0.0,0.0,0.0,1.0,-0.33245307,-0.4310484,0.0
1588,0.0,0.0,0.0,0.0,0.48473433,1.0,0.0,1.0,0.0,2.0,2.0,0.0,2.0,0.0,0.0,1.0,1.0,0.78128725,0.761553,0.0
1589,0.0,0.0,1.0,1.0,1.3022535,1.0,0.0,2.0,1.0,1.0,1.0,1.0,1.0,1.0,1.0,0.0,0.0,-1.5012959,-0.41088194,0.0
1590,0.0,0.0,1.0,1.0,0.19860265,1.0,2.0,2.0,1.0,1.0,1.0,1.0,1.0,1.0,0.0,0.0,3.0,-1.2792158,-0.5998954,0.0
1591,0.0,0.0,1.0,0.0,0.8526179,1.0,2.0,1.0,0.0,2.0,0.0,0.0,2.0,2.0,0.0,1.0,1.0,1.1235913,1.2846363,1.0
1592,1.0,0.0,1.0,0.0,1.5883851,1.0,2.0,0.0,2.0,2.0,0.0,2.0,2.0,0.0,2.0,0.0,1.0,0.292043,1.377242,0.0
1593,1.0,0.0,0.0,0.0,-0.21015692,1.0,0.0,0.0,2.0,0.0,0.0,2.0,0.0,0.0,0.0,0.0,3.0,-0.377537,-0.3553852,0.0
1594,1.0,0.0,0.0,0.0,0.28035456,0.0,1.0,0.0,0.0,0.0,2.0,2.0,0.0,0.0,1.0,0.0,3.0,-0.97531664,-0.42311078,0.0
1595,1.0,0.0,0.0,0.0,0.3212305,0.0,1.0,0.0,0.0,2.0,0.0,2.0,0.0,0.0,1.0,0.0,1.0,-0.9602887,-0.39031523,0.0
1596,0.0,0.0,1.0,0.0,1.5883851,0.0,1.0,0.0,0.0,2.0,2.0,2.0,2.0,2.0,2.0,0.0,0.0,-0.21723855,0.8383502,0.0
1597,0.0,1.0,1.0,0.0,0.28035456,1.0,2.0,1.0,0.0,0.0,0.0,2.0,2.0,2.0,0.0,1.0,2.0,1.2187685,0.7508583,0.0
1598,1.0,0.0,1.0,1.0,-0.7824203,1.0,0.0,0.0,0.0,0.0,0.0,0.0,2.0,2.0,1.0,1.0,2.0,-0.00016771969,-0.6151259,0.0
1599,0.0,0.0,0.0,0.0,-1.2729317,1.0,0.0,1.0,2.0,2.0,0.0,2.0,0.0,0.0,0.0,1.0,3.0,0.62265855,-0.96818376,0.0
1600,0.0,0.0,0.0,0.0,0.3212305,1.0,2.0,1.0,0.0,0.0,0.0,0.0,0.0,2.0,0.0,0.0,0.0,0.63768655,0.565469,0.0
1601,0.0,1.0,0.0,0.0,-1.2729317,1.0,0.0,1.0,0.0,0.0,0.0,0.0,0.0,0.0,0.0,1.0,2.0,0.21356356,-0.97363114,1.0
1602,1.0,0.0,1.0,0.0,1.629261,1.0,2.0,0.0,2.0,2.0,2.0,2.0,2.0,2.0,2.0,1.0,0.0,0.8113432,1.7759913,0.0
1603,1.0,1.0,0.0,0.0,0.8934939,0.0,1.0,0.0,0.0,2.0,2.0,0.0,2.0,2.0,1.0,1.0,2.0,-0.31074598,0.31408846,0.0
1604,0.0,0.0,0.0,0.0,0.77086604,1.0,0.0,1.0,0.0,0.0,0.0,0.0,2.0,2.0,1.0,0.0,1.0,0.76124996,0.9850963,0.0
1605,1.0,0.0,0.0,0.0,1.3840053,1.0,0.0,1.0,2.0,0.0,2.0,2.0,2.0,2.0,2.0,1.0,0.0,1.3657087,2.0383778,0.0
1606,0.0,0.0,0.0,0.0,-0.37366074,1.0,2.0,0.0,2.0,0.0,0.0,0.0,0.0,0.0,0.0,0.0,2.0,-0.34581128,-0.4497474,0.0
1607,1.0,0.0,1.0,0.0,1.629261,1.0,2.0,1.0,2.0,2.0,0.0,2.0,0.0,2.0,2.0,1.0,0.0,1.1953917,2.2520936,0.0
1608,0.0,0.0,0.0,0.0,0.48473433,1.0,2.0,0.0,0.0,0.0,0.0,0.0,0.0,0.0,0.0,1.0,3.0,-0.4877422,-0.05404423,0.0
1609,1.0,0.0,0.0,0.0,-1.2320558,1.0,2.0,1.0,0.0,2.0,0.0,0.0,0.0,0.0,0.0,1.0,2.0,0.57590485,-0.92315936,1.0
1610,1.0,0.0,1.0,1.0,0.2394786,1.0,0.0,0.0,2.0,0.0,2.0,2.0,2.0,2.0,2.0,0.0,1.0,0.5425093,0.3665391,0.0
1611,1.0,0.0,0.0,0.0,-0.33278477,1.0,0.0,1.0,0.0,0.0,0.0,0.0,2.0,2.0,0.0,1.0,2.0,0.85475737,-0.009842518,1.0
1612,1.0,1.0,0.0,0.0,0.28035456,1.0,2.0,1.0,0.0,0.0,0.0,0.0,2.0,2.0,0.0,1.0,0.0,1.0317535,0.66632366,1.0
1613,1.0,0.0,1.0,0.0,0.6891141,0.0,1.0,0.0,0.0,2.0,0.0,0.0,2.0,2.0,2.0,0.0,1.0,-0.50443995,0.06637654,0.0
1614,1.0,0.0,0.0,0.0,-0.4962886,1.0,0.0,2.0,1.0,1.0,1.0,1.0,1.0,1.0,2.0,1.0,3.0,-1.5046356,-0.8187695,0.0
1615,1.0,1.0,1.0,0.0,-0.37366074,1.0,2.0,1.0,0.0,2.0,2.0,0.0,2.0,2.0,0.0,1.0,2.0,1.3256341,-0.03369988,0.0
1616,1.0,0.0,1.0,1.0,-0.9868001,1.0,0.0,2.0,1.0,1.0,1.0,1.0,1.0,1.0,2.0,0.0,1.0,-1.5079751,-0.94968486,0.0
1617,0.0,0.0,1.0,1.0,-1.068552,1.0,0.0,2.0,1.0,1.0,1.0,1.0,1.0,1.0,1.0,0.0,3.0,-1.5046356,-0.96326995,0.0
1618,0.0,0.0,0.0,0.0,-0.53716457,0.0,1.0,0.0,0.0,2.0,0.0,0.0,0.0,2.0,0.0,1.0,2.0,-0.8367253,-0.68952173,0.0
1619,0.0,0.0,1.0,1.0,1.1796255,0.0,1.0,0.0,0.0,2.0,2.0,2.0,2.0,0.0,2.0,0.0,1.0,-0.44766757,0.43746638,0.0
1620,1.0,0.0,0.0,0.0,-1.2729317,1.0,0.0,2.0,1.0,1.0,1.0,1.0,1.0,1.0,0.0,1.0,3.0,-1.4795889,-0.99617666,0.0
1621,1.0,0.0,1.0,0.0,1.1796255,1.0,2.0,0.0,0.0,2.0,2.0,0.0,2.0,2.0,2.0,0.0,0.0,0.5391698,1.1881396,0.0
1622,0.0,0.0,1.0,1.0,0.36210647,1.0,0.0,0.0,2.0,0.0,0.0,2.0,2.0,2.0,1.0,1.0,1.0,0.33211762,0.4122305,0.0
1623,1.0,0.0,1.0,1.0,0.72999007,1.0,0.0,2.0,1.0,1.0,1.0,1.0,1.0,1.0,1.0,1.0,3.0,-1.4829284,-0.58773327,0.0
1624,0.0,0.0,0.0,0.0,0.36210647,1.0,0.0,1.0,0.0,2.0,0.0,2.0,2.0,2.0,2.0,1.0,0.0,1.1369494,0.7553052,0.0
1625,0.0,0.0,0.0,0.0,0.9752458,1.0,0.0,1.0,0.0,2.0,0.0,0.0,0.0,0.0,0.0,1.0,2.0,0.30373144,0.8147596,1.0
1626,1.0,0.0,0.0,0.0,-0.29190883,1.0,2.0,2.0,1.0,1.0,1.0,1.0,1.0,1.0,1.0,0.0,0.0,-1.3176206,-0.7045076,1.0
1627,0.0,0.0,1.0,0.0,0.44385839,1.0,2.0,0.0,2.0,2.0,0.0,2.0,2.0,2.0,2.0,0.0,1.0,0.7245149,0.584257,0.0
1628,1.0,0.0,0.0,0.0,-1.1503038,1.0,0.0,0.0,0.0,2.0,0.0,2.0,2.0,0.0,0.0,1.0,0.0,-0.03356323,-0.9046827,0.0
1629,0.0,0.0,0.0,0.0,-1.1911799,1.0,0.0,2.0,1.0,1.0,1.0,1.0,1.0,1.0,0.0,0.0,3.0,-1.4812586,-0.9771886,0.0
1630,1.0,0.0,0.0,0.0,-1.2729317,1.0,0.0,2.0,1.0,1.0,1.0,1.0,1.0,1.0,0.0,1.0,3.0,-1.4912773,-0.9963323,1.0
1631,1.0,1.0,0.0,0.0,1.4248813,1.0,2.0,1.0,0.0,0.0,0.0,0.0,0.0,0.0,0.0,1.0,3.0,0.36551315,1.2452149,0.0
1632,0.0,0.0,0.0,0.0,-0.90504813,1.0,0.0,0.0,0.0,0.0,0.0,2.0,0.0,2.0,0.0,1.0,3.0,-0.12707067,-0.7253189,0.0
1633,0.0,0.0,1.0,1.0,1.3022535,1.0,2.0,2.0,1.0,1.0,1.0,1.0,1.0,1.0,1.0,0.0,3.0,-1.3309789,-0.29577515,0.0
1634,0.0,0.0,1.0,0.0,-0.90504813,1.0,0.0,2.0,1.0,1.0,1.0,1.0,1.0,1.0,0.0,1.0,3.0,-1.4762493,-0.89287627,0.0
1635,0.0,0.0,0.0,0.0,-1.2729317,1.0,2.0,1.0,0.0,0.0,0.0,0.0,2.0,2.0,0.0,0.0,3.0,1.0317535,-0.96273637,1.0
1636,1.0,0.0,0.0,0.0,-1.2320558,1.0,0.0,1.0,0.0,0.0,0.0,0.0,0.0,0.0,0.0,1.0,2.0,0.18517737,-0.94123584,0.0
1637,1.0,0.0,0.0,1.0,0.6073622,1.0,0.0,0.0,2.0,2.0,0.0,0.0,0.0,0.0,0.0,1.0,2.0,-0.3157553,0.17494644,0.0
1638,0.0,0.0,1.0,1.0,-0.08752905,1.0,0.0,0.0,0.0,0.0,2.0,2.0,2.0,0.0,1.0,1.0,2.0,-0.008516598,-0.12250353,0.0
1639,0.0,0.0,1.0,0.0,1.629261,1.0,2.0,1.0,2.0,2.0,0.0,0.0,0.0,0.0,2.0,1.0,0.0,0.64436567,1.6860759,0.0
1640,0.0,0.0,1.0,1.0,-1.1911799,1.0,0.0,2.0,1.0,1.0,1.0,1.0,1.0,1.0,2.0,0.0,3.0,-1.5246729,-0.98214686,0.0
1641,1.0,0.0,1.0,1.0,0.81174195,1.0,0.0,2.0,1.0,1.0,1.0,1.0,1.0,1.0,1.0,1.0,1.0,-1.4662306,-0.5287458,0.0
1642,1.0,0.0,0.0,0.0,-0.4962886,1.0,0.0,2.0,1.0,1.0,1.0,1.0,1.0,1.0,1.0,1.0,3.0,-1.5046356,-0.8203259,0.0
1643,1.0,1.0,1.0,0.0,0.9752458,1.0,0.0,0.0,2.0,2.0,2.0,2.0,2.0,2.0,2.0,1.0,0.0,0.6977985,1.1400913,0.0
1644,0.0,0.0,0.0,0.0,-0.45541266,1.0,0.0,1.0,0.0,2.0,2.0,2.0,2.0,2.0,1.0,1.0,3.0,1.3289737,-0.009442301,0.0
1645,1.0,0.0,1.0,1.0,0.8526179,1.0,2.0,0.0,2.0,0.0,2.0,2.0,2.0,2.0,0.0,0.0,2.0,0.69946826,1.0474411,0.0
1646,0.0,0.0,0.0,0.0,0.8934939,1.0,0.0,1.0,2.0,2.0,0.0,0.0,2.0,2.0,1.0,1.0,1.0,1.1786939,1.3514057,0.0
1647,0.0,0.0,1.0,1.0,-1.2729317,1.0,0.0,2.0,1.0,1.0,1.0,1.0,1.0,1.0,0.0,0.0,2.0,-1.5196635,-0.9967103,0.0
1648,1.0,0.0,0.0,0.0,-0.21015692,1.0,0.0,0.0,2.0,0.0,2.0,2.0,2.0,2.0,1.0,0.0,2.0,0.5658862,-0.0213821,0.0
1649,0.0,0.0,1.0,0.0,-0.9459241,0.0,1.0,0.0,0.0,0.0,2.0,0.0,2.0,2.0,0.0,1.0,2.0,-0.5344959,-0.80863065,1.0
1650,1.0,0.0,0.0,0.0,0.81174195,1.0,0.0,1.0,0.0,2.0,0.0,0.0,0.0,2.0,0.0,1.0,2.0,0.68777984,0.92404103,1.0
1651,1.0,0.0,1.0,0.0,1.3840053,1.0,2.0,0.0,2.0,2.0,2.0,0.0,0.0,0.0,2.0,1.0,1.0,0.04491622,0.963996,0.0
1652,0.0,0.0,1.0,1.0,1.629261,1.0,2.0,0.0,2.0,2.0,2.0,0.0,2.0,2.0,2.0,1.0,1.0,0.62933767,1.6447424,0.0
1653,0.0,0.0,1.0,1.0,0.116850734,1.0,2.0,2.0,1.0,1.0,1.0,1.0,1.0,1.0,2.0,1.0,1.0,-1.3142811,-0.58290845,0.0
1654,1.0,0.0,1.0,1.0,1.3840053,0.0,1.0,0.0,0.0,0.0,0.0,2.0,2.0,2.0,2.0,0.0,0.0,-0.47438398,0.49089533,0.0
1655,1.0,1.0,0.0,0.0,-0.29190883,1.0,2.0,1.0,0.0,2.0,2.0,0.0,2.0,2.0,0.0,0.0,3.0,1.3757274,0.17548007,1.0
1656,1.0,0.0,0.0,0.0,-1.1094279,1.0,0.0,2.0,1.0,1.0,1.0,1.0,1.0,1.0,0.0,0.0,3.0,-1.486268,-0.956444,0.0
1657,0.0,0.0,1.0,1.0,-1.027676,0.0,1.0,0.0,0.0,0.0,0.0,0.0,0.0,0.0,0.0,1.0,2.0,-1.3376579,-0.9389902,0.0
1658,1.0,0.0,1.0,1.0,1.4657573,1.0,0.0,1.0,2.0,2.0,2.0,0.0,2.0,2.0,2.0,1.0,0.0,1.3523505,2.1845236,0.0
1659,1.0,0.0,0.0,0.0,-1.2320558,0.0,1.0,0.0,0.0,0.0,0.0,0.0,0.0,0.0,0.0,0.0,3.0,-1.3510162,-0.98817235,0.0
1660,1.0,0.0,0.0,0.0,-1.2729317,1.0,0.0,1.0,0.0,0.0,0.0,0.0,2.0,0.0,0.0,1.0,2.0,0.49408585,-0.9698958,1.0
1661,1.0,0.0,1.0,1.0,0.52561027,1.0,2.0,2.0,1.0,1.0,1.0,1.0,1.0,1.0,2.0,0.0,3.0,-1.3460069,-0.52134174,0.0
1662,0.0,0.0,1.0,1.0,-0.82329625,0.0,1.0,0.0,0.0,0.0,0.0,2.0,0.0,0.0,1.0,0.0,1.0,-1.1523129,-0.84124833,0.0
1663,1.0,1.0,1.0,0.0,0.3212305,1.0,2.0,1.0,2.0,0.0,0.0,0.0,2.0,2.0,0.0,0.0,2.0,1.2388058,0.8118469,1.0
1664,1.0,0.0,0.0,0.0,-0.37366074,1.0,2.0,1.0,0.0,0.0,2.0,2.0,2.0,0.0,0.0,1.0,1.0,1.073498,-0.077901594,0.0
1665,0.0,0.0,1.0,1.0,-0.7824203,1.0,0.0,2.0,1.0,1.0,1.0,1.0,1.0,1.0,2.0,0.0,3.0,-1.5096449,-0.8872955,0.0
1666,0.0,0.0,1.0,0.0,0.93436986,1.0,0.0,1.0,2.0,0.0,0.0,0.0,2.0,2.0,1.0,1.0,2.0,1.0016977,1.3409334,0.0
1667,1.0,0.0,1.0,1.0,1.3022535,1.0,2.0,1.0,0.0,0.0,2.0,0.0,0.0,2.0,1.0,0.0,1.0,0.85141784,1.4979296,0.0
1668,1.0,0.0,1.0,1.0,-0.5780405,1.0,0.0,0.0,0.0,0.0,2.0,0.0,0.0,2.0,0.0,0.0,2.0,-0.24395496,-0.5646541,1.0
1669,1.0,0.0,1.0,0.0,0.93436986,0.0,1.0,0.0,0.0,0.0,2.0,2.0,2.0,2.0,0.0,1.0,0.0,-0.34080192,0.31913564,1.0
1670,0.0,0.0,0.0,0.0,1.4657573,0.0,1.0,0.0,0.0,2.0,0.0,2.0,0.0,2.0,0.0,0.0,2.0,-0.6613988,0.3667392,0.0
1671,1.0,0.0,0.0,0.0,-0.16928096,1.0,0.0,2.0,1.0,1.0,1.0,1.0,1.0,1.0,1.0,0.0,1.0,-1.553059,-0.7674973,0.0
1672,0.0,0.0,0.0,0.0,-0.16928096,1.0,0.0,1.0,0.0,0.0,0.0,0.0,0.0,2.0,0.0,1.0,2.0,0.52915114,-0.0069742976,0.0
1673,1.0,0.0,0.0,0.0,-0.29190883,1.0,0.0,2.0,1.0,1.0,1.0,1.0,1.0,1.0,0.0,1.0,3.0,-1.4896076,-0.76676357,0.0
1674,1.0,0.0,0.0,1.0,0.3212305,0.0,1.0,0.0,2.0,2.0,0.0,2.0,0.0,0.0,1.0,0.0,3.0,-0.81835777,-0.3097605,0.0
1675,0.0,0.0,1.0,0.0,-0.82329625,1.0,2.0,0.0,2.0,0.0,2.0,0.0,2.0,2.0,1.0,0.0,2.0,0.470709,-0.6153927,0.0
1676,0.0,0.0,0.0,0.0,-1.1503038,1.0,2.0,2.0,1.0,1.0,1.0,1.0,1.0,1.0,2.0,1.0,1.0,-1.3176206,-0.95326453,0.0
1677,0.0,0.0,0.0,0.0,-1.2729317,1.0,0.0,1.0,0.0,0.0,0.0,0.0,0.0,0.0,0.0,1.0,3.0,0.19853558,-0.97383124,0.0
1678,1.0,0.0,0.0,0.0,1.3022535,1.0,0.0,1.0,2.0,2.0,0.0,0.0,2.0,2.0,1.0,1.0,1.0,1.1870427,1.9313421,0.0
1679,1.0,0.0,1.0,1.0,-0.33278477,1.0,0.0,2.0,1.0,1.0,1.0,1.0,1.0,1.0,1.0,1.0,1.0,-1.4679005,-0.79642403,0.0
1680,1.0,0.0,0.0,0.0,-1.2729317,1.0,0.0,0.0,0.0,0.0,0.0,0.0,0.0,0.0,0.0,0.0,3.0,-0.6780966,-0.9855042,0.0
1681,1.0,0.0,0.0,1.0,-0.9459241,1.0,0.0,2.0,1.0,1.0,1.0,1.0,1.0,1.0,1.0,0.0,3.0,-1.4912773,-0.92066914,0.0
1682,1.0,0.0,0.0,0.0,-1.1094279,1.0,2.0,1.0,0.0,2.0,2.0,0.0,0.0,0.0,0.0,1.0,2.0,0.68611,-0.81665725,1.0
1683,0.0,0.0,1.0,1.0,1.1796255,0.0,1.0,0.0,2.0,2.0,0.0,2.0,0.0,2.0,1.0,1.0,0.0,-0.46937466,0.36825114,0.0
1684,0.0,0.0,0.0,0.0,-1.2729317,1.0,0.0,2.0,1.0,1.0,1.0,1.0,1.0,1.0,0.0,1.0,3.0,-1.4879378,-0.9962878,1.0
1685,0.0,0.0,0.0,0.0,-0.7824203,1.0,2.0,1.0,0.0,0.0,0.0,0.0,0.0,2.0,0.0,1.0,2.0,0.70781714,-0.46468884,0.0
1686,0.0,0.0,0.0,0.0,-1.2320558,1.0,0.0,1.0,0.0,0.0,2.0,0.0,0.0,0.0,0.0,1.0,2.0,0.36885267,-0.93378735,1.0
1687,1.0,1.0,1.0,0.0,0.116850734,1.0,2.0,1.0,0.0,0.0,2.0,0.0,0.0,0.0,1.0,1.0,0.0,0.5625467,0.24662971,0.0
1688,0.0,0.0,1.0,1.0,0.8934939,1.0,2.0,0.0,0.0,2.0,2.0,0.0,0.0,0.0,2.0,1.0,0.0,-0.1654755,0.438378,0.0
1689,1.0,0.0,1.0,1.0,1.629261,1.0,0.0,2.0,1.0,1.0,1.0,1.0,1.0,1.0,2.0,0.0,2.0,-1.4762493,-0.3682366,0.0
1690,1.0,0.0,0.0,0.0,-1.2729317,1.0,0.0,1.0,0.0,0.0,0.0,0.0,0.0,2.0,0.0,0.0,2.0,0.5258116,-0.9694733,1.0
1691,1.0,0.0,0.0,0.0,0.77086604,1.0,0.0,2.0,1.0,1.0,1.0,1.0,1.0,1.0,2.0,0.0,3.0,-1.4795889,-0.5416194,0.0
1692,0.0,0.0,0.0,1.0,-0.61891645,1.0,2.0,1.0,0.0,2.0,2.0,2.0,0.0,0.0,0.0,1.0,1.0,0.93323684,-0.31296223,0.0
1693,1.0,0.0,0.0,0.0,0.77086604,1.0,0.0,1.0,2.0,0.0,0.0,0.0,2.0,0.0,1.0,0.0,3.0,0.7211753,0.89226824,0.0
1694,1.0,1.0,0.0,0.0,-1.2729317,1.0,0.0,1.0,0.0,0.0,0.0,0.0,2.0,0.0,0.0,1.0,2.0,0.47905788,-0.9700959,1.0
1695,1.0,0.0,0.0,0.0,-1.2729317,1.0,0.0,2.0,1.0,1.0,1.0,1.0,1.0,1.0,0.0,0.0,2.0,-1.4762493,-0.9961322,1.0
1696,0.0,1.0,0.0,0.0,-0.7415443,0.0,1.0,0.0,0.0,0.0,0.0,0.0,2.0,2.0,0.0,1.0,2.0,-0.6146451,-0.7061307,0.0
1697,1.0,0.0,0.0,0.0,-1.1094279,0.0,1.0,0.0,0.0,0.0,0.0,0.0,0.0,0.0,0.0,0.0,3.0,-1.3510162,-0.960713,0.0
1698,0.0,0.0,0.0,0.0,-0.7415443,1.0,0.0,0.0,2.0,0.0,0.0,0.0,0.0,0.0,0.0,0.0,0.0,-0.48941198,-0.6897663,0.0
1699,1.0,1.0,1.0,0.0,-0.005777135,1.0,2.0,1.0,0.0,0.0,0.0,0.0,0.0,2.0,0.0,0.0,2.0,0.68611,0.17808148,1.0
1700,1.0,0.0,1.0,1.0,-0.29190883,1.0,0.0,1.0,0.0,0.0,0.0,0.0,2.0,2.0,1.0,1.0,2.0,0.85642713,-0.036479164,1.0
1701,0.0,0.0,0.0,0.0,-1.2729317,1.0,0.0,0.0,0.0,0.0,0.0,0.0,0.0,0.0,0.0,1.0,2.0,-0.68978506,-0.9856599,1.0
1702,0.0,0.0,0.0,0.0,-0.128405,1.0,0.0,2.0,1.0,1.0,1.0,1.0,1.0,1.0,0.0,0.0,1.0,-1.5163239,-0.73774785,0.0
1703,0.0,0.0,0.0,0.0,0.52561027,1.0,2.0,1.0,0.0,0.0,2.0,0.0,0.0,2.0,0.0,1.0,1.0,0.8196921,0.8589169,0.0
1704,1.0,1.0,0.0,0.0,-1.1911799,1.0,2.0,1.0,0.0,0.0,2.0,0.0,2.0,0.0,0.0,0.0,2.0,0.87813425,-0.87671196,1.0
1705,0.0,0.0,1.0,1.0,-0.53716457,1.0,0.0,0.0,0.0,0.0,2.0,0.0,0.0,0.0,0.0,1.0,0.0,-0.5061097,-0.57708305,0.0
1706,1.0,0.0,0.0,0.0,-1.2729317,1.0,0.0,0.0,0.0,0.0,0.0,0.0,0.0,0.0,0.0,1.0,3.0,-0.68310595,-0.9855709,0.0
1707,1.0,0.0,0.0,0.0,0.9752458,1.0,0.0,0.0,0.0,2.0,2.0,2.0,2.0,2.0,2.0,1.0,1.0,0.5692257,1.0111326,0.0
1708,0.0,0.0,1.0,0.0,1.1387496,1.0,2.0,1.0,2.0,2.0,0.0,0.0,0.0,2.0,0.0,1.0,1.0,0.97999054,1.4297816,0.0
1709,0.0,0.0,0.0,0.0,-1.027676,1.0,2.0,1.0,0.0,0.0,0.0,0.0,0.0,0.0,0.0,1.0,2.0,0.30373144,-0.77792513,1.0
1710,0.0,0.0,1.0,0.0,0.9752458,1.0,2.0,1.0,0.0,2.0,2.0,2.0,0.0,0.0,0.0,0.0,2.0,0.8614365,1.2700062,0.0
1711,0.0,0.0,0.0,0.0,-1.2729317,1.0,0.0,0.0,0.0,0.0,0.0,2.0,0.0,0.0,0.0,1.0,2.0,-0.49609107,-0.9830807,0.0
1712,1.0,0.0,1.0,1.0,0.03509882,1.0,0.0,0.0,2.0,0.0,2.0,0.0,2.0,2.0,1.0,0.0,1.0,0.3337874,0.08567588,0.0
1713,1.0,0.0,1.0,1.0,1.4657573,1.0,2.0,1.0,0.0,2.0,0.0,0.0,2.0,2.0,1.0,1.0,1.0,1.2120893,2.0054712,0.0
1714,0.0,0.0,0.0,0.0,-1.027676,1.0,0.0,2.0,1.0,1.0,1.0,1.0,1.0,1.0,0.0,0.0,3.0,-1.4729098,-0.9359441,0.0
1715,1.0,0.0,0.0,0.0,1.0161217,1.0,0.0,2.0,1.0,1.0,1.0,1.0,1.0,1.0,2.0,0.0,1.0,-1.5346915,-0.5186292,0.0
1716,0.0,0.0,1.0,0.0,-0.8641722,1.0,2.0,1.0,0.0,0.0,0.0,0.0,2.0,2.0,0.0,1.0,2.0,0.976651,-0.5254996,1.0
1717,1.0,0.0,1.0,1.0,0.36210647,1.0,2.0,1.0,0.0,0.0,2.0,2.0,2.0,2.0,1.0,1.0,2.0,1.2638524,0.8683442,1.0
1718,0.0,0.0,1.0,0.0,-0.08752905,1.0,0.0,2.0,1.0,1.0,1.0,1.0,1.0,1.0,0.0,0.0,0.0,-1.5063053,-0.71362364,1.0
1719,1.0,0.0,0.0,0.0,-0.5780405,1.0,2.0,0.0,2.0,0.0,2.0,0.0,2.0,0.0,0.0,0.0,3.0,0.15846096,-0.47191498,0.0
1720,1.0,0.0,1.0,1.0,-0.61891645,1.0,2.0,1.0,0.0,0.0,0.0,0.0,2.0,2.0,0.0,1.0,2.0,0.9282275,-0.33152783,1.0
1721,0.0,0.0,1.0,0.0,1.0978737,1.0,2.0,0.0,0.0,2.0,0.0,2.0,2.0,2.0,1.0,1.0,2.0,0.5124534,1.0817264,0.0
1722,0.0,0.0,1.0,0.0,1.1796255,1.0,0.0,1.0,2.0,2.0,0.0,2.0,0.0,2.0,1.0,0.0,0.0,0.96663237,1.6008965,0.0
1723,0.0,0.0,1.0,1.0,1.0569977,1.0,2.0,1.0,2.0,2.0,0.0,0.0,0.0,2.0,0.0,1.0,0.0,0.95661366,1.4118607,1.0
1724,1.0,0.0,1.0,1.0,-0.08752905,1.0,2.0,1.0,2.0,2.0,0.0,0.0,2.0,0.0,0.0,1.0,2.0,0.9900092,0.25705758,1.0
1725,0.0,0.0,0.0,0.0,-0.5780405,1.0,0.0,1.0,0.0,2.0,2.0,0.0,0.0,0.0,0.0,0.0,2.0,0.4356437,-0.40112108,0.0
1726,1.0,0.0,1.0,1.0,-0.61891645,1.0,0.0,1.0,0.0,0.0,0.0,0.0,0.0,0.0,0.0,1.0,2.0,0.14176321,-0.49403808,1.0
1727,0.0,0.0,1.0,0.0,1.5883851,1.0,2.0,2.0,1.0,1.0,1.0,1.0,1.0,1.0,2.0,1.0,0.0,-1.3393277,-0.24479198,0.0
1728,0.0,0.0,0.0,0.0,-0.9868001,1.0,0.0,2.0,1.0,1.0,1.0,1.0,1.0,1.0,1.0,1.0,0.0,-1.4879378,-0.9425921,0.0
1729,1.0,0.0,0.0,0.0,-1.027676,1.0,0.0,1.0,0.0,2.0,0.0,0.0,2.0,2.0,0.0,1.0,2.0,0.9849999,-0.70777607,1.0
1730,1.0,0.0,1.0,1.0,0.72999007,1.0,2.0,1.0,2.0,2.0,2.0,0.0,2.0,2.0,1.0,1.0,2.0,1.4525371,1.409993,0.0
1731,1.0,0.0,0.0,0.0,-0.90504813,1.0,2.0,0.0,2.0,0.0,0.0,0.0,0.0,0.0,0.0,1.0,1.0,-0.34247172,-0.7526003,0.0
1732,1.0,0.0,1.0,0.0,0.6482381,1.0,0.0,2.0,1.0,1.0,1.0,1.0,1.0,1.0,2.0,1.0,3.0,-1.4929471,-0.5445765,0.0
1733,1.0,0.0,1.0,0.0,1.5883851,1.0,2.0,0.0,2.0,2.0,2.0,2.0,2.0,2.0,2.0,0.0,0.0,0.8614365,1.842494,0.0
1734,0.0,0.0,1.0,0.0,-0.046653092,1.0,0.0,1.0,0.0,2.0,0.0,0.0,0.0,2.0,0.0,1.0,0.0,0.63768655,0.18388462,0.0
1735,0.0,0.0,1.0,1.0,1.5883851,1.0,2.0,2.0,1.0,1.0,1.0,1.0,1.0,1.0,2.0,0.0,0.0,-1.3376579,-0.20014557,0.0
1736,1.0,0.0,1.0,1.0,-0.9868001,1.0,0.0,0.0,0.0,0.0,2.0,0.0,0.0,0.0,0.0,1.0,2.0,-0.45768622,-0.82070386,1.0
1737,0.0,1.0,0.0,0.0,-1.1911799,0.0,1.0,0.0,0.0,0.0,0.0,0.0,0.0,0.0,0.0,0.0,2.0,-1.3176206,-0.9706962,1.0
1738,0.0,0.0,0.0,0.0,-0.16928096,0.0,1.0,0.0,0.0,0.0,2.0,0.0,0.0,0.0,0.0,1.0,3.0,-1.1690106,-0.65365785,0.0
1739,1.0,0.0,0.0,0.0,-1.2729317,1.0,0.0,2.0,1.0,1.0,1.0,1.0,1.0,1.0,0.0,0.0,0.0,-1.4929471,-0.9963546,1.0
1740,1.0,0.0,1.0,0.0,0.6073622,1.0,2.0,1.0,0.0,2.0,2.0,2.0,2.0,2.0,0.0,1.0,2.0,1.4959512,1.2735415,1.0
1741,1.0,0.0,1.0,1.0,1.629261,1.0,2.0,1.0,2.0,2.0,2.0,2.0,2.0,2.0,2.0,1.0,1.0,1.646231,2.7604134,0.0
1742,1.0,0.0,1.0,0.0,0.07597478,1.0,2.0,1.0,0.0,2.0,0.0,0.0,0.0,2.0,0.0,0.0,3.0,0.80466413,0.3288965,0.0
1743,1.0,0.0,1.0,1.0,0.3212305,1.0,0.0,2.0,1.0,1.0,1.0,1.0,1.0,1.0,0.0,1.0,0.0,-1.4812586,-0.67384654,0.0
1744,1.0,0.0,0.0,0.0,-1.2729317,1.0,0.0,1.0,0.0,0.0,0.0,0.0,2.0,2.0,0.0,1.0,2.0,0.813013,-0.965649,1.0
1745,1.0,0.0,1.0,1.0,0.52561027,1.0,2.0,1.0,0.0,2.0,2.0,2.0,2.0,2.0,2.0,1.0,0.0,1.5026304,1.1739764,0.0
1746,1.0,0.0,0.0,0.0,-1.1503038,1.0,2.0,0.0,0.0,0.0,0.0,2.0,0.0,2.0,0.0,0.0,3.0,0.02654869,-0.8997911,0.0
1747,1.0,0.0,0.0,0.0,-0.9459241,1.0,0.0,1.0,0.0,0.0,0.0,0.0,0.0,2.0,0.0,1.0,2.0,0.53583026,-0.6881654,1.0
1748,0.0,0.0,0.0,1.0,-0.29190883,1.0,0.0,2.0,1.0,1.0,1.0,1.0,1.0,1.0,0.0,0.0,1.0,-1.4929471,-0.79551244,0.0
1749,1.0,0.0,1.0,0.0,-0.37366074,1.0,2.0,1.0,2.0,2.0,2.0,0.0,2.0,0.0,0.0,1.0,2.0,1.1519774,-0.03301062,1.0
1750,1.0,1.0,0.0,0.0,1.3022535,1.0,2.0,1.0,2.0,2.0,0.0,0.0,2.0,2.0,0.0,1.0,0.0,1.2939084,1.9068177,0.0
1751,0.0,0.0,1.0,0.0,1.629261,0.0,1.0,0.0,2.0,2.0,2.0,0.0,0.0,2.0,2.0,1.0,2.0,-0.51946795,0.58712524,0.0
1752,0.0,0.0,1.0,1.0,-0.08752905,0.0,1.0,0.0,0.0,0.0,0.0,2.0,2.0,2.0,0.0,0.0,1.0,-0.4526769,-0.31089443,1.0
1753,1.0,1.0,0.0,0.0,-0.7824203,1.0,0.0,0.0,0.0,2.0,0.0,0.0,2.0,0.0,0.0,1.0,2.0,-0.16213594,-0.65470284,0.0
1754,0.0,0.0,1.0,0.0,0.6482381,0.0,1.0,0.0,0.0,2.0,2.0,0.0,0.0,0.0,1.0,0.0,3.0,-1.0037029,-0.291773,1.0
1755,0.0,0.0,0.0,0.0,-0.82329625,1.0,2.0,1.0,0.0,0.0,2.0,0.0,2.0,2.0,0.0,1.0,0.0,1.1820334,-0.48752344,1.0
1756,0.0,0.0,0.0,0.0,-1.2729317,1.0,0.0,1.0,0.0,0.0,0.0,0.0,0.0,0.0,0.0,1.0,2.0,0.18350759,-0.9740313,0.0
1757,0.0,0.0,0.0,0.0,-1.1911799,1.0,0.0,1.0,0.0,0.0,0.0,2.0,0.0,2.0,0.0,0.0,2.0,0.7028078,-0.88422716,1.0
1758,0.0,0.0,1.0,1.0,-1.068552,1.0,0.0,0.0,2.0,2.0,0.0,0.0,0.0,0.0,0.0,0.0,1.0,-0.29571798,-0.84280473,1.0
1759,0.0,0.0,1.0,1.0,0.19860265,1.0,0.0,2.0,1.0,1.0,1.0,1.0,1.0,1.0,0.0,0.0,2.0,-1.5163239,-0.70121694,0.0
1760,1.0,0.0,0.0,0.0,-0.90504813,1.0,0.0,2.0,1.0,1.0,1.0,1.0,1.0,1.0,0.0,1.0,3.0,-1.4996262,-0.919424,0.0
1761,1.0,0.0,1.0,0.0,1.5066332,1.0,2.0,1.0,2.0,2.0,2.0,2.0,2.0,2.0,2.0,1.0,0.0,1.5961378,2.466165,0.0
1762,1.0,1.0,1.0,0.0,-0.08752905,1.0,2.0,1.0,0.0,0.0,0.0,0.0,0.0,0.0,0.0,0.0,3.0,0.43898326,0.040384684,0.0
1763,0.0,0.0,1.0,1.0,-0.9459241,1.0,0.0,0.0,2.0,2.0,2.0,2.0,0.0,0.0,0.0,0.0,3.0,0.008181158,-0.7104219,1.0
1764,1.0,0.0,1.0,1.0,0.3212305,1.0,2.0,1.0,0.0,0.0,2.0,0.0,0.0,0.0,0.0,1.0,2.0,0.54918844,0.45876682,0.0
1765,0.0,0.0,0.0,0.0,0.93436986,1.0,0.0,0.0,2.0,0.0,0.0,0.0,0.0,0.0,0.0,1.0,1.0,-0.47438398,0.2544117,0.0
1766,1.0,0.0,1.0,0.0,-0.33278477,1.0,2.0,0.0,2.0,0.0,0.0,2.0,0.0,0.0,1.0,1.0,2.0,-0.213899,-0.4063239,0.0
1767,1.0,0.0,0.0,0.0,-1.2729317,1.0,2.0,0.0,0.0,0.0,2.0,2.0,0.0,0.0,0.0,0.0,3.0,-0.0903356,-0.97767776,1.0
1768,0.0,1.0,1.0,1.0,1.5475092,1.0,2.0,1.0,0.0,2.0,2.0,2.0,2.0,2.0,1.0,1.0,2.0,1.4408486,2.31913,0.0
1769,1.0,0.0,0.0,0.0,-0.046653092,1.0,0.0,1.0,0.0,2.0,0.0,0.0,2.0,2.0,0.0,1.0,2.0,0.9933488,0.31953585,0.0
1770,0.0,0.0,1.0,0.0,-1.1503038,1.0,0.0,2.0,1.0,1.0,1.0,1.0,1.0,1.0,0.0,0.0,3.0,-1.5079751,-0.96371466,0.0
1771,1.0,1.0,1.0,0.0,-0.046653092,1.0,2.0,1.0,2.0,0.0,0.0,0.0,2.0,0.0,0.0,0.0,2.0,0.8247014,0.2432501,0.0
1772,0.0,0.0,1.0,1.0,0.19860265,1.0,0.0,0.0,2.0,2.0,0.0,0.0,2.0,2.0,1.0,0.0,0.0,0.34547582,0.1770587,0.0
1773,1.0,0.0,0.0,0.0,-0.90504813,1.0,0.0,1.0,2.0,0.0,2.0,0.0,2.0,2.0,1.0,1.0,2.0,1.140289,-0.53170294,0.0
1774,0.0,0.0,1.0,1.0,0.36210647,1.0,2.0,1.0,2.0,2.0,2.0,0.0,0.0,2.0,1.0,1.0,0.0,1.2304568,0.7425872,0.0
1775,0.0,0.0,0.0,0.0,-1.1503038,1.0,0.0,2.0,1.0,1.0,1.0,1.0,1.0,1.0,0.0,0.0,3.0,-1.4829284,-0.9708074,1.0
1776,0.0,0.0,1.0,1.0,1.2613775,1.0,0.0,0.0,2.0,0.0,0.0,0.0,0.0,0.0,2.0,1.0,0.0,-0.47104442,0.42717192,0.0
1777,1.0,0.0,0.0,0.0,-0.7824203,1.0,0.0,0.0,0.0,2.0,0.0,2.0,2.0,2.0,0.0,0.0,3.0,0.28703368,-0.5910239,0.0
1778,0.0,0.0,1.0,0.0,1.0569977,1.0,2.0,1.0,2.0,2.0,2.0,0.0,2.0,2.0,2.0,1.0,0.0,1.4926116,1.7271204,1.0
1779,1.0,0.0,1.0,0.0,-1.1094279,1.0,2.0,1.0,0.0,2.0,0.0,2.0,0.0,0.0,0.0,1.0,2.0,0.6894496,-0.8269072,1.0
1780,1.0,0.0,1.0,1.0,1.4248813,1.0,2.0,1.0,0.0,2.0,2.0,0.0,2.0,2.0,1.0,1.0,2.0,1.3573599,2.102835,0.0
1781,0.0,1.0,1.0,1.0,1.3840053,1.0,2.0,1.0,2.0,2.0,0.0,2.0,2.0,2.0,1.0,1.0,1.0,1.5310165,2.2012882,0.0
1782,0.0,0.0,1.0,0.0,1.1387496,0.0,1.0,0.0,0.0,2.0,2.0,2.0,2.0,2.0,2.0,0.0,1.0,-0.13207999,0.59713066,0.0
1783,0.0,0.0,1.0,0.0,0.77086604,1.0,0.0,1.0,0.0,0.0,0.0,0.0,0.0,0.0,0.0,0.0,3.0,0.14677253,0.6176529,0.0
1784,1.0,0.0,0.0,0.0,-1.2729317,1.0,2.0,0.0,0.0,0.0,0.0,0.0,0.0,0.0,0.0,1.0,2.0,-0.4877422,-0.9829695,0.0
1785,1.0,0.0,0.0,0.0,-1.2729317,1.0,0.0,1.0,0.0,0.0,0.0,0.0,0.0,0.0,0.0,1.0,3.0,0.19519602,-0.9738757,0.0
1786,0.0,0.0,0.0,1.0,-0.53716457,1.0,0.0,0.0,2.0,2.0,2.0,0.0,0.0,0.0,0.0,1.0,2.0,-0.13875909,-0.42815796,0.0
1787,1.0,0.0,0.0,0.0,0.3212305,0.0,1.0,0.0,2.0,2.0,2.0,0.0,2.0,2.0,1.0,0.0,1.0,-0.0903356,0.11157879,0.0
1788,1.0,0.0,0.0,1.0,-0.7006684,1.0,2.0,2.0,1.0,1.0,1.0,1.0,1.0,1.0,0.0,1.0,2.0,-1.3343184,-0.86112577,0.0
1789,1.0,0.0,1.0,1.0,1.3022535,0.0,1.0,0.0,2.0,0.0,2.0,2.0,2.0,2.0,2.0,1.0,0.0,-0.15712662,0.70474446,0.0
1790,0.0,0.0,0.0,0.0,-1.2729317,1.0,0.0,1.0,0.0,0.0,0.0,0.0,2.0,0.0,0.0,0.0,2.0,0.49408585,-0.9698958,1.0
1791,1.0,0.0,0.0,0.0,-1.2729317,1.0,0.0,0.0,0.0,0.0,2.0,2.0,0.0,0.0,0.0,0.0,3.0,-0.3241042,-0.98079056,0.0
1792,0.0,0.0,1.0,0.0,0.8526179,1.0,2.0,0.0,2.0,2.0,2.0,0.0,0.0,2.0,1.0,0.0,0.0,0.31208032,0.6996306,0.0
1793,1.0,0.0,1.0,0.0,-1.1094279,1.0,0.0,2.0,1.0,1.0,1.0,1.0,1.0,1.0,0.0,0.0,3.0,-1.5163239,-0.9492179,1.0
1794,1.0,0.0,1.0,0.0,0.116850734,1.0,2.0,1.0,0.0,0.0,0.0,0.0,0.0,0.0,0.0,1.0,2.0,0.34881538,0.14032769,1.0
1795,0.0,0.0,0.0,0.0,-1.2320558,1.0,0.0,0.0,0.0,2.0,0.0,0.0,0.0,0.0,0.0,0.0,3.0,-0.51946795,-0.95915663,0.0
1796,0.0,0.0,1.0,1.0,-0.6597924,1.0,0.0,2.0,1.0,1.0,1.0,1.0,1.0,1.0,0.0,0.0,3.0,-1.5163239,-0.88258183,0.0
1797,0.0,1.0,0.0,0.0,-0.41453668,1.0,0.0,1.0,2.0,2.0,0.0,0.0,0.0,0.0,0.0,0.0,2.0,0.5658862,-0.19554308,0.0
1798,1.0,0.0,0.0,1.0,-0.7824203,1.0,0.0,0.0,0.0,0.0,0.0,0.0,0.0,0.0,0.0,0.0,3.0,-0.6931246,-0.71206725,0.0
1799,1.0,0.0,1.0,1.0,-1.2729317,1.0,0.0,1.0,0.0,0.0,0.0,0.0,2.0,2.0,0.0,1.0,2.0,0.8464085,-0.96520436,0.0
1800,1.0,0.0,0.0,0.0,-0.9868001,1.0,0.0,1.0,0.0,0.0,0.0,0.0,0.0,0.0,0.0,1.0,3.0,0.17849827,-0.7600933,1.0
1801,0.0,1.0,0.0,0.0,0.52561027,1.0,2.0,1.0,0.0,0.0,2.0,0.0,2.0,2.0,1.0,1.0,0.0,1.2488244,1.10047,0.0
1802,0.0,0.0,0.0,0.0,-0.8641722,1.0,0.0,0.0,2.0,0.0,0.0,2.0,0.0,0.0,1.0,1.0,3.0,-0.33913216,-0.7305217,0.0
1803,0.0,0.0,0.0,0.0,0.72999007,1.0,0.0,1.0,0.0,2.0,0.0,2.0,2.0,2.0,2.0,1.0,3.0,1.1837032,1.235254,0.0
1804,0.0,0.0,0.0,0.0,-1.1911799,1.0,0.0,1.0,0.0,0.0,0.0,0.0,0.0,0.0,0.0,1.0,0.0,0.16013074,-0.90641695,1.0
1805,1.0,0.0,1.0,0.0,1.3840053,1.0,2.0,1.0,2.0,2.0,2.0,2.0,2.0,2.0,1.0,0.0,0.0,1.7046732,2.5264866,0.0
1806,0.0,0.0,0.0,1.0,-1.1911799,0.0,1.0,0.0,0.0,2.0,0.0,0.0,0.0,0.0,0.0,0.0,3.0,-1.1723502,-0.9652266,0.0
1807,0.0,0.0,1.0,1.0,0.2394786,1.0,0.0,0.0,2.0,2.0,0.0,0.0,0.0,0.0,0.0,0.0,2.0,-0.34247172,-0.08208164,0.0
1808,1.0,0.0,0.0,0.0,-1.1911799,1.0,0.0,1.0,0.0,0.0,2.0,2.0,2.0,0.0,0.0,1.0,3.0,0.7879664,-0.8887407,1.0
1809,0.0,1.0,1.0,0.0,-0.005777135,1.0,2.0,1.0,0.0,0.0,2.0,0.0,0.0,0.0,0.0,0.0,3.0,0.48573697,0.13757065,0.0
1810,0.0,0.0,1.0,1.0,0.77086604,0.0,1.0,0.0,2.0,0.0,0.0,2.0,0.0,0.0,2.0,0.0,0.0,-1.0204006,-0.21284135,0.0
1811,0.0,0.0,1.0,0.0,-0.45541266,1.0,0.0,0.0,2.0,0.0,2.0,2.0,2.0,2.0,1.0,0.0,3.0,0.5391698,-0.24265748,0.0
1812,1.0,0.0,1.0,0.0,0.6073622,1.0,2.0,1.0,0.0,0.0,0.0,0.0,2.0,2.0,1.0,1.0,1.0,1.0167257,1.0238284,0.0
1813,1.0,0.0,0.0,0.0,1.629261,1.0,2.0,0.0,2.0,2.0,2.0,2.0,2.0,2.0,2.0,0.0,0.0,0.90985996,1.9442158,0.0
1814,1.0,0.0,1.0,1.0,-0.08752905,1.0,2.0,1.0,0.0,2.0,0.0,2.0,0.0,0.0,0.0,1.0,0.0,0.6276679,0.13765958,0.0
1815,1.0,0.0,1.0,0.0,0.2394786,0.0,1.0,0.0,2.0,2.0,0.0,2.0,2.0,2.0,2.0,1.0,0.0,-0.1587964,-0.02998676,0.0
1816,1.0,1.0,0.0,0.0,-1.2729317,1.0,2.0,1.0,0.0,0.0,0.0,0.0,0.0,0.0,0.0,1.0,2.0,0.33211762,-0.9720525,1.0
1817,1.0,0.0,1.0,1.0,1.5066332,1.0,0.0,0.0,2.0,2.0,0.0,2.0,2.0,2.0,2.0,0.0,0.0,0.5308209,1.4594198,0.0
1818,1.0,0.0,0.0,0.0,0.19860265,0.0,1.0,0.0,2.0,2.0,0.0,2.0,0.0,0.0,2.0,1.0,3.0,-0.8083391,-0.38678,0.0
1819,1.0,0.0,0.0,0.0,1.629261,1.0,2.0,1.0,0.0,2.0,2.0,2.0,2.0,2.0,2.0,0.0,0.0,1.4842628,2.4980934,0.0
1820,1.0,0.0,1.0,1.0,-1.1911799,1.0,0.0,1.0,2.0,2.0,0.0,0.0,2.0,0.0,0.0,0.0,2.0,0.8380596,-0.8948107,0.0
1821,1.0,0.0,0.0,0.0,-0.82329625,1.0,0.0,0.0,2.0,0.0,0.0,2.0,0.0,0.0,0.0,0.0,3.0,-0.27067137,-0.71406835,1.0
1822,1.0,0.0,0.0,0.0,-0.82329625,0.0,1.0,0.0,0.0,2.0,0.0,2.0,0.0,0.0,0.0,0.0,3.0,-1.0270797,-0.8085195,0.0
1823,0.0,0.0,1.0,1.0,1.629261,1.0,2.0,1.0,2.0,2.0,2.0,2.0,2.0,2.0,2.0,1.0,0.0,1.7046732,2.7641041,0.0
1824,1.0,0.0,0.0,0.0,-1.2729317,1.0,0.0,2.0,1.0,1.0,1.0,1.0,1.0,1.0,0.0,0.0,0.0,-1.5063053,-0.99653244,0.0
1825,0.0,0.0,1.0,0.0,-0.61891645,0.0,1.0,0.0,0.0,2.0,2.0,0.0,0.0,0.0,0.0,1.0,1.0,-0.9719771,-0.7179816,0.0
1826,1.0,1.0,1.0,0.0,1.629261,1.0,2.0,1.0,0.0,2.0,2.0,0.0,2.0,2.0,2.0,1.0,0.0,1.3156154,2.414337,1.0
1827,1.0,0.0,1.0,1.0,0.15772669,1.0,0.0,0.0,2.0,0.0,2.0,0.0,0.0,2.0,1.0,1.0,1.0,-0.035233006,-0.03207678,0.0
1828,1.0,1.0,1.0,0.0,0.48473433,1.0,2.0,1.0,0.0,0.0,2.0,0.0,2.0,0.0,0.0,1.0,2.0,0.81635255,0.7913469,0.0
1829,0.0,0.0,1.0,0.0,1.3431294,1.0,2.0,1.0,0.0,2.0,2.0,2.0,2.0,2.0,2.0,1.0,0.0,1.4324998,2.1443686,0.0
1830,1.0,0.0,0.0,0.0,1.2205015,1.0,2.0,1.0,0.0,0.0,2.0,0.0,2.0,2.0,1.0,1.0,2.0,1.0684886,1.7186047,1.0
1831,1.0,0.0,0.0,0.0,-1.2729317,1.0,0.0,2.0,1.0,1.0,1.0,1.0,1.0,1.0,0.0,0.0,3.0,-1.5129844,-0.9966214,0.0
1832,0.0,0.0,1.0,0.0,1.5883851,1.0,2.0,2.0,1.0,1.0,1.0,1.0,1.0,1.0,2.0,1.0,1.0,-1.3526859,-0.23465316,0.0
1833,1.0,0.0,0.0,0.0,-1.027676,0.0,1.0,0.0,2.0,0.0,2.0,0.0,0.0,0.0,1.0,0.0,3.0,-0.9836655,-0.8875178,0.0
1834,1.0,0.0,0.0,0.0,-0.7415443,0.0,1.0,0.0,0.0,2.0,0.0,0.0,0.0,0.0,0.0,1.0,3.0,-1.1239266,-0.81863606,0.0
1835,1.0,0.0,0.0,0.0,-1.2729317,1.0,0.0,2.0,1.0,1.0,1.0,1.0,1.0,1.0,0.0,0.0,3.0,-1.4578818,-0.99588764,0.0
1836,0.0,0.0,0.0,0.0,-1.2729317,0.0,1.0,0.0,2.0,0.0,0.0,0.0,0.0,0.0,0.0,0.0,3.0,-1.1640013,-0.9919744,0.0
1837,0.0,0.0,0.0,1.0,-1.2729317,1.0,0.0,0.0,2.0,0.0,0.0,0.0,0.0,0.0,0.0,0.0,3.0,-0.49609107,-0.9830807,0.0
1838,1.0,0.0,0.0,0.0,1.629261,1.0,2.0,1.0,2.0,2.0,2.0,2.0,2.0,2.0,2.0,0.0,0.0,1.6245239,2.6251845,0.0
1839,0.0,1.0,0.0,0.0,-0.5780405,1.0,2.0,1.0,0.0,2.0,0.0,2.0,0.0,0.0,0.0,1.0,2.0,0.6911194,-0.33564118,1.0
1840,0.0,0.0,1.0,1.0,1.5475092,1.0,2.0,1.0,0.0,2.0,2.0,0.0,2.0,2.0,1.0,1.0,2.0,1.394095,2.2840664,0.0
1841,0.0,0.0,1.0,1.0,1.4248813,1.0,2.0,0.0,2.0,0.0,0.0,0.0,2.0,2.0,2.0,1.0,2.0,0.35883403,1.3201889,0.0
1842,1.0,0.0,0.0,0.0,0.6073622,1.0,2.0,1.0,0.0,2.0,2.0,0.0,2.0,2.0,1.0,1.0,2.0,1.2805501,1.1689292,0.0
1843,1.0,0.0,0.0,0.0,-1.1503038,1.0,2.0,1.0,0.0,0.0,0.0,0.0,0.0,2.0,0.0,1.0,2.0,0.6977985,-0.85456663,1.0
1844,1.0,1.0,1.0,0.0,1.629261,1.0,2.0,1.0,2.0,2.0,2.0,0.0,2.0,2.0,2.0,1.0,0.0,1.4959512,2.5169482,0.0
1845,1.0,1.0,1.0,1.0,0.56648624,1.0,2.0,1.0,2.0,2.0,2.0,0.0,2.0,0.0,0.0,1.0,2.0,1.200401,1.0141343,1.0
1846,0.0,0.0,1.0,1.0,0.07597478,1.0,0.0,0.0,2.0,2.0,2.0,0.0,0.0,0.0,1.0,1.0,3.0,-0.13207999,-0.09720094,0.0
1847,0.0,0.0,1.0,1.0,1.4248813,1.0,2.0,0.0,0.0,0.0,2.0,2.0,0.0,2.0,2.0,1.0,0.0,0.17181917,1.0473522,0.0
1848,0.0,0.0,0.0,1.0,-0.53716457,1.0,2.0,0.0,2.0,2.0,0.0,2.0,2.0,0.0,0.0,1.0,3.0,0.37219223,-0.39356142,0.0
1849,1.0,1.0,0.0,0.0,-0.45541266,1.0,2.0,1.0,0.0,2.0,2.0,0.0,2.0,2.0,0.0,1.0,2.0,1.3222946,0.004987736,0.0
1850,0.0,0.0,0.0,0.0,1.1387496,1.0,2.0,0.0,2.0,0.0,2.0,2.0,0.0,0.0,1.0,0.0,2.0,-0.00016771969,0.79103565,0.0
1851,0.0,0.0,0.0,0.0,0.48473433,1.0,2.0,1.0,0.0,2.0,2.0,0.0,0.0,0.0,0.0,1.0,0.0,0.6694123,0.7123486,1.0
1852,0.0,0.0,0.0,0.0,-0.82329625,1.0,0.0,2.0,1.0,1.0,1.0,1.0,1.0,1.0,0.0,0.0,0.0,-1.5129844,-0.9041268,0.0
1853,0.0,0.0,0.0,0.0,-0.9459241,1.0,2.0,1.0,0.0,0.0,0.0,0.0,0.0,0.0,0.0,1.0,2.0,0.3337874,-0.6910559,1.0
1854,0.0,0.0,1.0,1.0,0.9752458,1.0,2.0,0.0,2.0,0.0,2.0,0.0,0.0,2.0,1.0,1.0,0.0,0.13341433,0.68809104,0.0
1855,1.0,1.0,1.0,0.0,1.1387496,1.0,2.0,1.0,0.0,2.0,2.0,0.0,2.0,2.0,1.0,1.0,2.0,1.3222946,1.8137895,0.0
1856,1.0,1.0,1.0,0.0,0.03509882,0.0,1.0,0.0,0.0,2.0,2.0,2.0,2.0,0.0,0.0,1.0,2.0,-0.4927515,-0.22669329,0.0
1857,0.0,0.0,1.0,1.0,-0.37366074,1.0,0.0,0.0,2.0,2.0,2.0,2.0,0.0,0.0,1.0,1.0,3.0,0.049925547,-0.32321224,0.0
1858,1.0,1.0,1.0,0.0,-0.005777135,1.0,2.0,1.0,0.0,2.0,2.0,0.0,0.0,2.0,0.0,1.0,2.0,0.95995325,0.31580052,0.0
1859,1.0,0.0,1.0,1.0,1.5883851,1.0,0.0,1.0,2.0,2.0,2.0,2.0,2.0,0.0,2.0,0.0,1.0,1.1837032,2.2004657,0.0
1860,1.0,0.0,1.0,1.0,1.0161217,1.0,0.0,2.0,1.0,1.0,1.0,1.0,1.0,1.0,1.0,0.0,3.0,-1.5146542,-0.53319263,0.0
1861,0.0,0.0,1.0,1.0,1.4248813,1.0,2.0,1.0,2.0,0.0,2.0,2.0,2.0,2.0,2.0,1.0,1.0,1.4692348,2.1769862,1.0
1862,0.0,0.0,1.0,1.0,1.4657573,1.0,2.0,1.0,0.0,2.0,2.0,0.0,0.0,0.0,2.0,1.0,1.0,0.6560541,1.5502245,0.0
1863,0.0,0.0,1.0,1.0,-0.005777135,1.0,2.0,1.0,2.0,0.0,0.0,0.0,2.0,0.0,0.0,0.0,2.0,0.8297107,0.2851172,0.0
1864,0.0,0.0,1.0,1.0,0.6073622,1.0,2.0,0.0,2.0,2.0,0.0,2.0,2.0,2.0,2.0,1.0,1.0,0.68611,0.82116306,0.0
1865,0.0,0.0,1.0,1.0,0.72999007,1.0,2.0,0.0,2.0,2.0,2.0,2.0,0.0,2.0,1.0,1.0,0.0,0.5107836,0.7922363,0.0
1866,1.0,0.0,0.0,0.0,-1.1503038,1.0,0.0,0.0,0.0,0.0,0.0,0.0,0.0,0.0,0.0,1.0,2.0,-0.6296731,-0.9164446,0.0
1867,0.0,0.0,0.0,0.0,-1.1503038,1.0,0.0,0.0,0.0,2.0,0.0,0.0,2.0,2.0,0.0,1.0,0.0,0.13007477,-0.88909644,1.0
1868,1.0,0.0,0.0,0.0,-0.7006684,1.0,0.0,1.0,0.0,0.0,2.0,0.0,2.0,0.0,0.0,0.0,2.0,0.68611,-0.46282116,0.0
1869,0.0,0.0,1.0,0.0,1.2205015,1.0,2.0,0.0,2.0,2.0,0.0,2.0,2.0,2.0,2.0,1.0,2.0,0.6744216,1.2851032,0.0
1870,1.0,0.0,1.0,0.0,1.3022535,1.0,0.0,1.0,0.0,2.0,2.0,2.0,2.0,2.0,1.0,1.0,1.0,1.2588431,1.9537097,0.0
1871,1.0,0.0,0.0,0.0,0.36210647,1.0,0.0,2.0,1.0,1.0,1.0,1.0,1.0,1.0,2.0,0.0,3.0,-1.4896076,-0.64847726,0.0
1872,0.0,0.0,0.0,0.0,0.36210647,1.0,0.0,0.0,0.0,0.0,0.0,2.0,0.0,0.0,1.0,0.0,0.0,-0.49108174,-0.10298185,0.0
1873,1.0,1.0,1.0,1.0,1.3840053,1.0,2.0,1.0,0.0,2.0,2.0,2.0,2.0,2.0,1.0,1.0,2.0,1.4592161,2.141478,0.0
1874,1.0,0.0,1.0,1.0,-0.61891645,1.0,2.0,0.0,2.0,0.0,0.0,2.0,0.0,0.0,1.0,1.0,3.0,-0.08866583,-0.5176064,0.0
1875,1.0,1.0,0.0,0.0,-1.1094279,1.0,0.0,1.0,0.0,0.0,0.0,0.0,0.0,0.0,0.0,1.0,3.0,0.18350759,-0.8576794,1.0
1876,0.0,0.0,0.0,1.0,-1.2729317,1.0,0.0,0.0,2.0,0.0,0.0,0.0,0.0,0.0,0.0,0.0,3.0,-0.4526769,-0.9825026,0.0
1877,0.0,1.0,0.0,0.0,-0.08752905,1.0,2.0,1.0,2.0,2.0,2.0,0.0,0.0,0.0,0.0,0.0,1.0,0.8998413,0.22123818,1.0
1878,1.0,1.0,0.0,0.0,-1.1094279,1.0,0.0,2.0,1.0,1.0,1.0,1.0,1.0,1.0,0.0,0.0,0.0,-1.4929471,-0.96340334,0.0
1879,0.0,0.0,0.0,0.0,0.72999007,1.0,2.0,0.0,0.0,2.0,0.0,2.0,2.0,2.0,2.0,1.0,3.0,0.49575564,0.78423196,0.0
1880,0.0,0.0,1.0,1.0,-0.90504813,1.0,0.0,0.0,0.0,0.0,2.0,2.0,0.0,0.0,0.0,0.0,1.0,-0.31909487,-0.770321,1.0
1881,1.0,0.0,1.0,0.0,1.1796255,1.0,2.0,1.0,0.0,0.0,0.0,0.0,2.0,2.0,1.0,1.0,0.0,1.0601398,1.5177404,0.0
1882,0.0,0.0,1.0,1.0,0.15772669,1.0,0.0,0.0,2.0,0.0,0.0,0.0,0.0,0.0,0.0,0.0,1.0,-0.45768622,-0.19816673,0.0
1883,1.0,0.0,0.0,0.0,-1.2320558,1.0,0.0,0.0,2.0,0.0,0.0,0.0,0.0,0.0,0.0,1.0,2.0,-0.56622165,-0.9641593,1.0
1884,1.0,0.0,0.0,0.0,-1.2320558,1.0,0.0,1.0,0.0,0.0,0.0,0.0,0.0,2.0,0.0,1.0,2.0,0.54083955,-0.9291626,1.0
1885,0.0,0.0,0.0,0.0,-0.29190883,1.0,0.0,2.0,1.0,1.0,1.0,1.0,1.0,1.0,0.0,1.0,1.0,-1.5213332,-0.76865345,0.0
1886,1.0,1.0,1.0,0.0,-0.7415443,1.0,2.0,1.0,0.0,0.0,0.0,0.0,0.0,0.0,0.0,1.0,2.0,0.34547582,-0.5546487,0.0
1887,0.0,0.0,0.0,0.0,-1.2320558,1.0,0.0,1.0,0.0,0.0,0.0,0.0,0.0,2.0,0.0,0.0,2.0,0.5274814,-0.9234039,1.0
1888,0.0,0.0,1.0,1.0,0.52561027,0.0,1.0,0.0,0.0,2.0,2.0,2.0,0.0,2.0,1.0,0.0,0.0,-0.459356,0.0017192995,0.0
1889,0.0,0.0,1.0,1.0,1.0161217,1.0,0.0,2.0,1.0,1.0,1.0,1.0,1.0,1.0,2.0,1.0,0.0,-1.4912773,-0.5215863,0.0
1890,0.0,0.0,1.0,1.0,1.5475092,1.0,2.0,1.0,0.0,2.0,2.0,2.0,2.0,2.0,2.0,1.0,2.0,1.5176582,2.4142704,0.0
1891,0.0,0.0,1.0,0.0,0.8934939,1.0,2.0,1.0,2.0,2.0,0.0,0.0,2.0,2.0,1.0,0.0,0.0,1.3957647,1.5575842,1.0
1892,0.0,0.0,1.0,0.0,-0.21015692,1.0,2.0,1.0,0.0,0.0,0.0,0.0,2.0,2.0,0.0,0.0,1.0,1.0100465,0.08978922,0.0
1893,0.0,0.0,1.0,1.0,1.5883851,1.0,2.0,1.0,2.0,2.0,2.0,0.0,2.0,0.0,2.0,1.0,1.0,1.1436286,2.1349413,0.0
1894,1.0,0.0,0.0,1.0,-0.82329625,1.0,0.0,2.0,1.0,1.0,1.0,1.0,1.0,1.0,2.0,0.0,0.0,-1.5163239,-0.9108638,0.0
1895,1.0,0.0,1.0,0.0,-0.41453668,1.0,0.0,2.0,1.0,1.0,1.0,1.0,1.0,1.0,0.0,1.0,0.0,-1.4795889,-0.79557914,0.0
1896,1.0,0.0,1.0,0.0,0.44385839,1.0,0.0,1.0,2.0,2.0,2.0,0.0,0.0,0.0,0.0,1.0,1.0,0.71282643,0.57409596,0.0
1897,0.0,0.0,0.0,0.0,-1.1503038,1.0,2.0,0.0,0.0,0.0,0.0,2.0,2.0,0.0,0.0,1.0,3.0,-0.011856149,-0.8927651,0.0
1898,1.0,0.0,1.0,0.0,0.6891141,1.0,2.0,1.0,2.0,2.0,0.0,0.0,2.0,0.0,0.0,1.0,0.0,0.97164166,1.0994693,0.0
1899,0.0,0.0,1.0,1.0,1.4657573,1.0,2.0,1.0,0.0,0.0,0.0,0.0,2.0,0.0,1.0,1.0,2.0,0.6093004,1.523121,1.0
1900,1.0,0.0,1.0,1.0,1.0161217,1.0,2.0,1.0,0.0,0.0,0.0,0.0,0.0,0.0,0.0,1.0,2.0,0.3187594,0.7816306,0.0
1901,0.0,0.0,0.0,0.0,1.5475092,1.0,0.0,0.0,2.0,0.0,2.0,2.0,2.0,2.0,2.0,0.0,0.0,0.49575564,1.4802756,0.0
1902,1.0,0.0,0.0,0.0,-1.2320558,1.0,0.0,0.0,2.0,0.0,0.0,2.0,0.0,0.0,0.0,1.0,3.0,-0.34414148,-0.96644944,0.0
1903,0.0,0.0,0.0,0.0,-1.2320558,1.0,0.0,0.0,0.0,2.0,0.0,0.0,0.0,0.0,0.0,1.0,1.0,-0.52447724,-0.96475965,1.0
1904,1.0,0.0,0.0,0.0,-1.1094279,1.0,2.0,1.0,0.0,2.0,2.0,0.0,0.0,2.0,0.0,0.0,2.0,1.0618095,-0.7828834,0.0
1905,1.0,0.0,0.0,0.0,0.4029824,1.0,2.0,2.0,1.0,1.0,1.0,1.0,1.0,1.0,1.0,0.0,2.0,-1.3259696,-0.58288616,0.0
1906,1.0,0.0,0.0,1.0,1.0161217,1.0,0.0,2.0,1.0,1.0,1.0,1.0,1.0,1.0,2.0,1.0,3.0,-1.5079751,-0.48474416,0.0
1907,1.0,1.0,1.0,1.0,-0.9868001,1.0,0.0,1.0,0.0,0.0,0.0,0.0,2.0,0.0,0.0,1.0,1.0,0.5241418,-0.74581885,1.0
1908,1.0,0.0,0.0,0.0,-0.29190883,1.0,0.0,2.0,1.0,1.0,1.0,1.0,1.0,1.0,2.0,1.0,3.0,-1.4695703,-0.78319466,0.0
1909,0.0,0.0,1.0,1.0,-1.1094279,1.0,0.0,1.0,0.0,0.0,0.0,0.0,0.0,0.0,0.0,0.0,1.0,0.17348894,-0.8627933,0.0
1910,1.0,0.0,1.0,0.0,-0.9459241,0.0,1.0,0.0,0.0,0.0,0.0,0.0,0.0,0.0,1.0,0.0,0.0,-1.3576952,-0.88974124,1.0
1911,0.0,0.0,1.0,1.0,-0.4962886,1.0,0.0,2.0,1.0,1.0,1.0,1.0,1.0,1.0,0.0,0.0,2.0,-1.4946169,-0.8195477,0.0
1912,0.0,0.0,0.0,0.0,-1.2729317,1.0,2.0,1.0,0.0,2.0,0.0,0.0,2.0,2.0,0.0,1.0,1.0,1.185373,-0.9606908,1.0
1913,1.0,0.0,0.0,0.0,-0.128405,0.0,1.0,0.0,0.0,0.0,0.0,0.0,0.0,0.0,1.0,1.0,3.0,-1.3326486,-0.65483624,0.0
1914,0.0,0.0,1.0,1.0,1.629261,1.0,2.0,0.0,2.0,2.0,2.0,2.0,0.0,2.0,2.0,0.0,0.0,0.5375,1.58491,0.0
1915,0.0,1.0,0.0,0.0,-0.8641722,1.0,2.0,0.0,2.0,0.0,0.0,0.0,0.0,0.0,0.0,1.0,2.0,-0.30573666,-0.7469973,0.0
1916,1.0,1.0,0.0,0.0,-0.6597924,1.0,2.0,1.0,0.0,0.0,0.0,0.0,0.0,0.0,0.0,1.0,0.0,0.32376873,-0.44436672,0.0
1917,1.0,0.0,0.0,0.0,-0.7824203,1.0,0.0,2.0,1.0,1.0,1.0,1.0,1.0,1.0,1.0,0.0,3.0,-1.5129844,-0.8851165,0.0
1918,0.0,1.0,1.0,0.0,-0.21015692,1.0,2.0,1.0,2.0,0.0,0.0,2.0,2.0,2.0,0.0,1.0,0.0,1.3206247,0.2699757,1.0
1919,0.0,0.0,1.0,0.0,1.629261,1.0,2.0,2.0,1.0,1.0,1.0,1.0,1.0,1.0,2.0,1.0,3.0,-1.2942438,-0.21550946,0.0
1920,1.0,0.0,1.0,0.0,0.36210647,1.0,0.0,2.0,1.0,1.0,1.0,1.0,1.0,1.0,2.0,1.0,2.0,-1.5029657,-0.60529834,0.0
1921,0.0,0.0,0.0,1.0,0.116850734,1.0,0.0,2.0,1.0,1.0,1.0,1.0,1.0,1.0,1.0,1.0,1.0,-1.4912773,-0.71867085,0.0
1922,1.0,1.0,1.0,0.0,1.5066332,1.0,2.0,1.0,2.0,2.0,0.0,0.0,0.0,0.0,0.0,1.0,1.0,0.67275184,1.5675229,0.0
1923,1.0,1.0,1.0,0.0,1.0569977,0.0,1.0,0.0,0.0,2.0,2.0,0.0,0.0,2.0,0.0,1.0,2.0,-0.6497104,0.1736791,1.0
1924,0.0,0.0,0.0,1.0,0.72999007,1.0,0.0,0.0,2.0,0.0,2.0,2.0,2.0,0.0,1.0,1.0,1.0,0.20187512,0.5414116,0.0
1925,1.0,0.0,0.0,0.0,-0.33278477,1.0,0.0,0.0,0.0,2.0,0.0,0.0,0.0,0.0,0.0,1.0,3.0,-0.5027702,-0.46353266,0.0
1926,0.0,0.0,0.0,0.0,0.8526179,1.0,2.0,1.0,0.0,2.0,2.0,0.0,2.0,2.0,2.0,0.0,2.0,1.3623692,1.5215424,0.0
1927,1.0,0.0,1.0,0.0,0.6891141,1.0,2.0,0.0,2.0,0.0,2.0,2.0,2.0,2.0,1.0,0.0,2.0,0.6543843,0.7998627,1.0
1928,0.0,1.0,1.0,1.0,-0.16928096,0.0,1.0,0.0,0.0,0.0,0.0,0.0,2.0,0.0,0.0,1.0,2.0,-0.96362823,-0.5723027,0.0
1929,0.0,0.0,0.0,0.0,-1.1503038,1.0,0.0,2.0,1.0,1.0,1.0,1.0,1.0,1.0,0.0,0.0,3.0,-1.4929471,-0.9682282,0.0
1930,0.0,0.0,1.0,0.0,-1.027676,1.0,0.0,0.0,2.0,0.0,2.0,2.0,2.0,2.0,0.0,0.0,0.0,0.5508582,-0.74730855,0.0
1931,0.0,0.0,0.0,0.0,0.07597478,1.0,0.0,2.0,1.0,1.0,1.0,1.0,1.0,1.0,0.0,0.0,3.0,-1.4829284,-0.70590836,0.0
1932,1.0,0.0,0.0,0.0,-1.1503038,1.0,2.0,1.0,2.0,0.0,0.0,0.0,2.0,0.0,0.0,0.0,2.0,0.864776,-0.8416485,0.0
1933,0.0,0.0,0.0,1.0,-0.41453668,1.0,0.0,2.0,1.0,1.0,1.0,1.0,1.0,1.0,0.0,1.0,2.0,-1.4762493,-0.7963351,0.0
1934,1.0,0.0,1.0,1.0,0.77086604,0.0,1.0,0.0,2.0,2.0,2.0,0.0,2.0,2.0,1.0,0.0,2.0,-0.18217325,0.33529994,1.0
1935,1.0,0.0,0.0,1.0,-1.2729317,1.0,0.0,1.0,0.0,0.0,0.0,0.0,0.0,0.0,0.0,1.0,2.0,0.23026131,-0.9734088,1.0
1936,1.0,0.0,0.0,0.0,-0.9459241,1.0,2.0,1.0,0.0,0.0,0.0,0.0,0.0,0.0,0.0,1.0,2.0,0.37052247,-0.6830293,0.0
1937,1.0,0.0,1.0,1.0,1.629261,1.0,0.0,1.0,2.0,0.0,2.0,2.0,2.0,2.0,2.0,1.0,1.0,1.3406621,2.35635,0.0
1938,1.0,0.0,0.0,0.0,-0.046653092,1.0,2.0,1.0,0.0,2.0,2.0,0.0,2.0,2.0,1.0,1.0,2.0,1.2922386,0.35833466,1.0
1939,1.0,1.0,1.0,0.0,1.5066332,1.0,2.0,1.0,0.0,2.0,2.0,2.0,2.0,2.0,2.0,1.0,2.0,1.5093094,2.389568,0.0
1940,1.0,0.0,0.0,0.0,0.44385839,1.0,2.0,1.0,0.0,0.0,0.0,0.0,0.0,0.0,0.0,1.0,1.0,0.3538247,0.40055752,0.0
1941,1.0,0.0,1.0,1.0,1.2613775,1.0,2.0,0.0,2.0,0.0,2.0,2.0,0.0,2.0,2.0,0.0,3.0,0.36551315,1.0743891,0.0
1942,0.0,0.0,0.0,0.0,1.5475092,1.0,2.0,1.0,2.0,2.0,2.0,2.0,2.0,2.0,2.0,1.0,1.0,1.5761005,2.4614737,0.0
1943,1.0,0.0,0.0,0.0,-1.2729317,1.0,0.0,2.0,1.0,1.0,1.0,1.0,1.0,1.0,0.0,0.0,3.0,-1.5063053,-0.99653244,1.0
1944,0.0,0.0,1.0,0.0,-0.33278477,1.0,0.0,2.0,1.0,1.0,1.0,1.0,1.0,1.0,1.0,0.0,3.0,-1.4896076,-0.80211604,0.0
1945,0.0,0.0,0.0,0.0,-0.9868001,1.0,0.0,2.0,1.0,1.0,1.0,1.0,1.0,1.0,2.0,0.0,3.0,-1.486268,-0.9276062,0.0
1946,0.0,0.0,1.0,0.0,1.5066332,1.0,0.0,1.0,2.0,2.0,0.0,2.0,2.0,2.0,1.0,1.0,1.0,1.3907553,2.2195425,0.0
1947,0.0,0.0,1.0,1.0,1.629261,1.0,0.0,0.0,2.0,2.0,2.0,2.0,0.0,2.0,2.0,1.0,2.0,0.3204292,1.3237242,0.0
1948,0.0,0.0,1.0,1.0,0.36210647,1.0,2.0,0.0,2.0,2.0,2.0,0.0,2.0,0.0,1.0,1.0,1.0,0.45401123,0.42270285,0.0
1949,1.0,0.0,0.0,0.0,-1.2729317,0.0,1.0,0.0,0.0,0.0,0.0,0.0,0.0,2.0,0.0,1.0,0.0,-0.9853353,-0.98959535,1.0
1950,0.0,0.0,0.0,0.0,-1.2729317,1.0,0.0,1.0,0.0,0.0,0.0,0.0,0.0,0.0,0.0,1.0,3.0,0.17348894,-0.9741648,1.0
1951,1.0,0.0,0.0,0.0,-0.6597924,1.0,0.0,2.0,1.0,1.0,1.0,1.0,1.0,1.0,0.0,1.0,1.0,-1.4745796,-0.85841316,0.0
1952,1.0,1.0,1.0,0.0,-1.2729317,1.0,2.0,1.0,0.0,0.0,0.0,0.0,0.0,0.0,0.0,0.0,2.0,0.3187594,-0.9722304,0.0
1953,0.0,0.0,1.0,1.0,0.4029824,1.0,0.0,1.0,0.0,0.0,2.0,2.0,2.0,2.0,2.0,1.0,2.0,1.1903822,0.90849924,0.0
1954,0.0,0.0,0.0,0.0,-1.1094279,1.0,0.0,1.0,0.0,0.0,0.0,0.0,2.0,0.0,0.0,1.0,1.0,0.5425093,-0.8320211,1.0
1955,0.0,0.0,1.0,1.0,1.5475092,1.0,2.0,1.0,2.0,2.0,2.0,2.0,2.0,2.0,2.0,1.0,0.0,1.6512403,2.429434,1.0
1956,0.0,1.0,1.0,1.0,-0.16928096,0.0,1.0,0.0,0.0,2.0,0.0,0.0,0.0,2.0,1.0,1.0,2.0,-0.8567626,-0.5176286,0.0
1957,0.0,0.0,0.0,0.0,0.2394786,1.0,2.0,0.0,0.0,2.0,0.0,2.0,0.0,2.0,0.0,0.0,1.0,0.11337702,0.17594698,0.0
1958,0.0,0.0,0.0,0.0,0.19860265,1.0,0.0,2.0,1.0,1.0,1.0,1.0,1.0,1.0,1.0,1.0,2.0,-1.5012959,-0.69619197,0.0
1959,0.0,0.0,1.0,1.0,1.3431294,1.0,2.0,1.0,0.0,2.0,2.0,2.0,2.0,2.0,2.0,1.0,1.0,1.5376956,2.2168746,0.0
1960,0.0,0.0,1.0,1.0,1.629261,1.0,2.0,0.0,2.0,2.0,2.0,2.0,2.0,2.0,2.0,0.0,0.0,0.9315671,1.9887954,0.0
1961,1.0,0.0,0.0,0.0,-1.1094279,1.0,2.0,1.0,0.0,2.0,2.0,0.0,2.0,2.0,0.0,0.0,3.0,1.3139457,-0.7642955,1.0
1962,0.0,0.0,1.0,1.0,1.3431294,1.0,2.0,2.0,1.0,1.0,1.0,1.0,1.0,1.0,2.0,0.0,1.0,-1.2942438,-0.26938307,0.0
1963,1.0,0.0,1.0,0.0,-0.90504813,1.0,0.0,1.0,0.0,0.0,0.0,0.0,0.0,0.0,0.0,1.0,2.0,0.18517737,-0.6770038,1.0
1964,0.0,0.0,0.0,0.0,-0.005777135,1.0,0.0,2.0,1.0,1.0,1.0,1.0,1.0,1.0,1.0,0.0,0.0,-1.4762493,-0.71420175,0.0
1965,0.0,0.0,1.0,0.0,-0.5780405,1.0,2.0,1.0,0.0,0.0,0.0,2.0,2.0,0.0,0.0,1.0,2.0,0.80466413,-0.29610866,0.0
1966,0.0,0.0,0.0,0.0,-1.2320558,1.0,0.0,2.0,1.0,1.0,1.0,1.0,1.0,1.0,0.0,1.0,3.0,-1.4762493,-0.9903291,0.0
1967,0.0,1.0,0.0,0.0,-0.5780405,1.0,0.0,1.0,0.0,2.0,0.0,0.0,0.0,0.0,0.0,1.0,2.0,0.33211762,-0.42958096,0.0
1968,0.0,0.0,0.0,1.0,-0.16928096,1.0,0.0,2.0,1.0,1.0,1.0,1.0,1.0,1.0,0.0,0.0,3.0,-1.486268,-0.7672082,0.0
1969,1.0,0.0,0.0,0.0,-0.9459241,1.0,0.0,1.0,0.0,0.0,0.0,0.0,0.0,0.0,0.0,0.0,3.0,0.17682849,-0.7128899,0.0
1970,1.0,0.0,0.0,0.0,0.44385839,1.0,2.0,1.0,0.0,0.0,0.0,2.0,2.0,2.0,1.0,1.0,2.0,1.177024,0.86754376,1.0
1971,1.0,1.0,1.0,1.0,-0.41453668,0.0,1.0,0.0,2.0,0.0,0.0,0.0,0.0,2.0,0.0,0.0,3.0,-0.8250369,-0.6138585,1.0
1972,0.0,0.0,1.0,0.0,-0.7006684,1.0,0.0,2.0,1.0,1.0,1.0,1.0,1.0,1.0,0.0,0.0,1.0,-1.4795889,-0.8581686,0.0
1973,1.0,0.0,1.0,1.0,1.5883851,1.0,0.0,0.0,2.0,2.0,2.0,2.0,2.0,2.0,2.0,0.0,0.0,0.6911194,1.6761372,0.0
1974,0.0,0.0,0.0,0.0,0.19860265,1.0,2.0,1.0,2.0,2.0,2.0,0.0,0.0,0.0,0.0,0.0,0.0,0.88314354,0.4987885,0.0
1975,0.0,1.0,0.0,0.0,-0.9868001,1.0,0.0,1.0,0.0,2.0,0.0,0.0,2.0,0.0,0.0,1.0,2.0,0.74622196,-0.6879431,0.0
1976,0.0,0.0,0.0,1.0,0.44385839,1.0,0.0,1.0,2.0,2.0,0.0,2.0,2.0,2.0,1.0,1.0,1.0,1.3773972,1.0101765,0.0
1977,1.0,0.0,1.0,0.0,1.4248813,1.0,2.0,1.0,0.0,2.0,2.0,0.0,0.0,2.0,2.0,1.0,2.0,0.94826484,1.8265742,0.0
1978,0.0,1.0,0.0,0.0,0.116850734,0.0,1.0,0.0,0.0,0.0,2.0,0.0,2.0,0.0,0.0,1.0,2.0,-0.83171594,-0.367325,0.0
1979,1.0,0.0,0.0,0.0,-0.9459241,1.0,0.0,2.0,1.0,1.0,1.0,1.0,1.0,1.0,1.0,1.0,2.0,-1.4979564,-0.9320753,0.0
1980,1.0,0.0,0.0,0.0,0.8934939,1.0,0.0,0.0,2.0,2.0,0.0,2.0,2.0,0.0,0.0,1.0,3.0,0.17181917,0.7215758,0.0
1981,1.0,0.0,1.0,1.0,0.19860265,1.0,2.0,0.0,2.0,0.0,2.0,2.0,0.0,0.0,2.0,1.0,1.0,-0.06528897,0.008056064,0.0
1982,1.0,0.0,0.0,0.0,-1.2729317,1.0,0.0,0.0,2.0,0.0,0.0,0.0,0.0,0.0,0.0,1.0,3.0,-0.541175,-0.983681,1.0
1983,0.0,0.0,1.0,0.0,0.72999007,1.0,2.0,1.0,2.0,2.0,0.0,2.0,2.0,2.0,0.0,1.0,0.0,1.4992907,1.3986092,0.0
1984,1.0,0.0,0.0,0.0,-0.21015692,1.0,0.0,0.0,2.0,0.0,2.0,2.0,2.0,0.0,1.0,0.0,1.0,0.15345164,-0.14822857,0.0
1985,0.0,0.0,0.0,0.0,-0.5780405,1.0,0.0,2.0,1.0,1.0,1.0,1.0,1.0,1.0,0.0,1.0,3.0,-1.5096449,-0.83217674,0.0
1986,0.0,0.0,0.0,0.0,-0.29190883,0.0,1.0,0.0,2.0,2.0,2.0,0.0,2.0,2.0,1.0,0.0,2.0,-0.123731114,-0.32036623,0.0
1987,1.0,0.0,1.0,1.0,-1.027676,1.0,0.0,2.0,1.0,1.0,1.0,1.0,1.0,1.0,1.0,0.0,3.0,-1.4729098,-0.9385677,0.0
1988,1.0,0.0,0.0,0.0,-1.2729317,1.0,0.0,0.0,0.0,0.0,0.0,0.0,0.0,2.0,0.0,1.0,2.0,-0.31742507,-0.9807016,0.0
1989,0.0,1.0,0.0,0.0,-0.7006684,1.0,0.0,1.0,0.0,2.0,0.0,0.0,0.0,0.0,0.0,1.0,1.0,0.35215494,-0.49501637,1.0
1990,1.0,0.0,0.0,1.0,1.4657573,1.0,2.0,0.0,2.0,2.0,0.0,2.0,2.0,2.0,2.0,1.0,0.0,0.72618467,1.6107018,0.0
1991,0.0,0.0,1.0,1.0,1.5066332,1.0,2.0,1.0,2.0,2.0,2.0,2.0,2.0,2.0,2.0,0.0,1.0,1.6195146,2.5055864,0.0
1992,0.0,0.0,0.0,0.0,-1.2729317,1.0,0.0,2.0,1.0,1.0,1.0,1.0,1.0,1.0,0.0,1.0,3.0,-1.4845982,-0.99624336,1.0
1993,1.0,1.0,1.0,0.0,0.3212305,1.0,0.0,0.0,0.0,0.0,0.0,0.0,0.0,2.0,1.0,0.0,2.0,-0.29905754,0.010079383,0.0
1994,0.0,0.0,0.0,0.0,-1.2320558,1.0,0.0,2.0,1.0,1.0,1.0,1.0,1.0,1.0,0.0,0.0,3.0,-1.4912773,-0.987572,0.0
1995,0.0,0.0,1.0,1.0,1.5066332,0.0,1.0,0.0,2.0,0.0,2.0,0.0,0.0,2.0,2.0,1.0,1.0,-0.69479436,0.31104237,0.0
1996,0.0,0.0,1.0,0.0,1.4657573,1.0,2.0,0.0,2.0,2.0,2.0,2.0,2.0,2.0,2.0,1.0,2.0,0.8998413,1.851699,0.0
1997,1.0,0.0,1.0,1.0,-1.2320558,1.0,0.0,0.0,0.0,0.0,0.0,0.0,0.0,0.0,0.0,1.0,2.0,-0.6764268,-0.9652266,0.0
1998,0.0,0.0,0.0,0.0,-0.5780405,1.0,2.0,1.0,0.0,2.0,0.0,0.0,2.0,0.0,0.0,1.0,1.0,0.84306896,-0.32608044,1.0
1999,1.0,0.0,1.0,1.0,-0.21015692,0.0,1.0,0.0,0.0,2.0,2.0,0.0,0.0,2.0,1.0,1.0,1.0,-0.6313429,-0.4510148,0.0
2000,1.0,0.0,0.0,0.0,-0.33278477,1.0,0.0,0.0,2.0,0.0,0.0,2.0,0.0,0.0,0.0,0.0,2.0,-0.32744372,-0.4056124,0.0
2001,0.0,0.0,0.0,0.0,0.36210647,1.0,2.0,2.0,1.0,1.0,1.0,1.0,1.0,1.0,1.0,1.0,3.0,-1.3326486,-0.5773721,0.0
2002,0.0,0.0,0.0,0.0,-1.027676,1.0,2.0,1.0,0.0,2.0,0.0,0.0,0.0,0.0,0.0,1.0,0.0,0.46069035,-0.7727223,0.0
2003,1.0,0.0,0.0,0.0,1.3431294,1.0,2.0,1.0,2.0,0.0,0.0,2.0,0.0,2.0,1.0,0.0,2.0,0.961623,1.6936356,0.0
2004,1.0,1.0,1.0,1.0,0.116850734,1.0,0.0,0.0,0.0,2.0,0.0,2.0,2.0,2.0,0.0,1.0,2.0,0.37720156,0.21636888,0.0
2005,1.0,0.0,0.0,0.0,0.81174195,1.0,2.0,1.0,2.0,0.0,2.0,2.0,2.0,2.0,2.0,1.0,2.0,1.4876024,1.5433986,0.0
2006,1.0,0.0,1.0,1.0,-1.1503038,1.0,0.0,2.0,1.0,1.0,1.0,1.0,1.0,1.0,2.0,0.0,1.0,-1.5096449,-0.97467613,0.0
2007,0.0,0.0,1.0,0.0,0.15772669,1.0,2.0,1.0,2.0,2.0,2.0,2.0,0.0,2.0,2.0,1.0,1.0,1.379067,0.6998307,0.0
2008,1.0,0.0,0.0,0.0,-0.9459241,0.0,1.0,0.0,2.0,0.0,2.0,2.0,0.0,2.0,1.0,0.0,3.0,-0.4660351,-0.7991144,0.0
2009,0.0,0.0,1.0,1.0,-0.5780405,1.0,0.0,2.0,1.0,1.0,1.0,1.0,1.0,1.0,0.0,0.0,3.0,-1.4795889,-0.84651786,0.0
2010,0.0,0.0,1.0,0.0,1.5883851,1.0,2.0,0.0,2.0,2.0,2.0,2.0,2.0,2.0,2.0,0.0,2.0,0.8464085,1.8010938,0.0
2011,1.0,0.0,0.0,0.0,0.6482381,1.0,2.0,1.0,0.0,2.0,2.0,0.0,2.0,2.0,2.0,1.0,0.0,1.4475278,1.2481499,0.0
2012,0.0,0.0,0.0,0.0,-1.1503038,1.0,0.0,1.0,0.0,0.0,0.0,0.0,2.0,0.0,0.0,1.0,2.0,0.47571832,-0.87046415,1.0
2013,1.0,1.0,0.0,0.0,0.03509882,1.0,2.0,1.0,0.0,2.0,2.0,0.0,0.0,0.0,0.0,1.0,1.0,0.63768655,0.2026281,1.0
2014,1.0,0.0,1.0,0.0,-0.61891645,1.0,2.0,1.0,2.0,2.0,2.0,0.0,0.0,0.0,0.0,0.0,1.0,0.8497481,-0.3586314,1.0
2015,1.0,0.0,0.0,0.0,-0.128405,1.0,0.0,0.0,0.0,0.0,2.0,2.0,2.0,2.0,1.0,1.0,0.0,0.3538247,-0.007441217,0.0
2016,0.0,0.0,1.0,1.0,-1.027676,1.0,0.0,2.0,1.0,1.0,1.0,1.0,1.0,1.0,0.0,0.0,3.0,-1.4729098,-0.9345878,0.0
2017,1.0,0.0,1.0,1.0,1.5066332,1.0,0.0,0.0,2.0,2.0,2.0,0.0,0.0,0.0,2.0,1.0,0.0,-0.16714528,0.8045541,0.0
2018,0.0,0.0,1.0,1.0,1.5475092,1.0,2.0,0.0,2.0,2.0,2.0,2.0,2.0,0.0,2.0,0.0,0.0,0.49909517,1.5486904,0.0
2019,1.0,0.0,1.0,0.0,0.52561027,1.0,2.0,1.0,0.0,2.0,0.0,0.0,0.0,0.0,0.0,0.0,0.0,0.55586755,0.6737944,0.0
2020,1.0,0.0,1.0,0.0,-1.1911799,0.0,1.0,0.0,0.0,0.0,0.0,0.0,0.0,0.0,0.0,0.0,3.0,-1.3276393,-0.9704739,0.0
2021,1.0,0.0,0.0,0.0,0.6482381,1.0,0.0,2.0,1.0,1.0,1.0,1.0,1.0,1.0,1.0,0.0,0.0,-1.4962866,-0.55858415,0.0
2022,0.0,0.0,0.0,0.0,-0.9459241,1.0,2.0,1.0,0.0,0.0,0.0,0.0,0.0,2.0,0.0,1.0,2.0,0.619319,-0.64805484,1.0
2023,1.0,1.0,1.0,0.0,-0.4962886,1.0,0.0,1.0,0.0,2.0,0.0,0.0,0.0,0.0,0.0,1.0,2.0,0.29705232,-0.3544736,1.0
2024,0.0,1.0,0.0,0.0,-1.1503038,1.0,0.0,2.0,1.0,1.0,1.0,1.0,1.0,1.0,0.0,0.0,3.0,-1.4929471,-0.964604,0.0
2025,0.0,1.0,1.0,0.0,1.4657573,1.0,0.0,0.0,0.0,2.0,2.0,2.0,0.0,0.0,1.0,1.0,0.0,-0.13708931,0.76275367,0.0
2026,0.0,0.0,0.0,0.0,-1.2320558,0.0,1.0,0.0,2.0,2.0,0.0,0.0,0.0,2.0,0.0,1.0,2.0,-0.7398783,-0.9730753,1.0
2027,0.0,0.0,1.0,0.0,1.5066332,1.0,2.0,1.0,2.0,2.0,2.0,2.0,2.0,2.0,2.0,1.0,2.0,1.7113522,2.6335223,0.0
2028,0.0,0.0,1.0,1.0,1.4248813,1.0,2.0,1.0,0.0,0.0,2.0,2.0,2.0,2.0,2.0,1.0,0.0,1.3657087,1.9820807,0.0
2029,1.0,0.0,1.0,0.0,-1.027676,1.0,0.0,1.0,0.0,0.0,0.0,0.0,0.0,0.0,0.0,1.0,2.0,0.15345164,-0.80467296,1.0
2030,0.0,1.0,0.0,0.0,-0.4962886,1.0,0.0,1.0,0.0,0.0,0.0,0.0,0.0,2.0,0.0,1.0,2.0,0.5575373,-0.2619346,0.0
2031,1.0,0.0,1.0,0.0,1.629261,1.0,2.0,2.0,1.0,1.0,1.0,1.0,1.0,1.0,2.0,0.0,3.0,-1.3142811,-0.24445847,0.0
2032,1.0,0.0,1.0,0.0,1.5475092,1.0,2.0,2.0,1.0,1.0,1.0,1.0,1.0,1.0,2.0,0.0,0.0,-1.3526859,-0.23856638,0.0
2033,0.0,0.0,1.0,1.0,0.07597478,0.0,1.0,0.0,2.0,0.0,2.0,2.0,2.0,2.0,1.0,0.0,3.0,-0.11705201,-0.11892381,0.0
2034,1.0,0.0,1.0,1.0,0.44385839,1.0,0.0,0.0,2.0,0.0,2.0,2.0,2.0,2.0,2.0,1.0,1.0,0.48072764,0.58074397,0.0
2035,0.0,0.0,1.0,1.0,1.629261,0.0,1.0,0.0,2.0,0.0,2.0,0.0,2.0,2.0,2.0,1.0,1.0,-0.36584857,0.7523258,0.0
2036,0.0,1.0,0.0,0.0,0.07597478,0.0,1.0,0.0,0.0,2.0,2.0,0.0,2.0,2.0,0.0,1.0,2.0,-0.28402957,-0.21997854,0.0
2037,0.0,0.0,0.0,0.0,-0.128405,1.0,0.0,2.0,1.0,1.0,1.0,1.0,1.0,1.0,2.0,0.0,3.0,-1.5146542,-0.75880367,0.0
2038,1.0,0.0,1.0,1.0,-1.027676,1.0,0.0,0.0,0.0,0.0,0.0,0.0,0.0,0.0,0.0,0.0,2.0,-0.66807795,-0.8569012,0.0
2039,1.0,0.0,1.0,0.0,0.6482381,1.0,2.0,0.0,0.0,2.0,2.0,0.0,0.0,2.0,1.0,1.0,1.0,0.19352625,0.51577544,0.0
2040,0.0,0.0,1.0,0.0,-1.2729317,1.0,0.0,1.0,0.0,0.0,0.0,0.0,0.0,0.0,0.0,1.0,3.0,0.15512142,-0.97440934,1.0
2041,1.0,0.0,0.0,0.0,-0.53716457,1.0,2.0,0.0,0.0,0.0,0.0,0.0,2.0,2.0,0.0,0.0,3.0,0.16180052,-0.38513464,0.0
2042,1.0,0.0,0.0,0.0,1.4657573,1.0,2.0,2.0,1.0,1.0,1.0,1.0,1.0,1.0,2.0,1.0,0.0,-1.3560255,-0.33875397,0.0
2043,1.0,0.0,0.0,0.0,1.1387496,1.0,0.0,0.0,2.0,2.0,2.0,0.0,0.0,0.0,2.0,0.0,2.0,-0.11204268,0.6126057,0.0
2044,1.0,1.0,0.0,0.0,-0.5780405,1.0,2.0,0.0,2.0,2.0,0.0,0.0,0.0,0.0,0.0,1.0,1.0,-0.21222922,-0.5761937,0.0
2045,0.0,1.0,1.0,0.0,0.9752458,1.0,2.0,0.0,2.0,2.0,2.0,2.0,0.0,0.0,1.0,1.0,1.0,0.123395674,0.77969617,0.0
2046,0.0,0.0,1.0,1.0,1.5066332,1.0,2.0,0.0,2.0,2.0,0.0,2.0,2.0,0.0,1.0,0.0,1.0,0.29872212,1.167395,0.0
2047,0.0,0.0,1.0,0.0,0.6482381,1.0,2.0,1.0,0.0,2.0,0.0,2.0,2.0,2.0,0.0,1.0,1.0,1.3473412,1.2553093,0.0
2048,0.0,0.0,1.0,0.0,1.4657573,1.0,0.0,0.0,2.0,0.0,0.0,2.0,0.0,0.0,1.0,0.0,0.0,-0.29571798,0.70623416,0.0
2049,1.0,0.0,0.0,0.0,-1.1911799,1.0,0.0,1.0,2.0,0.0,0.0,2.0,0.0,0.0,0.0,1.0,3.0,0.5859235,-0.90993,0.0
2050,0.0,0.0,0.0,0.0,-0.25103286,0.0,1.0,0.0,0.0,0.0,2.0,0.0,2.0,2.0,0.0,1.0,1.0,-0.4810631,-0.43718505,0.0
2051,1.0,0.0,1.0,0.0,1.2613775,1.0,2.0,0.0,0.0,2.0,0.0,2.0,0.0,2.0,2.0,0.0,3.0,0.08332106,0.87759364,0.0
2052,1.0,1.0,1.0,0.0,-0.9459241,1.0,0.0,2.0,1.0,1.0,1.0,1.0,1.0,1.0,1.0,0.0,1.0,-1.4996262,-0.9238264,0.0
2053,1.0,0.0,0.0,0.0,-1.1911799,1.0,0.0,1.0,0.0,0.0,0.0,0.0,2.0,0.0,0.0,0.0,2.0,0.4840672,-0.8862727,1.0
2054,1.0,0.0,0.0,0.0,-0.25103286,1.0,2.0,1.0,0.0,0.0,0.0,2.0,0.0,0.0,0.0,1.0,2.0,0.5258116,-0.0764119,1.0
2055,1.0,0.0,1.0,1.0,-0.128405,1.0,0.0,1.0,2.0,0.0,0.0,0.0,2.0,2.0,0.0,0.0,1.0,0.9983581,0.17276749,1.0
2056,0.0,1.0,0.0,0.0,-0.5780405,1.0,2.0,1.0,0.0,2.0,0.0,2.0,2.0,2.0,0.0,1.0,1.0,1.2972479,-0.20201325,0.0
2057,1.0,0.0,0.0,0.0,-0.7824203,1.0,0.0,1.0,2.0,0.0,0.0,0.0,0.0,0.0,0.0,1.0,1.0,0.30039188,-0.57986236,0.0
2058,0.0,0.0,0.0,0.0,-1.2729317,1.0,0.0,0.0,0.0,2.0,0.0,0.0,0.0,0.0,0.0,1.0,2.0,-0.53950524,-0.9836588,0.0
2059,0.0,0.0,1.0,1.0,1.629261,1.0,2.0,1.0,2.0,0.0,2.0,2.0,2.0,2.0,2.0,0.0,3.0,1.4258206,2.3639765,0.0
2060,0.0,0.0,1.0,1.0,1.4657573,1.0,2.0,0.0,2.0,2.0,2.0,2.0,2.0,2.0,2.0,1.0,0.0,0.8113432,1.7454636,0.0
2061,1.0,1.0,0.0,0.0,-0.9868001,1.0,0.0,1.0,0.0,2.0,0.0,0.0,0.0,0.0,0.0,1.0,2.0,0.32543853,-0.73554665,1.0
2062,1.0,0.0,0.0,0.0,0.07597478,1.0,2.0,1.0,0.0,2.0,0.0,2.0,2.0,2.0,0.0,1.0,2.0,1.35569,0.5692044,0.0
2063,1.0,0.0,0.0,0.0,1.3022535,1.0,2.0,1.0,2.0,0.0,2.0,2.0,0.0,2.0,2.0,0.0,1.0,1.1519774,1.9071734,0.0
2064,1.0,0.0,1.0,0.0,0.48473433,1.0,0.0,0.0,2.0,2.0,0.0,2.0,0.0,0.0,1.0,1.0,0.0,-0.16380572,0.15266772,0.0
2065,1.0,1.0,1.0,0.0,1.3431294,1.0,2.0,1.0,2.0,2.0,0.0,0.0,2.0,0.0,2.0,1.0,1.0,0.93323684,1.648789,0.0
2066,1.0,0.0,1.0,1.0,0.56648624,1.0,0.0,0.0,2.0,0.0,2.0,2.0,2.0,2.0,2.0,0.0,3.0,0.5425093,0.7051447,0.0
2067,0.0,1.0,1.0,0.0,-1.1094279,1.0,0.0,1.0,0.0,0.0,0.0,0.0,0.0,0.0,0.0,0.0,2.0,0.17682849,-0.8707087,0.0
2068,0.0,0.0,0.0,1.0,-0.61891645,1.0,0.0,0.0,0.0,0.0,0.0,0.0,2.0,2.0,0.0,1.0,3.0,-0.0018374952,-0.519185,1.0
2069,1.0,0.0,0.0,0.0,-1.2729317,1.0,0.0,1.0,0.0,0.0,0.0,0.0,0.0,2.0,0.0,0.0,2.0,0.50577426,-0.96974015,1.0
2070,1.0,0.0,0.0,0.0,0.116850734,1.0,0.0,0.0,0.0,0.0,0.0,0.0,2.0,0.0,0.0,0.0,3.0,-0.32577395,-0.11120852,1.0
2071,0.0,0.0,0.0,0.0,-0.6597924,1.0,0.0,1.0,0.0,2.0,0.0,0.0,0.0,0.0,0.0,0.0,0.0,0.34547582,-0.46593395,0.0
2072,1.0,0.0,0.0,0.0,-0.9868001,1.0,0.0,1.0,0.0,0.0,0.0,0.0,0.0,0.0,0.0,0.0,0.0,0.19853558,-0.7591817,0.0
2073,0.0,0.0,0.0,0.0,-0.45541266,1.0,2.0,1.0,0.0,2.0,0.0,0.0,2.0,2.0,0.0,1.0,1.0,1.1720147,-0.11921286,0.0
2074,0.0,0.0,1.0,1.0,1.3022535,1.0,2.0,0.0,2.0,2.0,2.0,2.0,2.0,2.0,2.0,1.0,3.0,0.86310625,1.5816638,0.0
2075,1.0,0.0,0.0,0.0,-0.9868001,0.0,1.0,0.0,2.0,0.0,0.0,0.0,0.0,0.0,0.0,0.0,3.0,-1.1823689,-0.90901834,0.0
2076,0.0,0.0,1.0,0.0,1.4657573,1.0,2.0,0.0,2.0,2.0,2.0,2.0,0.0,0.0,2.0,0.0,1.0,0.20521468,1.1787345,0.0
2077,0.0,1.0,0.0,0.0,-0.45541266,1.0,2.0,1.0,0.0,0.0,0.0,0.0,2.0,2.0,0.0,1.0,2.0,0.9849999,-0.12757294,1.0
2078,1.0,0.0,1.0,1.0,1.1387496,1.0,0.0,2.0,1.0,1.0,1.0,1.0,1.0,1.0,2.0,1.0,0.0,-1.4628911,-0.4402756,0.0
2079,0.0,0.0,0.0,0.0,-1.1911799,1.0,0.0,1.0,0.0,0.0,2.0,2.0,0.0,0.0,0.0,0.0,1.0,0.5124534,-0.9085292,1.0
2080,1.0,0.0,1.0,1.0,0.3212305,1.0,2.0,2.0,1.0,1.0,1.0,1.0,1.0,1.0,2.0,0.0,1.0,-1.3192904,-0.5575169,0.0
2081,1.0,1.0,0.0,0.0,-1.1911799,1.0,2.0,1.0,0.0,2.0,0.0,0.0,0.0,0.0,0.0,1.0,2.0,0.5541978,-0.9013475,1.0
2082,0.0,0.0,1.0,1.0,0.93436986,1.0,2.0,0.0,2.0,0.0,2.0,2.0,2.0,2.0,2.0,1.0,0.0,0.67943096,1.0660512,0.0
2083,0.0,0.0,1.0,0.0,0.07597478,1.0,2.0,1.0,0.0,0.0,2.0,0.0,2.0,2.0,0.0,1.0,2.0,1.192052,0.51317406,0.0
2084,0.0,0.0,0.0,0.0,-1.1094279,0.0,1.0,0.0,0.0,2.0,0.0,0.0,2.0,2.0,0.0,1.0,1.0,-0.46102577,-0.9032597,0.0
2085,0.0,0.0,1.0,0.0,1.2613775,1.0,2.0,1.0,0.0,2.0,2.0,2.0,2.0,2.0,2.0,1.0,0.0,1.4859326,2.0369992,0.0
2086,0.0,0.0,1.0,0.0,-0.9459241,1.0,0.0,0.0,0.0,2.0,0.0,0.0,0.0,0.0,0.0,0.0,3.0,-0.46436533,-0.79778033,0.0
2087,1.0,0.0,0.0,0.0,-0.53716457,1.0,0.0,1.0,0.0,2.0,0.0,0.0,0.0,0.0,0.0,1.0,1.0,0.30373144,-0.37181634,1.0
2088,0.0,1.0,0.0,0.0,-1.1094279,1.0,0.0,1.0,0.0,0.0,2.0,0.0,2.0,0.0,0.0,1.0,3.0,0.6710821,-0.82048154,1.0
2089,1.0,0.0,1.0,0.0,0.116850734,1.0,2.0,1.0,0.0,0.0,0.0,2.0,2.0,0.0,0.0,1.0,1.0,0.8931622,0.43388668,0.0
2090,1.0,1.0,0.0,0.0,1.3022535,1.0,2.0,1.0,0.0,0.0,2.0,2.0,2.0,2.0,1.0,0.0,2.0,1.2471546,1.968829,0.0
2091,0.0,0.0,1.0,0.0,1.629261,1.0,2.0,1.0,2.0,2.0,2.0,2.0,2.0,2.0,2.0,1.0,1.0,1.749757,2.7876725,0.0
2092,0.0,0.0,1.0,1.0,1.0569977,1.0,0.0,0.0,0.0,0.0,0.0,0.0,0.0,0.0,1.0,1.0,3.0,-0.68978506,0.0677773,0.0
2093,0.0,0.0,1.0,0.0,0.8934939,1.0,0.0,2.0,1.0,1.0,1.0,1.0,1.0,1.0,2.0,0.0,1.0,-1.4929471,-0.51504946,0.0
2094,0.0,0.0,1.0,0.0,1.0161217,1.0,2.0,1.0,2.0,0.0,0.0,0.0,2.0,2.0,0.0,1.0,2.0,1.1653357,1.4391867,0.0
2095,0.0,1.0,0.0,0.0,-0.046653092,1.0,2.0,1.0,0.0,2.0,0.0,0.0,2.0,2.0,0.0,1.0,2.0,1.1753542,0.4117858,1.0
2096,1.0,0.0,1.0,0.0,1.5883851,1.0,2.0,0.0,2.0,2.0,2.0,2.0,0.0,2.0,2.0,0.0,1.0,0.522472,1.5415088,0.0
2097,1.0,0.0,0.0,0.0,-1.2320558,0.0,1.0,0.0,0.0,2.0,2.0,2.0,0.0,0.0,0.0,1.0,1.0,-0.8133484,-0.970963,1.0
2098,0.0,0.0,0.0,0.0,-1.2320558,1.0,0.0,1.0,2.0,2.0,0.0,0.0,2.0,0.0,0.0,1.0,2.0,0.8814738,-0.930341,0.0
2099,1.0,0.0,0.0,0.0,1.0161217,1.0,2.0,1.0,0.0,0.0,0.0,0.0,2.0,0.0,1.0,1.0,2.0,0.73954284,1.1911412,0.0
2100,1.0,0.0,1.0,1.0,1.3840053,1.0,2.0,0.0,0.0,0.0,2.0,0.0,2.0,0.0,2.0,1.0,0.0,-0.04859121,0.85782737,0.0
2101,1.0,0.0,0.0,0.0,-0.005777135,1.0,0.0,0.0,0.0,0.0,0.0,0.0,2.0,2.0,1.0,1.0,0.0,0.0031718314,-0.11103065,0.0
2102,1.0,0.0,0.0,0.0,1.5066332,1.0,2.0,0.0,2.0,2.0,2.0,2.0,0.0,2.0,1.0,1.0,1.0,0.4623601,1.3766639,1.0
2103,1.0,0.0,1.0,1.0,1.4248813,1.0,2.0,2.0,1.0,1.0,1.0,1.0,1.0,1.0,2.0,0.0,3.0,-1.2842251,-0.25424153,0.0
2104,1.0,0.0,0.0,0.0,-0.8641722,1.0,0.0,0.0,0.0,0.0,2.0,0.0,2.0,2.0,0.0,1.0,2.0,0.15345164,-0.6885434,0.0
2105,0.0,0.0,1.0,1.0,-0.90504813,1.0,0.0,2.0,1.0,1.0,1.0,1.0,1.0,1.0,2.0,0.0,3.0,-1.4896076,-0.907084,0.0
2106,0.0,0.0,1.0,0.0,-0.7415443,1.0,0.0,2.0,1.0,1.0,1.0,1.0,1.0,1.0,2.0,0.0,3.0,-1.4812586,-0.8752445,0.0
2107,1.0,0.0,0.0,0.0,-1.2729317,1.0,0.0,0.0,2.0,0.0,0.0,0.0,0.0,0.0,0.0,1.0,3.0,-0.4677049,-0.98270273,0.0
2108,1.0,1.0,0.0,0.0,1.2205015,1.0,2.0,1.0,0.0,2.0,2.0,2.0,2.0,2.0,1.0,1.0,0.0,1.5360258,2.1312504,0.0
2109,1.0,1.0,1.0,0.0,-1.068552,1.0,2.0,1.0,0.0,0.0,2.0,0.0,0.0,0.0,0.0,1.0,2.0,0.53583026,-0.8020049,0.0
2110,1.0,0.0,0.0,0.0,-0.90504813,1.0,2.0,1.0,0.0,0.0,0.0,0.0,0.0,0.0,0.0,0.0,2.0,0.34380606,-0.65561444,0.0
2111,0.0,0.0,0.0,0.0,-0.90504813,1.0,2.0,1.0,0.0,0.0,0.0,2.0,2.0,2.0,0.0,1.0,2.0,1.1269308,-0.53468233,1.0
2112,1.0,0.0,0.0,0.0,-1.1503038,1.0,0.0,2.0,1.0,1.0,1.0,1.0,1.0,1.0,1.0,0.0,3.0,-1.4962866,-0.974943,0.0
2113,0.0,0.0,0.0,0.0,-1.2729317,1.0,0.0,0.0,0.0,0.0,0.0,0.0,0.0,0.0,0.0,1.0,2.0,-0.638022,-0.9849706,1.0
2114,1.0,0.0,0.0,0.0,-0.7824203,1.0,2.0,1.0,0.0,0.0,0.0,2.0,2.0,2.0,0.0,0.0,2.0,1.2020707,-0.42128757,0.0
2115,0.0,0.0,1.0,1.0,1.2205015,1.0,0.0,0.0,2.0,0.0,2.0,2.0,2.0,0.0,1.0,1.0,0.0,0.20020536,0.8906229,0.0
2116,0.0,0.0,1.0,1.0,1.3022535,1.0,2.0,1.0,2.0,2.0,0.0,2.0,2.0,2.0,2.0,0.0,0.0,1.5209979,2.1063256,0.0
2117,0.0,0.0,0.0,0.0,0.8934939,1.0,2.0,1.0,0.0,2.0,2.0,0.0,2.0,0.0,1.0,1.0,0.0,1.0016977,1.2722963,0.0
2118,1.0,1.0,0.0,0.0,0.6482381,1.0,2.0,1.0,0.0,2.0,0.0,0.0,2.0,2.0,1.0,1.0,2.0,1.1436286,1.104472,0.0
2119,0.0,0.0,0.0,0.0,-1.2729317,1.0,0.0,0.0,0.0,0.0,0.0,0.0,0.0,0.0,0.0,1.0,3.0,-0.6931246,-0.98570436,0.0
2120,0.0,0.0,1.0,0.0,1.5475092,1.0,2.0,0.0,2.0,0.0,2.0,2.0,0.0,0.0,2.0,0.0,1.0,0.018199813,1.1113203,1.0
2121,0.0,0.0,1.0,0.0,1.629261,1.0,2.0,1.0,2.0,2.0,2.0,0.0,2.0,2.0,2.0,1.0,2.0,1.4959512,2.6256292,0.0
2122,1.0,0.0,1.0,0.0,0.3212305,1.0,0.0,1.0,0.0,2.0,2.0,0.0,0.0,0.0,1.0,0.0,2.0,0.53583026,0.3878173,0.0
2123,1.0,0.0,0.0,0.0,0.03509882,1.0,0.0,0.0,0.0,2.0,2.0,0.0,2.0,0.0,0.0,1.0,1.0,0.054934874,-0.006774189,0.0
2124,1.0,0.0,1.0,1.0,-0.90504813,0.0,1.0,0.0,2.0,2.0,2.0,2.0,0.0,2.0,2.0,0.0,1.0,-0.36918813,-0.7735895,0.0
2125,1.0,0.0,0.0,1.0,1.1796255,1.0,0.0,2.0,1.0,1.0,1.0,1.0,1.0,1.0,2.0,0.0,3.0,-1.5029657,-0.5053553,0.0
2126,0.0,1.0,1.0,0.0,-1.2729317,1.0,0.0,1.0,0.0,2.0,0.0,0.0,0.0,0.0,0.0,1.0,3.0,0.38889,-0.97129655,1.0
2127,1.0,0.0,1.0,0.0,0.9752458,1.0,0.0,1.0,0.0,0.0,0.0,0.0,2.0,2.0,0.0,0.0,3.0,0.8330503,1.1972334,0.0
2128,0.0,0.0,1.0,1.0,-0.9459241,1.0,0.0,0.0,2.0,0.0,0.0,0.0,0.0,0.0,1.0,0.0,3.0,-0.53950524,-0.8174799,0.0
2129,1.0,0.0,0.0,0.0,-1.2729317,1.0,0.0,1.0,0.0,0.0,0.0,0.0,0.0,0.0,0.0,0.0,2.0,0.17348894,-0.9741648,1.0
2130,1.0,0.0,0.0,0.0,1.2613775,1.0,2.0,1.0,2.0,2.0,2.0,2.0,2.0,0.0,1.0,0.0,1.0,1.3273039,1.9255612,0.0
2131,1.0,0.0,1.0,1.0,1.5066332,1.0,2.0,1.0,0.0,2.0,2.0,0.0,2.0,0.0,1.0,0.0,1.0,1.0350932,1.8901864,0.0
2132,1.0,1.0,1.0,0.0,-0.08752905,1.0,0.0,0.0,0.0,2.0,0.0,0.0,0.0,0.0,0.0,1.0,0.0,-0.4793933,-0.32601374,1.0
2133,1.0,0.0,0.0,0.0,-1.2320558,1.0,0.0,1.0,0.0,2.0,0.0,0.0,2.0,2.0,0.0,0.0,2.0,1.0317535,-0.93087465,1.0
2134,0.0,0.0,1.0,1.0,1.4657573,1.0,2.0,1.0,0.0,2.0,0.0,2.0,0.0,0.0,1.0,1.0,0.0,0.63100743,1.544288,0.0
2135,0.0,0.0,0.0,1.0,1.4248813,1.0,2.0,1.0,0.0,2.0,0.0,2.0,2.0,2.0,2.0,1.0,2.0,1.3106061,2.1248913,0.0
2136,1.0,0.0,1.0,1.0,1.629261,0.0,1.0,0.0,2.0,0.0,2.0,2.0,2.0,0.0,2.0,0.0,3.0,-0.5294866,0.56313443,0.0
2137,0.0,0.0,1.0,1.0,0.03509882,1.0,0.0,2.0,1.0,1.0,1.0,1.0,1.0,1.0,2.0,0.0,1.0,-1.5012959,-0.7200716,0.0
2138,0.0,0.0,0.0,0.0,-0.08752905,1.0,0.0,0.0,2.0,2.0,2.0,2.0,2.0,2.0,1.0,0.0,0.0,0.68777984,0.11996111,1.0
2139,0.0,1.0,0.0,0.0,0.6891141,1.0,2.0,1.0,2.0,0.0,0.0,0.0,2.0,2.0,0.0,0.0,1.0,1.2287871,1.2494617,0.0
2140,1.0,0.0,1.0,1.0,-0.7006684,1.0,2.0,0.0,0.0,0.0,2.0,2.0,0.0,0.0,0.0,1.0,0.0,-0.17048483,-0.6196839,0.0
2141,0.0,1.0,1.0,0.0,-1.068552,1.0,2.0,1.0,0.0,0.0,0.0,0.0,0.0,2.0,0.0,1.0,2.0,0.6543843,-0.79408944,1.0
2142,0.0,0.0,0.0,0.0,-0.5780405,1.0,0.0,1.0,2.0,0.0,0.0,0.0,0.0,0.0,0.0,1.0,2.0,0.35549447,-0.39142695,0.0
2143,1.0,0.0,1.0,0.0,0.9752458,1.0,0.0,1.0,0.0,0.0,0.0,0.0,0.0,2.0,1.0,1.0,2.0,0.5391698,1.0213826,0.0
2144,1.0,0.0,1.0,1.0,0.72999007,1.0,0.0,0.0,0.0,0.0,0.0,0.0,0.0,0.0,1.0,1.0,0.0,-0.6664082,-0.01324436,0.0
2145,0.0,0.0,1.0,0.0,0.07597478,1.0,2.0,0.0,2.0,0.0,0.0,2.0,0.0,0.0,0.0,1.0,0.0,-0.13041021,-0.11429909,0.0
2146,0.0,0.0,0.0,0.0,0.6482381,1.0,2.0,2.0,1.0,1.0,1.0,1.0,1.0,1.0,1.0,0.0,0.0,-1.3426673,-0.46989167,0.0
2147,1.0,0.0,0.0,0.0,0.19860265,1.0,2.0,1.0,0.0,2.0,0.0,2.0,2.0,2.0,1.0,1.0,1.0,1.3273039,0.67475045,0.0
2148,1.0,1.0,1.0,0.0,1.1796255,1.0,2.0,2.0,1.0,1.0,1.0,1.0,1.0,1.0,2.0,0.0,0.0,-1.3276393,-0.3374644,0.0
2149,1.0,0.0,1.0,1.0,-0.9868001,1.0,0.0,0.0,0.0,0.0,0.0,0.0,0.0,0.0,0.0,0.0,0.0,-0.6714175,-0.84111494,0.0
2150,0.0,0.0,1.0,1.0,1.629261,1.0,2.0,0.0,0.0,2.0,0.0,2.0,2.0,2.0,2.0,1.0,2.0,0.47404855,1.5428427,0.0
2151,0.0,0.0,1.0,0.0,-0.128405,1.0,0.0,2.0,1.0,1.0,1.0,1.0,1.0,1.0,0.0,0.0,3.0,-1.4996262,-0.7504436,0.0
2152,0.0,0.0,1.0,1.0,-0.9868001,1.0,0.0,2.0,1.0,1.0,1.0,1.0,1.0,1.0,2.0,0.0,0.0,-1.5113146,-0.9344099,0.0
2153,1.0,0.0,0.0,0.0,-0.7824203,1.0,0.0,1.0,0.0,0.0,0.0,0.0,2.0,2.0,0.0,1.0,2.0,0.879804,-0.50024146,1.0
2154,1.0,0.0,1.0,1.0,-0.82329625,1.0,2.0,2.0,1.0,1.0,1.0,1.0,1.0,1.0,1.0,0.0,3.0,-1.2808856,-0.86521685,0.0
2155,0.0,0.0,1.0,1.0,1.0161217,1.0,0.0,1.0,0.0,2.0,0.0,0.0,2.0,2.0,1.0,1.0,2.0,1.0100465,1.4564183,0.0
2156,0.0,0.0,0.0,0.0,-1.1503038,1.0,0.0,1.0,0.0,0.0,2.0,0.0,0.0,2.0,0.0,1.0,1.0,0.604291,-0.8631491,0.0
2157,1.0,0.0,0.0,0.0,-1.1911799,1.0,0.0,0.0,0.0,2.0,0.0,0.0,0.0,0.0,0.0,1.0,3.0,-0.49609107,-0.94741696,1.0
2158,0.0,0.0,1.0,1.0,0.9752458,1.0,2.0,1.0,0.0,0.0,2.0,0.0,2.0,2.0,1.0,1.0,1.0,1.170345,1.4473689,0.0
2159,0.0,0.0,0.0,0.0,-1.2729317,1.0,0.0,1.0,0.0,2.0,0.0,0.0,0.0,0.0,0.0,0.0,2.0,0.36885267,-0.97156334,1.0
2160,0.0,0.0,0.0,0.0,-1.2729317,1.0,0.0,2.0,1.0,1.0,1.0,1.0,1.0,1.0,0.0,0.0,3.0,-1.4779191,-0.9961544,0.0
2161,0.0,0.0,0.0,0.0,0.116850734,1.0,2.0,1.0,0.0,0.0,0.0,0.0,2.0,0.0,0.0,1.0,2.0,0.7245149,0.34172565,1.0
2162,0.0,0.0,1.0,0.0,0.56648624,1.0,2.0,2.0,1.0,1.0,1.0,1.0,1.0,1.0,1.0,1.0,0.0,-1.3460069,-0.5311693,0.0
2163,1.0,0.0,0.0,0.0,0.03509882,0.0,1.0,0.0,0.0,2.0,0.0,0.0,2.0,0.0,1.0,1.0,2.0,-0.8567626,-0.42317748,0.0
2164,1.0,1.0,0.0,0.0,-0.9868001,1.0,0.0,1.0,0.0,0.0,0.0,0.0,0.0,0.0,0.0,1.0,2.0,0.16514006,-0.7505325,0.0
2165,0.0,0.0,0.0,1.0,-0.45541266,0.0,1.0,0.0,2.0,2.0,2.0,2.0,2.0,0.0,2.0,0.0,3.0,-0.38755566,-0.47911888,0.0
2166,0.0,0.0,1.0,1.0,-1.1503038,1.0,0.0,2.0,1.0,1.0,1.0,1.0,1.0,1.0,0.0,0.0,3.0,-1.4662306,-0.9772998,0.0
2167,0.0,0.0,1.0,0.0,-1.027676,1.0,0.0,1.0,0.0,0.0,0.0,0.0,2.0,0.0,0.0,1.0,2.0,0.5458489,-0.7488427,1.0
2168,1.0,0.0,0.0,0.0,-0.7824203,1.0,0.0,1.0,0.0,2.0,2.0,0.0,0.0,0.0,0.0,1.0,2.0,0.50243473,-0.5723916,1.0
2169,1.0,0.0,0.0,0.0,0.72999007,0.0,1.0,0.0,2.0,2.0,0.0,0.0,0.0,0.0,0.0,1.0,3.0,-0.9936842,-0.21266347,0.0
2170,1.0,0.0,1.0,0.0,1.3022535,1.0,0.0,1.0,2.0,0.0,0.0,0.0,0.0,0.0,0.0,1.0,3.0,0.2937128,1.1132101,0.0
2171,1.0,0.0,1.0,1.0,-0.16928096,1.0,2.0,1.0,2.0,2.0,0.0,0.0,2.0,2.0,1.0,0.0,2.0,1.3807367,0.26092634,1.0
2172,0.0,1.0,1.0,0.0,0.4029824,1.0,2.0,1.0,2.0,0.0,2.0,0.0,2.0,2.0,1.0,1.0,0.0,1.3506807,1.0399038,0.0
2173,0.0,1.0,0.0,0.0,-1.2729317,1.0,2.0,0.0,0.0,0.0,0.0,0.0,0.0,0.0,0.0,0.0,3.0,-0.47438398,-0.98279166,1.0
2174,0.0,1.0,1.0,0.0,-0.7824203,0.0,1.0,0.0,0.0,0.0,0.0,0.0,2.0,2.0,0.0,0.0,2.0,-0.6497104,-0.77027655,0.0
2175,1.0,0.0,0.0,0.0,-0.82329625,1.0,0.0,1.0,0.0,0.0,2.0,0.0,2.0,2.0,1.0,0.0,2.0,1.0334234,-0.47876313,0.0
2176,0.0,0.0,1.0,0.0,-0.45541266,1.0,2.0,1.0,2.0,0.0,2.0,0.0,2.0,2.0,0.0,1.0,2.0,1.3072666,-0.0028609587,1.0
2177,0.0,0.0,0.0,0.0,0.6482381,1.0,2.0,1.0,0.0,0.0,2.0,2.0,2.0,2.0,0.0,1.0,2.0,1.3055968,1.1941651,0.0
2178,1.0,0.0,1.0,0.0,0.44385839,1.0,0.0,0.0,0.0,0.0,0.0,0.0,2.0,0.0,1.0,1.0,3.0,-0.28069,0.05803869,0.0
2179,0.0,1.0,1.0,1.0,0.3212305,1.0,2.0,1.0,0.0,0.0,0.0,0.0,2.0,2.0,0.0,1.0,1.0,0.99501854,0.613584,1.0
2180,1.0,0.0,1.0,1.0,0.72999007,1.0,2.0,2.0,1.0,1.0,1.0,1.0,1.0,1.0,2.0,0.0,3.0,-1.3293091,-0.44432226,0.0
2181,0.0,0.0,1.0,0.0,1.5475092,1.0,2.0,1.0,0.0,0.0,2.0,0.0,2.0,2.0,1.0,1.0,2.0,1.0985446,2.0997443,0.0
2182,0.0,0.0,1.0,1.0,-0.16928096,1.0,0.0,1.0,2.0,0.0,0.0,0.0,0.0,2.0,1.0,1.0,0.0,0.604291,0.02675508,0.0
2183,1.0,0.0,1.0,1.0,1.5066332,1.0,2.0,1.0,2.0,2.0,2.0,2.0,2.0,2.0,2.0,1.0,0.0,1.6562496,2.4035978,0.0
2184,0.0,0.0,1.0,0.0,-0.7006684,1.0,2.0,2.0,1.0,1.0,1.0,1.0,1.0,1.0,2.0,0.0,3.0,-1.3209602,-0.8327771,0.0
2185,0.0,0.0,0.0,0.0,-0.90504813,0.0,1.0,0.0,2.0,0.0,0.0,0.0,0.0,0.0,0.0,0.0,3.0,-1.1690106,-0.87102,0.0
2186,1.0,0.0,1.0,1.0,1.629261,0.0,1.0,0.0,2.0,2.0,2.0,2.0,0.0,0.0,2.0,0.0,1.0,-0.6513802,0.39095232,0.0
2187,1.0,0.0,0.0,0.0,-0.9459241,1.0,0.0,1.0,0.0,0.0,0.0,2.0,2.0,2.0,0.0,1.0,0.0,1.0401025,-0.6373157,0.0
2188,1.0,0.0,0.0,0.0,0.36210647,1.0,2.0,0.0,0.0,0.0,2.0,0.0,0.0,0.0,0.0,1.0,0.0,-0.3023971,-0.0102649685,0.0
2189,1.0,0.0,0.0,0.0,-1.2729317,1.0,0.0,0.0,0.0,0.0,0.0,0.0,0.0,0.0,0.0,0.0,3.0,-0.6730873,-0.9854375,0.0
2190,0.0,0.0,1.0,0.0,1.1796255,1.0,2.0,1.0,0.0,0.0,0.0,2.0,2.0,2.0,1.0,0.0,0.0,1.215429,1.8335558,0.0
2191,1.0,0.0,0.0,0.0,-0.33278477,1.0,2.0,1.0,0.0,2.0,2.0,0.0,0.0,0.0,0.0,1.0,0.0,0.6710821,-0.094199315,0.0
2192,0.0,0.0,0.0,0.0,-1.2729317,1.0,0.0,1.0,0.0,0.0,0.0,0.0,0.0,0.0,0.0,1.0,2.0,0.19519602,-0.9738757,1.0
2193,1.0,0.0,1.0,0.0,1.5475092,1.0,2.0,1.0,0.0,2.0,2.0,2.0,0.0,2.0,2.0,1.0,0.0,1.1336099,2.0447812,0.0
2194,1.0,0.0,0.0,0.0,-0.61891645,1.0,0.0,1.0,2.0,0.0,0.0,0.0,2.0,2.0,0.0,0.0,2.0,0.97164166,-0.2823679,1.0
2195,1.0,0.0,1.0,1.0,-1.027676,1.0,0.0,0.0,2.0,0.0,2.0,2.0,0.0,2.0,0.0,1.0,1.0,0.22024266,-0.7759241,0.0
2196,1.0,1.0,1.0,0.0,-1.068552,1.0,0.0,1.0,0.0,2.0,0.0,0.0,0.0,2.0,0.0,1.0,2.0,0.64937496,-0.77441216,1.0
2197,0.0,0.0,0.0,0.0,0.44385839,0.0,1.0,0.0,0.0,0.0,2.0,0.0,2.0,2.0,0.0,1.0,0.0,-0.52447724,-0.08201493,1.0
2198,0.0,0.0,0.0,1.0,-0.7006684,1.0,0.0,2.0,1.0,1.0,1.0,1.0,1.0,1.0,1.0,0.0,3.0,-1.5063053,-0.88493866,0.0
2199,1.0,0.0,0.0,0.0,-0.005777135,1.0,2.0,1.0,2.0,0.0,0.0,2.0,0.0,0.0,0.0,0.0,0.0,0.7645895,0.22490683,0.0
2200,1.0,0.0,0.0,0.0,-1.1911799,1.0,2.0,1.0,0.0,2.0,2.0,0.0,2.0,2.0,0.0,0.0,3.0,1.4425184,-0.8658172,0.0
2201,1.0,0.0,0.0,0.0,1.1387496,1.0,2.0,1.0,0.0,2.0,0.0,0.0,2.0,0.0,0.0,1.0,0.0,0.83972937,1.4185755,0.0
2202,1.0,0.0,0.0,0.0,0.81174195,1.0,0.0,1.0,2.0,0.0,2.0,0.0,2.0,0.0,1.0,0.0,2.0,0.88481337,1.1017817,0.0
2203,0.0,0.0,1.0,0.0,1.5475092,0.0,1.0,0.0,2.0,2.0,2.0,2.0,2.0,2.0,2.0,0.0,0.0,-0.006846822,0.99799216,0.0
2204,1.0,0.0,0.0,1.0,-1.2729317,1.0,0.0,0.0,2.0,0.0,0.0,0.0,0.0,0.0,0.0,0.0,3.0,-0.47271422,-0.9827694,1.0
2205,0.0,1.0,0.0,1.0,0.03509882,1.0,2.0,1.0,0.0,2.0,2.0,0.0,2.0,2.0,0.0,1.0,0.0,1.35569,0.5355862,0.0
2206,1.0,0.0,1.0,1.0,-0.7824203,1.0,0.0,1.0,0.0,0.0,2.0,0.0,2.0,2.0,0.0,0.0,2.0,1.0768375,-0.41186023,0.0
2207,0.0,1.0,0.0,0.0,-1.2729317,1.0,2.0,1.0,0.0,0.0,0.0,0.0,2.0,0.0,0.0,1.0,2.0,0.69946826,-0.96716094,1.0
2208,1.0,0.0,0.0,0.0,-0.33278477,1.0,0.0,2.0,1.0,1.0,1.0,1.0,1.0,1.0,2.0,0.0,3.0,-1.4695703,-0.7886865,0.0
2209,1.0,1.0,1.0,0.0,-1.2320558,1.0,0.0,1.0,0.0,0.0,2.0,0.0,0.0,0.0,0.0,1.0,2.0,0.31541985,-0.9429701,0.0
2210,0.0,1.0,1.0,0.0,-0.16928096,1.0,2.0,1.0,0.0,0.0,0.0,2.0,2.0,2.0,0.0,1.0,1.0,1.2204382,0.24527343,1.0
2211,0.0,0.0,0.0,0.0,0.36210647,1.0,2.0,1.0,2.0,2.0,2.0,2.0,2.0,2.0,0.0,1.0,0.0,1.6612589,1.0080198,1.0
2212,1.0,0.0,0.0,0.0,0.8526179,1.0,2.0,2.0,1.0,1.0,1.0,1.0,1.0,1.0,1.0,0.0,0.0,-1.359365,-0.42633474,0.0
2213,0.0,0.0,0.0,0.0,-1.1094279,1.0,0.0,1.0,0.0,2.0,0.0,2.0,0.0,2.0,0.0,1.0,2.0,0.82136184,-0.7999593,1.0
2214,1.0,1.0,0.0,0.0,1.0161217,1.0,0.0,0.0,0.0,0.0,2.0,2.0,0.0,0.0,1.0,1.0,2.0,-0.37586722,0.34470505,0.0
2215,1.0,0.0,0.0,0.0,0.8934939,1.0,0.0,1.0,2.0,0.0,2.0,0.0,2.0,0.0,0.0,0.0,3.0,0.83638984,1.0700756,0.0
2216,1.0,1.0,0.0,0.0,-0.7415443,1.0,0.0,1.0,0.0,0.0,0.0,0.0,2.0,2.0,0.0,0.0,1.0,0.85809696,-0.44225448,1.0
2217,1.0,1.0,0.0,0.0,-1.2729317,1.0,0.0,1.0,0.0,0.0,0.0,0.0,0.0,0.0,0.0,1.0,2.0,0.23026131,-0.9734088,1.0
2218,1.0,1.0,1.0,0.0,1.3022535,1.0,0.0,1.0,2.0,0.0,2.0,0.0,0.0,0.0,1.0,0.0,1.0,0.5191325,1.2260268,0.0
2219,1.0,0.0,1.0,0.0,-0.9459241,1.0,0.0,1.0,0.0,2.0,2.0,2.0,2.0,0.0,0.0,1.0,3.0,1.0050372,-0.6092338,1.0
2220,0.0,1.0,1.0,0.0,0.8526179,1.0,2.0,2.0,1.0,1.0,1.0,1.0,1.0,1.0,2.0,0.0,1.0,-1.3242998,-0.43802997,0.0
2221,0.0,0.0,1.0,1.0,1.4657573,0.0,1.0,0.0,0.0,2.0,2.0,2.0,2.0,2.0,2.0,0.0,1.0,-0.14877775,0.82194126,0.0
2222,1.0,0.0,1.0,1.0,-0.33278477,1.0,2.0,0.0,2.0,0.0,2.0,2.0,2.0,2.0,1.0,1.0,3.0,0.6694123,-0.12012447,0.0
2223,1.0,1.0,0.0,0.0,-1.1911799,1.0,2.0,1.0,0.0,0.0,0.0,0.0,0.0,0.0,0.0,1.0,2.0,0.37720156,-0.9021925,1.0
2224,1.0,0.0,1.0,0.0,1.629261,1.0,2.0,1.0,0.0,2.0,2.0,2.0,2.0,2.0,2.0,1.0,2.0,1.4508673,2.4813287,0.0
2225,1.0,1.0,0.0,0.0,-1.2729317,1.0,0.0,0.0,0.0,0.0,0.0,0.0,0.0,0.0,0.0,0.0,2.0,-0.65638953,-0.9852152,1.0
2226,0.0,0.0,0.0,0.0,0.116850734,1.0,2.0,0.0,2.0,0.0,2.0,2.0,2.0,2.0,1.0,1.0,1.0,0.70781714,0.37774515,1.0
2227,0.0,0.0,0.0,0.0,-0.90504813,1.0,0.0,2.0,1.0,1.0,1.0,1.0,1.0,1.0,0.0,0.0,3.0,-1.5330217,-0.93269783,0.0
2228,1.0,1.0,0.0,0.0,-0.4962886,1.0,2.0,1.0,0.0,0.0,0.0,0.0,2.0,0.0,0.0,1.0,2.0,0.6543843,-0.22920576,0.0
2229,0.0,0.0,1.0,1.0,-1.2729317,1.0,0.0,2.0,1.0,1.0,1.0,1.0,1.0,1.0,2.0,0.0,3.0,-1.4829284,-0.9962211,0.0
2230,1.0,0.0,1.0,0.0,-1.068552,1.0,2.0,1.0,0.0,0.0,0.0,0.0,0.0,0.0,0.0,1.0,2.0,0.35883403,-0.81049836,1.0
2231,0.0,0.0,1.0,0.0,1.3431294,1.0,2.0,1.0,2.0,2.0,0.0,2.0,2.0,0.0,1.0,1.0,0.0,1.1820334,1.9489961,0.0
2232,1.0,0.0,0.0,0.0,0.36210647,1.0,2.0,0.0,0.0,0.0,2.0,0.0,0.0,2.0,1.0,0.0,3.0,0.008181158,0.12058367,0.0
2233,0.0,0.0,0.0,0.0,-1.2320558,1.0,0.0,2.0,1.0,1.0,1.0,1.0,1.0,1.0,0.0,0.0,1.0,-1.4829284,-0.98966205,0.0
2234,0.0,0.0,1.0,0.0,1.0161217,1.0,0.0,2.0,1.0,1.0,1.0,1.0,1.0,1.0,2.0,0.0,0.0,-1.4979564,-0.5091796,0.0
2235,1.0,0.0,1.0,1.0,-1.1094279,1.0,2.0,1.0,2.0,0.0,2.0,0.0,0.0,0.0,0.0,1.0,2.0,0.6593936,-0.8034946,1.0
2236,1.0,0.0,0.0,0.0,-1.1911799,1.0,0.0,1.0,0.0,2.0,0.0,0.0,0.0,2.0,0.0,0.0,2.0,0.65271455,-0.90074724,0.0
2237,1.0,0.0,1.0,0.0,0.77086604,1.0,2.0,0.0,0.0,0.0,0.0,2.0,2.0,2.0,2.0,1.0,0.0,0.34881538,0.72955793,0.0
2238,0.0,0.0,1.0,0.0,1.4657573,1.0,0.0,0.0,0.0,2.0,0.0,2.0,2.0,0.0,2.0,0.0,0.0,-0.021874802,0.9185492,0.0
2239,0.0,0.0,1.0,1.0,1.3840053,1.0,0.0,0.0,2.0,0.0,0.0,0.0,2.0,0.0,2.0,1.0,2.0,-0.16714528,0.7720476,0.0
2240,0.0,0.0,0.0,0.0,0.44385839,1.0,2.0,1.0,2.0,2.0,2.0,2.0,2.0,2.0,2.0,0.0,1.0,1.6796265,1.1715083,0.0
2241,0.0,0.0,1.0,0.0,-0.4962886,1.0,0.0,2.0,1.0,1.0,1.0,1.0,1.0,1.0,1.0,0.0,3.0,-1.4829284,-0.8304425,0.0
2242,0.0,0.0,0.0,0.0,-1.1094279,1.0,0.0,2.0,1.0,1.0,1.0,1.0,1.0,1.0,0.0,0.0,3.0,-1.4962866,-0.956533,0.0
2243,1.0,0.0,1.0,1.0,0.93436986,1.0,2.0,1.0,0.0,0.0,2.0,0.0,2.0,0.0,0.0,1.0,1.0,0.85642713,1.2622464,0.0
2244,0.0,0.0,0.0,0.0,-0.7824203,1.0,0.0,1.0,0.0,2.0,0.0,0.0,0.0,0.0,1.0,1.0,3.0,0.33044785,-0.57559335,0.0
2245,1.0,0.0,1.0,1.0,0.81174195,1.0,2.0,1.0,0.0,2.0,0.0,2.0,0.0,2.0,0.0,1.0,0.0,0.95160437,1.0543783,0.0
2246,1.0,0.0,1.0,0.0,0.72999007,1.0,2.0,1.0,2.0,0.0,2.0,0.0,2.0,2.0,1.0,1.0,2.0,1.3089364,1.3210115,0.0
2247,0.0,0.0,1.0,0.0,1.629261,1.0,2.0,1.0,0.0,2.0,2.0,0.0,2.0,2.0,1.0,1.0,2.0,1.222108,2.2512264,0.0
2248,1.0,0.0,1.0,0.0,0.77086604,1.0,0.0,0.0,2.0,2.0,2.0,2.0,2.0,2.0,2.0,1.0,1.0,0.61764926,0.8132477,0.0
2249,0.0,0.0,0.0,0.0,-0.7415443,1.0,0.0,1.0,0.0,0.0,0.0,0.0,2.0,2.0,0.0,1.0,3.0,0.83638984,-0.50317633,1.0
2250,0.0,0.0,0.0,0.0,1.2205015,1.0,2.0,2.0,1.0,1.0,1.0,1.0,1.0,1.0,2.0,1.0,1.0,-1.3009229,-0.30980498,0.0
2251,0.0,0.0,1.0,0.0,1.1796255,1.0,2.0,1.0,0.0,0.0,2.0,2.0,2.0,2.0,0.0,1.0,2.0,1.3890855,1.9969554,0.0
2252,1.0,0.0,0.0,0.0,-0.41453668,1.0,0.0,1.0,0.0,2.0,2.0,2.0,0.0,2.0,0.0,1.0,0.0,1.0083767,-0.052398898,0.0
2253,0.0,0.0,0.0,0.0,0.15772669,1.0,0.0,1.0,0.0,0.0,2.0,2.0,0.0,2.0,0.0,1.0,2.0,0.76124996,0.36351523,1.0
2254,0.0,0.0,0.0,0.0,-1.1503038,1.0,0.0,1.0,0.0,0.0,0.0,0.0,0.0,0.0,0.0,1.0,0.0,0.20521468,-0.88387144,1.0
2255,0.0,1.0,0.0,0.0,-0.7824203,1.0,0.0,0.0,0.0,2.0,2.0,0.0,0.0,0.0,0.0,1.0,2.0,-0.33245307,-0.6800721,0.0
2256,1.0,0.0,1.0,0.0,-0.82329625,1.0,0.0,0.0,0.0,0.0,2.0,2.0,2.0,2.0,0.0,1.0,2.0,0.3137501,-0.67558086,0.0
2257,1.0,0.0,0.0,0.0,-0.25103286,1.0,2.0,1.0,0.0,0.0,2.0,2.0,0.0,0.0,0.0,1.0,3.0,0.65271455,0.009323417,0.0
2258,1.0,0.0,0.0,0.0,0.77086604,1.0,2.0,1.0,0.0,2.0,0.0,0.0,0.0,0.0,0.0,0.0,0.0,0.5425093,0.81160235,0.0
2259,1.0,0.0,0.0,0.0,0.9752458,1.0,2.0,1.0,0.0,2.0,0.0,0.0,2.0,2.0,0.0,0.0,2.0,1.1302704,1.4765402,0.0
2260,1.0,0.0,1.0,1.0,0.44385839,1.0,2.0,1.0,0.0,0.0,2.0,2.0,2.0,2.0,1.0,1.0,1.0,1.3206247,0.9744016,0.0
2261,0.0,0.0,1.0,1.0,-0.046653092,1.0,0.0,2.0,1.0,1.0,1.0,1.0,1.0,1.0,0.0,1.0,3.0,-1.5096449,-0.7122451,1.0
2262,0.0,0.0,1.0,1.0,0.93436986,1.0,2.0,0.0,2.0,2.0,0.0,2.0,2.0,0.0,1.0,1.0,1.0,0.34213626,0.86858875,0.0
2263,0.0,0.0,0.0,0.0,-0.9459241,1.0,0.0,2.0,1.0,1.0,1.0,1.0,1.0,1.0,0.0,1.0,2.0,-1.5113146,-0.9257385,0.0
2264,1.0,0.0,0.0,0.0,-1.027676,1.0,2.0,1.0,0.0,0.0,2.0,0.0,2.0,0.0,0.0,1.0,1.0,0.82136184,-0.7242961,1.0
2265,0.0,0.0,0.0,0.0,0.8526179,1.0,0.0,1.0,0.0,2.0,2.0,0.0,2.0,2.0,1.0,1.0,3.0,1.1870427,1.3074486,0.0
2266,0.0,0.0,0.0,1.0,0.56648624,1.0,0.0,1.0,2.0,2.0,0.0,2.0,2.0,2.0,1.0,1.0,0.0,1.3506807,1.1393799,1.0
2267,0.0,0.0,1.0,1.0,0.8526179,0.0,1.0,0.0,2.0,2.0,2.0,0.0,0.0,2.0,0.0,1.0,0.0,-0.53616565,0.10430819,0.0
2268,1.0,0.0,0.0,0.0,-0.53716457,1.0,0.0,1.0,0.0,2.0,2.0,0.0,0.0,0.0,0.0,1.0,2.0,0.45067167,-0.34226698,1.0
2269,1.0,0.0,1.0,1.0,-0.21015692,1.0,2.0,1.0,0.0,2.0,0.0,2.0,0.0,0.0,0.0,1.0,1.0,0.6827705,-0.048485667,0.0
2270,1.0,0.0,0.0,0.0,1.5066332,1.0,2.0,0.0,2.0,2.0,2.0,2.0,0.0,2.0,2.0,1.0,1.0,0.5592071,1.464178,0.0
2271,0.0,0.0,1.0,0.0,0.44385839,1.0,2.0,1.0,2.0,2.0,0.0,0.0,0.0,2.0,0.0,1.0,2.0,0.97999054,0.8211853,0.0
2272,0.0,0.0,0.0,1.0,-0.37366074,1.0,0.0,0.0,0.0,0.0,0.0,2.0,0.0,0.0,1.0,1.0,2.0,-0.51111907,-0.50751203,0.0
2273,0.0,0.0,1.0,1.0,-0.9459241,1.0,0.0,1.0,0.0,0.0,0.0,2.0,0.0,0.0,0.0,1.0,2.0,0.37052247,-0.7173368,0.0
2274,1.0,1.0,0.0,0.0,-1.1911799,0.0,1.0,0.0,0.0,0.0,2.0,0.0,0.0,2.0,0.0,1.0,2.0,-0.78830177,-0.9464831,1.0
2275,1.0,0.0,0.0,0.0,-0.21015692,1.0,0.0,0.0,2.0,2.0,0.0,0.0,0.0,0.0,1.0,0.0,0.0,-0.31074598,-0.3481813,0.0
2276,1.0,0.0,0.0,0.0,0.07597478,1.0,2.0,1.0,2.0,2.0,2.0,2.0,2.0,2.0,1.0,0.0,1.0,1.7197012,0.7285796,0.0
2277,1.0,0.0,1.0,0.0,1.1387496,1.0,2.0,1.0,0.0,2.0,2.0,0.0,2.0,0.0,0.0,1.0,2.0,1.0350932,1.5485126,1.0
2278,0.0,1.0,0.0,0.0,1.5883851,1.0,2.0,1.0,2.0,2.0,0.0,2.0,2.0,0.0,1.0,1.0,1.0,1.1653357,2.1881256,0.0
2279,0.0,1.0,0.0,0.0,-0.9868001,1.0,0.0,1.0,0.0,0.0,2.0,0.0,0.0,0.0,0.0,1.0,0.0,0.31041053,-0.73839265,0.0
2280,0.0,0.0,1.0,0.0,0.3212305,1.0,2.0,0.0,0.0,2.0,0.0,0.0,0.0,0.0,0.0,0.0,1.0,-0.27234113,0.05268023,0.0
2281,1.0,0.0,0.0,0.0,-1.2729317,1.0,0.0,2.0,1.0,1.0,1.0,1.0,1.0,1.0,0.0,0.0,3.0,-1.5063053,-0.99653244,0.0
2282,1.0,0.0,1.0,1.0,1.1796255,0.0,1.0,0.0,2.0,0.0,2.0,0.0,0.0,0.0,0.0,0.0,0.0,-1.0404379,-0.06378284,0.0
2283,1.0,0.0,1.0,1.0,0.44385839,0.0,1.0,0.0,0.0,2.0,0.0,0.0,0.0,0.0,0.0,0.0,1.0,-1.1840386,-0.46095347,0.0
2284,0.0,0.0,1.0,1.0,1.5066332,1.0,2.0,2.0,1.0,1.0,1.0,1.0,1.0,1.0,2.0,1.0,0.0,-1.307602,-0.26113415,0.0
2285,0.0,0.0,1.0,0.0,0.8934939,1.0,2.0,0.0,0.0,0.0,0.0,0.0,2.0,2.0,1.0,1.0,1.0,0.18016805,0.64702433,1.0
2286,1.0,0.0,0.0,0.0,-0.4962886,1.0,0.0,0.0,0.0,0.0,0.0,2.0,0.0,0.0,0.0,0.0,3.0,-0.4927515,-0.55922896,0.0
2287,1.0,1.0,1.0,1.0,1.5883851,1.0,0.0,2.0,1.0,1.0,1.0,1.0,1.0,1.0,2.0,0.0,1.0,-1.5012959,-0.38784721,0.0
2288,0.0,0.0,1.0,0.0,0.93436986,1.0,2.0,0.0,2.0,2.0,0.0,2.0,0.0,0.0,1.0,1.0,1.0,0.043246444,0.5342744,0.0
2289,0.0,0.0,1.0,0.0,1.3840053,1.0,2.0,0.0,2.0,2.0,2.0,0.0,0.0,0.0,2.0,0.0,0.0,0.07163263,0.9381153,0.0
2290,0.0,1.0,1.0,1.0,-0.046653092,1.0,0.0,1.0,0.0,0.0,2.0,2.0,2.0,2.0,0.0,1.0,2.0,1.140289,0.28934172,1.0
2291,0.0,0.0,1.0,0.0,-0.7824203,1.0,0.0,0.0,0.0,0.0,0.0,0.0,0.0,0.0,1.0,0.0,2.0,-0.6998037,-0.74172777,0.0
2292,1.0,0.0,0.0,0.0,-1.1503038,1.0,0.0,2.0,1.0,1.0,1.0,1.0,1.0,1.0,0.0,1.0,1.0,-1.47124,-0.9680281,0.0
2293,0.0,0.0,1.0,1.0,-0.7006684,1.0,0.0,2.0,1.0,1.0,1.0,1.0,1.0,1.0,0.0,0.0,3.0,-1.4929471,-0.87884647,0.0
2294,0.0,1.0,0.0,0.0,0.72999007,1.0,2.0,1.0,2.0,2.0,0.0,0.0,0.0,0.0,0.0,1.0,2.0,0.62265855,0.8240313,0.0
2295,0.0,0.0,1.0,1.0,1.629261,1.0,2.0,1.0,2.0,2.0,2.0,2.0,2.0,2.0,2.0,1.0,1.0,1.7380687,2.7553217,0.0
2296,0.0,1.0,1.0,0.0,0.6482381,1.0,2.0,1.0,2.0,2.0,2.0,2.0,2.0,2.0,0.0,0.0,2.0,1.7597758,1.4133282,1.0
2297,1.0,0.0,0.0,0.0,-1.2729317,1.0,2.0,1.0,0.0,0.0,0.0,0.0,0.0,2.0,0.0,1.0,2.0,0.7295242,-0.96676075,1.0
2298,1.0,0.0,0.0,0.0,-1.027676,1.0,2.0,1.0,0.0,0.0,0.0,0.0,0.0,2.0,0.0,1.0,2.0,0.7362033,-0.72941,1.0
2299,0.0,0.0,1.0,1.0,-0.16928096,1.0,2.0,1.0,0.0,0.0,0.0,2.0,0.0,2.0,1.0,1.0,2.0,0.85809696,0.11055602,0.0
2300,0.0,1.0,1.0,0.0,1.629261,1.0,2.0,1.0,2.0,2.0,2.0,0.0,2.0,2.0,2.0,1.0,2.0,1.5911285,2.5730453,0.0
2301,0.0,0.0,1.0,0.0,-0.37366074,1.0,0.0,0.0,0.0,0.0,0.0,2.0,2.0,0.0,1.0,0.0,0.0,-0.1587964,-0.40621272,0.0
2302,1.0,0.0,0.0,0.0,-0.8641722,1.0,0.0,1.0,0.0,0.0,0.0,0.0,0.0,0.0,0.0,0.0,2.0,0.18183781,-0.66728747,0.0
2303,0.0,0.0,0.0,1.0,-0.29190883,1.0,0.0,0.0,0.0,2.0,0.0,2.0,0.0,0.0,1.0,1.0,1.0,-0.33412284,-0.4421433,0.0
2304,0.0,0.0,1.0,1.0,0.8526179,1.0,0.0,0.0,0.0,0.0,2.0,0.0,0.0,2.0,1.0,0.0,1.0,-0.13875909,0.46085683,0.0
2305,0.0,0.0,1.0,1.0,0.77086604,1.0,0.0,0.0,2.0,2.0,2.0,2.0,2.0,2.0,2.0,0.0,1.0,0.69278914,0.9611055,0.0
2306,0.0,1.0,0.0,0.0,0.56648624,1.0,2.0,1.0,0.0,2.0,2.0,0.0,2.0,2.0,0.0,1.0,2.0,1.3256341,1.157612,0.0
2307,1.0,1.0,0.0,0.0,-1.1094279,0.0,1.0,0.0,0.0,0.0,2.0,2.0,2.0,0.0,0.0,0.0,1.0,-0.6463709,-0.9097743,0.0
2308,0.0,0.0,0.0,0.0,-0.7415443,1.0,0.0,0.0,0.0,2.0,0.0,0.0,0.0,0.0,0.0,0.0,2.0,-0.47772354,-0.6648862,0.0
2309,1.0,0.0,1.0,0.0,0.6482381,1.0,2.0,1.0,2.0,2.0,2.0,0.0,2.0,2.0,0.0,1.0,0.0,1.5594027,1.3582761,0.0
2310,0.0,0.0,0.0,0.0,-1.1094279,1.0,2.0,0.0,2.0,0.0,0.0,0.0,0.0,0.0,0.0,1.0,2.0,-0.36584857,-0.8790021,0.0
2311,1.0,0.0,1.0,1.0,1.0569977,1.0,2.0,0.0,2.0,2.0,2.0,2.0,0.0,0.0,2.0,0.0,1.0,0.22859153,0.8758594,0.0
2312,1.0,0.0,0.0,0.0,-0.61891645,1.0,2.0,1.0,0.0,0.0,2.0,2.0,0.0,0.0,1.0,0.0,2.0,0.73453355,-0.3781531,0.0
2313,1.0,0.0,1.0,0.0,1.3431294,1.0,2.0,1.0,2.0,2.0,2.0,0.0,2.0,0.0,2.0,1.0,2.0,1.155317,1.8173915,0.0
2314,1.0,0.0,0.0,0.0,0.8934939,1.0,0.0,0.0,2.0,2.0,0.0,0.0,2.0,0.0,2.0,1.0,0.0,0.018199813,0.5568644,0.0
2315,0.0,0.0,0.0,0.0,-0.8641722,1.0,2.0,1.0,0.0,0.0,2.0,0.0,2.0,2.0,0.0,1.0,0.0,1.1052238,-0.5137154,1.0
2316,1.0,0.0,1.0,0.0,-0.37366074,1.0,0.0,0.0,2.0,0.0,0.0,0.0,0.0,2.0,0.0,1.0,0.0,-0.16046618,-0.380043,0.0
2317,1.0,0.0,0.0,0.0,-1.2729317,1.0,0.0,0.0,2.0,0.0,0.0,0.0,0.0,0.0,0.0,0.0,2.0,-0.5011004,-0.9831474,0.0
2318,1.0,0.0,0.0,0.0,-0.7006684,1.0,2.0,0.0,0.0,2.0,0.0,2.0,0.0,0.0,0.0,1.0,1.0,-0.20555012,-0.5873997,1.0
2319,0.0,0.0,0.0,0.0,-1.2729317,1.0,0.0,0.0,0.0,0.0,2.0,2.0,2.0,2.0,1.0,0.0,1.0,0.31208032,-0.9723193,0.0
2320,0.0,0.0,0.0,0.0,-1.2320558,1.0,0.0,1.0,0.0,2.0,0.0,0.0,2.0,0.0,0.0,1.0,0.0,0.7478917,-0.92355955,1.0
2321,1.0,0.0,0.0,0.0,-0.25103286,1.0,2.0,1.0,0.0,0.0,0.0,0.0,0.0,2.0,0.0,1.0,2.0,0.6410261,-0.0028609587,1.0
2322,1.0,0.0,0.0,1.0,-1.1911799,1.0,0.0,0.0,2.0,0.0,2.0,0.0,0.0,0.0,0.0,0.0,3.0,-0.29571798,-0.93521035,0.0
2323,1.0,0.0,0.0,0.0,-1.2729317,1.0,0.0,0.0,2.0,0.0,0.0,2.0,0.0,0.0,0.0,1.0,2.0,-0.36083925,-0.98127973,1.0
2324,1.0,0.0,1.0,1.0,1.5883851,1.0,2.0,1.0,0.0,2.0,0.0,0.0,2.0,2.0,1.0,0.0,0.0,1.1953917,2.1581094,0.0
2325,0.0,0.0,1.0,1.0,1.5883851,1.0,0.0,2.0,1.0,1.0,1.0,1.0,1.0,1.0,2.0,0.0,1.0,-1.4979564,-0.38391176,0.0
2326,0.0,0.0,1.0,1.0,-0.7415443,1.0,2.0,1.0,0.0,0.0,0.0,2.0,2.0,0.0,0.0,1.0,2.0,0.89817154,-0.42673495,1.0
2327,0.0,0.0,0.0,0.0,-0.4962886,1.0,0.0,2.0,1.0,1.0,1.0,1.0,1.0,1.0,1.0,0.0,3.0,-1.5113146,-0.8259956,0.0
2328,1.0,0.0,1.0,1.0,1.4657573,1.0,2.0,1.0,2.0,2.0,2.0,2.0,2.0,2.0,2.0,1.0,0.0,1.6679381,2.4854422,0.0
2329,0.0,0.0,1.0,0.0,0.19860265,1.0,2.0,0.0,0.0,2.0,0.0,2.0,0.0,2.0,1.0,0.0,3.0,0.2452893,0.17688082,0.0
2330,1.0,1.0,0.0,0.0,-1.2729317,1.0,0.0,1.0,0.0,0.0,0.0,0.0,0.0,0.0,0.0,1.0,0.0,0.15846096,-0.9743649,1.0
2331,1.0,0.0,0.0,0.0,-0.5780405,1.0,0.0,2.0,1.0,1.0,1.0,1.0,1.0,1.0,1.0,0.0,3.0,-1.5063053,-0.82239366,0.0
2332,0.0,0.0,1.0,1.0,1.5475092,0.0,1.0,0.0,0.0,2.0,2.0,2.0,2.0,2.0,1.0,1.0,0.0,-0.21222922,0.82378674,0.0
2333,0.0,0.0,0.0,0.0,-1.2729317,1.0,0.0,0.0,0.0,0.0,0.0,0.0,0.0,2.0,0.0,1.0,3.0,-0.33412284,-0.98092395,1.0
2334,1.0,0.0,1.0,0.0,-1.1911799,1.0,2.0,1.0,0.0,0.0,0.0,2.0,0.0,0.0,0.0,1.0,0.0,0.4974254,-0.893321,1.0
2335,0.0,0.0,1.0,1.0,0.81174195,1.0,0.0,2.0,1.0,1.0,1.0,1.0,1.0,1.0,1.0,0.0,1.0,-1.5079751,-0.5550711,0.0
2336,1.0,0.0,1.0,1.0,1.0161217,1.0,0.0,1.0,0.0,2.0,2.0,0.0,2.0,2.0,1.0,1.0,1.0,1.0952051,1.4840777,0.0
2337,1.0,0.0,0.0,0.0,0.81174195,1.0,0.0,1.0,0.0,0.0,2.0,0.0,0.0,2.0,0.0,1.0,1.0,0.6360168,0.9208393,0.0
2338,1.0,0.0,0.0,0.0,0.116850734,1.0,0.0,0.0,2.0,2.0,2.0,0.0,0.0,0.0,1.0,0.0,3.0,-0.11872178,-0.10647263,0.0
2339,0.0,1.0,0.0,0.0,-1.1503038,1.0,2.0,1.0,0.0,0.0,2.0,0.0,0.0,2.0,0.0,1.0,2.0,0.80466413,-0.8396475,1.0
2340,0.0,0.0,1.0,0.0,0.6891141,1.0,2.0,0.0,2.0,2.0,2.0,0.0,0.0,2.0,1.0,0.0,2.0,0.23527063,0.538699,0.0
2341,0.0,0.0,0.0,0.0,-1.2320558,1.0,0.0,2.0,1.0,1.0,1.0,1.0,1.0,1.0,0.0,0.0,3.0,-1.4729098,-0.9880612,1.0
2342,0.0,0.0,1.0,0.0,1.2613775,1.0,2.0,1.0,0.0,2.0,2.0,0.0,2.0,2.0,1.0,1.0,2.0,1.4274904,2.051385,1.0
2343,1.0,0.0,0.0,0.0,-0.29190883,1.0,0.0,1.0,0.0,0.0,0.0,0.0,0.0,0.0,0.0,0.0,3.0,0.20688446,-0.21935599,1.0
2344,0.0,0.0,0.0,0.0,-0.7006684,1.0,2.0,0.0,2.0,0.0,0.0,0.0,0.0,0.0,0.0,1.0,3.0,-0.3023971,-0.6051427,1.0
2345,0.0,0.0,1.0,0.0,0.36210647,1.0,0.0,2.0,1.0,1.0,1.0,1.0,1.0,1.0,2.0,0.0,1.0,-1.4729098,-0.6159263,0.0
2346,1.0,0.0,1.0,1.0,0.72999007,1.0,0.0,1.0,0.0,2.0,2.0,2.0,2.0,2.0,1.0,1.0,0.0,1.2905688,1.3232795,0.0
2347,0.0,0.0,0.0,0.0,0.19860265,1.0,2.0,1.0,0.0,2.0,2.0,0.0,2.0,2.0,0.0,1.0,0.0,1.2404755,0.5712944,1.0
2348,0.0,0.0,0.0,0.0,-1.068552,1.0,2.0,1.0,2.0,0.0,0.0,0.0,0.0,0.0,0.0,1.0,2.0,0.47738808,-0.81205475,1.0
2349,0.0,0.0,1.0,1.0,1.5475092,1.0,2.0,0.0,2.0,0.0,0.0,0.0,0.0,2.0,1.0,0.0,0.0,0.01486026,1.0150014,0.0
2350,0.0,0.0,1.0,0.0,0.44385839,1.0,0.0,0.0,2.0,0.0,2.0,2.0,2.0,2.0,2.0,1.0,2.0,0.46903923,0.53347397,0.0
2351,1.0,0.0,0.0,0.0,-1.2729317,1.0,2.0,1.0,0.0,0.0,0.0,0.0,0.0,0.0,0.0,1.0,2.0,0.35215494,-0.97178566,1.0
2352,1.0,0.0,1.0,1.0,1.4657573,1.0,0.0,0.0,2.0,2.0,0.0,2.0,2.0,2.0,2.0,0.0,0.0,0.604291,1.5634317,0.0
2353,1.0,0.0,0.0,0.0,-0.25103286,1.0,2.0,0.0,2.0,2.0,0.0,0.0,0.0,0.0,1.0,0.0,2.0,-0.10703336,-0.30180064,0.0
2354,0.0,0.0,0.0,0.0,0.77086604,1.0,2.0,1.0,0.0,2.0,2.0,2.0,2.0,2.0,1.0,1.0,2.0,1.5610725,1.5308808,0.0
2355,1.0,0.0,0.0,0.0,-0.7006684,1.0,2.0,1.0,0.0,2.0,0.0,2.0,0.0,2.0,0.0,0.0,2.0,1.0334234,-0.3599877,0.0
2356,0.0,0.0,1.0,0.0,-0.16928096,1.0,0.0,2.0,1.0,1.0,1.0,1.0,1.0,1.0,0.0,0.0,3.0,-1.4779191,-0.75489044,0.0
2357,0.0,0.0,0.0,0.0,1.1796255,1.0,2.0,0.0,0.0,2.0,2.0,2.0,2.0,2.0,2.0,0.0,1.0,0.797985,1.361011,0.0
2358,1.0,0.0,0.0,0.0,1.5883851,1.0,2.0,1.0,0.0,0.0,2.0,2.0,0.0,0.0,2.0,1.0,1.0,0.7228451,1.739327,0.0
2359,0.0,1.0,0.0,0.0,0.116850734,1.0,2.0,1.0,2.0,0.0,0.0,0.0,2.0,2.0,0.0,1.0,2.0,1.1452984,0.57540774,0.0
2360,1.0,1.0,1.0,0.0,-0.8641722,1.0,0.0,2.0,1.0,1.0,1.0,1.0,1.0,1.0,0.0,0.0,3.0,-1.4962866,-0.9097743,1.0
2361,1.0,0.0,1.0,1.0,0.48473433,1.0,2.0,2.0,1.0,1.0,1.0,1.0,1.0,1.0,1.0,0.0,3.0,-1.3042624,-0.5114475,0.0
2362,0.0,1.0,0.0,0.0,0.93436986,1.0,2.0,1.0,0.0,0.0,2.0,0.0,2.0,2.0,1.0,1.0,2.0,1.1820334,1.4003656,0.0
2363,1.0,0.0,1.0,1.0,1.4657573,1.0,2.0,2.0,1.0,1.0,1.0,1.0,1.0,1.0,2.0,0.0,3.0,-1.3025926,-0.25546443,0.0
2364,0.0,0.0,0.0,0.0,0.03509882,1.0,0.0,1.0,0.0,2.0,0.0,2.0,0.0,0.0,1.0,1.0,0.0,0.5074441,0.18864276,0.0
2365,0.0,1.0,1.0,0.0,-1.2729317,1.0,0.0,0.0,0.0,0.0,0.0,0.0,0.0,0.0,0.0,0.0,2.0,-0.62633353,-0.98481494,1.0
2366,1.0,0.0,0.0,0.0,-0.41453668,1.0,2.0,1.0,0.0,2.0,0.0,0.0,2.0,2.0,0.0,1.0,2.0,1.1987312,0.06906688,0.0
2367,0.0,0.0,0.0,0.0,-0.82329625,1.0,0.0,1.0,0.0,0.0,2.0,0.0,2.0,2.0,0.0,1.0,2.0,1.043442,-0.53297025,1.0
2368,0.0,0.0,1.0,1.0,1.629261,1.0,2.0,1.0,2.0,2.0,2.0,2.0,2.0,2.0,2.0,1.0,0.0,1.6145053,2.662716,0.0
2369,0.0,0.0,0.0,0.0,0.19860265,1.0,2.0,0.0,2.0,0.0,0.0,0.0,2.0,0.0,1.0,0.0,0.0,-0.003507271,0.038783815,0.0
2370,0.0,0.0,0.0,0.0,-0.9868001,1.0,0.0,0.0,2.0,0.0,0.0,0.0,0.0,0.0,0.0,1.0,2.0,-0.49776083,-0.8427158,1.0
2371,0.0,0.0,1.0,0.0,0.9752458,1.0,2.0,1.0,0.0,2.0,0.0,0.0,2.0,2.0,1.0,1.0,2.0,1.1185819,1.4442116,1.0
2372,0.0,0.0,0.0,1.0,-1.2320558,1.0,2.0,1.0,0.0,0.0,0.0,0.0,2.0,2.0,0.0,1.0,0.0,0.9833301,-0.9190905,1.0
2373,0.0,1.0,0.0,0.0,-0.08752905,1.0,2.0,1.0,0.0,2.0,0.0,0.0,2.0,2.0,0.0,1.0,2.0,1.1670054,0.31426635,1.0
2374,0.0,0.0,1.0,1.0,1.1387496,0.0,1.0,0.0,0.0,2.0,0.0,0.0,2.0,2.0,0.0,1.0,2.0,-0.5011004,0.3596687,0.0
2375,1.0,0.0,1.0,1.0,1.629261,1.0,2.0,0.0,2.0,2.0,2.0,2.0,2.0,2.0,2.0,1.0,3.0,0.82303166,1.8302873,0.0
2376,1.0,1.0,1.0,0.0,-0.82329625,1.0,0.0,1.0,0.0,0.0,0.0,0.0,0.0,2.0,0.0,1.0,2.0,0.5241418,-0.58273053,1.0
2377,1.0,0.0,0.0,1.0,-0.08752905,1.0,2.0,2.0,1.0,1.0,1.0,1.0,1.0,1.0,1.0,0.0,0.0,-1.3159509,-0.68362963,0.0
2378,1.0,0.0,1.0,0.0,-0.41453668,1.0,0.0,0.0,2.0,0.0,0.0,2.0,0.0,0.0,1.0,1.0,1.0,-0.28402957,-0.43064818,0.0
2379,0.0,0.0,0.0,0.0,0.4029824,1.0,0.0,2.0,1.0,1.0,1.0,1.0,1.0,1.0,1.0,1.0,3.0,-1.4729098,-0.57921755,0.0
2380,0.0,0.0,0.0,0.0,-0.7824203,1.0,2.0,1.0,2.0,0.0,0.0,0.0,2.0,2.0,0.0,1.0,2.0,1.1887125,-0.40100992,1.0
2381,1.0,0.0,0.0,0.0,-1.2729317,1.0,0.0,0.0,0.0,0.0,2.0,0.0,0.0,0.0,0.0,1.0,2.0,-0.47605377,-0.9828139,1.0
2382,0.0,0.0,0.0,0.0,-0.7415443,1.0,0.0,0.0,0.0,0.0,0.0,2.0,2.0,2.0,0.0,1.0,2.0,0.16347028,-0.5955375,0.0
2383,0.0,0.0,1.0,1.0,1.0569977,1.0,0.0,1.0,2.0,2.0,0.0,0.0,2.0,2.0,1.0,0.0,1.0,1.1519774,1.5946486,0.0
2384,0.0,0.0,0.0,0.0,-0.82329625,1.0,2.0,1.0,0.0,0.0,0.0,2.0,0.0,0.0,0.0,1.0,1.0,0.49408585,-0.57915086,0.0
2385,0.0,0.0,1.0,1.0,0.6073622,1.0,0.0,2.0,1.0,1.0,1.0,1.0,1.0,1.0,2.0,0.0,1.0,-1.4929471,-0.553159,0.0
2386,1.0,0.0,1.0,1.0,-1.1503038,1.0,0.0,2.0,1.0,1.0,1.0,1.0,1.0,1.0,2.0,0.0,1.0,-1.5113146,-0.9622027,0.0
2387,0.0,0.0,0.0,0.0,-1.068552,1.0,0.0,0.0,0.0,0.0,0.0,2.0,0.0,0.0,0.0,1.0,0.0,-0.4660351,-0.8771789,1.0
2388,0.0,0.0,1.0,1.0,1.3022535,1.0,2.0,1.0,2.0,0.0,0.0,2.0,2.0,2.0,1.0,1.0,0.0,1.3239644,1.983726,0.0
2389,0.0,0.0,1.0,1.0,1.1387496,1.0,0.0,2.0,1.0,1.0,1.0,1.0,1.0,1.0,2.0,1.0,1.0,-1.5196635,-0.51467144,0.0
2390,1.0,0.0,0.0,0.0,-1.2729317,1.0,0.0,1.0,0.0,0.0,0.0,0.0,0.0,0.0,0.0,1.0,2.0,0.17014939,-0.97420925,1.0
2391,0.0,0.0,0.0,0.0,0.3212305,1.0,2.0,0.0,0.0,0.0,2.0,2.0,2.0,2.0,1.0,1.0,3.0,0.5341605,0.4215689,0.0
2392,0.0,0.0,0.0,1.0,-1.1503038,1.0,2.0,1.0,0.0,0.0,2.0,2.0,0.0,0.0,0.0,1.0,3.0,0.74622196,-0.8534327,1.0
2393,1.0,0.0,1.0,1.0,0.81174195,1.0,0.0,0.0,0.0,2.0,2.0,2.0,2.0,0.0,1.0,1.0,2.0,0.13341433,0.5435016,0.0
2394,1.0,1.0,0.0,0.0,-0.9459241,1.0,2.0,1.0,0.0,0.0,2.0,0.0,2.0,2.0,0.0,1.0,2.0,1.1937218,-0.5967826,1.0
2395,1.0,1.0,0.0,0.0,0.81174195,0.0,1.0,0.0,0.0,2.0,0.0,0.0,2.0,2.0,0.0,1.0,2.0,-0.5211377,0.12907717,1.0
2396,1.0,0.0,1.0,1.0,0.48473433,0.0,1.0,0.0,2.0,2.0,2.0,2.0,0.0,2.0,2.0,1.0,1.0,-0.3574997,0.05094596,0.0
2397,0.0,1.0,0.0,0.0,-0.37366074,1.0,0.0,1.0,2.0,0.0,0.0,0.0,0.0,0.0,0.0,1.0,0.0,0.35549447,-0.274408,0.0
2398,0.0,0.0,0.0,0.0,-0.37366074,1.0,2.0,1.0,0.0,2.0,0.0,0.0,2.0,2.0,0.0,1.0,1.0,1.1336099,-0.0051288535,0.0
2399,1.0,1.0,0.0,0.0,-0.7006684,1.0,2.0,1.0,0.0,0.0,0.0,0.0,0.0,0.0,0.0,0.0,2.0,0.36384335,-0.49537212,1.0
2400,0.0,0.0,0.0,0.0,0.77086604,1.0,0.0,2.0,1.0,1.0,1.0,1.0,1.0,1.0,1.0,1.0,0.0,-1.4996262,-0.5619415,0.0
2401,0.0,0.0,0.0,0.0,1.629261,1.0,2.0,1.0,2.0,2.0,2.0,2.0,2.0,2.0,2.0,0.0,1.0,1.6796265,2.732309,0.0
2402,0.0,1.0,1.0,0.0,0.8934939,1.0,0.0,2.0,1.0,1.0,1.0,1.0,1.0,1.0,2.0,1.0,3.0,-1.5296822,-0.5467555,0.0
2403,0.0,0.0,0.0,0.0,-0.41453668,1.0,2.0,1.0,0.0,0.0,0.0,0.0,2.0,0.0,0.0,1.0,0.0,0.6477052,-0.19507617,0.0
2404,1.0,0.0,0.0,0.0,-1.1094279,1.0,0.0,0.0,0.0,0.0,2.0,2.0,2.0,2.0,0.0,0.0,0.0,0.3471456,-0.8306648,0.0
2405,1.0,0.0,0.0,0.0,-0.8641722,1.0,0.0,1.0,0.0,2.0,0.0,0.0,0.0,0.0,0.0,0.0,2.0,0.3404665,-0.6426297,1.0
2406,0.0,0.0,0.0,0.0,0.8934939,1.0,2.0,1.0,0.0,2.0,2.0,2.0,2.0,2.0,0.0,0.0,2.0,1.5477142,1.6694447,1.0
2407,1.0,0.0,0.0,1.0,1.5883851,1.0,2.0,1.0,2.0,2.0,0.0,0.0,0.0,0.0,1.0,1.0,1.0,0.6911194,1.6757147,0.0
2408,1.0,0.0,1.0,1.0,-0.9868001,1.0,0.0,2.0,1.0,1.0,1.0,1.0,1.0,1.0,2.0,0.0,3.0,-1.5046356,-0.94735026,0.0
2409,0.0,0.0,0.0,0.0,-0.8641722,1.0,0.0,0.0,2.0,0.0,0.0,0.0,0.0,0.0,0.0,0.0,1.0,-0.541175,-0.78248316,1.0
2410,0.0,0.0,1.0,0.0,-0.53716457,1.0,2.0,1.0,0.0,0.0,0.0,0.0,2.0,0.0,0.0,1.0,2.0,0.7378731,-0.30960485,0.0
2411,0.0,0.0,0.0,0.0,-1.2729317,1.0,0.0,2.0,1.0,1.0,1.0,1.0,1.0,1.0,0.0,0.0,2.0,-1.5330217,-0.99688816,0.0
2412,0.0,0.0,1.0,1.0,0.81174195,1.0,0.0,2.0,1.0,1.0,1.0,1.0,1.0,1.0,2.0,0.0,3.0,-1.4996262,-0.5292349,0.0
2413,1.0,0.0,1.0,1.0,1.5066332,1.0,2.0,1.0,0.0,2.0,2.0,0.0,2.0,2.0,2.0,1.0,2.0,1.3440017,2.2399313,0.0
2414,1.0,0.0,1.0,0.0,1.629261,1.0,2.0,1.0,2.0,2.0,2.0,2.0,2.0,2.0,2.0,0.0,0.0,1.6829661,2.707607,0.0
2415,0.0,0.0,0.0,0.0,1.2613775,1.0,0.0,1.0,0.0,0.0,2.0,2.0,2.0,0.0,1.0,1.0,1.0,0.8447387,1.5814637,0.0
2416,0.0,0.0,1.0,0.0,-1.2729317,1.0,0.0,2.0,1.0,1.0,1.0,1.0,1.0,1.0,0.0,1.0,0.0,-1.4845982,-0.99624336,0.0
2417,1.0,0.0,0.0,0.0,-1.2320558,1.0,0.0,2.0,1.0,1.0,1.0,1.0,1.0,1.0,0.0,1.0,1.0,-1.4979564,-0.9902846,0.0
2418,1.0,0.0,0.0,0.0,-0.9459241,1.0,2.0,1.0,0.0,2.0,0.0,0.0,2.0,2.0,0.0,1.0,1.0,1.1536472,-0.5967159,0.0
2419,1.0,0.0,0.0,0.0,-0.29190883,1.0,0.0,1.0,0.0,0.0,0.0,0.0,0.0,0.0,0.0,0.0,2.0,0.16680984,-0.23625402,0.0
2420,0.0,0.0,0.0,0.0,-0.08752905,1.0,0.0,1.0,0.0,0.0,0.0,2.0,2.0,2.0,1.0,1.0,0.0,0.9900092,0.16785371,0.0
2421,1.0,0.0,0.0,0.0,-1.027676,1.0,0.0,1.0,0.0,0.0,0.0,0.0,0.0,0.0,0.0,0.0,0.0,0.14677253,-0.787975,0.0
2422,0.0,0.0,1.0,1.0,-1.068552,1.0,0.0,2.0,1.0,1.0,1.0,1.0,1.0,1.0,2.0,0.0,3.0,-1.4912773,-0.96064633,0.0
2423,1.0,0.0,0.0,0.0,0.8526179,0.0,1.0,0.0,2.0,2.0,0.0,0.0,0.0,2.0,0.0,1.0,0.0,-0.6163149,0.12727618,0.0
2424,1.0,0.0,0.0,0.0,-1.2729317,1.0,0.0,0.0,0.0,0.0,0.0,0.0,2.0,2.0,0.0,1.0,3.0,-0.06528897,-0.9773443,0.0
2425,0.0,0.0,1.0,1.0,0.44385839,1.0,0.0,0.0,0.0,2.0,0.0,0.0,0.0,0.0,0.0,0.0,3.0,-0.48607242,-0.04057027,0.0
2426,1.0,0.0,0.0,1.0,1.2205015,1.0,2.0,2.0,1.0,1.0,1.0,1.0,1.0,1.0,2.0,1.0,3.0,-1.3476766,-0.3769302,0.0
2427,0.0,1.0,1.0,0.0,0.116850734,1.0,2.0,1.0,0.0,0.0,2.0,0.0,2.0,2.0,0.0,0.0,0.0,1.2454848,0.5300276,0.0
2428,0.0,0.0,0.0,0.0,-0.5780405,1.0,2.0,0.0,0.0,0.0,0.0,0.0,0.0,0.0,0.0,1.0,2.0,-0.48273286,-0.59913945,0.0
2429,0.0,0.0,0.0,0.0,-1.1911799,1.0,2.0,0.0,0.0,0.0,0.0,0.0,0.0,0.0,0.0,1.0,3.0,-0.47104442,-0.9379896,1.0
2430,0.0,1.0,0.0,0.0,0.28035456,1.0,2.0,1.0,0.0,0.0,2.0,0.0,2.0,2.0,0.0,1.0,2.0,1.1686752,0.78947926,0.0
2431,0.0,0.0,1.0,1.0,1.4248813,0.0,1.0,0.0,2.0,2.0,0.0,0.0,0.0,0.0,2.0,0.0,0.0,-0.95527935,0.07729356,0.0
2432,1.0,0.0,0.0,0.0,-1.1911799,1.0,0.0,0.0,0.0,0.0,0.0,0.0,0.0,0.0,0.0,1.0,2.0,-0.64804065,-0.9423475,1.0
2433,1.0,0.0,1.0,1.0,1.4657573,1.0,2.0,0.0,0.0,2.0,2.0,2.0,0.0,2.0,1.0,1.0,0.0,0.36885267,1.3488711,1.0
2434,0.0,0.0,1.0,1.0,-1.027676,1.0,0.0,0.0,2.0,0.0,0.0,0.0,0.0,0.0,0.0,0.0,3.0,-0.46937466,-0.849475,0.0
2435,1.0,0.0,0.0,0.0,-1.2729317,1.0,2.0,2.0,1.0,1.0,1.0,1.0,1.0,1.0,0.0,1.0,3.0,-1.359365,-0.9945758,1.0
2436,0.0,1.0,0.0,0.0,0.48473433,1.0,0.0,1.0,0.0,2.0,2.0,0.0,0.0,2.0,1.0,0.0,1.0,0.8146828,0.76935726,0.0
2437,1.0,0.0,0.0,1.0,-1.2729317,1.0,0.0,0.0,0.0,0.0,0.0,2.0,0.0,0.0,0.0,1.0,3.0,-0.49609107,-0.9830807,1.0
2438,0.0,0.0,0.0,0.0,-1.2729317,1.0,0.0,0.0,2.0,0.0,0.0,0.0,0.0,0.0,0.0,1.0,0.0,-0.54451454,-0.9837255,0.0
2439,0.0,0.0,1.0,0.0,1.3022535,1.0,0.0,1.0,2.0,0.0,2.0,0.0,2.0,2.0,2.0,1.0,0.0,1.1436286,1.8299538,0.0
2440,1.0,0.0,1.0,1.0,0.93436986,1.0,0.0,2.0,1.0,1.0,1.0,1.0,1.0,1.0,2.0,0.0,0.0,-1.5163239,-0.4924372,0.0
2441,1.0,0.0,1.0,0.0,-0.33278477,1.0,2.0,1.0,0.0,0.0,2.0,0.0,2.0,2.0,0.0,1.0,2.0,1.2120893,0.058327734,1.0
2442,0.0,0.0,1.0,0.0,0.72999007,1.0,2.0,0.0,0.0,0.0,2.0,0.0,2.0,2.0,1.0,0.0,0.0,0.36551315,0.71841854,0.0
2443,0.0,0.0,0.0,1.0,1.3431294,0.0,1.0,0.0,0.0,2.0,0.0,2.0,2.0,0.0,2.0,0.0,3.0,-0.6513802,0.29941386,0.0
2444,1.0,0.0,0.0,1.0,0.8934939,1.0,0.0,1.0,2.0,2.0,0.0,2.0,2.0,2.0,1.0,1.0,2.0,1.3723878,1.5857549,0.0
2445,0.0,1.0,1.0,0.0,-0.61891645,1.0,2.0,1.0,0.0,0.0,0.0,0.0,2.0,2.0,0.0,1.0,2.0,0.9282275,-0.2872372,0.0
2446,1.0,0.0,0.0,0.0,0.4029824,1.0,2.0,1.0,0.0,0.0,0.0,2.0,2.0,2.0,0.0,1.0,2.0,1.1870427,0.8726132,0.0
2447,0.0,0.0,1.0,1.0,1.4248813,1.0,2.0,1.0,0.0,2.0,2.0,2.0,2.0,2.0,1.0,1.0,1.0,1.5894586,2.2802644,0.0
2448,0.0,0.0,0.0,0.0,1.4248813,1.0,2.0,2.0,1.0,1.0,1.0,1.0,1.0,1.0,2.0,1.0,3.0,-1.2909043,-0.22282453,0.0
2449,0.0,0.0,1.0,0.0,1.629261,1.0,2.0,1.0,2.0,0.0,2.0,0.0,2.0,2.0,2.0,1.0,1.0,1.3440017,2.3698018,0.0
2450,1.0,0.0,0.0,0.0,0.52561027,1.0,0.0,0.0,2.0,0.0,2.0,0.0,2.0,2.0,0.0,1.0,2.0,0.373862,0.45054016,0.0
2451,1.0,0.0,1.0,1.0,-0.41453668,1.0,0.0,2.0,1.0,1.0,1.0,1.0,1.0,1.0,1.0,0.0,0.0,-1.486268,-0.78815293,0.0
2452,1.0,0.0,0.0,0.0,0.116850734,1.0,2.0,2.0,1.0,1.0,1.0,1.0,1.0,1.0,0.0,1.0,2.0,-1.307602,-0.6044979,0.0
2453,1.0,0.0,1.0,1.0,0.2394786,1.0,2.0,0.0,2.0,0.0,2.0,2.0,2.0,2.0,2.0,1.0,0.0,0.6894496,0.46085683,0.0
2454,0.0,0.0,1.0,1.0,1.629261,1.0,2.0,1.0,2.0,2.0,2.0,2.0,2.0,2.0,2.0,1.0,1.0,1.7247105,2.793787,0.0
2455,1.0,0.0,1.0,1.0,1.629261,1.0,0.0,0.0,2.0,2.0,0.0,2.0,2.0,0.0,2.0,0.0,0.0,0.121725895,1.1538321,0.0
2456,1.0,0.0,1.0,0.0,0.93436986,1.0,0.0,0.0,2.0,2.0,2.0,0.0,0.0,0.0,2.0,0.0,2.0,-0.20555012,0.35929072,0.0
2457,1.0,0.0,0.0,0.0,-0.45541266,0.0,1.0,0.0,0.0,2.0,0.0,2.0,0.0,0.0,0.0,1.0,3.0,-0.9602887,-0.6583493,0.0
2458,0.0,0.0,1.0,0.0,0.6073622,1.0,2.0,1.0,2.0,2.0,2.0,0.0,2.0,0.0,0.0,1.0,2.0,1.1352797,1.0107992,1.0
2459,0.0,0.0,0.0,0.0,0.56648624,1.0,2.0,1.0,0.0,0.0,0.0,0.0,2.0,2.0,0.0,0.0,0.0,1.0451118,0.95112234,1.0
2460,1.0,0.0,1.0,0.0,1.629261,1.0,2.0,0.0,2.0,2.0,2.0,2.0,0.0,2.0,2.0,1.0,0.0,0.5859235,1.654192,0.0
2461,0.0,1.0,1.0,0.0,0.77086604,1.0,2.0,1.0,2.0,0.0,0.0,0.0,0.0,0.0,0.0,1.0,2.0,0.42562506,0.68780196,1.0
2462,0.0,0.0,1.0,1.0,1.629261,1.0,2.0,2.0,1.0,1.0,1.0,1.0,1.0,1.0,1.0,1.0,0.0,-1.3844117,-0.2834796,0.0
2463,0.0,1.0,1.0,0.0,0.93436986,1.0,2.0,1.0,0.0,2.0,2.0,2.0,0.0,0.0,0.0,0.0,2.0,0.85809696,1.2380778,0.0
2464,0.0,0.0,1.0,1.0,-1.2729317,1.0,0.0,2.0,1.0,1.0,1.0,1.0,1.0,1.0,0.0,1.0,2.0,-1.4612213,-0.9959321,1.0
2465,1.0,0.0,1.0,1.0,0.56648624,1.0,2.0,1.0,0.0,2.0,0.0,0.0,0.0,0.0,0.0,1.0,0.0,0.50911385,0.67105955,0.0
2466,1.0,0.0,1.0,1.0,-0.9459241,0.0,1.0,0.0,0.0,2.0,0.0,0.0,0.0,0.0,0.0,1.0,2.0,-1.1623316,-0.8945661,1.0
2467,1.0,0.0,1.0,0.0,-0.046653092,1.0,2.0,0.0,0.0,0.0,2.0,2.0,2.0,2.0,1.0,1.0,3.0,0.48573697,0.09932771,0.0
2468,0.0,0.0,0.0,0.0,-0.82329625,1.0,0.0,2.0,1.0,1.0,1.0,1.0,1.0,1.0,1.0,1.0,0.0,-1.5163239,-0.9077288,0.0
2469,1.0,0.0,1.0,0.0,0.36210647,1.0,2.0,0.0,0.0,0.0,2.0,0.0,2.0,2.0,1.0,1.0,2.0,0.27534527,0.32931894,1.0
2470,1.0,0.0,0.0,0.0,-1.2729317,1.0,0.0,2.0,1.0,1.0,1.0,1.0,1.0,1.0,0.0,0.0,3.0,-1.4946169,-0.9963768,0.0
2471,1.0,0.0,0.0,1.0,-0.21015692,1.0,2.0,1.0,0.0,0.0,0.0,2.0,0.0,0.0,0.0,1.0,2.0,0.49241608,-0.035612028,1.0
2472,0.0,1.0,1.0,1.0,-1.2729317,1.0,0.0,1.0,0.0,0.0,0.0,0.0,0.0,0.0,0.0,1.0,2.0,0.15011208,-0.97447604,1.0
2473,0.0,0.0,1.0,1.0,-1.1094279,0.0,1.0,0.0,0.0,0.0,0.0,0.0,0.0,0.0,0.0,0.0,3.0,-1.3259696,-0.9494625,0.0
2474,1.0,0.0,0.0,0.0,1.2205015,0.0,1.0,0.0,2.0,2.0,2.0,2.0,0.0,0.0,2.0,1.0,0.0,-0.70314324,0.15904894,0.0
2475,1.0,0.0,0.0,0.0,-0.9868001,1.0,0.0,0.0,0.0,0.0,0.0,0.0,0.0,0.0,0.0,0.0,3.0,-0.7081526,-0.85612303,0.0
2476,1.0,0.0,0.0,0.0,-1.2320558,1.0,0.0,0.0,0.0,0.0,0.0,0.0,0.0,0.0,0.0,1.0,1.0,-0.62633353,-0.9676946,1.0
2477,1.0,1.0,0.0,0.0,-0.90504813,1.0,2.0,1.0,0.0,0.0,0.0,0.0,2.0,2.0,0.0,1.0,2.0,1.021735,-0.60578746,1.0
2478,0.0,0.0,0.0,0.0,-1.1094279,0.0,1.0,0.0,0.0,0.0,2.0,0.0,0.0,2.0,0.0,0.0,2.0,-0.8434044,-0.9115531,1.0
2479,0.0,0.0,0.0,0.0,-1.1503038,1.0,0.0,0.0,2.0,0.0,0.0,0.0,0.0,0.0,0.0,1.0,0.0,-0.47438398,-0.9004804,0.0
2480,0.0,0.0,1.0,1.0,-0.37366074,1.0,2.0,2.0,1.0,1.0,1.0,1.0,1.0,1.0,2.0,0.0,3.0,-1.3242998,-0.7333677,0.0
2481,0.0,0.0,0.0,0.0,-1.1094279,1.0,0.0,2.0,1.0,1.0,1.0,1.0,1.0,1.0,0.0,1.0,1.0,-1.5063053,-0.9643372,0.0
2482,1.0,0.0,0.0,0.0,-1.2320558,1.0,0.0,1.0,2.0,2.0,0.0,0.0,2.0,2.0,0.0,0.0,2.0,1.1837032,-0.9170005,0.0
2483,1.0,1.0,0.0,0.0,0.03509882,1.0,2.0,2.0,1.0,1.0,1.0,1.0,1.0,1.0,1.0,1.0,0.0,-1.3309789,-0.62826633,0.0
2484,0.0,0.0,1.0,1.0,0.3212305,0.0,1.0,0.0,0.0,2.0,0.0,0.0,2.0,2.0,0.0,1.0,2.0,-0.46436533,-0.09964671,0.0
2485,1.0,0.0,0.0,1.0,0.36210647,1.0,0.0,0.0,2.0,2.0,2.0,0.0,2.0,0.0,1.0,0.0,3.0,0.18183781,0.28189325,0.0
2486,1.0,0.0,1.0,0.0,0.116850734,0.0,1.0,0.0,2.0,0.0,2.0,0.0,2.0,2.0,1.0,0.0,1.0,-0.38755566,-0.14662771,0.0
2487,1.0,0.0,1.0,1.0,-0.005777135,0.0,1.0,0.0,0.0,0.0,2.0,0.0,2.0,2.0,0.0,0.0,1.0,-0.47271422,-0.27000564,0.0
2488,0.0,0.0,1.0,1.0,-0.90504813,1.0,0.0,0.0,0.0,2.0,2.0,0.0,0.0,0.0,0.0,1.0,3.0,-0.30740643,-0.7601155,0.0
2489,1.0,0.0,1.0,1.0,0.44385839,1.0,2.0,0.0,2.0,0.0,0.0,2.0,0.0,2.0,1.0,1.0,1.0,0.2386102,0.4058715,0.0
2490,0.0,0.0,0.0,0.0,-0.4962886,1.0,0.0,2.0,1.0,1.0,1.0,1.0,1.0,1.0,0.0,1.0,0.0,-1.5113146,-0.82161546,0.0
2491,0.0,0.0,1.0,0.0,-0.005777135,1.0,0.0,1.0,0.0,2.0,0.0,0.0,0.0,2.0,0.0,0.0,0.0,0.6477052,0.14466338,1.0
2492,1.0,0.0,1.0,1.0,1.5883851,1.0,2.0,0.0,2.0,0.0,2.0,2.0,2.0,2.0,1.0,0.0,2.0,0.6911194,1.7966247,0.0
2493,1.0,0.0,0.0,0.0,-1.1911799,1.0,0.0,0.0,0.0,0.0,0.0,0.0,0.0,0.0,0.0,0.0,3.0,-0.6447011,-0.9422586,0.0
2494,0.0,0.0,0.0,0.0,0.07597478,1.0,0.0,0.0,2.0,2.0,0.0,0.0,0.0,0.0,1.0,0.0,3.0,-0.32577395,-0.16697206,0.0
2495,1.0,0.0,0.0,0.0,-0.5780405,1.0,2.0,1.0,0.0,0.0,0.0,0.0,0.0,0.0,0.0,0.0,3.0,0.3137501,-0.38849202,0.0
2496,0.0,0.0,0.0,0.0,-0.9459241,1.0,0.0,2.0,1.0,1.0,1.0,1.0,1.0,1.0,0.0,0.0,0.0,-1.4896076,-0.8993687,0.0
2497,1.0,0.0,0.0,0.0,-0.8641722,1.0,2.0,2.0,1.0,1.0,1.0,1.0,1.0,1.0,0.0,0.0,1.0,-1.389421,-0.8962337,1.0
2498,1.0,0.0,1.0,1.0,-1.2729317,1.0,0.0,1.0,0.0,0.0,0.0,0.0,0.0,2.0,0.0,1.0,2.0,0.54417914,-0.96922874,0.0
2499,0.0,1.0,0.0,0.0,-0.25103286,1.0,0.0,1.0,2.0,0.0,0.0,0.0,2.0,0.0,0.0,1.0,1.0,0.7028078,-0.029786652,0.0
2500,1.0,0.0,0.0,1.0,0.81174195,1.0,0.0,2.0,1.0,1.0,1.0,1.0,1.0,1.0,1.0,0.0,1.0,-1.5063053,-0.5924247,0.0
2501,0.0,0.0,0.0,0.0,-1.1503038,1.0,0.0,0.0,0.0,0.0,0.0,0.0,0.0,0.0,0.0,1.0,3.0,-0.6497104,-0.91768974,1.0
2502,0.0,1.0,1.0,1.0,1.2205015,1.0,2.0,1.0,0.0,2.0,2.0,0.0,0.0,2.0,0.0,1.0,1.0,1.0467815,1.6714457,0.0
2503,1.0,0.0,1.0,0.0,0.93436986,1.0,2.0,1.0,2.0,2.0,0.0,0.0,2.0,0.0,0.0,1.0,2.0,1.0684886,1.3243911,1.0
2504,0.0,1.0,1.0,0.0,1.629261,1.0,2.0,1.0,2.0,0.0,2.0,2.0,2.0,2.0,2.0,1.0,3.0,1.5026304,2.5857186,0.0
2505,0.0,0.0,0.0,0.0,1.1796255,1.0,2.0,1.0,0.0,0.0,2.0,0.0,0.0,2.0,0.0,0.0,3.0,0.81635255,1.4407653,0.0
2506,1.0,0.0,1.0,1.0,-1.068552,1.0,0.0,0.0,0.0,2.0,2.0,0.0,0.0,0.0,0.0,1.0,3.0,-0.3157553,-0.8610813,1.0
2507,1.0,0.0,1.0,0.0,1.3840053,1.0,2.0,1.0,0.0,2.0,0.0,2.0,2.0,2.0,1.0,1.0,2.0,1.3122759,2.058611,1.0
2508,0.0,0.0,1.0,1.0,0.6482381,1.0,0.0,2.0,1.0,1.0,1.0,1.0,1.0,1.0,2.0,0.0,3.0,-1.4946169,-0.5890896,0.0
2509,1.0,0.0,1.0,0.0,1.629261,1.0,2.0,1.0,2.0,2.0,2.0,2.0,0.0,2.0,2.0,0.0,0.0,1.364039,2.3661108,0.0
2510,1.0,0.0,0.0,0.0,-0.9868001,1.0,0.0,2.0,1.0,1.0,1.0,1.0,1.0,1.0,0.0,1.0,0.0,-1.5046356,-0.93016315,0.0
2511,0.0,0.0,0.0,0.0,-1.2320558,1.0,0.0,0.0,0.0,0.0,0.0,0.0,0.0,0.0,0.0,0.0,2.0,-0.64136153,-0.96773905,0.0
2512,0.0,0.0,0.0,1.0,-1.2729317,1.0,0.0,0.0,0.0,0.0,2.0,0.0,0.0,2.0,0.0,0.0,2.0,-0.18551281,-0.97894514,1.0
2513,0.0,1.0,0.0,0.0,-0.9868001,1.0,2.0,1.0,0.0,0.0,0.0,0.0,0.0,2.0,0.0,0.0,2.0,0.6827705,-0.6958807,0.0
2514,1.0,0.0,1.0,1.0,0.15772669,1.0,2.0,2.0,1.0,1.0,1.0,1.0,1.0,1.0,2.0,0.0,1.0,-1.3242998,-0.5912907,0.0
2515,1.0,0.0,0.0,0.0,0.6482381,1.0,2.0,0.0,2.0,0.0,0.0,2.0,0.0,2.0,1.0,1.0,0.0,0.20688446,0.6085813,0.0
2516,0.0,0.0,1.0,1.0,1.629261,1.0,2.0,1.0,2.0,2.0,0.0,0.0,2.0,2.0,1.0,1.0,2.0,1.3156154,2.2422884,0.0
2517,1.0,0.0,0.0,0.0,0.28035456,1.0,0.0,2.0,1.0,1.0,1.0,1.0,1.0,1.0,1.0,0.0,3.0,-1.4979564,-0.65345776,0.0
2518,1.0,1.0,1.0,1.0,1.3840053,1.0,2.0,1.0,2.0,2.0,2.0,2.0,2.0,2.0,1.0,1.0,2.0,1.7197012,2.4909563,0.0
2519,1.0,0.0,1.0,1.0,-0.82329625,1.0,0.0,2.0,1.0,1.0,1.0,1.0,1.0,1.0,2.0,0.0,3.0,-1.5046356,-0.89038604,0.0
2520,1.0,1.0,1.0,0.0,-0.37366074,1.0,2.0,1.0,0.0,0.0,0.0,0.0,0.0,2.0,0.0,0.0,2.0,0.7362033,-0.1266391,0.0
2521,1.0,0.0,1.0,0.0,1.1387496,1.0,2.0,1.0,0.0,0.0,2.0,0.0,2.0,2.0,2.0,0.0,1.0,1.215429,1.6928129,0.0
2522,0.0,0.0,0.0,0.0,-0.5780405,1.0,0.0,2.0,1.0,1.0,1.0,1.0,1.0,1.0,1.0,0.0,3.0,-1.4912773,-0.82426137,0.0
2523,1.0,0.0,1.0,1.0,-0.7006684,1.0,0.0,1.0,2.0,0.0,0.0,0.0,0.0,0.0,0.0,0.0,3.0,0.34547582,-0.49319318,0.0
2524,1.0,1.0,1.0,0.0,1.0161217,1.0,2.0,1.0,0.0,2.0,2.0,0.0,0.0,2.0,0.0,1.0,0.0,1.0183954,1.4080586,1.0
2525,0.0,0.0,1.0,1.0,-0.4962886,1.0,2.0,1.0,0.0,0.0,2.0,2.0,0.0,2.0,0.0,1.0,0.0,1.0267442,-0.15316458,0.0
2526,1.0,0.0,1.0,0.0,1.3840053,1.0,2.0,0.0,0.0,0.0,0.0,2.0,0.0,2.0,0.0,0.0,2.0,-0.03022368,0.8911343,0.0
2527,0.0,1.0,0.0,0.0,-0.7006684,1.0,2.0,1.0,0.0,0.0,0.0,0.0,0.0,0.0,0.0,1.0,3.0,0.32376873,-0.49579456,1.0
2528,0.0,0.0,0.0,0.0,-0.29190883,1.0,0.0,1.0,0.0,2.0,2.0,0.0,2.0,2.0,0.0,1.0,2.0,1.1603264,0.048211146,1.0
2529,0.0,0.0,1.0,1.0,0.93436986,1.0,2.0,1.0,2.0,2.0,0.0,0.0,0.0,0.0,0.0,1.0,2.0,0.67943096,1.0407043,0.0
2530,1.0,0.0,0.0,0.0,1.3840053,1.0,0.0,2.0,1.0,1.0,1.0,1.0,1.0,1.0,2.0,0.0,0.0,-1.5163239,-0.453505,0.0
2531,0.0,0.0,0.0,0.0,-0.16928096,1.0,0.0,0.0,2.0,2.0,0.0,0.0,0.0,0.0,0.0,0.0,2.0,-0.29070866,-0.32817048,0.0
2532,1.0,0.0,1.0,1.0,-0.6597924,1.0,0.0,2.0,1.0,1.0,1.0,1.0,1.0,1.0,0.0,0.0,2.0,-1.4896076,-0.8534772,0.0
2533,1.0,0.0,0.0,1.0,-0.90504813,1.0,0.0,2.0,1.0,1.0,1.0,1.0,1.0,1.0,1.0,1.0,0.0,-1.4962866,-0.9076621,0.0
2534,1.0,0.0,0.0,0.0,-1.027676,1.0,2.0,1.0,0.0,0.0,0.0,0.0,2.0,2.0,0.0,0.0,2.0,1.0501211,-0.72080535,0.0
2535,0.0,0.0,0.0,0.0,-0.8641722,1.0,0.0,2.0,1.0,1.0,1.0,1.0,1.0,1.0,1.0,0.0,1.0,-1.4929471,-0.8995688,0.0
2536,1.0,0.0,0.0,0.0,-1.2729317,1.0,0.0,1.0,0.0,0.0,0.0,0.0,2.0,0.0,0.0,1.0,2.0,0.47738808,-0.9701181,1.0
2537,0.0,0.0,0.0,0.0,0.36210647,1.0,0.0,0.0,2.0,0.0,2.0,2.0,2.0,2.0,1.0,1.0,0.0,0.5041045,0.4714181,0.0
2538,0.0,0.0,1.0,1.0,0.44385839,1.0,0.0,0.0,0.0,0.0,0.0,0.0,2.0,0.0,0.0,0.0,2.0,-0.28736913,0.1061314,1.0
2539,1.0,1.0,1.0,0.0,1.0569977,1.0,2.0,1.0,0.0,2.0,0.0,0.0,2.0,2.0,0.0,1.0,2.0,1.140289,1.5653217,0.0
2540,0.0,0.0,0.0,0.0,-0.7824203,1.0,0.0,2.0,1.0,1.0,1.0,1.0,1.0,1.0,2.0,1.0,3.0,-1.4812586,-0.8890742,0.0
2541,0.0,0.0,0.0,0.0,-1.068552,1.0,0.0,1.0,0.0,0.0,2.0,2.0,0.0,2.0,0.0,1.0,2.0,0.8180223,-0.7886865,0.0
2542,0.0,1.0,1.0,0.0,1.5883851,1.0,2.0,0.0,2.0,2.0,2.0,2.0,0.0,2.0,2.0,1.0,0.0,0.5992817,1.5877782,0.0
2543,1.0,0.0,0.0,0.0,-0.7415443,1.0,2.0,1.0,0.0,2.0,0.0,0.0,2.0,2.0,0.0,1.0,2.0,1.1953917,-0.37579626,1.0
2544,1.0,0.0,0.0,1.0,1.2205015,1.0,0.0,2.0,1.0,1.0,1.0,1.0,1.0,1.0,2.0,0.0,0.0,-1.4946169,-0.44936943,0.0
2545,0.0,1.0,1.0,0.0,1.629261,1.0,2.0,1.0,2.0,2.0,2.0,2.0,2.0,2.0,2.0,1.0,1.0,1.7030034,2.7495184,0.0
2546,1.0,1.0,1.0,0.0,0.03509882,1.0,2.0,1.0,0.0,0.0,0.0,0.0,2.0,2.0,0.0,1.0,2.0,0.9933488,0.37572184,1.0
2547,0.0,0.0,0.0,0.0,1.3022535,1.0,2.0,2.0,1.0,1.0,1.0,1.0,1.0,1.0,1.0,1.0,0.0,-1.3476766,-0.29324043,0.0
2548,1.0,0.0,1.0,0.0,-1.1094279,0.0,1.0,0.0,0.0,0.0,0.0,0.0,0.0,0.0,0.0,1.0,2.0,-1.3293091,-0.9606241,1.0
2549,0.0,0.0,1.0,0.0,1.4248813,1.0,2.0,0.0,2.0,2.0,2.0,0.0,0.0,0.0,2.0,0.0,3.0,0.02988824,0.91703725,0.0
2550,1.0,1.0,0.0,0.0,-0.21015692,1.0,2.0,1.0,0.0,2.0,0.0,0.0,0.0,0.0,0.0,1.0,2.0,0.5575373,-0.061626118,1.0
2551,0.0,0.0,1.0,1.0,-1.1094279,0.0,1.0,0.0,0.0,2.0,0.0,2.0,0.0,0.0,0.0,0.0,2.0,-1.0187309,-0.9325422,0.0
2552,1.0,0.0,0.0,0.0,-1.027676,1.0,0.0,2.0,1.0,1.0,1.0,1.0,1.0,1.0,2.0,0.0,3.0,-1.5129844,-0.9317418,0.0
2553,1.0,0.0,1.0,1.0,-0.6597924,1.0,0.0,0.0,2.0,2.0,0.0,0.0,0.0,0.0,1.0,1.0,3.0,-0.29738778,-0.6238195,0.0
2554,1.0,0.0,0.0,0.0,-0.7415443,0.0,1.0,0.0,0.0,0.0,2.0,2.0,2.0,2.0,0.0,1.0,2.0,-0.32577395,-0.6619957,0.0
2555,0.0,1.0,0.0,0.0,-1.068552,1.0,0.0,1.0,0.0,0.0,2.0,0.0,0.0,0.0,0.0,0.0,2.0,0.32209897,-0.8122326,1.0
2556,0.0,0.0,1.0,1.0,-0.7006684,1.0,0.0,2.0,1.0,1.0,1.0,1.0,1.0,1.0,0.0,0.0,3.0,-1.5012959,-0.88389367,0.0
2557,1.0,0.0,0.0,0.0,-1.027676,1.0,0.0,0.0,0.0,0.0,2.0,2.0,2.0,0.0,0.0,0.0,0.0,-0.0151957,-0.8069631,0.0
2558,0.0,0.0,0.0,0.0,-0.005777135,1.0,2.0,0.0,2.0,0.0,0.0,0.0,2.0,2.0,1.0,0.0,3.0,0.3337874,0.009923743,0.0
2559,1.0,0.0,0.0,0.0,-0.90504813,0.0,1.0,0.0,0.0,0.0,0.0,0.0,0.0,2.0,0.0,1.0,3.0,-1.0304192,-0.8725542,1.0
2560,1.0,1.0,1.0,0.0,-0.61891645,1.0,2.0,1.0,0.0,0.0,0.0,0.0,2.0,2.0,0.0,1.0,2.0,1.0033674,-0.3098272,0.0
2561,1.0,0.0,0.0,0.0,-0.45541266,0.0,1.0,0.0,2.0,0.0,0.0,2.0,2.0,0.0,0.0,1.0,3.0,-0.7081526,-0.55547136,0.0
2562,0.0,0.0,1.0,1.0,-0.90504813,1.0,0.0,2.0,1.0,1.0,1.0,1.0,1.0,1.0,0.0,1.0,0.0,-1.5012959,-0.9177787,0.0
2563,1.0,0.0,1.0,0.0,1.5475092,1.0,0.0,1.0,2.0,2.0,0.0,2.0,0.0,0.0,2.0,0.0,0.0,0.6627332,1.5321926,0.0
2564,1.0,0.0,0.0,1.0,-1.2729317,0.0,1.0,0.0,0.0,2.0,0.0,2.0,0.0,0.0,0.0,0.0,3.0,-1.0404379,-0.9903291,0.0
2565,1.0,0.0,1.0,1.0,-0.7415443,1.0,2.0,0.0,2.0,2.0,0.0,0.0,0.0,2.0,0.0,0.0,3.0,0.14844231,-0.5851986,0.0
2566,1.0,0.0,0.0,0.0,1.0978737,1.0,0.0,2.0,1.0,1.0,1.0,1.0,1.0,1.0,2.0,1.0,0.0,-1.4879378,-0.47507223,0.0
2567,1.0,1.0,1.0,0.0,1.5475092,1.0,0.0,1.0,2.0,2.0,2.0,0.0,2.0,2.0,2.0,0.0,1.0,1.35569,2.3351607,0.0
2568,1.0,1.0,0.0,0.0,-1.068552,1.0,0.0,1.0,0.0,0.0,0.0,0.0,2.0,0.0,0.0,1.0,2.0,0.49909517,-0.7839951,0.0
2569,1.0,0.0,0.0,0.0,-1.027676,1.0,2.0,1.0,0.0,0.0,0.0,0.0,0.0,2.0,0.0,1.0,3.0,0.6827705,-0.7373254,1.0
2570,0.0,0.0,0.0,0.0,-1.2320558,1.0,2.0,0.0,0.0,2.0,0.0,0.0,0.0,0.0,0.0,0.0,3.0,-0.35416013,-0.9600682,0.0
2571,1.0,0.0,1.0,1.0,0.52561027,1.0,0.0,2.0,1.0,1.0,1.0,1.0,1.0,1.0,2.0,0.0,3.0,-1.4829284,-0.5920689,0.0
2572,1.0,0.0,0.0,0.0,0.19860265,1.0,2.0,0.0,2.0,2.0,2.0,2.0,0.0,0.0,1.0,0.0,2.0,0.09000016,0.08122902,0.0
2573,1.0,0.0,0.0,0.0,0.56648624,1.0,0.0,2.0,1.0,1.0,1.0,1.0,1.0,1.0,2.0,0.0,0.0,-1.4929471,-0.60416436,0.0
2574,0.0,0.0,0.0,0.0,-0.53716457,1.0,0.0,1.0,2.0,0.0,2.0,2.0,2.0,2.0,0.0,1.0,2.0,1.3974345,-0.14504908,1.0
2575,1.0,0.0,0.0,0.0,0.8934939,1.0,2.0,1.0,0.0,2.0,0.0,0.0,0.0,0.0,0.0,1.0,0.0,0.5041045,0.9105448,0.0
2576,0.0,0.0,0.0,0.0,-0.7006684,1.0,0.0,2.0,1.0,1.0,1.0,1.0,1.0,1.0,1.0,0.0,1.0,-1.4912773,-0.8707754,0.0
2577,1.0,0.0,0.0,0.0,0.52561027,0.0,1.0,0.0,2.0,0.0,2.0,2.0,0.0,0.0,1.0,0.0,0.0,-0.74989694,-0.18671608,0.0
2578,0.0,1.0,0.0,0.0,0.6073622,1.0,2.0,1.0,0.0,2.0,0.0,2.0,2.0,0.0,0.0,1.0,2.0,1.0117162,0.99783653,1.0
2579,1.0,0.0,1.0,0.0,0.2394786,1.0,0.0,2.0,1.0,1.0,1.0,1.0,1.0,1.0,2.0,0.0,0.0,-1.4812586,-0.674647,0.0
2580,1.0,0.0,1.0,0.0,0.3212305,1.0,2.0,1.0,0.0,0.0,0.0,0.0,2.0,2.0,0.0,1.0,0.0,1.0801771,0.6431556,1.0
2581,1.0,0.0,1.0,0.0,1.629261,1.0,2.0,1.0,2.0,0.0,2.0,2.0,2.0,2.0,2.0,1.0,1.0,1.5410352,2.6593142,0.0
2582,1.0,0.0,0.0,0.0,-0.4962886,1.0,2.0,1.0,0.0,0.0,2.0,0.0,2.0,0.0,0.0,1.0,2.0,0.7996548,-0.22197962,1.0
2583,1.0,0.0,1.0,0.0,-1.2729317,1.0,0.0,1.0,0.0,0.0,0.0,0.0,2.0,0.0,0.0,1.0,2.0,0.5274814,-0.96945107,1.0
2584,0.0,0.0,0.0,0.0,-0.046653092,1.0,0.0,1.0,2.0,0.0,2.0,2.0,0.0,0.0,0.0,0.0,2.0,0.7629197,0.20616335,0.0
2585,1.0,0.0,1.0,1.0,-1.2729317,1.0,0.0,1.0,0.0,0.0,0.0,0.0,0.0,0.0,0.0,1.0,2.0,0.12506545,-0.9748095,1.0
2586,1.0,0.0,1.0,0.0,-0.9459241,1.0,0.0,0.0,0.0,0.0,2.0,0.0,2.0,2.0,0.0,1.0,3.0,0.17682849,-0.7542901,0.0
2587,0.0,1.0,0.0,0.0,-1.2729317,1.0,0.0,1.0,0.0,0.0,0.0,0.0,0.0,0.0,0.0,1.0,2.0,0.16180052,-0.9743204,1.0
2588,1.0,0.0,0.0,1.0,-0.29190883,0.0,1.0,0.0,2.0,0.0,0.0,0.0,2.0,0.0,1.0,1.0,1.0,-0.80499953,-0.5736812,0.0
2589,0.0,0.0,1.0,0.0,1.3431294,1.0,2.0,1.0,2.0,0.0,2.0,0.0,2.0,2.0,0.0,1.0,2.0,1.3456714,2.069706,0.0
2590,1.0,0.0,1.0,1.0,0.6073622,1.0,2.0,0.0,0.0,2.0,0.0,0.0,0.0,0.0,0.0,0.0,2.0,-0.3508206,0.123429656,0.0
2591,0.0,0.0,1.0,0.0,-0.41453668,1.0,2.0,0.0,2.0,0.0,0.0,2.0,2.0,2.0,0.0,1.0,2.0,0.48239744,-0.23029524,1.0
2592,1.0,1.0,1.0,0.0,-0.005777135,1.0,0.0,1.0,0.0,0.0,0.0,0.0,0.0,2.0,0.0,1.0,1.0,0.5191325,0.098905265,1.0
2593,0.0,0.0,0.0,0.0,-1.2729317,1.0,0.0,2.0,1.0,1.0,1.0,1.0,1.0,1.0,0.0,0.0,1.0,-1.5012959,-0.99646574,0.0
2594,1.0,0.0,0.0,0.0,-1.2729317,1.0,0.0,1.0,0.0,0.0,0.0,0.0,0.0,2.0,0.0,1.0,2.0,0.53583026,-0.9693399,1.0
2595,0.0,0.0,1.0,0.0,-1.1503038,1.0,0.0,2.0,1.0,1.0,1.0,1.0,1.0,1.0,1.0,0.0,0.0,-1.4779191,-0.9701181,0.0
2596,1.0,0.0,1.0,1.0,1.629261,1.0,2.0,2.0,1.0,1.0,1.0,1.0,1.0,1.0,2.0,0.0,0.0,-1.3276393,-0.23200728,0.0
2597,0.0,0.0,1.0,1.0,1.629261,1.0,2.0,1.0,2.0,2.0,2.0,0.0,2.0,2.0,2.0,0.0,1.0,1.4959512,2.5020733,0.0
2598,1.0,1.0,1.0,0.0,-0.90504813,1.0,2.0,1.0,0.0,0.0,2.0,0.0,0.0,2.0,0.0,1.0,2.0,0.83638984,-0.59869474,1.0
2599,1.0,0.0,1.0,1.0,1.2613775,1.0,0.0,2.0,1.0,1.0,1.0,1.0,1.0,1.0,2.0,0.0,3.0,-1.5046356,-0.43791878,0.0
2600,1.0,0.0,1.0,0.0,-1.2729317,1.0,0.0,1.0,0.0,0.0,0.0,2.0,2.0,0.0,0.0,1.0,2.0,0.6694123,-0.9675612,1.0
2601,0.0,0.0,1.0,1.0,-1.068552,1.0,2.0,1.0,0.0,2.0,2.0,0.0,2.0,0.0,0.0,1.0,3.0,0.9783208,-0.77459,0.0
2602,1.0,0.0,0.0,1.0,-0.37366074,1.0,0.0,0.0,0.0,2.0,0.0,2.0,0.0,0.0,0.0,1.0,0.0,-0.3157553,-0.43420568,0.0
2603,1.0,0.0,0.0,0.0,-0.7415443,1.0,2.0,0.0,0.0,2.0,0.0,0.0,0.0,0.0,0.0,1.0,1.0,-0.3090762,-0.6639523,0.0
2604,1.0,0.0,1.0,0.0,1.5475092,1.0,2.0,0.0,0.0,2.0,2.0,2.0,2.0,0.0,2.0,0.0,0.0,0.27367547,1.3362421,0.0
2605,0.0,0.0,0.0,0.0,-1.068552,1.0,0.0,1.0,0.0,0.0,0.0,0.0,2.0,2.0,0.0,1.0,2.0,0.8263712,-0.7503324,1.0
2606,1.0,0.0,1.0,1.0,-0.8641722,1.0,0.0,2.0,1.0,1.0,1.0,1.0,1.0,1.0,2.0,0.0,3.0,-1.5063053,-0.9048828,0.0
2607,1.0,0.0,1.0,1.0,-0.4962886,1.0,0.0,0.0,0.0,0.0,2.0,0.0,0.0,0.0,0.0,1.0,2.0,-0.5061097,-0.58735526,0.0
2608,1.0,0.0,1.0,0.0,-0.046653092,1.0,2.0,1.0,0.0,0.0,2.0,0.0,2.0,0.0,0.0,0.0,1.0,0.797985,0.18790902,0.0
2609,1.0,0.0,1.0,1.0,1.4657573,0.0,1.0,0.0,2.0,2.0,2.0,2.0,0.0,2.0,2.0,1.0,3.0,-0.27902025,0.75054705,0.0
2610,1.0,0.0,1.0,1.0,-1.2729317,1.0,0.0,2.0,1.0,1.0,1.0,1.0,1.0,1.0,1.0,0.0,3.0,-1.5346915,-0.9969104,0.0
2611,0.0,1.0,0.0,0.0,-1.068552,1.0,0.0,1.0,2.0,0.0,0.0,0.0,0.0,0.0,0.0,1.0,2.0,0.31208032,-0.8047619,0.0
2612,1.0,0.0,1.0,1.0,1.629261,1.0,2.0,0.0,2.0,2.0,2.0,2.0,2.0,2.0,2.0,0.0,1.0,0.7996548,1.885784,0.0
2613,0.0,1.0,1.0,0.0,1.3840053,0.0,1.0,0.0,0.0,2.0,2.0,0.0,2.0,0.0,1.0,0.0,0.0,-0.64136153,0.34090298,0.0
2614,0.0,0.0,1.0,0.0,-0.53716457,1.0,2.0,1.0,0.0,0.0,2.0,0.0,0.0,2.0,0.0,0.0,3.0,0.83138055,-0.2221575,1.0
2615,1.0,0.0,1.0,1.0,1.629261,1.0,0.0,2.0,1.0,1.0,1.0,1.0,1.0,1.0,2.0,0.0,0.0,-1.4845982,-0.38219973,0.0
2616,0.0,0.0,0.0,0.0,-1.2320558,1.0,0.0,1.0,0.0,0.0,0.0,0.0,0.0,0.0,0.0,1.0,2.0,0.19853558,-0.93783396,1.0
2617,1.0,0.0,0.0,1.0,-0.8641722,1.0,2.0,1.0,0.0,0.0,2.0,0.0,0.0,0.0,0.0,1.0,3.0,0.44232282,-0.62648755,0.0
2618,0.0,0.0,0.0,0.0,-1.1094279,1.0,2.0,1.0,0.0,0.0,0.0,0.0,0.0,0.0,0.0,0.0,2.0,0.3621736,-0.82628465,0.0
2619,0.0,0.0,1.0,0.0,1.0569977,1.0,2.0,0.0,2.0,0.0,2.0,2.0,2.0,2.0,2.0,1.0,2.0,0.65271455,1.1809802,0.0
2620,0.0,0.0,0.0,0.0,1.629261,1.0,2.0,1.0,0.0,2.0,2.0,2.0,2.0,2.0,2.0,1.0,1.0,1.4458579,2.4662094,0.0
2621,1.0,0.0,0.0,0.0,-1.1911799,1.0,0.0,2.0,1.0,1.0,1.0,1.0,1.0,1.0,1.0,1.0,3.0,-1.5129844,-0.97447604,0.0
2622,0.0,0.0,0.0,0.0,-1.2729317,0.0,1.0,0.0,0.0,0.0,0.0,0.0,0.0,0.0,1.0,0.0,3.0,-1.2992531,-0.99377537,0.0
2623,1.0,1.0,1.0,0.0,-1.027676,1.0,2.0,1.0,2.0,2.0,0.0,0.0,0.0,2.0,0.0,1.0,1.0,1.0000279,-0.7059528,1.0
2624,0.0,0.0,0.0,0.0,-1.2320558,1.0,0.0,0.0,0.0,0.0,2.0,0.0,0.0,2.0,0.0,0.0,2.0,-0.13041021,-0.9557325,0.0
2625,0.0,0.0,1.0,0.0,0.56648624,1.0,2.0,1.0,0.0,2.0,0.0,2.0,2.0,2.0,1.0,1.0,2.0,1.2822199,1.0379027,0.0
2626,0.0,0.0,1.0,1.0,-0.5780405,1.0,0.0,0.0,2.0,2.0,0.0,2.0,0.0,0.0,1.0,1.0,3.0,-0.10870313,-0.5216975,0.0
2627,0.0,0.0,1.0,0.0,0.48473433,1.0,2.0,1.0,2.0,2.0,2.0,2.0,0.0,0.0,0.0,1.0,1.0,1.013386,0.80039626,0.0
2628,1.0,0.0,0.0,0.0,0.81174195,1.0,0.0,1.0,0.0,2.0,2.0,2.0,2.0,2.0,1.0,1.0,0.0,1.3440017,1.4079697,1.0
2629,0.0,1.0,1.0,1.0,0.56648624,1.0,2.0,1.0,2.0,2.0,0.0,2.0,2.0,2.0,0.0,1.0,2.0,1.5176582,1.2057492,0.0
2630,0.0,0.0,0.0,0.0,-0.8641722,1.0,2.0,0.0,0.0,0.0,0.0,0.0,0.0,2.0,0.0,1.0,3.0,-0.1938617,-0.73774785,0.0
2631,0.0,0.0,1.0,1.0,0.03509882,1.0,2.0,2.0,1.0,1.0,1.0,1.0,1.0,1.0,2.0,1.0,3.0,-1.3443371,-0.67607,1.0
2632,1.0,0.0,1.0,1.0,-1.1094279,1.0,0.0,1.0,2.0,0.0,2.0,0.0,0.0,2.0,0.0,1.0,3.0,0.85475737,-0.81205475,0.0
2633,1.0,0.0,0.0,0.0,-0.37366074,1.0,0.0,0.0,0.0,0.0,0.0,0.0,2.0,2.0,1.0,1.0,0.0,0.004841607,-0.3338847,0.0
2634,0.0,0.0,1.0,1.0,-0.7415443,1.0,0.0,2.0,1.0,1.0,1.0,1.0,1.0,1.0,1.0,0.0,3.0,-1.5096449,-0.8743107,0.0
2635,1.0,0.0,0.0,0.0,0.72999007,1.0,0.0,1.0,2.0,2.0,2.0,2.0,0.0,0.0,1.0,1.0,1.0,0.8464085,1.017803,0.0
2636,1.0,0.0,1.0,0.0,-0.7006684,1.0,0.0,2.0,1.0,1.0,1.0,1.0,1.0,1.0,0.0,1.0,1.0,-1.5129844,-0.8536995,0.0
2637,1.0,0.0,1.0,1.0,0.116850734,1.0,0.0,2.0,1.0,1.0,1.0,1.0,1.0,1.0,1.0,0.0,2.0,-1.4979564,-0.7091101,0.0
2638,1.0,1.0,1.0,0.0,1.4248813,1.0,2.0,1.0,2.0,2.0,0.0,0.0,0.0,0.0,0.0,0.0,0.0,0.63768655,1.4799865,0.0
2639,0.0,0.0,0.0,0.0,-0.9868001,1.0,2.0,0.0,2.0,0.0,0.0,2.0,0.0,2.0,0.0,0.0,2.0,0.21356356,-0.75462365,1.0
2640,1.0,0.0,1.0,0.0,1.5475092,1.0,0.0,0.0,2.0,2.0,2.0,2.0,0.0,0.0,2.0,0.0,1.0,0.0065113828,1.0061522,0.0
2641,1.0,0.0,1.0,0.0,0.07597478,1.0,0.0,2.0,1.0,1.0,1.0,1.0,1.0,1.0,2.0,0.0,1.0,-1.4929471,-0.7033292,0.0
2642,0.0,0.0,0.0,0.0,-1.2729317,1.0,0.0,1.0,0.0,0.0,0.0,0.0,0.0,0.0,0.0,1.0,2.0,0.14844231,-0.9744983,1.0
2643,1.0,0.0,0.0,0.0,0.9752458,1.0,2.0,1.0,2.0,0.0,0.0,2.0,2.0,2.0,0.0,1.0,3.0,1.35569,1.571436,0.0
2644,1.0,0.0,0.0,0.0,0.116850734,1.0,0.0,2.0,1.0,1.0,1.0,1.0,1.0,1.0,1.0,1.0,3.0,-1.5230031,-0.7215613,0.0
2645,0.0,0.0,0.0,0.0,-0.25103286,1.0,2.0,1.0,0.0,0.0,2.0,0.0,0.0,0.0,0.0,1.0,2.0,0.5324907,-0.030075697,0.0
2646,1.0,1.0,1.0,0.0,-0.9868001,1.0,0.0,0.0,0.0,0.0,2.0,2.0,0.0,2.0,0.0,1.0,1.0,-0.011856149,-0.74659705,0.0
2647,0.0,0.0,0.0,0.0,-0.41453668,1.0,2.0,1.0,0.0,0.0,0.0,2.0,2.0,0.0,0.0,1.0,2.0,0.84306896,-0.118657,1.0
2648,1.0,0.0,1.0,1.0,1.629261,1.0,2.0,2.0,1.0,1.0,1.0,1.0,1.0,1.0,2.0,1.0,1.0,-1.3242998,-0.20892811,0.0
2649,1.0,0.0,0.0,0.0,0.9752458,1.0,0.0,0.0,0.0,2.0,0.0,2.0,2.0,2.0,1.0,1.0,0.0,0.3671829,0.9000502,0.0
2650,0.0,0.0,0.0,0.0,1.5475092,1.0,2.0,2.0,1.0,1.0,1.0,1.0,1.0,1.0,1.0,0.0,1.0,-1.292574,-0.17975676,0.0
2651,1.0,0.0,0.0,0.0,-1.1503038,1.0,0.0,2.0,1.0,1.0,1.0,1.0,1.0,1.0,0.0,0.0,3.0,-1.5146542,-0.9637369,0.0
2652,1.0,0.0,1.0,0.0,0.72999007,0.0,1.0,0.0,2.0,0.0,0.0,2.0,2.0,0.0,1.0,1.0,0.0,-0.6780966,-0.032099016,0.0
2653,1.0,0.0,1.0,1.0,0.72999007,1.0,0.0,0.0,2.0,0.0,0.0,2.0,2.0,2.0,1.0,0.0,2.0,0.35883403,0.78485453,0.0
2654,0.0,0.0,0.0,0.0,0.19860265,1.0,0.0,2.0,1.0,1.0,1.0,1.0,1.0,1.0,2.0,0.0,3.0,-1.5012959,-0.643608,0.0
2655,0.0,0.0,0.0,0.0,-1.2729317,1.0,0.0,2.0,1.0,1.0,1.0,1.0,1.0,1.0,0.0,1.0,3.0,-1.4896076,-0.99631006,1.0
2656,1.0,0.0,1.0,1.0,-0.37366074,1.0,2.0,0.0,0.0,2.0,0.0,2.0,0.0,0.0,2.0,0.0,3.0,-0.16881505,-0.3763966,0.0
2657,1.0,0.0,0.0,1.0,-1.2729317,1.0,0.0,1.0,0.0,0.0,0.0,0.0,0.0,0.0,0.0,0.0,0.0,0.16680984,-0.9742537,1.0
2658,1.0,1.0,1.0,1.0,-0.128405,1.0,2.0,1.0,0.0,0.0,2.0,0.0,2.0,2.0,0.0,1.0,2.0,1.3089364,0.3131324,0.0
2659,1.0,0.0,0.0,0.0,-0.90504813,1.0,2.0,1.0,0.0,2.0,2.0,0.0,0.0,2.0,0.0,1.0,2.0,1.0183954,-0.55100226,0.0
2660,0.0,0.0,1.0,0.0,-0.61891645,1.0,0.0,2.0,1.0,1.0,1.0,1.0,1.0,1.0,1.0,0.0,3.0,-1.5163239,-0.8687521,0.0
2661,1.0,0.0,1.0,1.0,-0.29190883,1.0,0.0,2.0,1.0,1.0,1.0,1.0,1.0,1.0,0.0,1.0,3.0,-1.5230031,-0.7928888,0.0
2662,1.0,0.0,1.0,1.0,-1.1503038,1.0,2.0,1.0,0.0,0.0,2.0,0.0,2.0,2.0,0.0,0.0,2.0,1.215429,-0.83366644,1.0
2663,1.0,0.0,1.0,1.0,0.81174195,1.0,0.0,0.0,2.0,2.0,2.0,0.0,2.0,2.0,2.0,0.0,2.0,0.48239744,0.7807189,0.0
2664,1.0,0.0,1.0,0.0,-1.2729317,1.0,0.0,0.0,0.0,0.0,0.0,0.0,0.0,0.0,0.0,0.0,1.0,-0.6697477,-0.98539305,1.0
2665,1.0,0.0,1.0,0.0,-0.9459241,1.0,2.0,0.0,0.0,2.0,2.0,0.0,0.0,2.0,0.0,1.0,1.0,0.14343297,-0.71446854,0.0
2666,1.0,0.0,0.0,0.0,-0.8641722,1.0,0.0,0.0,0.0,2.0,0.0,0.0,2.0,0.0,1.0,1.0,2.0,-0.11705201,-0.68067247,0.0
2667,0.0,0.0,1.0,0.0,1.629261,1.0,2.0,1.0,2.0,2.0,2.0,2.0,2.0,2.0,2.0,0.0,2.0,1.6829661,2.7077181,0.0
2668,1.0,1.0,0.0,0.0,-1.027676,1.0,2.0,1.0,0.0,0.0,0.0,0.0,0.0,0.0,0.0,0.0,3.0,0.30039188,-0.76285034,1.0
2669,1.0,0.0,0.0,0.0,-0.7415443,1.0,0.0,2.0,1.0,1.0,1.0,1.0,1.0,1.0,1.0,0.0,0.0,-1.4812586,-0.88267076,0.0
2670,1.0,0.0,0.0,0.0,-1.1503038,1.0,0.0,2.0,1.0,1.0,1.0,1.0,1.0,1.0,0.0,0.0,3.0,-1.47124,-0.97278625,0.0
2671,0.0,0.0,1.0,0.0,-0.4962886,1.0,0.0,2.0,1.0,1.0,1.0,1.0,1.0,1.0,0.0,0.0,0.0,-1.5196635,-0.83840233,0.0
2672,1.0,0.0,0.0,0.0,1.629261,1.0,0.0,2.0,1.0,1.0,1.0,1.0,1.0,1.0,2.0,1.0,1.0,-1.5012959,-0.352139,0.0
2673,1.0,0.0,1.0,1.0,-0.9459241,1.0,0.0,0.0,0.0,2.0,0.0,2.0,0.0,0.0,0.0,0.0,3.0,-0.33245307,-0.803917,0.0
2674,1.0,1.0,1.0,0.0,-0.128405,1.0,2.0,1.0,0.0,0.0,0.0,0.0,2.0,2.0,0.0,1.0,2.0,0.99167895,0.17476857,1.0
2675,1.0,0.0,1.0,0.0,0.2394786,1.0,2.0,1.0,2.0,0.0,2.0,2.0,2.0,2.0,1.0,1.0,2.0,1.534356,0.9640627,0.0
2676,0.0,0.0,1.0,1.0,1.0161217,1.0,0.0,2.0,1.0,1.0,1.0,1.0,1.0,1.0,2.0,0.0,0.0,-1.5113146,-0.48605597,0.0
2677,1.0,0.0,0.0,0.0,-1.1094279,1.0,0.0,2.0,1.0,1.0,1.0,1.0,1.0,1.0,0.0,0.0,3.0,-1.4962866,-0.95766693,0.0
2678,1.0,0.0,1.0,1.0,-1.2729317,1.0,0.0,0.0,0.0,0.0,0.0,0.0,0.0,0.0,0.0,1.0,3.0,-0.6313429,-0.9848817,1.0
2679,0.0,1.0,0.0,0.0,-0.25103286,1.0,0.0,1.0,0.0,0.0,0.0,0.0,0.0,2.0,0.0,1.0,2.0,0.46903923,-0.11318737,0.0
2680,1.0,0.0,0.0,0.0,-0.046653092,1.0,2.0,0.0,0.0,2.0,0.0,2.0,2.0,0.0,0.0,1.0,2.0,0.210224,-0.041126125,0.0
2681,1.0,1.0,1.0,0.0,1.2205015,1.0,2.0,1.0,0.0,2.0,0.0,0.0,0.0,2.0,0.0,1.0,0.0,0.83638984,1.4981074,0.0
2682,1.0,1.0,1.0,1.0,-0.8641722,1.0,2.0,1.0,0.0,0.0,0.0,0.0,0.0,0.0,0.0,1.0,1.0,0.34881538,-0.660506,0.0
2683,0.0,0.0,1.0,0.0,-1.2320558,1.0,2.0,1.0,0.0,0.0,2.0,2.0,2.0,2.0,0.0,1.0,2.0,1.3239644,-0.8973009,1.0
2684,1.0,0.0,0.0,0.0,-1.1503038,1.0,0.0,0.0,0.0,0.0,0.0,0.0,0.0,2.0,0.0,1.0,2.0,-0.29571798,-0.8992131,0.0
2685,0.0,1.0,0.0,0.0,-1.2729317,1.0,0.0,1.0,0.0,0.0,0.0,0.0,2.0,0.0,0.0,1.0,2.0,0.48239744,-0.9700514,1.0
2686,0.0,1.0,0.0,0.0,-0.9459241,1.0,0.0,1.0,0.0,0.0,0.0,0.0,2.0,0.0,0.0,1.0,2.0,0.5375,-0.67102283,1.0
2687,1.0,0.0,0.0,0.0,-1.1094279,0.0,1.0,0.0,2.0,0.0,2.0,2.0,0.0,0.0,0.0,0.0,3.0,-0.82670665,-0.90590554,1.0
2688,1.0,1.0,1.0,0.0,0.2394786,0.0,1.0,0.0,0.0,0.0,0.0,0.0,0.0,0.0,0.0,1.0,2.0,-1.3326486,-0.58026254,0.0
2689,1.0,0.0,1.0,1.0,1.5883851,1.0,2.0,1.0,0.0,2.0,2.0,0.0,2.0,2.0,2.0,1.0,0.0,1.3773972,2.4293451,1.0
2690,0.0,0.0,0.0,0.0,-0.90504813,0.0,1.0,0.0,0.0,2.0,0.0,2.0,0.0,0.0,0.0,0.0,2.0,-0.9519398,-0.8389582,0.0
2691,0.0,0.0,0.0,0.0,1.2205015,1.0,0.0,0.0,2.0,0.0,0.0,2.0,0.0,2.0,2.0,1.0,3.0,0.01152071,0.70532256,0.0
2692,1.0,1.0,0.0,0.0,1.1387496,1.0,2.0,0.0,2.0,2.0,0.0,0.0,0.0,2.0,1.0,1.0,2.0,0.23360085,0.9400275,0.0
2693,0.0,0.0,1.0,0.0,1.4657573,1.0,2.0,1.0,2.0,2.0,2.0,2.0,2.0,2.0,2.0,0.0,3.0,1.7981806,2.547787,0.0
2694,1.0,0.0,0.0,0.0,-0.7006684,0.0,1.0,0.0,0.0,0.0,0.0,2.0,0.0,0.0,0.0,1.0,2.0,-1.1706804,-0.8103872,1.0
2695,0.0,0.0,0.0,0.0,0.15772669,1.0,2.0,0.0,2.0,0.0,2.0,2.0,2.0,2.0,1.0,1.0,1.0,0.83138055,0.48358026,0.0
2696,1.0,0.0,0.0,0.0,0.8934939,1.0,2.0,1.0,0.0,0.0,2.0,0.0,0.0,2.0,0.0,0.0,1.0,0.82303166,1.1601244,0.0
2697,1.0,1.0,1.0,1.0,1.1796255,1.0,2.0,1.0,0.0,2.0,0.0,0.0,2.0,2.0,1.0,0.0,2.0,1.1436286,1.6491892,0.0
2698,1.0,0.0,1.0,1.0,1.0978737,1.0,0.0,2.0,1.0,1.0,1.0,1.0,1.0,1.0,2.0,0.0,3.0,-1.4996262,-0.47687322,0.0
2699,1.0,0.0,1.0,1.0,0.07597478,1.0,0.0,2.0,1.0,1.0,1.0,1.0,1.0,1.0,0.0,0.0,3.0,-1.4679005,-0.72249514,0.0
2700,0.0,1.0,0.0,0.0,-1.2729317,1.0,0.0,1.0,0.0,0.0,2.0,0.0,0.0,0.0,0.0,1.0,0.0,0.35215494,-0.97178566,1.0
2701,0.0,1.0,0.0,0.0,-1.027676,1.0,0.0,1.0,0.0,0.0,2.0,0.0,2.0,0.0,0.0,1.0,2.0,0.6543843,-0.7341681,0.0
2702,0.0,0.0,0.0,0.0,-1.1911799,1.0,2.0,0.0,0.0,0.0,0.0,0.0,2.0,0.0,0.0,1.0,2.0,-0.15044752,-0.92945164,0.0
2703,1.0,0.0,0.0,0.0,-1.068552,1.0,0.0,1.0,0.0,0.0,0.0,0.0,2.0,0.0,0.0,1.0,1.0,0.5258116,-0.79935896,1.0
2704,1.0,0.0,0.0,1.0,-0.08752905,0.0,1.0,0.0,0.0,0.0,0.0,0.0,2.0,2.0,0.0,1.0,2.0,-0.6764268,-0.4237111,0.0
2705,1.0,0.0,0.0,0.0,-0.8641722,1.0,0.0,1.0,0.0,0.0,2.0,0.0,0.0,2.0,0.0,0.0,2.0,0.6694123,-0.61005646,0.0
2706,0.0,0.0,0.0,0.0,1.5475092,1.0,2.0,1.0,0.0,2.0,2.0,2.0,0.0,0.0,1.0,1.0,0.0,0.85141784,1.8344674,0.0
2707,0.0,0.0,1.0,1.0,0.2394786,1.0,0.0,2.0,1.0,1.0,1.0,1.0,1.0,1.0,0.0,0.0,3.0,-1.4795889,-0.6578601,0.0
2708,1.0,1.0,1.0,0.0,0.48473433,0.0,1.0,0.0,0.0,2.0,0.0,0.0,0.0,0.0,0.0,1.0,2.0,-1.1489733,-0.40063193,1.0
2709,1.0,0.0,0.0,0.0,0.4029824,1.0,2.0,1.0,0.0,2.0,0.0,0.0,2.0,2.0,0.0,1.0,2.0,1.2354662,0.8950698,1.0
2710,0.0,0.0,0.0,0.0,-0.41453668,1.0,0.0,1.0,2.0,0.0,0.0,2.0,0.0,2.0,0.0,1.0,2.0,0.8113432,-0.16648291,0.0
2711,0.0,0.0,1.0,1.0,0.6482381,1.0,0.0,0.0,2.0,2.0,2.0,0.0,0.0,2.0,2.0,1.0,1.0,0.17849827,0.43479827,0.0
2712,0.0,0.0,0.0,0.0,-1.1094279,1.0,2.0,1.0,0.0,0.0,0.0,0.0,2.0,0.0,0.0,1.0,2.0,0.6426959,-0.8163904,0.0
2713,0.0,0.0,0.0,0.0,-1.1911799,1.0,2.0,1.0,0.0,0.0,0.0,0.0,0.0,0.0,0.0,0.0,2.0,0.37887135,-0.8907196,0.0
2714,0.0,0.0,0.0,0.0,-1.2729317,1.0,0.0,1.0,0.0,0.0,2.0,0.0,2.0,2.0,0.0,0.0,2.0,0.9900092,-0.9632922,1.0
2715,1.0,0.0,1.0,1.0,1.2613775,1.0,2.0,2.0,1.0,1.0,1.0,1.0,1.0,1.0,2.0,0.0,3.0,-1.3192904,-0.30575833,0.0
2716,0.0,1.0,1.0,0.0,-0.29190883,1.0,0.0,1.0,0.0,2.0,2.0,0.0,0.0,2.0,0.0,0.0,0.0,0.78963614,-0.030898364,0.0
2717,1.0,0.0,0.0,0.0,-1.2729317,1.0,0.0,2.0,1.0,1.0,1.0,1.0,1.0,1.0,0.0,0.0,3.0,-1.4879378,-0.9962878,0.0
2718,1.0,0.0,0.0,0.0,-1.1503038,0.0,1.0,0.0,2.0,2.0,0.0,2.0,0.0,0.0,0.0,0.0,3.0,-0.7465574,-0.94016856,0.0
2719,0.0,0.0,0.0,0.0,-0.128405,1.0,0.0,1.0,0.0,0.0,0.0,0.0,2.0,0.0,0.0,1.0,2.0,0.47237876,0.054925893,1.0
2720,0.0,0.0,0.0,0.0,-0.9459241,1.0,0.0,1.0,0.0,2.0,2.0,0.0,0.0,0.0,0.0,0.0,2.0,0.5274814,-0.7144908,0.0
2721,1.0,0.0,0.0,0.0,-1.2729317,1.0,2.0,0.0,0.0,0.0,2.0,0.0,0.0,0.0,0.0,0.0,2.0,-0.34748104,-0.9811019,1.0
2722,1.0,1.0,1.0,0.0,0.81174195,1.0,0.0,1.0,2.0,0.0,2.0,2.0,2.0,2.0,1.0,1.0,0.0,1.3256341,1.4321606,0.0
2723,0.0,0.0,1.0,0.0,1.0978737,1.0,2.0,1.0,0.0,2.0,0.0,0.0,2.0,2.0,0.0,0.0,2.0,1.2137592,1.6805841,1.0
2724,1.0,0.0,0.0,0.0,-0.90504813,1.0,0.0,1.0,0.0,0.0,0.0,0.0,2.0,2.0,0.0,1.0,2.0,0.8263712,-0.62146264,1.0
2725,0.0,0.0,0.0,0.0,1.0978737,1.0,2.0,1.0,0.0,2.0,2.0,0.0,0.0,0.0,0.0,1.0,2.0,0.61764926,1.1955214,0.0
2726,1.0,0.0,0.0,0.0,-0.9459241,1.0,0.0,2.0,1.0,1.0,1.0,1.0,1.0,1.0,1.0,1.0,3.0,-1.4896076,-0.9324755,0.0
2727,1.0,0.0,0.0,0.0,-1.1503038,1.0,2.0,1.0,2.0,0.0,0.0,0.0,0.0,0.0,0.0,1.0,2.0,0.5124534,-0.85578954,0.0
2728,0.0,0.0,0.0,0.0,-1.068552,0.0,1.0,0.0,0.0,0.0,0.0,0.0,2.0,2.0,0.0,0.0,1.0,-0.65972906,-0.872443,0.0
2729,0.0,0.0,0.0,0.0,1.629261,1.0,2.0,1.0,0.0,2.0,2.0,2.0,2.0,2.0,2.0,1.0,0.0,1.564412,2.5578814,0.0
2730,1.0,0.0,0.0,0.0,1.5475092,0.0,1.0,0.0,0.0,0.0,0.0,2.0,0.0,2.0,2.0,1.0,3.0,-0.8250369,0.2397371,0.0
2731,1.0,0.0,1.0,1.0,1.4657573,1.0,0.0,0.0,2.0,2.0,2.0,2.0,0.0,0.0,2.0,0.0,1.0,-0.07029829,0.9405833,0.0
2732,0.0,0.0,0.0,0.0,-0.16928096,1.0,0.0,0.0,2.0,0.0,0.0,2.0,0.0,0.0,1.0,0.0,3.0,-0.3491508,-0.31765366,0.0
2733,1.0,0.0,0.0,0.0,-1.2729317,1.0,0.0,0.0,0.0,0.0,0.0,0.0,0.0,0.0,0.0,1.0,2.0,-0.72985965,-0.9861935,1.0
2734,0.0,0.0,0.0,0.0,0.6482381,1.0,2.0,2.0,1.0,1.0,1.0,1.0,1.0,1.0,2.0,0.0,1.0,-1.3610349,-0.47918558,0.0
2735,0.0,0.0,1.0,1.0,1.5883851,1.0,2.0,1.0,2.0,2.0,2.0,2.0,2.0,2.0,2.0,0.0,1.0,1.6328728,2.6263852,0.0
2736,0.0,0.0,0.0,0.0,-1.2729317,1.0,0.0,1.0,0.0,2.0,0.0,0.0,2.0,0.0,0.0,0.0,2.0,0.65271455,-0.9677835,1.0
2737,0.0,0.0,0.0,0.0,-1.2729317,1.0,0.0,0.0,0.0,0.0,0.0,0.0,0.0,0.0,0.0,0.0,0.0,-0.68811524,-0.98563766,0.0
2738,0.0,0.0,1.0,1.0,1.3022535,1.0,0.0,2.0,1.0,1.0,1.0,1.0,1.0,1.0,2.0,0.0,3.0,-1.4879378,-0.4370739,0.0
2739,1.0,1.0,1.0,0.0,1.3840053,1.0,2.0,1.0,0.0,2.0,2.0,2.0,2.0,2.0,1.0,1.0,0.0,1.4224811,2.1306279,0.0
2740,0.0,0.0,0.0,0.0,-0.82329625,1.0,2.0,1.0,0.0,2.0,0.0,0.0,2.0,0.0,0.0,1.0,0.0,0.8347201,-0.5372837,1.0
2741,0.0,0.0,0.0,0.0,-0.8641722,1.0,0.0,0.0,0.0,0.0,0.0,0.0,2.0,2.0,0.0,1.0,2.0,0.004841607,-0.68683136,0.0
2742,1.0,0.0,1.0,1.0,-1.2320558,1.0,2.0,0.0,2.0,0.0,0.0,0.0,0.0,0.0,0.0,0.0,3.0,-0.2690016,-0.95477647,1.0
2743,0.0,0.0,0.0,0.0,-1.027676,1.0,0.0,0.0,0.0,0.0,0.0,2.0,2.0,0.0,0.0,1.0,3.0,-0.17549415,-0.8203037,1.0
2744,0.0,1.0,1.0,0.0,-1.2320558,1.0,0.0,1.0,0.0,0.0,0.0,0.0,0.0,0.0,0.0,1.0,2.0,0.15178186,-0.9368779,0.0
2745,1.0,0.0,1.0,1.0,1.629261,1.0,2.0,1.0,2.0,2.0,2.0,0.0,2.0,2.0,2.0,1.0,1.0,1.4575464,2.4487112,0.0
2746,1.0,1.0,0.0,0.0,-0.82329625,1.0,2.0,1.0,0.0,0.0,2.0,0.0,2.0,2.0,0.0,1.0,2.0,1.1586565,-0.47158146,1.0
2747,0.0,1.0,0.0,0.0,-1.068552,0.0,1.0,0.0,0.0,0.0,0.0,0.0,2.0,2.0,0.0,1.0,2.0,-0.67976636,-0.888296,0.0
2748,1.0,0.0,1.0,0.0,-0.33278477,1.0,2.0,1.0,0.0,0.0,0.0,0.0,2.0,2.0,0.0,1.0,2.0,0.9432555,-0.005595773,0.0
2749,1.0,0.0,0.0,0.0,-0.90504813,1.0,0.0,0.0,2.0,0.0,0.0,0.0,0.0,0.0,0.0,1.0,3.0,-0.43764892,-0.7720331,0.0
2750,0.0,0.0,0.0,1.0,-0.9459241,1.0,0.0,0.0,0.0,0.0,2.0,2.0,2.0,2.0,0.0,1.0,3.0,0.2720057,-0.7156025,1.0
2751,1.0,1.0,0.0,0.0,-0.90504813,1.0,0.0,1.0,0.0,0.0,0.0,0.0,0.0,2.0,0.0,1.0,2.0,0.4840672,-0.6523905,1.0
2752,1.0,0.0,1.0,0.0,1.4248813,1.0,0.0,0.0,2.0,2.0,0.0,2.0,0.0,2.0,2.0,1.0,1.0,0.14844231,1.0721434,0.0
2753,1.0,0.0,1.0,1.0,0.116850734,1.0,0.0,2.0,1.0,1.0,1.0,1.0,1.0,1.0,2.0,0.0,3.0,-1.4912773,-0.71386826,0.0
2754,1.0,0.0,0.0,0.0,-1.027676,1.0,2.0,2.0,1.0,1.0,1.0,1.0,1.0,1.0,0.0,0.0,3.0,-1.3777325,-0.92833996,0.0
2755,0.0,0.0,0.0,0.0,0.6482381,1.0,0.0,0.0,2.0,0.0,2.0,2.0,0.0,0.0,1.0,1.0,1.0,-0.14710797,0.28271592,1.0
2756,1.0,0.0,0.0,0.0,-1.1094279,1.0,0.0,1.0,0.0,0.0,0.0,2.0,2.0,2.0,0.0,1.0,2.0,1.0467815,-0.8036502,1.0
2757,1.0,0.0,0.0,0.0,-1.2320558,1.0,0.0,0.0,0.0,2.0,0.0,0.0,0.0,0.0,0.0,1.0,3.0,-0.48273286,-0.9640259,0.0
2758,0.0,0.0,0.0,0.0,0.4029824,1.0,0.0,0.0,2.0,2.0,0.0,2.0,0.0,2.0,1.0,1.0,3.0,0.09834904,0.27642363,0.0
2759,1.0,0.0,0.0,0.0,-1.1911799,1.0,2.0,1.0,0.0,2.0,2.0,0.0,2.0,2.0,0.0,1.0,0.0,1.35569,-0.86152595,1.0
2760,1.0,0.0,1.0,1.0,0.07597478,1.0,0.0,2.0,1.0,1.0,1.0,1.0,1.0,1.0,1.0,0.0,1.0,-1.5079751,-0.70341814,0.0
2761,0.0,0.0,1.0,0.0,1.2205015,1.0,0.0,0.0,2.0,0.0,2.0,2.0,2.0,2.0,2.0,0.0,3.0,0.5425093,1.2118858,0.0
2762,1.0,1.0,0.0,0.0,-0.7415443,1.0,2.0,1.0,0.0,0.0,0.0,0.0,2.0,2.0,0.0,1.0,2.0,1.0300838,-0.43905273,0.0
2763,1.0,1.0,0.0,0.0,-1.2729317,1.0,2.0,1.0,0.0,0.0,0.0,0.0,0.0,0.0,0.0,1.0,2.0,0.3538247,-0.97176343,1.0
2764,1.0,1.0,0.0,0.0,-1.2320558,1.0,2.0,1.0,0.0,0.0,0.0,0.0,0.0,0.0,0.0,1.0,3.0,0.26198706,-0.9366556,0.0
2765,1.0,0.0,0.0,0.0,-1.2729317,1.0,0.0,0.0,0.0,2.0,0.0,0.0,0.0,0.0,0.0,1.0,2.0,-0.4677049,-0.98270273,1.0
2766,0.0,0.0,1.0,0.0,0.6891141,0.0,1.0,0.0,0.0,2.0,0.0,2.0,2.0,2.0,1.0,1.0,1.0,-0.28235978,0.23122136,0.0
2767,0.0,0.0,0.0,0.0,-0.046653092,1.0,2.0,1.0,0.0,0.0,0.0,2.0,0.0,0.0,0.0,1.0,1.0,0.5041045,0.063819595,1.0
2768,0.0,0.0,0.0,0.0,0.6073622,1.0,0.0,2.0,1.0,1.0,1.0,1.0,1.0,1.0,2.0,0.0,1.0,-1.486268,-0.5473336,0.0
2769,1.0,0.0,1.0,0.0,-0.33278477,1.0,0.0,2.0,1.0,1.0,1.0,1.0,1.0,1.0,1.0,0.0,3.0,-1.4912773,-0.767853,0.0
2770,0.0,0.0,1.0,0.0,0.03509882,1.0,2.0,1.0,0.0,0.0,2.0,2.0,0.0,2.0,0.0,1.0,1.0,1.0100465,0.3324095,0.0
2771,1.0,0.0,1.0,1.0,-0.33278477,1.0,2.0,0.0,2.0,0.0,0.0,0.0,2.0,2.0,1.0,0.0,3.0,0.33545718,-0.19540969,0.0
2772,1.0,0.0,1.0,0.0,1.4248813,1.0,2.0,2.0,1.0,1.0,1.0,1.0,1.0,1.0,2.0,0.0,1.0,-1.3326486,-0.30111137,0.0
2773,1.0,1.0,1.0,0.0,-0.21015692,1.0,2.0,0.0,0.0,2.0,2.0,2.0,2.0,2.0,0.0,1.0,0.0,0.6694123,0.02175237,0.0
2774,0.0,0.0,1.0,1.0,1.2613775,1.0,0.0,0.0,2.0,2.0,2.0,2.0,0.0,0.0,2.0,0.0,3.0,-0.040242333,0.7797851,0.0
2775,1.0,0.0,0.0,0.0,1.0161217,1.0,0.0,0.0,2.0,0.0,2.0,0.0,2.0,2.0,2.0,1.0,0.0,0.3204292,0.91459143,0.0
2776,0.0,0.0,0.0,0.0,-0.128405,1.0,2.0,0.0,0.0,2.0,0.0,0.0,0.0,0.0,1.0,1.0,2.0,-0.31742507,-0.2847914,0.0
2777,1.0,0.0,1.0,1.0,-0.9868001,1.0,0.0,1.0,0.0,0.0,2.0,0.0,2.0,2.0,0.0,1.0,2.0,1.0016977,-0.6675098,0.0
2778,0.0,0.0,0.0,0.0,-0.7824203,1.0,0.0,0.0,2.0,0.0,0.0,0.0,2.0,2.0,0.0,1.0,2.0,0.24027996,-0.59444803,0.0
2779,1.0,0.0,0.0,0.0,0.77086604,0.0,1.0,0.0,2.0,0.0,0.0,2.0,0.0,2.0,0.0,1.0,1.0,-0.6780966,-0.035167344,0.0
2780,0.0,0.0,0.0,0.0,-0.61891645,1.0,0.0,2.0,1.0,1.0,1.0,1.0,1.0,1.0,2.0,0.0,3.0,-1.5146542,-0.8460509,0.0
2781,0.0,0.0,1.0,1.0,-0.6597924,1.0,0.0,1.0,0.0,2.0,0.0,0.0,0.0,0.0,0.0,0.0,0.0,0.28369412,-0.47353807,0.0
2782,1.0,0.0,0.0,0.0,-1.1503038,1.0,0.0,1.0,0.0,0.0,2.0,0.0,0.0,0.0,0.0,1.0,0.0,0.33545718,-0.8621263,1.0
2783,0.0,1.0,1.0,1.0,1.3431294,1.0,2.0,1.0,0.0,2.0,2.0,0.0,2.0,2.0,1.0,1.0,2.0,1.4258206,2.128649,0.0
2784,0.0,1.0,1.0,0.0,-0.29190883,1.0,0.0,1.0,0.0,0.0,0.0,0.0,0.0,0.0,0.0,1.0,2.0,0.15178186,-0.19901162,0.0
2785,1.0,0.0,1.0,1.0,1.4657573,1.0,2.0,2.0,1.0,1.0,1.0,1.0,1.0,1.0,2.0,1.0,0.0,-1.3610349,-0.2651808,0.0
2786,0.0,0.0,0.0,0.0,0.116850734,1.0,2.0,2.0,1.0,1.0,1.0,1.0,1.0,1.0,2.0,0.0,0.0,-1.3844117,-0.65081185,0.0
2787,0.0,0.0,0.0,0.0,0.116850734,1.0,0.0,1.0,0.0,0.0,2.0,2.0,2.0,2.0,1.0,1.0,2.0,1.1519774,0.56535786,0.0
2788,1.0,0.0,0.0,0.0,-1.1911799,1.0,0.0,1.0,0.0,0.0,2.0,0.0,0.0,2.0,0.0,0.0,1.0,0.69946826,-0.89109755,0.0
2789,0.0,0.0,1.0,1.0,1.5883851,1.0,2.0,2.0,1.0,1.0,1.0,1.0,1.0,1.0,2.0,0.0,1.0,-1.3643744,-0.26553655,0.0
2790,1.0,0.0,0.0,0.0,-1.1503038,1.0,0.0,0.0,0.0,0.0,0.0,0.0,0.0,0.0,0.0,0.0,3.0,-0.67475706,-0.9071062,0.0
2791,1.0,0.0,0.0,0.0,-0.128405,1.0,2.0,0.0,0.0,2.0,2.0,0.0,0.0,2.0,1.0,0.0,1.0,0.20521468,-0.1316418,0.0
2792,1.0,0.0,0.0,0.0,0.81174195,1.0,2.0,1.0,0.0,2.0,2.0,0.0,2.0,2.0,0.0,1.0,2.0,1.2788804,1.380377,0.0
2793,1.0,1.0,1.0,0.0,-0.21015692,1.0,2.0,1.0,0.0,2.0,2.0,0.0,0.0,2.0,0.0,1.0,2.0,1.028414,0.11097847,1.0
2794,1.0,1.0,0.0,0.0,0.116850734,1.0,2.0,1.0,0.0,0.0,0.0,0.0,2.0,2.0,0.0,1.0,2.0,1.0250745,0.5395884,1.0
2795,1.0,0.0,1.0,1.0,-0.90504813,1.0,2.0,2.0,1.0,1.0,1.0,1.0,1.0,1.0,0.0,1.0,3.0,-1.3476766,-0.8923649,0.0
2796,1.0,0.0,0.0,0.0,-0.9868001,0.0,1.0,0.0,2.0,0.0,0.0,0.0,0.0,0.0,0.0,1.0,2.0,-1.1456338,-0.90457153,1.0
2797,1.0,0.0,0.0,0.0,-0.5780405,1.0,2.0,1.0,0.0,0.0,0.0,0.0,2.0,0.0,0.0,0.0,0.0,0.65271455,-0.32138902,0.0
2798,1.0,0.0,0.0,0.0,-1.2729317,1.0,0.0,2.0,1.0,1.0,1.0,1.0,1.0,1.0,0.0,0.0,2.0,-1.4962866,-0.99639904,1.0
2799,0.0,0.0,0.0,0.0,1.1387496,1.0,0.0,1.0,2.0,0.0,2.0,2.0,2.0,2.0,0.0,1.0,0.0,1.3423319,1.7681204,0.0
2800,0.0,0.0,0.0,0.0,-1.1911799,1.0,2.0,1.0,0.0,0.0,0.0,0.0,0.0,0.0,0.0,1.0,1.0,0.34547582,-0.8848942,1.0
2801,0.0,0.0,1.0,0.0,-1.068552,1.0,0.0,2.0,1.0,1.0,1.0,1.0,1.0,1.0,0.0,0.0,0.0,-1.5113146,-0.940213,1.0
2802,0.0,0.0,0.0,0.0,-0.45541266,1.0,0.0,0.0,2.0,2.0,0.0,2.0,2.0,0.0,2.0,0.0,1.0,0.210224,-0.32719216,0.0
2803,0.0,0.0,0.0,0.0,-0.7824203,0.0,1.0,0.0,0.0,0.0,2.0,2.0,0.0,0.0,2.0,0.0,3.0,-0.980326,-0.8049843,0.0
2804,0.0,1.0,0.0,0.0,-1.2729317,1.0,2.0,1.0,0.0,0.0,0.0,0.0,0.0,0.0,0.0,1.0,3.0,0.32376873,-0.9721637,1.0
2805,0.0,0.0,1.0,1.0,-0.41453668,1.0,0.0,0.0,0.0,2.0,0.0,0.0,2.0,2.0,1.0,1.0,0.0,0.15846096,-0.33904302,1.0
2806,1.0,0.0,1.0,1.0,1.2205015,1.0,2.0,1.0,2.0,2.0,0.0,0.0,2.0,2.0,0.0,1.0,2.0,1.3606994,1.8794918,0.0
2807,1.0,0.0,0.0,0.0,-0.29190883,1.0,0.0,2.0,1.0,1.0,1.0,1.0,1.0,1.0,1.0,0.0,1.0,-1.4979564,-0.7781252,0.0
2808,0.0,0.0,0.0,0.0,0.6891141,1.0,0.0,0.0,0.0,0.0,2.0,2.0,2.0,2.0,2.0,1.0,0.0,0.32376873,0.64980364,0.0
2809,1.0,0.0,1.0,0.0,1.629261,0.0,1.0,0.0,2.0,2.0,2.0,2.0,2.0,2.0,2.0,1.0,2.0,-0.0018374952,1.1052281,0.0
2810,0.0,0.0,0.0,0.0,-1.2320558,1.0,0.0,1.0,0.0,0.0,0.0,0.0,0.0,0.0,0.0,1.0,2.0,0.18016805,-0.95021844,0.0
2811,0.0,0.0,0.0,0.0,-0.9459241,1.0,2.0,1.0,0.0,0.0,0.0,0.0,0.0,0.0,0.0,1.0,2.0,0.40391797,-0.7101996,0.0
2812,1.0,0.0,1.0,0.0,1.629261,1.0,2.0,2.0,1.0,1.0,1.0,1.0,1.0,1.0,2.0,0.0,1.0,-1.2992531,-0.17273073,0.0
2813,1.0,0.0,0.0,0.0,-1.1503038,1.0,0.0,1.0,0.0,0.0,0.0,0.0,0.0,2.0,0.0,1.0,2.0,0.50577426,-0.86105907,1.0
2814,0.0,0.0,1.0,0.0,1.1796255,1.0,2.0,2.0,1.0,1.0,1.0,1.0,1.0,1.0,2.0,0.0,3.0,-1.3476766,-0.37475124,0.0
2815,1.0,0.0,1.0,1.0,-0.41453668,1.0,0.0,1.0,0.0,2.0,2.0,0.0,2.0,2.0,1.0,1.0,3.0,1.1786939,-0.07576711,0.0
2816,1.0,0.0,0.0,0.0,0.77086604,1.0,2.0,0.0,2.0,0.0,0.0,2.0,0.0,0.0,1.0,0.0,1.0,-0.16213594,0.3481736,0.0
2817,0.0,0.0,1.0,1.0,0.8526179,1.0,2.0,1.0,2.0,2.0,2.0,2.0,0.0,2.0,2.0,1.0,0.0,1.3122759,1.4700255,0.0
2818,0.0,0.0,1.0,1.0,1.5883851,1.0,2.0,1.0,2.0,2.0,2.0,2.0,2.0,2.0,2.0,0.0,0.0,1.6645986,2.5967913,0.0
2819,0.0,0.0,0.0,0.0,1.4248813,1.0,2.0,2.0,1.0,1.0,1.0,1.0,1.0,1.0,2.0,1.0,0.0,-1.307602,-0.20912822,0.0
2820,1.0,0.0,0.0,0.0,0.77086604,1.0,2.0,1.0,0.0,0.0,2.0,0.0,0.0,0.0,0.0,0.0,1.0,0.50911385,0.88124007,1.0
2821,0.0,0.0,1.0,0.0,1.5883851,1.0,2.0,2.0,1.0,1.0,1.0,1.0,1.0,1.0,2.0,0.0,0.0,-1.3359882,-0.18842812,0.0
2822,0.0,0.0,0.0,0.0,-0.9868001,1.0,2.0,1.0,0.0,0.0,0.0,0.0,0.0,0.0,0.0,1.0,2.0,0.292043,-0.72414047,0.0
2823,0.0,0.0,1.0,1.0,1.5066332,1.0,2.0,1.0,0.0,2.0,0.0,2.0,0.0,2.0,2.0,1.0,0.0,0.95327413,1.839848,0.0
2824,0.0,0.0,0.0,0.0,-1.2729317,1.0,0.0,1.0,0.0,0.0,0.0,0.0,0.0,0.0,0.0,1.0,3.0,0.18016805,-0.9740758,1.0
2825,0.0,0.0,1.0,1.0,1.629261,1.0,2.0,0.0,2.0,2.0,2.0,2.0,0.0,0.0,2.0,1.0,0.0,0.1901867,1.2918402,0.0
2826,1.0,0.0,0.0,0.0,-0.4962886,1.0,0.0,0.0,2.0,0.0,2.0,0.0,0.0,2.0,0.0,0.0,1.0,-0.011856149,-0.38333368,0.0
2827,0.0,0.0,1.0,1.0,0.8934939,1.0,2.0,0.0,2.0,0.0,0.0,2.0,0.0,0.0,2.0,0.0,0.0,-0.1587964,0.45060685,0.0
2828,1.0,0.0,1.0,1.0,-1.027676,0.0,1.0,0.0,2.0,2.0,2.0,0.0,0.0,0.0,2.0,0.0,3.0,-0.8751301,-0.88075864,0.0
2829,0.0,0.0,0.0,0.0,-0.9868001,1.0,0.0,2.0,1.0,1.0,1.0,1.0,1.0,1.0,0.0,1.0,3.0,-1.47124,-0.9440818,0.0
2830,1.0,0.0,0.0,0.0,1.4657573,1.0,2.0,1.0,2.0,2.0,2.0,0.0,2.0,0.0,1.0,0.0,0.0,1.222108,2.1567752,0.0
2831,1.0,0.0,0.0,0.0,0.44385839,1.0,0.0,1.0,2.0,0.0,0.0,0.0,0.0,0.0,0.0,1.0,2.0,0.34881538,0.4170998,1.0
2832,0.0,0.0,1.0,1.0,0.6891141,1.0,2.0,1.0,0.0,2.0,0.0,0.0,2.0,2.0,0.0,1.0,2.0,1.1219214,1.1688848,0.0
2833,1.0,0.0,0.0,0.0,-1.2320558,0.0,1.0,0.0,0.0,0.0,2.0,0.0,2.0,2.0,0.0,1.0,2.0,-0.5177981,-0.9650932,1.0
2834,1.0,0.0,0.0,0.0,-1.027676,1.0,2.0,1.0,0.0,0.0,0.0,0.0,2.0,2.0,0.0,1.0,2.0,0.97164166,-0.72262853,1.0
2835,1.0,0.0,0.0,0.0,-0.25103286,1.0,0.0,1.0,0.0,2.0,2.0,0.0,2.0,0.0,0.0,0.0,2.0,0.83638984,0.033203017,1.0
2836,1.0,0.0,1.0,1.0,1.4657573,1.0,2.0,1.0,2.0,2.0,2.0,0.0,2.0,2.0,2.0,1.0,2.0,1.5176582,2.3154168,0.0
2837,1.0,1.0,0.0,0.0,-1.1911799,1.0,2.0,1.0,0.0,2.0,2.0,0.0,2.0,2.0,0.0,1.0,2.0,1.3440017,-0.8743329,1.0
2838,0.0,0.0,0.0,0.0,-1.027676,1.0,2.0,1.0,0.0,0.0,0.0,0.0,0.0,0.0,0.0,1.0,2.0,0.3538247,-0.75417894,0.0
2839,0.0,0.0,0.0,0.0,0.6482381,1.0,2.0,2.0,1.0,1.0,1.0,1.0,1.0,1.0,1.0,0.0,0.0,-1.3493464,-0.5011308,0.0
2840,0.0,0.0,0.0,0.0,-0.9459241,1.0,0.0,1.0,0.0,0.0,2.0,0.0,0.0,2.0,0.0,1.0,1.0,0.68611,-0.6577934,0.0
2841,0.0,0.0,1.0,1.0,-0.21015692,1.0,2.0,2.0,1.0,1.0,1.0,1.0,1.0,1.0,2.0,0.0,2.0,-1.3443371,-0.6664426,0.0
2842,0.0,0.0,1.0,1.0,-0.33278477,1.0,2.0,2.0,1.0,1.0,1.0,1.0,1.0,1.0,2.0,0.0,3.0,-1.3376579,-0.7510217,0.0
2843,0.0,1.0,0.0,0.0,0.36210647,1.0,2.0,1.0,0.0,2.0,2.0,0.0,2.0,2.0,0.0,1.0,2.0,1.3239644,0.8330362,0.0
2844,1.0,0.0,1.0,0.0,1.0569977,0.0,1.0,0.0,0.0,0.0,0.0,0.0,2.0,2.0,1.0,1.0,1.0,-0.65972906,0.19064383,0.0
2845,1.0,1.0,1.0,1.0,0.9752458,1.0,2.0,1.0,2.0,0.0,2.0,0.0,2.0,2.0,1.0,1.0,0.0,1.3289737,1.571525,1.0
2846,0.0,0.0,0.0,0.0,-0.7824203,0.0,1.0,0.0,0.0,2.0,0.0,0.0,0.0,0.0,0.0,1.0,2.0,-1.1255964,-0.8508535,1.0
2847,0.0,1.0,0.0,0.0,0.48473433,1.0,0.0,0.0,0.0,0.0,2.0,2.0,2.0,2.0,1.0,0.0,0.0,0.33712694,0.4479832,0.0
2848,1.0,0.0,1.0,0.0,1.3022535,1.0,2.0,1.0,0.0,2.0,0.0,2.0,2.0,2.0,2.0,1.0,2.0,1.3523505,2.028995,0.0
2849,1.0,0.0,0.0,1.0,-1.2729317,1.0,0.0,2.0,1.0,1.0,1.0,1.0,1.0,1.0,0.0,1.0,3.0,-1.5129844,-0.9966214,1.0
2850,0.0,0.0,1.0,1.0,-0.61891645,1.0,2.0,1.0,0.0,0.0,0.0,0.0,0.0,2.0,0.0,1.0,2.0,0.6911194,-0.35976535,1.0
2851,1.0,0.0,0.0,0.0,-1.2729317,1.0,0.0,2.0,1.0,1.0,1.0,1.0,1.0,1.0,0.0,1.0,2.0,-1.4996262,-0.9964435,1.0
2852,1.0,1.0,1.0,1.0,1.629261,1.0,0.0,1.0,2.0,0.0,2.0,2.0,2.0,2.0,2.0,1.0,1.0,1.3139457,2.306612,0.0
2853,0.0,0.0,0.0,0.0,-1.027676,1.0,0.0,0.0,2.0,2.0,0.0,2.0,2.0,2.0,0.0,1.0,2.0,0.45902056,-0.75133294,0.0
2854,0.0,0.0,0.0,0.0,-0.9459241,1.0,2.0,1.0,0.0,0.0,2.0,0.0,2.0,2.0,0.0,0.0,1.0,1.1202517,-0.59460366,1.0
2855,1.0,0.0,0.0,0.0,0.56648624,1.0,0.0,2.0,1.0,1.0,1.0,1.0,1.0,1.0,2.0,0.0,2.0,-1.4962866,-0.6019187,0.0
2856,1.0,0.0,0.0,0.0,1.4248813,1.0,0.0,2.0,1.0,1.0,1.0,1.0,1.0,1.0,2.0,0.0,0.0,-1.4962866,-0.4219546,0.0
2857,0.0,0.0,1.0,1.0,-0.5780405,1.0,0.0,2.0,1.0,1.0,1.0,1.0,1.0,1.0,0.0,1.0,3.0,-1.486268,-0.82652926,0.0
2858,0.0,0.0,0.0,0.0,-1.2729317,0.0,1.0,0.0,0.0,0.0,0.0,0.0,0.0,0.0,0.0,0.0,3.0,-1.3476766,-0.9944202,0.0
2859,1.0,0.0,1.0,0.0,-0.128405,1.0,2.0,1.0,2.0,2.0,0.0,0.0,0.0,0.0,0.0,1.0,2.0,0.65772384,0.091812536,1.0
2860,0.0,0.0,1.0,0.0,0.4029824,1.0,2.0,1.0,0.0,0.0,2.0,2.0,0.0,0.0,0.0,1.0,1.0,0.7061474,0.6532944,0.0
2861,1.0,1.0,0.0,0.0,-1.2320558,1.0,0.0,0.0,2.0,0.0,2.0,0.0,2.0,0.0,0.0,0.0,0.0,0.054934874,-0.9632255,1.0
2862,0.0,1.0,1.0,0.0,1.5883851,1.0,2.0,1.0,2.0,2.0,2.0,2.0,0.0,0.0,2.0,1.0,1.0,1.0551305,2.0038924,0.0
2863,1.0,0.0,0.0,0.0,0.72999007,1.0,2.0,0.0,0.0,0.0,2.0,2.0,0.0,2.0,2.0,0.0,0.0,0.15846096,0.5147527,0.0
2864,0.0,0.0,0.0,0.0,-1.1503038,1.0,2.0,1.0,0.0,0.0,0.0,0.0,0.0,0.0,0.0,1.0,2.0,0.36384335,-0.8708199,0.0
2865,0.0,0.0,0.0,1.0,-1.027676,1.0,0.0,1.0,0.0,0.0,0.0,0.0,0.0,0.0,0.0,1.0,2.0,0.210224,-0.79509,0.0
2866,0.0,0.0,1.0,0.0,1.5475092,1.0,2.0,2.0,1.0,1.0,1.0,1.0,1.0,1.0,2.0,1.0,0.0,-1.2942438,-0.11280939,0.0
2867,1.0,0.0,1.0,1.0,1.5475092,1.0,2.0,0.0,2.0,2.0,2.0,2.0,2.0,2.0,2.0,1.0,1.0,0.84807825,1.7682538,0.0
2868,1.0,0.0,0.0,1.0,-1.068552,1.0,0.0,2.0,1.0,1.0,1.0,1.0,1.0,1.0,0.0,0.0,3.0,-1.5096449,-0.94808394,0.0
2869,0.0,0.0,0.0,0.0,0.28035456,0.0,1.0,0.0,0.0,2.0,2.0,2.0,0.0,0.0,0.0,0.0,0.0,-0.7899716,-0.29508588,0.0
2870,1.0,1.0,0.0,0.0,-1.1503038,1.0,0.0,1.0,0.0,0.0,0.0,0.0,0.0,0.0,0.0,1.0,2.0,0.1968658,-0.8745997,0.0
2871,1.0,0.0,0.0,1.0,-1.1911799,1.0,2.0,1.0,0.0,0.0,2.0,0.0,0.0,2.0,0.0,0.0,2.0,0.90485066,-0.89096415,1.0
2872,1.0,0.0,1.0,1.0,-0.7006684,1.0,0.0,2.0,1.0,1.0,1.0,1.0,1.0,1.0,1.0,1.0,3.0,-1.5113146,-0.8986572,0.0
2873,0.0,0.0,0.0,0.0,-1.1911799,1.0,2.0,1.0,0.0,0.0,0.0,0.0,0.0,0.0,0.0,0.0,0.0,0.32209897,-0.9093074,1.0
2874,0.0,0.0,0.0,0.0,-1.2729317,1.0,0.0,2.0,1.0,1.0,1.0,1.0,1.0,1.0,0.0,0.0,3.0,-1.5113146,-0.99659914,1.0
2875,1.0,0.0,1.0,1.0,1.0978737,1.0,0.0,0.0,0.0,2.0,2.0,2.0,2.0,2.0,1.0,0.0,1.0,0.4005784,1.0144455,0.0
2876,0.0,1.0,0.0,0.0,-0.41453668,1.0,2.0,1.0,0.0,0.0,0.0,0.0,0.0,0.0,0.0,1.0,0.0,0.32209897,-0.2525962,1.0
2877,0.0,0.0,1.0,0.0,-0.6597924,0.0,1.0,0.0,0.0,0.0,0.0,2.0,2.0,2.0,0.0,1.0,2.0,-0.4944213,-0.6449865,1.0
2878,0.0,0.0,0.0,0.0,0.9752458,1.0,2.0,1.0,0.0,2.0,0.0,2.0,2.0,2.0,0.0,1.0,0.0,1.3590297,1.62591,0.0
2879,0.0,0.0,0.0,0.0,-0.9868001,1.0,0.0,2.0,1.0,1.0,1.0,1.0,1.0,1.0,2.0,0.0,3.0,-1.4946169,-0.94230306,0.0
2880,0.0,0.0,0.0,0.0,-1.2320558,1.0,0.0,2.0,1.0,1.0,1.0,1.0,1.0,1.0,0.0,0.0,2.0,-1.4979564,-0.97974557,0.0
2881,0.0,0.0,1.0,0.0,0.36210647,1.0,2.0,1.0,2.0,2.0,2.0,2.0,2.0,2.0,0.0,1.0,0.0,1.631203,1.0380361,1.0
2882,0.0,0.0,1.0,0.0,-1.1911799,1.0,2.0,1.0,0.0,2.0,0.0,0.0,0.0,2.0,0.0,1.0,1.0,0.8931622,-0.8972342,1.0
2883,1.0,0.0,1.0,1.0,-0.7824203,1.0,2.0,2.0,1.0,1.0,1.0,1.0,1.0,1.0,1.0,0.0,0.0,-1.3443371,-0.85247666,0.0
2884,1.0,0.0,0.0,1.0,0.8526179,1.0,0.0,2.0,1.0,1.0,1.0,1.0,1.0,1.0,2.0,0.0,0.0,-1.5029657,-0.53730595,1.0
2885,0.0,0.0,1.0,0.0,-0.5780405,1.0,0.0,2.0,1.0,1.0,1.0,1.0,1.0,1.0,2.0,0.0,3.0,-1.4912773,-0.8405146,0.0
2886,0.0,1.0,0.0,0.0,-1.1503038,1.0,0.0,1.0,0.0,0.0,0.0,0.0,2.0,0.0,0.0,1.0,2.0,0.470709,-0.87506664,1.0
2887,0.0,0.0,1.0,1.0,-0.7415443,1.0,2.0,1.0,0.0,0.0,0.0,0.0,2.0,0.0,0.0,1.0,2.0,0.6694123,-0.4699139,0.0
2888,0.0,0.0,1.0,0.0,-0.16928096,1.0,2.0,1.0,0.0,0.0,2.0,2.0,2.0,2.0,0.0,1.0,2.0,1.3373225,0.34926307,1.0
2889,0.0,0.0,1.0,0.0,1.5883851,0.0,1.0,0.0,0.0,0.0,2.0,2.0,0.0,2.0,2.0,1.0,2.0,-0.5912683,0.44600436,0.0
2890,1.0,1.0,1.0,0.0,0.36210647,1.0,2.0,1.0,2.0,0.0,2.0,0.0,0.0,0.0,0.0,1.0,0.0,0.634347,0.45042896,1.0
2891,1.0,0.0,1.0,1.0,1.5066332,1.0,2.0,2.0,1.0,1.0,1.0,1.0,1.0,1.0,2.0,0.0,0.0,-1.3460069,-0.24121226,0.0
2892,0.0,0.0,0.0,0.0,1.3840053,1.0,0.0,0.0,2.0,2.0,2.0,0.0,0.0,0.0,2.0,1.0,0.0,-0.12039156,0.78123033,0.0
2893,1.0,1.0,0.0,0.0,-1.027676,1.0,2.0,1.0,0.0,0.0,0.0,0.0,2.0,0.0,0.0,1.0,2.0,0.6694123,-0.76204985,1.0
2894,1.0,0.0,0.0,0.0,-0.33278477,1.0,0.0,0.0,2.0,2.0,0.0,2.0,0.0,0.0,0.0,0.0,0.0,-0.14376841,-0.3645902,0.0
2895,0.0,0.0,0.0,0.0,-0.82329625,1.0,0.0,2.0,1.0,1.0,1.0,1.0,1.0,1.0,0.0,0.0,3.0,-1.4845982,-0.89556664,0.0
2896,1.0,0.0,1.0,0.0,1.1387496,1.0,0.0,0.0,2.0,2.0,0.0,2.0,0.0,0.0,2.0,1.0,3.0,-0.11371246,0.66950315,0.0
2897,1.0,0.0,0.0,1.0,-1.1911799,1.0,0.0,2.0,1.0,1.0,1.0,1.0,1.0,1.0,0.0,0.0,3.0,-1.4962866,-0.9793453,0.0
2898,0.0,0.0,0.0,0.0,-0.6597924,1.0,0.0,2.0,1.0,1.0,1.0,1.0,1.0,1.0,1.0,0.0,0.0,-1.4912773,-0.86359376,0.0
2899,1.0,0.0,1.0,1.0,0.48473433,1.0,0.0,2.0,1.0,1.0,1.0,1.0,1.0,1.0,1.0,1.0,0.0,-1.4779191,-0.6205955,0.0
2900,0.0,0.0,1.0,0.0,-0.25103286,1.0,0.0,2.0,1.0,1.0,1.0,1.0,1.0,1.0,1.0,0.0,3.0,-1.5213332,-0.8008931,0.0
2901,0.0,0.0,0.0,0.0,-0.29190883,1.0,0.0,0.0,2.0,0.0,0.0,2.0,2.0,2.0,0.0,1.0,1.0,0.38054112,-0.11903498,0.0
2902,0.0,1.0,0.0,0.0,-1.2320558,1.0,2.0,1.0,0.0,0.0,0.0,0.0,2.0,0.0,0.0,1.0,2.0,0.6944589,-0.9219142,1.0
2903,0.0,0.0,1.0,0.0,-0.9459241,1.0,0.0,1.0,0.0,0.0,0.0,0.0,0.0,2.0,0.0,1.0,2.0,0.50076497,-0.663263,0.0
2904,0.0,0.0,0.0,0.0,-0.5780405,1.0,0.0,0.0,0.0,0.0,2.0,0.0,0.0,0.0,0.0,1.0,3.0,-0.4927515,-0.6083,0.0
2905,0.0,0.0,0.0,0.0,-0.41453668,1.0,0.0,1.0,0.0,0.0,0.0,0.0,2.0,2.0,0.0,0.0,2.0,0.8180223,-0.1568777,1.0
2906,0.0,0.0,1.0,0.0,0.93436986,1.0,2.0,1.0,0.0,2.0,0.0,0.0,0.0,0.0,0.0,1.0,1.0,0.43397394,0.89193475,0.0
2907,1.0,0.0,1.0,1.0,1.1796255,1.0,0.0,0.0,2.0,2.0,2.0,2.0,0.0,0.0,2.0,1.0,0.0,0.11003747,0.843842,0.0
2908,1.0,0.0,0.0,0.0,-1.2729317,1.0,0.0,0.0,0.0,0.0,0.0,0.0,0.0,2.0,0.0,1.0,3.0,-0.3023971,-0.98050153,1.0
2909,1.0,0.0,1.0,0.0,0.48473433,1.0,0.0,0.0,0.0,2.0,2.0,2.0,2.0,0.0,1.0,1.0,2.0,0.20688446,0.44015673,0.0
2910,1.0,0.0,0.0,0.0,-1.1911799,1.0,0.0,2.0,1.0,1.0,1.0,1.0,1.0,1.0,0.0,1.0,3.0,-1.5012959,-0.979412,1.0
2911,0.0,0.0,1.0,1.0,1.5883851,1.0,0.0,0.0,2.0,0.0,2.0,2.0,2.0,2.0,2.0,1.0,1.0,0.57590485,1.6627744,0.0
2912,1.0,0.0,0.0,0.0,0.28035456,1.0,0.0,1.0,2.0,0.0,2.0,0.0,2.0,2.0,2.0,1.0,2.0,1.192052,0.6852895,0.0
2913,0.0,0.0,1.0,0.0,-0.82329625,1.0,0.0,2.0,1.0,1.0,1.0,1.0,1.0,1.0,2.0,1.0,2.0,-1.4929471,-0.88762903,0.0
2914,1.0,0.0,0.0,1.0,-0.53716457,0.0,1.0,0.0,0.0,0.0,0.0,0.0,0.0,0.0,0.0,1.0,1.0,-1.3159509,-0.75353414,0.0
2915,1.0,0.0,0.0,1.0,-1.1911799,1.0,0.0,2.0,1.0,1.0,1.0,1.0,1.0,1.0,0.0,0.0,3.0,-1.4662306,-0.97830033,0.0
2916,0.0,0.0,1.0,0.0,1.2613775,1.0,0.0,1.0,0.0,2.0,0.0,0.0,2.0,2.0,1.0,1.0,2.0,1.043442,1.7116454,0.0
2917,1.0,0.0,0.0,0.0,-1.2729317,1.0,0.0,1.0,0.0,2.0,0.0,0.0,0.0,0.0,0.0,1.0,2.0,0.3204292,-0.97220814,1.0
2918,0.0,0.0,0.0,0.0,-1.2729317,1.0,0.0,1.0,0.0,0.0,0.0,0.0,0.0,0.0,0.0,1.0,2.0,0.17849827,-0.974098,1.0
2919,0.0,0.0,1.0,1.0,0.2394786,1.0,0.0,2.0,1.0,1.0,1.0,1.0,1.0,1.0,1.0,0.0,1.0,-1.5079751,-0.66593117,0.0
2920,1.0,0.0,0.0,0.0,-0.5780405,1.0,0.0,2.0,1.0,1.0,1.0,1.0,1.0,1.0,0.0,0.0,2.0,-1.5280124,-0.8501643,0.0
2921,0.0,0.0,0.0,0.0,-0.25103286,1.0,2.0,0.0,2.0,2.0,0.0,0.0,2.0,0.0,0.0,1.0,0.0,0.15846096,-0.20481478,0.0
2922,0.0,0.0,0.0,0.0,1.5066332,1.0,2.0,1.0,0.0,0.0,2.0,2.0,2.0,2.0,2.0,0.0,2.0,1.3106061,2.1202,0.0
2923,1.0,0.0,1.0,1.0,1.5066332,1.0,2.0,1.0,0.0,0.0,0.0,2.0,2.0,2.0,2.0,1.0,2.0,1.155317,2.0436919,0.0
2924,1.0,0.0,1.0,1.0,0.8934939,1.0,2.0,0.0,2.0,2.0,0.0,2.0,0.0,0.0,2.0,1.0,1.0,0.02988824,0.58078843,0.0
2925,0.0,0.0,1.0,0.0,-0.16928096,1.0,2.0,2.0,1.0,1.0,1.0,1.0,1.0,1.0,1.0,0.0,3.0,-1.3092718,-0.70635307,0.0
2926,0.0,0.0,0.0,0.0,-0.6597924,1.0,0.0,1.0,0.0,2.0,0.0,0.0,0.0,2.0,0.0,1.0,2.0,0.7178358,-0.40934777,0.0
2927,1.0,0.0,0.0,0.0,-0.90504813,0.0,1.0,0.0,0.0,2.0,0.0,2.0,0.0,0.0,0.0,0.0,2.0,-0.9686376,-0.8319322,0.0
2928,1.0,0.0,0.0,0.0,-0.25103286,1.0,2.0,1.0,2.0,2.0,0.0,0.0,0.0,0.0,0.0,1.0,1.0,0.73119396,-0.023071904,0.0
2929,0.0,1.0,1.0,0.0,-0.4962886,1.0,0.0,0.0,0.0,2.0,0.0,0.0,0.0,2.0,0.0,1.0,2.0,-0.1587964,-0.44525608,0.0
2930,1.0,0.0,1.0,0.0,-0.7824203,1.0,2.0,0.0,0.0,0.0,2.0,0.0,2.0,2.0,1.0,1.0,3.0,0.35215494,-0.5652766,1.0
2931,1.0,0.0,1.0,0.0,1.5883851,1.0,2.0,0.0,2.0,0.0,2.0,2.0,2.0,2.0,2.0,0.0,2.0,0.6159795,1.7189159,0.0
2932,1.0,0.0,1.0,1.0,0.4029824,1.0,0.0,0.0,2.0,0.0,0.0,2.0,0.0,2.0,1.0,0.0,1.0,-0.035233006,0.22355054,0.0
2933,0.0,0.0,1.0,0.0,1.2205015,1.0,0.0,1.0,2.0,0.0,2.0,2.0,2.0,2.0,1.0,1.0,2.0,1.3206247,1.9357222,0.0
2934,0.0,0.0,1.0,1.0,0.28035456,1.0,0.0,1.0,0.0,0.0,2.0,2.0,0.0,0.0,0.0,1.0,0.0,0.5592071,0.37650004,0.0
2935,1.0,0.0,0.0,0.0,-1.2729317,1.0,0.0,1.0,0.0,0.0,0.0,0.0,2.0,2.0,0.0,1.0,2.0,0.82804096,-0.9654489,1.0
2936,0.0,0.0,0.0,0.0,-1.2729317,1.0,2.0,0.0,0.0,0.0,0.0,0.0,0.0,0.0,0.0,1.0,3.0,-0.48941198,-0.98299176,1.0
2937,1.0,0.0,0.0,0.0,-0.5780405,1.0,2.0,1.0,0.0,0.0,0.0,0.0,0.0,0.0,0.0,1.0,0.0,0.3621736,-0.3849123,0.0
2938,1.0,0.0,0.0,0.0,-1.1503038,1.0,2.0,1.0,0.0,0.0,0.0,0.0,0.0,0.0,0.0,1.0,0.0,0.24862884,-0.8693969,1.0
2939,1.0,1.0,1.0,0.0,-0.7824203,1.0,0.0,1.0,0.0,2.0,2.0,0.0,2.0,2.0,0.0,1.0,2.0,1.1102331,-0.45481682,1.0
2940,1.0,0.0,1.0,1.0,1.629261,1.0,2.0,1.0,2.0,2.0,2.0,0.0,2.0,2.0,2.0,1.0,0.0,1.5209979,2.5374925,0.0
2941,1.0,0.0,1.0,0.0,-0.9868001,1.0,0.0,0.0,0.0,2.0,2.0,0.0,0.0,0.0,0.0,1.0,3.0,-0.33412284,-0.80700755,0.0
2942,0.0,0.0,0.0,1.0,-0.5780405,1.0,0.0,2.0,1.0,1.0,1.0,1.0,1.0,1.0,1.0,0.0,0.0,-1.4896076,-0.83146524,1.0
2943,0.0,0.0,0.0,0.0,1.1796255,1.0,2.0,0.0,2.0,0.0,2.0,2.0,2.0,2.0,2.0,0.0,1.0,0.7245149,1.2961092,0.0
2944,0.0,0.0,1.0,0.0,0.6482381,1.0,2.0,0.0,0.0,0.0,2.0,2.0,0.0,2.0,1.0,1.0,3.0,0.16013074,0.5224902,0.0
2945,0.0,0.0,1.0,0.0,-0.45541266,1.0,2.0,1.0,0.0,0.0,0.0,0.0,2.0,2.0,0.0,1.0,2.0,0.98666966,-0.13886794,0.0
2946,0.0,0.0,0.0,0.0,-1.1503038,1.0,2.0,1.0,0.0,2.0,0.0,2.0,0.0,2.0,0.0,1.0,2.0,0.95995325,-0.8442055,1.0
2947,1.0,0.0,0.0,0.0,-1.1911799,1.0,0.0,0.0,0.0,0.0,0.0,2.0,0.0,2.0,0.0,0.0,3.0,-0.13708931,-0.917712,0.0
2948,1.0,0.0,1.0,0.0,0.15772669,1.0,0.0,2.0,1.0,1.0,1.0,1.0,1.0,1.0,1.0,0.0,0.0,-1.4662306,-0.68507487,0.0
2949,1.0,0.0,0.0,0.0,-0.25103286,1.0,0.0,0.0,0.0,0.0,0.0,0.0,0.0,0.0,0.0,0.0,2.0,-0.6447011,-0.45690686,0.0
2950,1.0,0.0,1.0,0.0,0.6482381,1.0,0.0,2.0,1.0,1.0,1.0,1.0,1.0,1.0,2.0,0.0,3.0,-1.5196635,-0.62502015,0.0
2951,0.0,0.0,0.0,0.0,-1.2729317,1.0,0.0,2.0,1.0,1.0,1.0,1.0,1.0,1.0,0.0,0.0,3.0,-1.4645609,-0.99597657,1.0
2952,0.0,0.0,0.0,0.0,-0.128405,1.0,0.0,0.0,2.0,0.0,2.0,2.0,0.0,0.0,1.0,0.0,1.0,-0.22558743,-0.23396389,0.0
2953,1.0,0.0,0.0,0.0,-1.1503038,1.0,0.0,2.0,1.0,1.0,1.0,1.0,1.0,1.0,1.0,0.0,3.0,-1.5046356,-0.9528866,0.0
2954,1.0,0.0,0.0,0.0,0.48473433,1.0,0.0,2.0,1.0,1.0,1.0,1.0,1.0,1.0,2.0,0.0,1.0,-1.4812586,-0.60258573,0.0
2955,0.0,1.0,0.0,0.0,-0.61891645,1.0,2.0,1.0,0.0,0.0,0.0,0.0,2.0,2.0,0.0,1.0,2.0,0.9833301,-0.29014987,0.0
2956,0.0,1.0,1.0,0.0,0.72999007,1.0,0.0,1.0,0.0,0.0,0.0,0.0,0.0,0.0,0.0,1.0,2.0,0.210224,0.5266036,1.0
2957,0.0,0.0,0.0,0.0,-0.21015692,1.0,0.0,1.0,0.0,0.0,2.0,2.0,0.0,2.0,0.0,1.0,2.0,0.81635255,0.054681316,0.0
2958,0.0,1.0,1.0,0.0,-0.33278477,0.0,1.0,0.0,0.0,0.0,2.0,0.0,0.0,2.0,0.0,1.0,1.0,-0.80499953,-0.5902457,1.0
2959,1.0,0.0,0.0,1.0,-0.5780405,1.0,0.0,0.0,0.0,0.0,0.0,0.0,0.0,0.0,0.0,1.0,1.0,-0.638022,-0.67300165,0.0
2960,0.0,0.0,0.0,0.0,0.15772669,0.0,1.0,0.0,2.0,2.0,2.0,2.0,0.0,2.0,2.0,1.0,3.0,-0.38922542,-0.15981263,0.0
2961,1.0,0.0,0.0,0.0,-1.2729317,1.0,0.0,2.0,1.0,1.0,1.0,1.0,1.0,1.0,0.0,0.0,3.0,-1.486268,-0.9962656,1.0
2962,1.0,0.0,0.0,0.0,-0.90504813,1.0,0.0,1.0,2.0,0.0,2.0,0.0,0.0,0.0,0.0,1.0,3.0,0.5041045,-0.61067903,0.0
2963,0.0,0.0,1.0,1.0,1.629261,1.0,2.0,1.0,2.0,2.0,2.0,2.0,2.0,2.0,2.0,1.0,0.0,1.697994,2.6502204,0.0
2964,0.0,0.0,1.0,0.0,1.5475092,1.0,2.0,0.0,0.0,2.0,2.0,2.0,2.0,2.0,2.0,1.0,0.0,0.6694123,1.6261768,0.0
2965,0.0,0.0,0.0,0.0,-0.5780405,1.0,2.0,1.0,0.0,0.0,0.0,2.0,2.0,2.0,0.0,1.0,0.0,1.1720147,-0.215087,1.0
2966,1.0,0.0,1.0,0.0,1.629261,1.0,2.0,0.0,2.0,2.0,2.0,2.0,0.0,2.0,2.0,0.0,0.0,0.470709,1.5575174,0.0
2967,0.0,0.0,1.0,1.0,0.116850734,1.0,2.0,0.0,2.0,2.0,0.0,0.0,0.0,0.0,0.0,1.0,1.0,-0.17716393,-0.05502254,0.0
2968,1.0,0.0,1.0,0.0,-0.41453668,1.0,0.0,1.0,2.0,2.0,0.0,2.0,2.0,2.0,0.0,1.0,2.0,1.3306434,-0.035612028,0.0
2969,0.0,0.0,0.0,0.0,-1.2729317,1.0,0.0,2.0,1.0,1.0,1.0,1.0,1.0,1.0,0.0,0.0,3.0,-1.4979564,-0.9964213,0.0
2970,0.0,0.0,0.0,0.0,-1.2729317,1.0,0.0,0.0,0.0,0.0,0.0,0.0,0.0,2.0,0.0,1.0,2.0,-0.31241575,-0.9806349,1.0
2971,1.0,0.0,1.0,1.0,-1.1503038,1.0,2.0,2.0,1.0,1.0,1.0,1.0,1.0,1.0,1.0,0.0,1.0,-1.3576952,-0.972764,0.0
2972,0.0,0.0,0.0,0.0,-0.21015692,1.0,0.0,2.0,1.0,1.0,1.0,1.0,1.0,1.0,2.0,1.0,0.0,-1.486268,-0.7659409,0.0
2973,0.0,1.0,0.0,0.0,-1.1094279,1.0,0.0,1.0,0.0,0.0,0.0,0.0,0.0,2.0,0.0,0.0,2.0,0.47404855,-0.83700156,1.0
2974,1.0,0.0,1.0,1.0,-0.53716457,1.0,2.0,1.0,0.0,0.0,2.0,2.0,2.0,2.0,0.0,0.0,2.0,1.2872293,-0.11025245,1.0
2975,0.0,0.0,1.0,1.0,-0.9868001,1.0,0.0,0.0,2.0,2.0,0.0,0.0,0.0,0.0,0.0,0.0,3.0,-0.3374624,-0.790821,0.0
2976,1.0,0.0,1.0,0.0,-0.8641722,1.0,0.0,0.0,0.0,0.0,0.0,0.0,0.0,0.0,0.0,1.0,0.0,-0.6296731,-0.77318925,0.0
2977,0.0,1.0,1.0,1.0,0.9752458,1.0,0.0,0.0,2.0,0.0,0.0,2.0,2.0,2.0,2.0,1.0,1.0,0.26198706,0.8109798,0.0
2978,0.0,0.0,0.0,0.0,-1.2729317,1.0,0.0,1.0,0.0,0.0,0.0,0.0,0.0,2.0,0.0,1.0,2.0,0.5742351,-0.96882856,1.0
2979,0.0,0.0,0.0,0.0,-0.7006684,1.0,0.0,2.0,1.0,1.0,1.0,1.0,1.0,1.0,0.0,0.0,0.0,-1.5029657,-0.87306553,1.0
2980,0.0,0.0,0.0,1.0,-1.2729317,1.0,0.0,0.0,2.0,2.0,0.0,2.0,0.0,0.0,0.0,1.0,2.0,-0.1587964,-0.97858936,1.0
2981,1.0,1.0,0.0,0.0,-0.9459241,1.0,0.0,1.0,0.0,0.0,0.0,0.0,0.0,2.0,0.0,1.0,2.0,0.49408585,-0.6857419,0.0
2982,1.0,0.0,1.0,1.0,0.93436986,1.0,0.0,1.0,0.0,2.0,0.0,2.0,0.0,0.0,0.0,0.0,2.0,0.48907652,0.8795058,0.0
2983,0.0,0.0,0.0,0.0,0.72999007,1.0,0.0,1.0,0.0,0.0,2.0,2.0,0.0,2.0,2.0,1.0,0.0,0.8330503,0.90887725,0.0
2984,0.0,0.0,1.0,0.0,-1.068552,1.0,2.0,0.0,0.0,0.0,0.0,0.0,0.0,0.0,0.0,0.0,2.0,-0.4810631,-0.8653947,0.0
2985,1.0,0.0,0.0,0.0,-1.1911799,1.0,0.0,1.0,0.0,0.0,0.0,0.0,0.0,2.0,0.0,1.0,2.0,0.52080226,-0.8924094,0.0
2986,0.0,0.0,0.0,1.0,-0.33278477,1.0,0.0,2.0,1.0,1.0,1.0,1.0,1.0,1.0,1.0,0.0,0.0,-1.4595516,-0.768898,0.0
2987,1.0,0.0,1.0,1.0,-0.6597924,1.0,2.0,0.0,2.0,2.0,0.0,2.0,2.0,2.0,0.0,0.0,2.0,0.67275184,-0.3834893,0.0
2988,1.0,0.0,1.0,1.0,1.5475092,1.0,2.0,1.0,2.0,2.0,2.0,2.0,2.0,2.0,2.0,0.0,1.0,1.6696079,2.4820848,0.0
2989,1.0,0.0,0.0,0.0,-1.2729317,1.0,0.0,0.0,0.0,2.0,0.0,0.0,0.0,0.0,0.0,0.0,2.0,-0.4660351,-0.9826805,1.0
2990,1.0,0.0,0.0,1.0,-0.21015692,1.0,0.0,2.0,1.0,1.0,1.0,1.0,1.0,1.0,2.0,0.0,3.0,-1.4745796,-0.74653035,0.0
2991,1.0,0.0,0.0,0.0,-1.2729317,1.0,0.0,2.0,1.0,1.0,1.0,1.0,1.0,1.0,0.0,1.0,3.0,-1.4979564,-0.9964213,0.0
2992,1.0,0.0,1.0,0.0,-0.4962886,1.0,0.0,0.0,2.0,0.0,0.0,2.0,0.0,2.0,1.0,1.0,3.0,-0.020205026,-0.43854135,0.0
2993,0.0,1.0,1.0,0.0,1.1387496,0.0,1.0,0.0,0.0,2.0,0.0,0.0,2.0,2.0,2.0,1.0,1.0,-0.51111907,0.28767416,0.0
2994,0.0,0.0,0.0,0.0,-1.1094279,1.0,2.0,1.0,0.0,0.0,0.0,0.0,0.0,0.0,0.0,0.0,2.0,0.3605038,-0.82132643,1.0
2995,1.0,0.0,1.0,0.0,1.5475092,1.0,2.0,2.0,1.0,1.0,1.0,1.0,1.0,1.0,2.0,0.0,0.0,-1.3226299,-0.1422031,0.0
2996,0.0,0.0,1.0,0.0,0.4029824,1.0,0.0,1.0,0.0,0.0,2.0,2.0,2.0,2.0,2.0,1.0,1.0,1.1436286,0.83350307,0.0
2997,0.0,0.0,0.0,0.0,-0.53716457,1.0,0.0,0.0,0.0,0.0,0.0,0.0,0.0,2.0,0.0,1.0,2.0,-0.28569934,-0.5190516,0.0
2998,0.0,1.0,1.0,0.0,1.3431294,1.0,2.0,1.0,2.0,0.0,2.0,0.0,2.0,2.0,0.0,0.0,0.0,1.3523505,2.0125415,1.0
2999,1.0,0.0,0.0,0.0,0.81174195,1.0,2.0,1.0,0.0,0.0,2.0,0.0,0.0,2.0,2.0,1.0,1.0,0.8247014,1.0303875,0.0
3000,0.0,0.0,0.0,0.0,-0.128405,0.0,1.0,0.0,0.0,0.0,0.0,0.0,0.0,0.0,0.0,1.0,1.0,-1.3242998,-0.6882766,1.0
3001,1.0,0.0,0.0,0.0,-1.2729317,1.0,0.0,2.0,1.0,1.0,1.0,1.0,1.0,1.0,2.0,0.0,3.0,-1.4795889,-0.99617666,0.0
3002,0.0,0.0,1.0,0.0,-1.068552,1.0,0.0,0.0,0.0,0.0,0.0,0.0,0.0,0.0,0.0,0.0,3.0,-0.638022,-0.861437,0.0
3003,0.0,1.0,0.0,0.0,1.3022535,0.0,1.0,0.0,0.0,2.0,0.0,2.0,2.0,0.0,0.0,1.0,2.0,-0.6981339,0.21805868,0.0
3004,1.0,0.0,1.0,0.0,-0.90504813,1.0,2.0,1.0,0.0,0.0,0.0,0.0,0.0,2.0,0.0,1.0,2.0,0.68444026,-0.62493116,1.0
3005,1.0,0.0,0.0,1.0,0.28035456,1.0,0.0,2.0,1.0,1.0,1.0,1.0,1.0,1.0,1.0,0.0,0.0,-1.5163239,-0.65877175,0.0
3006,1.0,1.0,1.0,1.0,0.6073622,1.0,0.0,1.0,0.0,2.0,0.0,0.0,2.0,0.0,1.0,1.0,0.0,0.6744216,0.7814972,0.0
3007,1.0,0.0,1.0,1.0,0.07597478,1.0,2.0,0.0,0.0,0.0,2.0,0.0,2.0,2.0,1.0,0.0,0.0,0.4156064,0.2193038,0.0
3008,1.0,0.0,1.0,1.0,0.03509882,1.0,0.0,0.0,0.0,2.0,2.0,2.0,2.0,2.0,2.0,0.0,1.0,0.57924443,0.15228973,0.0
3009,1.0,1.0,0.0,0.0,-0.82329625,1.0,2.0,1.0,0.0,0.0,0.0,0.0,0.0,0.0,0.0,1.0,1.0,0.2853639,-0.63704884,0.0
3010,1.0,0.0,1.0,1.0,-0.21015692,1.0,2.0,1.0,0.0,0.0,0.0,0.0,0.0,0.0,0.0,1.0,0.0,0.3671829,-0.1474726,0.0
3011,0.0,0.0,1.0,1.0,1.5066332,1.0,2.0,0.0,2.0,0.0,2.0,2.0,0.0,0.0,2.0,1.0,1.0,-0.020205026,0.88646513,0.0
3012,0.0,0.0,1.0,0.0,-0.005777135,1.0,0.0,1.0,2.0,0.0,0.0,0.0,0.0,0.0,0.0,1.0,0.0,0.35883403,0.028489353,0.0
3013,1.0,0.0,0.0,1.0,1.1387496,1.0,2.0,0.0,2.0,0.0,2.0,2.0,2.0,2.0,2.0,1.0,2.0,0.6744216,1.2114189,0.0
3014,0.0,0.0,1.0,1.0,0.48473433,1.0,0.0,0.0,2.0,0.0,0.0,2.0,0.0,0.0,0.0,0.0,0.0,-0.28402957,0.07066775,0.0
3015,1.0,0.0,0.0,0.0,-0.45541266,1.0,2.0,1.0,0.0,0.0,0.0,0.0,0.0,0.0,0.0,0.0,3.0,0.35215494,-0.30680335,0.0
3016,1.0,0.0,0.0,0.0,-1.2320558,1.0,2.0,1.0,0.0,0.0,0.0,0.0,2.0,0.0,0.0,1.0,2.0,0.6977985,-0.9245601,1.0
3017,0.0,0.0,0.0,0.0,-1.2320558,1.0,0.0,2.0,1.0,1.0,1.0,1.0,1.0,1.0,0.0,0.0,3.0,-1.5146542,-0.9781225,0.0
3018,0.0,0.0,1.0,0.0,-0.5780405,0.0,1.0,0.0,0.0,0.0,2.0,0.0,2.0,0.0,0.0,1.0,2.0,-0.85843235,-0.70739806,1.0
3019,0.0,0.0,0.0,0.0,-0.53716457,1.0,2.0,2.0,1.0,1.0,1.0,1.0,1.0,1.0,0.0,0.0,0.0,-1.3376579,-0.7981139,0.0
3020,1.0,0.0,1.0,0.0,1.0569977,1.0,2.0,0.0,2.0,2.0,2.0,0.0,2.0,2.0,2.0,1.0,2.0,0.71282643,1.1694628,0.0
3021,1.0,0.0,1.0,0.0,1.629261,1.0,2.0,0.0,0.0,2.0,2.0,2.0,2.0,2.0,2.0,1.0,1.0,0.6911194,1.764007,0.0
3022,1.0,0.0,0.0,0.0,-0.9868001,0.0,1.0,0.0,0.0,0.0,0.0,0.0,0.0,0.0,0.0,1.0,1.0,-1.3192904,-0.9224256,0.0
3023,0.0,0.0,0.0,0.0,0.81174195,1.0,2.0,1.0,2.0,2.0,0.0,2.0,2.0,2.0,1.0,1.0,1.0,1.5527235,1.6256877,1.0
3024,1.0,0.0,1.0,1.0,1.4657573,1.0,2.0,0.0,2.0,2.0,2.0,2.0,2.0,2.0,2.0,1.0,1.0,0.9165391,1.8375357,0.0
3025,1.0,0.0,0.0,0.0,-0.7415443,1.0,2.0,2.0,1.0,1.0,1.0,1.0,1.0,1.0,1.0,1.0,1.0,-1.3343184,-0.8622152,0.0
3026,0.0,0.0,1.0,0.0,-1.068552,1.0,2.0,1.0,0.0,2.0,0.0,0.0,0.0,2.0,0.0,1.0,2.0,0.8681156,-0.7774805,0.0
3027,0.0,0.0,1.0,0.0,1.5883851,0.0,1.0,0.0,0.0,2.0,2.0,2.0,2.0,2.0,2.0,1.0,1.0,-0.11204268,0.91147864,0.0
3028,0.0,0.0,1.0,1.0,-0.6597924,1.0,0.0,1.0,0.0,2.0,2.0,0.0,2.0,0.0,0.0,1.0,1.0,0.8247014,-0.3692594,1.0
3029,0.0,0.0,1.0,1.0,1.3022535,1.0,2.0,0.0,0.0,2.0,0.0,0.0,0.0,0.0,1.0,1.0,0.0,-0.3641788,0.5065927,0.0
3030,0.0,0.0,1.0,1.0,-1.1503038,1.0,0.0,1.0,0.0,0.0,0.0,0.0,0.0,2.0,0.0,0.0,2.0,0.5375,-0.870642,1.0
3031,1.0,0.0,1.0,1.0,-0.4962886,1.0,0.0,2.0,1.0,1.0,1.0,1.0,1.0,1.0,2.0,0.0,3.0,-1.4929471,-0.8273964,0.0
3032,0.0,0.0,1.0,0.0,1.3022535,1.0,2.0,0.0,0.0,0.0,2.0,2.0,0.0,0.0,1.0,0.0,0.0,-0.213899,0.6651675,0.0
3033,0.0,0.0,1.0,1.0,1.1796255,1.0,2.0,0.0,2.0,2.0,0.0,0.0,0.0,0.0,0.0,0.0,2.0,-0.1654755,0.6140509,0.0
3034,0.0,0.0,0.0,0.0,-0.6597924,1.0,2.0,1.0,0.0,2.0,2.0,0.0,0.0,2.0,0.0,1.0,1.0,1.0300838,-0.31349584,1.0
3035,0.0,1.0,0.0,0.0,1.0978737,1.0,2.0,1.0,2.0,2.0,2.0,0.0,0.0,0.0,0.0,1.0,2.0,0.8347201,1.4391199,0.0
3036,1.0,0.0,0.0,0.0,-0.5780405,1.0,2.0,1.0,0.0,2.0,0.0,0.0,0.0,0.0,0.0,1.0,2.0,0.5308209,-0.35963196,1.0
3037,0.0,0.0,1.0,0.0,0.56648624,1.0,0.0,0.0,0.0,2.0,0.0,2.0,2.0,0.0,2.0,1.0,1.0,-0.01853525,0.33300984,0.0
3038,0.0,1.0,0.0,0.0,-1.2729317,1.0,2.0,1.0,0.0,0.0,0.0,0.0,0.0,2.0,0.0,1.0,2.0,0.67776114,-0.96745,1.0
3039,0.0,0.0,1.0,0.0,0.81174195,1.0,0.0,0.0,2.0,0.0,2.0,0.0,2.0,0.0,1.0,1.0,3.0,-0.0151957,0.5113731,0.0
3040,1.0,0.0,1.0,1.0,0.28035456,1.0,0.0,0.0,2.0,0.0,2.0,2.0,2.0,2.0,1.0,0.0,1.0,0.50911385,0.41014048,1.0
3041,1.0,0.0,0.0,0.0,-1.027676,1.0,2.0,1.0,0.0,0.0,2.0,0.0,2.0,2.0,0.0,1.0,0.0,1.1119028,-0.6882099,1.0
3042,0.0,0.0,1.0,1.0,-0.7006684,1.0,0.0,0.0,0.0,0.0,0.0,0.0,0.0,0.0,0.0,0.0,2.0,-0.6163149,-0.7209165,0.0
3043,1.0,1.0,1.0,1.0,1.629261,0.0,1.0,0.0,2.0,2.0,2.0,2.0,2.0,2.0,2.0,1.0,0.0,0.0015020559,1.0991359,0.0
3044,0.0,0.0,1.0,0.0,0.6073622,1.0,0.0,0.0,0.0,2.0,0.0,0.0,2.0,0.0,0.0,1.0,0.0,-0.20555012,0.20578536,0.0
3045,1.0,0.0,0.0,0.0,-0.53716457,0.0,1.0,0.0,0.0,0.0,2.0,0.0,2.0,0.0,0.0,1.0,2.0,-0.83839506,-0.67916054,1.0
3046,0.0,0.0,1.0,1.0,1.3840053,1.0,2.0,1.0,0.0,0.0,0.0,0.0,0.0,0.0,1.0,1.0,0.0,0.31708965,1.1555665,0.0
3047,1.0,0.0,1.0,0.0,-1.1911799,1.0,0.0,2.0,1.0,1.0,1.0,1.0,1.0,1.0,0.0,0.0,0.0,-1.4946169,-0.98319185,0.0
3048,1.0,0.0,0.0,0.0,-0.6597924,1.0,0.0,2.0,1.0,1.0,1.0,1.0,1.0,1.0,0.0,0.0,0.0,-1.486268,-0.8596583,1.0
3049,1.0,0.0,0.0,0.0,-1.2729317,1.0,0.0,0.0,0.0,0.0,0.0,0.0,0.0,0.0,0.0,1.0,3.0,-0.68811524,-0.98563766,1.0
3050,1.0,0.0,1.0,1.0,-1.2729317,1.0,0.0,2.0,1.0,1.0,1.0,1.0,1.0,1.0,0.0,0.0,2.0,-1.5029657,-0.996488,0.0
3051,1.0,0.0,1.0,0.0,-0.45541266,1.0,2.0,1.0,0.0,2.0,2.0,2.0,2.0,2.0,0.0,1.0,2.0,1.5510538,0.025109744,1.0
3052,1.0,0.0,1.0,0.0,1.629261,1.0,2.0,1.0,0.0,2.0,2.0,0.0,2.0,2.0,2.0,1.0,0.0,1.3874158,2.3589292,0.0
3053,0.0,0.0,1.0,1.0,-0.005777135,1.0,0.0,0.0,2.0,2.0,0.0,2.0,0.0,0.0,0.0,0.0,0.0,-0.11204268,-0.17608811,0.0
3054,1.0,1.0,1.0,0.0,-1.2729317,1.0,2.0,1.0,0.0,0.0,0.0,0.0,2.0,0.0,0.0,1.0,2.0,0.71115667,-0.9670053,1.0
3055,0.0,0.0,0.0,0.0,-0.9868001,1.0,2.0,1.0,0.0,0.0,0.0,0.0,2.0,0.0,0.0,1.0,2.0,0.7445522,-0.6663759,1.0
3056,1.0,0.0,0.0,0.0,0.15772669,1.0,2.0,1.0,0.0,0.0,0.0,0.0,0.0,2.0,0.0,1.0,2.0,0.6677425,0.3510863,1.0
3057,0.0,0.0,1.0,0.0,1.629261,1.0,2.0,2.0,1.0,1.0,1.0,1.0,1.0,1.0,2.0,0.0,1.0,-1.2792158,-0.15392055,0.0
3058,0.0,0.0,1.0,1.0,1.629261,1.0,2.0,2.0,1.0,1.0,1.0,1.0,1.0,1.0,2.0,1.0,0.0,-1.359365,-0.24523667,0.0
3059,0.0,1.0,1.0,0.0,-0.7006684,1.0,2.0,1.0,0.0,0.0,2.0,2.0,0.0,0.0,0.0,1.0,2.0,0.61097014,-0.44572303,1.0
3060,0.0,0.0,1.0,0.0,0.19860265,1.0,2.0,1.0,2.0,0.0,2.0,2.0,0.0,2.0,1.0,1.0,2.0,1.1503077,0.66434485,1.0
3061,1.0,0.0,0.0,0.0,-1.1094279,1.0,0.0,1.0,0.0,0.0,0.0,0.0,0.0,0.0,0.0,1.0,2.0,0.16514006,-0.8643497,1.0
3062,1.0,0.0,0.0,1.0,-0.6597924,1.0,2.0,0.0,2.0,2.0,0.0,0.0,0.0,2.0,0.0,1.0,2.0,0.14510275,-0.5233651,0.0
3063,0.0,0.0,0.0,0.0,-1.068552,1.0,0.0,1.0,0.0,0.0,0.0,0.0,0.0,0.0,0.0,0.0,1.0,0.19352625,-0.8122993,0.0
3064,0.0,0.0,0.0,0.0,0.36210647,1.0,2.0,0.0,2.0,0.0,2.0,2.0,0.0,2.0,0.0,1.0,0.0,0.33044785,0.36909604,0.0
3065,1.0,0.0,1.0,0.0,1.0161217,1.0,2.0,1.0,0.0,0.0,2.0,2.0,2.0,2.0,2.0,0.0,2.0,1.4425184,1.6494339,0.0
3066,0.0,0.0,0.0,1.0,-0.90504813,0.0,1.0,0.0,2.0,2.0,0.0,2.0,0.0,0.0,1.0,0.0,3.0,-0.81835777,-0.8223047,0.0
3067,0.0,0.0,0.0,0.0,-0.7006684,0.0,1.0,0.0,2.0,2.0,2.0,2.0,0.0,0.0,1.0,0.0,3.0,-0.6296731,-0.69690347,0.0
3068,0.0,0.0,1.0,0.0,-1.1094279,1.0,0.0,1.0,0.0,0.0,0.0,0.0,0.0,0.0,0.0,0.0,2.0,0.17348894,-0.8584576,1.0
3069,1.0,0.0,1.0,0.0,0.8526179,1.0,2.0,0.0,2.0,0.0,2.0,2.0,2.0,0.0,1.0,0.0,0.0,0.4222855,0.8428193,0.0
3070,1.0,0.0,1.0,1.0,1.5066332,1.0,0.0,2.0,1.0,1.0,1.0,1.0,1.0,1.0,2.0,0.0,0.0,-1.4879378,-0.3931612,0.0
3071,1.0,0.0,1.0,1.0,-0.25103286,1.0,0.0,1.0,0.0,0.0,0.0,0.0,0.0,2.0,1.0,0.0,0.0,0.47404855,-0.10066948,0.0
3072,1.0,0.0,0.0,0.0,-0.9868001,1.0,0.0,0.0,0.0,2.0,0.0,2.0,2.0,0.0,0.0,1.0,2.0,0.06328375,-0.7736117,0.0
3073,1.0,0.0,1.0,0.0,1.5475092,1.0,2.0,1.0,2.0,2.0,2.0,2.0,2.0,2.0,1.0,0.0,1.0,1.6996639,2.5383596,1.0
3074,1.0,0.0,1.0,1.0,-0.6597924,1.0,0.0,2.0,1.0,1.0,1.0,1.0,1.0,1.0,0.0,0.0,2.0,-1.5029657,-0.8659061,0.0
3075,0.0,0.0,0.0,0.0,-0.9459241,1.0,0.0,0.0,0.0,0.0,0.0,2.0,2.0,0.0,0.0,1.0,0.0,-0.17549415,-0.76956505,0.0
3076,0.0,0.0,1.0,0.0,0.8526179,1.0,2.0,1.0,0.0,2.0,2.0,2.0,2.0,2.0,1.0,1.0,0.0,1.4759139,1.5375288,0.0
3077,0.0,1.0,0.0,0.0,-1.2729317,1.0,0.0,1.0,0.0,0.0,0.0,0.0,0.0,0.0,0.0,1.0,2.0,0.2169031,-0.9735867,0.0
3078,1.0,0.0,0.0,0.0,-1.2729317,1.0,0.0,2.0,1.0,1.0,1.0,1.0,1.0,1.0,0.0,1.0,3.0,-1.5029657,-0.996488,0.0
3079,0.0,0.0,1.0,0.0,0.77086604,1.0,2.0,2.0,1.0,1.0,1.0,1.0,1.0,1.0,2.0,0.0,3.0,-1.3109416,-0.4355175,0.0
3080,1.0,0.0,0.0,0.0,-0.9459241,1.0,0.0,1.0,0.0,0.0,2.0,0.0,2.0,2.0,0.0,1.0,2.0,0.9783208,-0.6443417,0.0
3081,0.0,0.0,1.0,0.0,1.3840053,1.0,2.0,1.0,2.0,2.0,0.0,2.0,0.0,0.0,1.0,0.0,2.0,0.8096734,1.61775,0.0
3082,0.0,0.0,0.0,0.0,-0.29190883,1.0,2.0,0.0,2.0,2.0,2.0,2.0,2.0,0.0,0.0,1.0,0.0,0.45401123,-0.18798344,0.0
3083,1.0,0.0,0.0,0.0,-0.5780405,1.0,2.0,0.0,2.0,0.0,0.0,0.0,0.0,0.0,0.0,0.0,3.0,-0.28402957,-0.5739925,0.0
3084,0.0,0.0,1.0,1.0,-0.21015692,1.0,0.0,2.0,1.0,1.0,1.0,1.0,1.0,1.0,1.0,1.0,3.0,-1.4762493,-0.74588555,0.0
3085,0.0,0.0,0.0,1.0,-0.82329625,1.0,2.0,1.0,2.0,0.0,0.0,0.0,0.0,0.0,0.0,1.0,2.0,0.45234147,-0.6009404,1.0
3086,1.0,0.0,0.0,0.0,-1.2729317,1.0,0.0,2.0,1.0,1.0,1.0,1.0,1.0,1.0,0.0,0.0,3.0,-1.5213332,-0.99673253,0.0
3087,0.0,0.0,0.0,0.0,-1.027676,1.0,2.0,1.0,0.0,0.0,0.0,0.0,0.0,0.0,0.0,0.0,3.0,0.35716426,-0.79148805,1.0
3088,0.0,0.0,0.0,0.0,1.5475092,1.0,2.0,0.0,2.0,2.0,2.0,0.0,2.0,2.0,2.0,0.0,3.0,0.6660727,1.6588612,0.0
3089,1.0,0.0,0.0,0.0,-1.2729317,0.0,1.0,0.0,0.0,0.0,0.0,0.0,0.0,0.0,0.0,1.0,2.0,-1.3476766,-0.9944202,0.0
3090,0.0,0.0,0.0,0.0,-0.29190883,0.0,1.0,0.0,0.0,0.0,2.0,0.0,2.0,2.0,0.0,1.0,2.0,-0.55119365,-0.42993668,0.0
3091,0.0,0.0,0.0,1.0,-1.2729317,1.0,0.0,1.0,0.0,0.0,0.0,0.0,2.0,2.0,0.0,1.0,2.0,0.82136184,-0.96553785,0.0
3092,1.0,0.0,0.0,0.0,-0.25103286,1.0,0.0,1.0,0.0,2.0,2.0,2.0,0.0,0.0,1.0,1.0,2.0,0.6827705,-0.033811055,0.0
3093,0.0,1.0,0.0,0.0,0.36210647,1.0,2.0,1.0,2.0,2.0,2.0,0.0,2.0,2.0,0.0,1.0,2.0,1.6178448,1.0800811,1.0
3094,0.0,0.0,1.0,0.0,1.629261,1.0,2.0,1.0,2.0,2.0,2.0,0.0,2.0,0.0,2.0,0.0,0.0,1.1987312,2.2560735,0.0
3095,0.0,0.0,0.0,0.0,-0.90504813,1.0,0.0,1.0,2.0,0.0,0.0,0.0,2.0,0.0,0.0,1.0,3.0,0.6660727,-0.6352701,1.0
3096,0.0,0.0,0.0,0.0,1.2613775,1.0,2.0,1.0,0.0,2.0,0.0,0.0,2.0,2.0,2.0,0.0,0.0,1.0918655,1.7753465,0.0
3097,0.0,0.0,0.0,0.0,1.3022535,1.0,2.0,1.0,0.0,0.0,2.0,0.0,2.0,2.0,1.0,1.0,1.0,1.1786939,1.7758801,1.0
3098,0.0,0.0,0.0,0.0,-1.1911799,0.0,1.0,0.0,0.0,2.0,0.0,0.0,2.0,2.0,0.0,1.0,2.0,-0.47271422,-0.93618864,1.0
3099,1.0,0.0,0.0,0.0,-0.4962886,1.0,0.0,0.0,0.0,2.0,0.0,0.0,0.0,0.0,0.0,1.0,3.0,-0.4326396,-0.5499795,0.0
3100,0.0,0.0,0.0,0.0,-1.2729317,1.0,0.0,2.0,1.0,1.0,1.0,1.0,1.0,1.0,0.0,1.0,3.0,-1.5096449,-0.9965769,0.0
3101,1.0,0.0,0.0,0.0,-1.1911799,1.0,0.0,2.0,1.0,1.0,1.0,1.0,1.0,1.0,0.0,1.0,1.0,-1.4695703,-0.9754321,0.0
3102,0.0,0.0,0.0,0.0,-0.37366074,1.0,2.0,1.0,0.0,0.0,0.0,0.0,2.0,2.0,0.0,1.0,2.0,0.95995325,0.0359823,0.0
3103,0.0,0.0,1.0,1.0,-0.90504813,1.0,2.0,2.0,1.0,1.0,1.0,1.0,1.0,1.0,2.0,0.0,1.0,-1.2909043,-0.9049717,0.0
3104,0.0,0.0,1.0,0.0,-1.027676,1.0,0.0,1.0,0.0,0.0,0.0,0.0,0.0,0.0,0.0,1.0,0.0,0.14844231,-0.79291105,0.0
3105,0.0,1.0,1.0,0.0,0.28035456,1.0,0.0,1.0,2.0,2.0,0.0,0.0,2.0,2.0,1.0,0.0,3.0,1.1469681,0.71919674,0.0
3106,0.0,1.0,1.0,0.0,1.5475092,1.0,2.0,1.0,0.0,2.0,0.0,2.0,2.0,2.0,1.0,1.0,0.0,1.3623692,2.1943955,0.0
3107,1.0,1.0,0.0,0.0,-1.2729317,1.0,0.0,0.0,0.0,0.0,0.0,0.0,0.0,0.0,0.0,1.0,3.0,-0.6313429,-0.9848817,0.0
3108,1.0,0.0,1.0,1.0,1.4657573,1.0,0.0,1.0,0.0,2.0,2.0,2.0,2.0,2.0,1.0,0.0,1.0,1.3690482,2.2509375,0.0
3109,1.0,0.0,0.0,0.0,-1.2729317,1.0,0.0,1.0,0.0,0.0,0.0,0.0,0.0,2.0,0.0,0.0,2.0,0.49575564,-0.96987355,1.0
3110,1.0,1.0,1.0,0.0,1.629261,1.0,2.0,0.0,0.0,2.0,2.0,2.0,2.0,0.0,2.0,0.0,1.0,0.42061573,1.3943623,0.0
3111,0.0,1.0,0.0,0.0,0.52561027,1.0,0.0,1.0,2.0,2.0,0.0,2.0,0.0,0.0,0.0,1.0,0.0,0.69946826,0.6747949,0.0
3112,1.0,1.0,1.0,0.0,1.629261,0.0,1.0,0.0,2.0,2.0,2.0,2.0,2.0,2.0,2.0,1.0,1.0,0.0065113828,1.0162687,0.0
3113,0.0,0.0,1.0,0.0,0.2394786,1.0,0.0,2.0,1.0,1.0,1.0,1.0,1.0,1.0,1.0,1.0,1.0,-1.486268,-0.6429632,0.0
3114,1.0,0.0,1.0,0.0,-1.1911799,1.0,0.0,2.0,1.0,1.0,1.0,1.0,1.0,1.0,0.0,1.0,1.0,-1.4762493,-0.9825248,1.0
3115,1.0,0.0,0.0,1.0,-1.2729317,1.0,0.0,2.0,1.0,1.0,1.0,1.0,1.0,1.0,0.0,0.0,3.0,-1.5029657,-0.996488,1.0
3116,1.0,1.0,1.0,0.0,1.4248813,1.0,2.0,1.0,0.0,2.0,0.0,2.0,2.0,2.0,2.0,0.0,0.0,1.2738711,2.102946,0.0
3117,1.0,1.0,1.0,0.0,1.629261,0.0,1.0,0.0,2.0,2.0,2.0,2.0,2.0,2.0,2.0,1.0,1.0,-0.010186373,1.0585583,0.0
3118,1.0,0.0,0.0,0.0,1.3431294,1.0,2.0,2.0,1.0,1.0,1.0,1.0,1.0,1.0,2.0,0.0,3.0,-1.3025926,-0.26942754,0.0
3119,1.0,0.0,0.0,1.0,-0.9459241,1.0,0.0,0.0,0.0,2.0,0.0,0.0,0.0,0.0,0.0,1.0,2.0,-0.48941198,-0.7900206,0.0
3120,1.0,1.0,1.0,0.0,-0.90504813,1.0,2.0,1.0,0.0,0.0,0.0,0.0,0.0,2.0,0.0,0.0,2.0,0.6944589,-0.6265098,1.0
3121,1.0,0.0,1.0,0.0,-0.5780405,1.0,2.0,0.0,0.0,2.0,0.0,0.0,0.0,0.0,0.0,0.0,1.0,-0.26566204,-0.52738947,0.0
3122,1.0,0.0,1.0,1.0,1.5475092,1.0,0.0,2.0,1.0,1.0,1.0,1.0,1.0,1.0,2.0,0.0,1.0,-1.4929471,-0.40038735,0.0
3123,0.0,0.0,0.0,0.0,-0.9459241,1.0,0.0,1.0,2.0,0.0,0.0,0.0,0.0,0.0,0.0,1.0,2.0,0.33712694,-0.6903444,0.0
3124,1.0,0.0,0.0,0.0,-1.1503038,1.0,2.0,0.0,0.0,0.0,0.0,0.0,0.0,0.0,0.0,0.0,1.0,-0.43430936,-0.91584426,1.0
3125,0.0,0.0,1.0,0.0,-0.7006684,1.0,0.0,1.0,0.0,0.0,2.0,0.0,2.0,0.0,0.0,1.0,2.0,0.65271455,-0.42344427,1.0
3126,1.0,0.0,0.0,0.0,-1.2729317,1.0,0.0,1.0,0.0,0.0,2.0,0.0,2.0,0.0,0.0,1.0,2.0,0.6710821,-0.96753895,1.0
3127,0.0,0.0,1.0,0.0,0.52561027,1.0,0.0,0.0,0.0,0.0,2.0,0.0,0.0,0.0,0.0,1.0,1.0,-0.48440263,-0.017379932,0.0
3128,0.0,0.0,1.0,0.0,0.19860265,0.0,1.0,0.0,2.0,0.0,0.0,2.0,2.0,0.0,2.0,0.0,2.0,-0.6463709,-0.2968424,0.0
3129,1.0,0.0,0.0,0.0,-1.1911799,1.0,0.0,1.0,0.0,0.0,2.0,2.0,2.0,2.0,0.0,1.0,2.0,1.1336099,-0.8746887,1.0
3130,0.0,1.0,0.0,0.0,0.3212305,1.0,0.0,1.0,0.0,0.0,0.0,0.0,2.0,2.0,0.0,1.0,2.0,0.894832,0.6283253,0.0
3131,0.0,0.0,1.0,0.0,1.1387496,0.0,1.0,0.0,2.0,2.0,0.0,2.0,0.0,0.0,2.0,0.0,0.0,-0.9035163,0.012480683,0.0
3132,1.0,0.0,1.0,1.0,1.629261,1.0,2.0,1.0,2.0,2.0,2.0,2.0,2.0,2.0,2.0,1.0,2.0,1.6445612,2.5936341,0.0
3133,1.0,0.0,1.0,1.0,0.19860265,1.0,0.0,2.0,1.0,1.0,1.0,1.0,1.0,1.0,2.0,0.0,0.0,-1.5012959,-0.6823845,0.0
3134,1.0,0.0,1.0,1.0,1.3431294,1.0,2.0,1.0,2.0,0.0,2.0,2.0,2.0,2.0,2.0,0.0,0.0,1.4658953,2.0799336,1.0
3135,0.0,0.0,0.0,1.0,-1.2320558,1.0,2.0,1.0,2.0,0.0,0.0,0.0,0.0,0.0,0.0,0.0,1.0,0.5274814,-0.9216252,0.0
3136,0.0,0.0,0.0,0.0,-0.82329625,1.0,0.0,2.0,1.0,1.0,1.0,1.0,1.0,1.0,1.0,0.0,3.0,-1.5179937,-0.9035487,0.0
3137,1.0,0.0,0.0,0.0,-0.08752905,1.0,2.0,1.0,2.0,2.0,2.0,2.0,0.0,0.0,0.0,1.0,1.0,1.0100465,0.26314977,0.0
3138,1.0,0.0,1.0,1.0,1.5475092,1.0,2.0,1.0,0.0,2.0,0.0,0.0,2.0,2.0,2.0,0.0,0.0,1.1202517,2.045048,1.0
3139,0.0,0.0,1.0,0.0,1.4248813,1.0,2.0,1.0,2.0,0.0,2.0,2.0,2.0,2.0,1.0,1.0,2.0,1.5527235,2.3350496,0.0
3140,0.0,0.0,1.0,0.0,1.5883851,1.0,2.0,1.0,2.0,0.0,2.0,0.0,2.0,2.0,1.0,1.0,1.0,1.3139457,2.2908478,0.0
3141,0.0,0.0,1.0,1.0,-0.08752905,1.0,2.0,2.0,1.0,1.0,1.0,1.0,1.0,1.0,2.0,1.0,3.0,-1.3242998,-0.65416926,0.0
3142,1.0,1.0,1.0,0.0,1.629261,1.0,2.0,1.0,0.0,2.0,2.0,2.0,2.0,2.0,2.0,1.0,0.0,1.5660818,2.5623727,0.0
3143,0.0,0.0,1.0,0.0,-0.25103286,1.0,0.0,0.0,0.0,2.0,2.0,0.0,2.0,2.0,2.0,1.0,1.0,0.292043,-0.15783377,0.0
3144,0.0,0.0,0.0,0.0,-0.046653092,1.0,0.0,2.0,1.0,1.0,1.0,1.0,1.0,1.0,1.0,0.0,3.0,-1.4628911,-0.70143926,0.0
3145,0.0,0.0,0.0,0.0,-0.82329625,0.0,1.0,0.0,2.0,0.0,0.0,2.0,0.0,0.0,1.0,1.0,3.0,-1.0404379,-0.8116323,0.0
3146,0.0,0.0,1.0,1.0,1.0978737,1.0,0.0,2.0,1.0,1.0,1.0,1.0,1.0,1.0,2.0,0.0,3.0,-1.4745796,-0.43340525,0.0
3147,0.0,0.0,1.0,1.0,1.629261,1.0,0.0,2.0,1.0,1.0,1.0,1.0,1.0,1.0,2.0,0.0,0.0,-1.4912773,-0.355652,0.0
3148,0.0,0.0,0.0,0.0,-1.1911799,0.0,1.0,0.0,0.0,0.0,0.0,0.0,2.0,0.0,0.0,0.0,1.0,-0.9870051,-0.95682204,1.0
3149,1.0,0.0,0.0,0.0,0.07597478,1.0,2.0,1.0,0.0,2.0,2.0,0.0,2.0,2.0,0.0,1.0,2.0,1.3890855,0.5730287,1.0
3150,1.0,0.0,1.0,0.0,0.52561027,1.0,0.0,0.0,2.0,0.0,2.0,0.0,0.0,0.0,2.0,0.0,1.0,-0.38254634,0.015838057,0.0
3151,1.0,0.0,1.0,1.0,1.2205015,1.0,0.0,1.0,2.0,2.0,0.0,0.0,0.0,0.0,1.0,1.0,1.0,0.5575373,1.2106184,0.0
3152,1.0,0.0,1.0,0.0,0.93436986,1.0,2.0,2.0,1.0,1.0,1.0,1.0,1.0,1.0,2.0,0.0,0.0,-1.3042624,-0.3633006,0.0
3153,0.0,0.0,1.0,0.0,1.5883851,1.0,0.0,0.0,0.0,2.0,2.0,2.0,2.0,2.0,2.0,1.0,1.0,0.5324907,1.5316812,0.0
3154,1.0,0.0,1.0,0.0,-0.41453668,1.0,0.0,0.0,2.0,0.0,0.0,2.0,0.0,0.0,0.0,1.0,2.0,-0.35249037,-0.49268177,1.0
3155,1.0,1.0,0.0,0.0,0.8526179,0.0,1.0,0.0,0.0,2.0,2.0,0.0,2.0,2.0,0.0,1.0,2.0,-0.34414148,0.26410586,1.0
3156,1.0,0.0,1.0,1.0,1.0978737,1.0,0.0,0.0,2.0,2.0,2.0,2.0,2.0,2.0,2.0,1.0,2.0,0.73453355,1.3008673,0.0
3157,0.0,1.0,1.0,0.0,1.629261,1.0,2.0,1.0,0.0,2.0,2.0,0.0,2.0,2.0,1.0,0.0,1.0,1.3440017,2.3645768,0.0
3158,1.0,0.0,1.0,1.0,0.19860265,0.0,1.0,0.0,2.0,0.0,2.0,2.0,0.0,0.0,1.0,1.0,2.0,-0.82002753,-0.3269698,0.0
3159,1.0,1.0,1.0,0.0,0.72999007,1.0,2.0,1.0,2.0,2.0,2.0,0.0,2.0,0.0,1.0,1.0,0.0,1.2404755,1.3362198,0.0
3160,1.0,0.0,1.0,1.0,1.5883851,1.0,0.0,2.0,1.0,1.0,1.0,1.0,1.0,1.0,2.0,0.0,3.0,-1.5012959,-0.38437867,0.0
3161,1.0,0.0,0.0,0.0,1.5066332,1.0,2.0,1.0,0.0,2.0,2.0,2.0,2.0,0.0,2.0,1.0,1.0,1.0985446,1.9934869,0.0
3162,1.0,0.0,1.0,0.0,-0.8641722,1.0,0.0,2.0,1.0,1.0,1.0,1.0,1.0,1.0,1.0,1.0,3.0,-1.4762493,-0.92302597,0.0
3163,0.0,0.0,1.0,0.0,1.3431294,1.0,0.0,2.0,1.0,1.0,1.0,1.0,1.0,1.0,2.0,0.0,0.0,-1.5163239,-0.41830817,0.0
3164,0.0,0.0,1.0,0.0,-0.29190883,1.0,2.0,2.0,1.0,1.0,1.0,1.0,1.0,1.0,1.0,1.0,3.0,-1.2675273,-0.6790716,0.0
3165,1.0,0.0,0.0,0.0,-0.7824203,1.0,2.0,1.0,0.0,0.0,0.0,2.0,2.0,2.0,0.0,1.0,3.0,1.1436286,-0.42642367,1.0
3166,0.0,0.0,1.0,1.0,-0.9868001,1.0,0.0,2.0,1.0,1.0,1.0,1.0,1.0,1.0,1.0,1.0,3.0,-1.5029657,-0.94079113,1.0
3167,1.0,0.0,0.0,0.0,1.0569977,1.0,0.0,2.0,1.0,1.0,1.0,1.0,1.0,1.0,2.0,0.0,3.0,-1.4679005,-0.46620077,0.0
3168,0.0,0.0,0.0,0.0,1.0978737,1.0,0.0,1.0,0.0,0.0,2.0,0.0,2.0,2.0,2.0,0.0,2.0,1.036763,1.5096248,0.0
3169,0.0,1.0,0.0,0.0,-0.7824203,1.0,2.0,1.0,0.0,0.0,0.0,0.0,0.0,2.0,0.0,1.0,2.0,0.57590485,-0.5040212,1.0
3170,0.0,0.0,1.0,1.0,1.5066332,1.0,0.0,2.0,1.0,1.0,1.0,1.0,1.0,1.0,2.0,0.0,1.0,-1.5012959,-0.36628,0.0
3171,0.0,0.0,1.0,0.0,0.56648624,1.0,2.0,1.0,0.0,2.0,2.0,2.0,2.0,2.0,2.0,1.0,1.0,1.4742441,1.1533653,0.0
3172,1.0,0.0,0.0,0.0,-1.1911799,1.0,0.0,0.0,2.0,0.0,2.0,0.0,2.0,2.0,0.0,1.0,2.0,0.4222855,-0.9135986,0.0
3173,0.0,0.0,0.0,0.0,-0.82329625,1.0,2.0,1.0,0.0,0.0,0.0,0.0,0.0,2.0,0.0,1.0,2.0,0.72785443,-0.5308358,0.0
3174,0.0,0.0,0.0,0.0,-0.046653092,1.0,2.0,1.0,2.0,0.0,2.0,0.0,0.0,0.0,0.0,1.0,1.0,0.6677425,0.15687,0.0
3175,0.0,0.0,0.0,0.0,0.36210647,1.0,2.0,0.0,0.0,0.0,2.0,2.0,0.0,2.0,1.0,1.0,2.0,0.128405,0.27411127,0.0
3176,0.0,0.0,0.0,0.0,0.44385839,1.0,2.0,1.0,0.0,2.0,2.0,0.0,2.0,2.0,2.0,1.0,2.0,1.3306434,1.1113647,1.0
3177,1.0,0.0,0.0,1.0,-1.1094279,1.0,0.0,2.0,1.0,1.0,1.0,1.0,1.0,1.0,2.0,0.0,3.0,-1.4795889,-0.95773363,0.0
3178,1.0,0.0,0.0,0.0,0.116850734,1.0,0.0,2.0,1.0,1.0,1.0,1.0,1.0,1.0,2.0,0.0,3.0,-1.5196635,-0.7038183,0.0
3179,0.0,0.0,0.0,0.0,1.0161217,1.0,2.0,1.0,0.0,2.0,0.0,2.0,0.0,2.0,1.0,0.0,2.0,1.0000279,1.426691,0.0
3180,0.0,0.0,0.0,0.0,-0.128405,1.0,2.0,1.0,0.0,0.0,2.0,0.0,2.0,2.0,0.0,1.0,1.0,1.1302704,0.29908034,1.0
3181,0.0,0.0,0.0,0.0,-0.9868001,0.0,1.0,0.0,0.0,2.0,0.0,0.0,0.0,0.0,0.0,1.0,3.0,-1.1857084,-0.90434915,0.0
3182,1.0,0.0,1.0,1.0,-0.29190883,1.0,0.0,2.0,1.0,1.0,1.0,1.0,1.0,1.0,1.0,0.0,2.0,-1.5079751,-0.8224381,0.0
3183,1.0,0.0,0.0,0.0,-1.1503038,1.0,2.0,1.0,0.0,0.0,0.0,0.0,0.0,0.0,0.0,1.0,2.0,0.37720156,-0.86346036,1.0
3184,1.0,0.0,0.0,0.0,-1.2729317,1.0,0.0,2.0,1.0,1.0,1.0,1.0,1.0,1.0,0.0,0.0,1.0,-1.5179937,-0.99668807,0.0
3185,1.0,0.0,1.0,1.0,0.6073622,1.0,0.0,1.0,2.0,2.0,2.0,0.0,0.0,2.0,1.0,1.0,2.0,1.0467815,0.9475426,0.0
3186,0.0,0.0,1.0,1.0,1.3840053,1.0,0.0,0.0,2.0,2.0,0.0,2.0,0.0,0.0,2.0,1.0,1.0,-0.21890832,0.6893361,0.0
3187,1.0,0.0,1.0,1.0,0.56648624,1.0,0.0,2.0,1.0,1.0,1.0,1.0,1.0,1.0,2.0,1.0,3.0,-1.4912773,-0.5886671,0.0
3188,1.0,1.0,0.0,0.0,-0.7415443,1.0,2.0,1.0,0.0,0.0,0.0,0.0,0.0,0.0,0.0,1.0,2.0,0.3404665,-0.54424304,1.0
3189,0.0,0.0,0.0,0.0,0.72999007,1.0,2.0,1.0,2.0,2.0,0.0,2.0,2.0,2.0,2.0,1.0,2.0,1.4992907,1.4632441,1.0
3190,1.0,0.0,1.0,1.0,-0.16928096,1.0,0.0,1.0,0.0,2.0,2.0,2.0,2.0,0.0,1.0,0.0,0.0,0.93991596,0.22577398,0.0
3191,1.0,0.0,0.0,0.0,0.19860265,1.0,2.0,1.0,2.0,0.0,0.0,0.0,2.0,0.0,0.0,1.0,2.0,0.8814738,0.49298534,0.0
3192,0.0,0.0,0.0,0.0,1.2613775,1.0,2.0,1.0,0.0,2.0,2.0,2.0,2.0,2.0,0.0,1.0,1.0,1.5059699,2.1088383,0.0
3193,0.0,1.0,0.0,0.0,-0.9868001,1.0,2.0,1.0,0.0,0.0,0.0,2.0,2.0,2.0,0.0,1.0,1.0,1.1820334,-0.60125166,0.0
3194,0.0,0.0,1.0,1.0,-0.7006684,1.0,0.0,2.0,1.0,1.0,1.0,1.0,1.0,1.0,1.0,0.0,1.0,-1.4829284,-0.8558785,0.0
3195,0.0,0.0,0.0,0.0,-0.90504813,0.0,1.0,0.0,0.0,0.0,0.0,2.0,0.0,0.0,2.0,1.0,3.0,-1.1740199,-0.87228733,0.0
3196,1.0,1.0,0.0,0.0,-0.29190883,1.0,2.0,1.0,0.0,2.0,0.0,0.0,2.0,0.0,0.0,1.0,2.0,0.8263712,-0.028674938,1.0
3197,0.0,0.0,0.0,0.0,0.36210647,1.0,0.0,2.0,1.0,1.0,1.0,1.0,1.0,1.0,2.0,1.0,3.0,-1.4996262,-0.6448753,0.0
3198,1.0,0.0,0.0,0.0,-0.41453668,0.0,1.0,0.0,0.0,0.0,2.0,2.0,2.0,2.0,2.0,0.0,0.0,-0.2673318,-0.42502293,0.0
3199,0.0,0.0,0.0,0.0,-1.2320558,1.0,0.0,2.0,1.0,1.0,1.0,1.0,1.0,1.0,0.0,0.0,3.0,-1.4962866,-0.98830575,0.0
3200,1.0,0.0,0.0,0.0,-1.1911799,1.0,2.0,1.0,0.0,0.0,0.0,0.0,0.0,0.0,0.0,1.0,2.0,0.32209897,-0.903193,1.0
3201,0.0,0.0,1.0,0.0,0.56648624,1.0,0.0,0.0,2.0,2.0,0.0,2.0,0.0,2.0,1.0,0.0,3.0,0.19519602,0.43152985,0.0
3202,0.0,0.0,0.0,0.0,-0.25103286,1.0,2.0,1.0,0.0,0.0,2.0,0.0,2.0,2.0,0.0,1.0,0.0,1.1937218,0.15088898,0.0
3203,1.0,0.0,0.0,0.0,0.48473433,1.0,2.0,1.0,2.0,2.0,2.0,0.0,2.0,2.0,0.0,1.0,2.0,1.5610725,1.1804243,0.0
3204,0.0,0.0,1.0,1.0,1.629261,1.0,2.0,0.0,2.0,0.0,2.0,2.0,0.0,0.0,2.0,0.0,0.0,0.06996285,1.1108978,0.0
3205,1.0,0.0,0.0,0.0,-1.2729317,1.0,0.0,2.0,1.0,1.0,1.0,1.0,1.0,1.0,0.0,0.0,3.0,-1.4929471,-0.9963546,0.0
3206,0.0,0.0,0.0,0.0,-1.2729317,1.0,0.0,1.0,0.0,0.0,0.0,0.0,0.0,0.0,0.0,0.0,3.0,0.20521468,-0.9737423,1.0
3207,1.0,0.0,0.0,0.0,-1.2729317,1.0,0.0,1.0,0.0,0.0,0.0,0.0,0.0,0.0,0.0,1.0,2.0,0.16180052,-0.9743204,1.0
3208,1.0,0.0,0.0,0.0,-1.027676,1.0,2.0,1.0,0.0,0.0,0.0,0.0,2.0,2.0,0.0,0.0,3.0,1.0100465,-0.7137793,1.0
3209,0.0,0.0,0.0,0.0,0.6891141,1.0,2.0,0.0,2.0,2.0,0.0,0.0,0.0,0.0,0.0,1.0,1.0,-0.16714528,0.2995695,1.0
3210,0.0,0.0,0.0,0.0,-1.1094279,1.0,2.0,2.0,1.0,1.0,1.0,1.0,1.0,1.0,0.0,0.0,3.0,-1.3126113,-0.94534916,0.0
3211,0.0,0.0,1.0,1.0,-0.08752905,1.0,0.0,2.0,1.0,1.0,1.0,1.0,1.0,1.0,1.0,0.0,0.0,-1.5096449,-0.7346795,0.0
3212,1.0,0.0,0.0,0.0,0.8526179,1.0,2.0,2.0,1.0,1.0,1.0,1.0,1.0,1.0,2.0,0.0,3.0,-1.3409975,-0.43651804,0.0
3213,1.0,0.0,0.0,0.0,-1.068552,1.0,0.0,0.0,0.0,0.0,0.0,0.0,0.0,0.0,0.0,0.0,2.0,-0.66807795,-0.884783,1.0
3214,1.0,0.0,0.0,0.0,-0.5780405,1.0,0.0,0.0,0.0,0.0,2.0,2.0,0.0,0.0,0.0,0.0,1.0,-0.31909487,-0.53474903,0.0
3215,0.0,0.0,1.0,1.0,1.3840053,1.0,2.0,0.0,2.0,2.0,2.0,2.0,2.0,2.0,2.0,0.0,1.0,0.83972937,1.6445423,0.0
3216,0.0,1.0,0.0,0.0,-0.29190883,1.0,2.0,1.0,0.0,2.0,0.0,0.0,0.0,2.0,0.0,1.0,2.0,0.8330503,-0.03249923,1.0
3217,0.0,0.0,0.0,0.0,-0.33278477,1.0,2.0,1.0,2.0,0.0,0.0,2.0,0.0,0.0,0.0,1.0,2.0,0.6543843,-0.1434482,0.0
3218,0.0,0.0,1.0,1.0,0.36210647,1.0,0.0,0.0,0.0,2.0,0.0,2.0,0.0,2.0,1.0,1.0,0.0,0.058274426,0.20809773,1.0
3219,0.0,0.0,0.0,0.0,0.2394786,1.0,2.0,0.0,2.0,2.0,2.0,0.0,2.0,2.0,1.0,0.0,0.0,0.64603543,0.4122305,0.0
3220,1.0,0.0,1.0,1.0,-0.5780405,0.0,1.0,0.0,0.0,2.0,2.0,0.0,2.0,0.0,1.0,0.0,1.0,-0.61297536,-0.64400816,0.0
3221,1.0,0.0,1.0,0.0,-0.4962886,1.0,0.0,2.0,1.0,1.0,1.0,1.0,1.0,1.0,1.0,0.0,3.0,-1.4729098,-0.8196144,0.0
3222,1.0,0.0,1.0,1.0,0.4029824,1.0,0.0,0.0,2.0,2.0,0.0,0.0,0.0,0.0,0.0,0.0,3.0,-0.34247172,0.018017014,0.0
3223,1.0,0.0,1.0,0.0,-1.2320558,1.0,0.0,1.0,0.0,0.0,0.0,2.0,2.0,2.0,0.0,1.0,2.0,0.9833301,-0.9307857,1.0
3224,1.0,0.0,0.0,0.0,0.6891141,1.0,0.0,2.0,1.0,1.0,1.0,1.0,1.0,1.0,2.0,1.0,1.0,-1.4979564,-0.5505353,0.0
3225,1.0,0.0,1.0,1.0,0.36210647,1.0,0.0,0.0,2.0,2.0,2.0,0.0,0.0,0.0,1.0,1.0,0.0,-0.14877775,0.11146762,0.0
3226,1.0,0.0,1.0,0.0,1.4657573,1.0,2.0,2.0,1.0,1.0,1.0,1.0,1.0,1.0,2.0,0.0,1.0,-1.3259696,-0.28078926,0.0
3227,0.0,0.0,1.0,1.0,1.629261,1.0,0.0,0.0,2.0,2.0,2.0,0.0,2.0,0.0,2.0,1.0,1.0,0.1968658,1.2231141,0.0
3228,1.0,0.0,0.0,0.0,-1.2729317,1.0,0.0,1.0,0.0,0.0,0.0,0.0,2.0,2.0,0.0,1.0,2.0,0.8614365,-0.96500427,1.0
3229,1.0,0.0,1.0,0.0,-0.046653092,1.0,2.0,1.0,0.0,2.0,2.0,0.0,2.0,0.0,0.0,0.0,2.0,0.9699719,0.33745667,1.0
3230,1.0,0.0,0.0,0.0,-0.6597924,1.0,2.0,0.0,0.0,2.0,0.0,0.0,0.0,0.0,0.0,0.0,2.0,-0.3157553,-0.61601526,0.0
3231,0.0,0.0,1.0,1.0,-0.41453668,1.0,0.0,2.0,1.0,1.0,1.0,1.0,1.0,1.0,0.0,0.0,0.0,-1.5263426,-0.8033611,0.0
3232,1.0,0.0,0.0,0.0,-0.90504813,1.0,0.0,1.0,0.0,0.0,2.0,0.0,2.0,2.0,0.0,1.0,2.0,1.006707,-0.53886235,1.0
3233,0.0,1.0,1.0,0.0,1.3431294,1.0,2.0,1.0,0.0,2.0,2.0,0.0,2.0,2.0,0.0,1.0,0.0,1.4709046,2.1441908,0.0
3234,1.0,0.0,1.0,1.0,1.5883851,1.0,2.0,2.0,1.0,1.0,1.0,1.0,1.0,1.0,2.0,0.0,1.0,-1.3159509,-0.18369222,0.0
3235,1.0,1.0,1.0,0.0,1.3431294,1.0,2.0,1.0,0.0,2.0,2.0,0.0,2.0,2.0,1.0,1.0,0.0,1.2822199,2.0152318,0.0
3236,0.0,0.0,0.0,0.0,-0.21015692,1.0,0.0,2.0,1.0,1.0,1.0,1.0,1.0,1.0,2.0,1.0,3.0,-1.5079751,-0.75573534,0.0
3237,0.0,0.0,1.0,1.0,0.2394786,1.0,0.0,2.0,1.0,1.0,1.0,1.0,1.0,1.0,1.0,0.0,3.0,-1.4845982,-0.6720456,0.0
3238,1.0,0.0,1.0,1.0,0.56648624,1.0,0.0,2.0,1.0,1.0,1.0,1.0,1.0,1.0,2.0,0.0,1.0,-1.5029657,-0.6243976,0.0
3239,1.0,1.0,1.0,0.0,-1.068552,1.0,0.0,1.0,0.0,0.0,2.0,0.0,2.0,2.0,0.0,1.0,2.0,1.0350932,-0.7501323,1.0
3240,1.0,0.0,1.0,1.0,0.07597478,1.0,0.0,1.0,0.0,0.0,0.0,0.0,2.0,0.0,0.0,0.0,2.0,0.45234147,0.13503595,1.0
3241,0.0,0.0,0.0,0.0,-1.2729317,1.0,0.0,1.0,0.0,0.0,0.0,0.0,0.0,0.0,0.0,0.0,2.0,0.17849827,-0.974098,0.0
3242,1.0,0.0,0.0,0.0,1.3840053,1.0,2.0,0.0,2.0,2.0,2.0,0.0,0.0,2.0,2.0,1.0,1.0,0.32877806,1.1285073,0.0
3243,0.0,1.0,1.0,0.0,0.9752458,1.0,2.0,1.0,0.0,0.0,2.0,0.0,2.0,2.0,0.0,1.0,0.0,1.1987312,1.5241215,1.0
3244,1.0,1.0,1.0,0.0,1.2205015,1.0,2.0,1.0,2.0,2.0,2.0,0.0,0.0,0.0,0.0,1.0,2.0,0.813013,1.4931047,0.0
3245,0.0,0.0,0.0,0.0,-0.82329625,1.0,2.0,0.0,0.0,0.0,0.0,2.0,2.0,2.0,1.0,0.0,3.0,0.31041053,-0.6172159,1.0
3246,1.0,0.0,1.0,0.0,0.6891141,1.0,0.0,1.0,0.0,0.0,2.0,2.0,2.0,2.0,1.0,1.0,1.0,1.1519774,1.1829368,0.0
3247,1.0,0.0,1.0,1.0,-0.08752905,1.0,2.0,1.0,0.0,0.0,0.0,0.0,2.0,0.0,0.0,0.0,2.0,0.6911194,0.1108673,0.0
3248,1.0,0.0,1.0,1.0,0.93436986,1.0,0.0,0.0,2.0,0.0,0.0,0.0,0.0,2.0,1.0,0.0,1.0,-0.17716393,0.3986009,0.0
3249,0.0,0.0,0.0,0.0,-1.1911799,1.0,0.0,2.0,1.0,1.0,1.0,1.0,1.0,1.0,0.0,0.0,3.0,-1.4962866,-0.9794787,0.0
3250,1.0,0.0,0.0,1.0,0.6073622,1.0,0.0,2.0,1.0,1.0,1.0,1.0,1.0,1.0,1.0,0.0,1.0,-1.4762493,-0.5547821,0.0
3251,1.0,1.0,1.0,0.0,1.629261,1.0,2.0,2.0,1.0,1.0,1.0,1.0,1.0,1.0,2.0,1.0,0.0,-1.3276393,-0.20370306,0.0
3252,1.0,0.0,1.0,0.0,-0.90504813,1.0,0.0,1.0,0.0,2.0,0.0,2.0,2.0,2.0,0.0,1.0,2.0,1.1720147,-0.5646319,1.0
3253,0.0,0.0,0.0,1.0,-0.9868001,0.0,1.0,0.0,2.0,0.0,0.0,0.0,0.0,2.0,0.0,1.0,2.0,-0.8767999,-0.8581686,0.0
3254,0.0,0.0,1.0,1.0,1.3431294,1.0,2.0,1.0,2.0,0.0,2.0,0.0,2.0,2.0,2.0,1.0,1.0,1.3206247,1.9853714,0.0
3255,0.0,0.0,0.0,0.0,-0.16928096,1.0,2.0,0.0,0.0,0.0,0.0,2.0,0.0,0.0,0.0,1.0,1.0,-0.3291135,-0.33595246,0.0
3256,1.0,0.0,1.0,1.0,0.8526179,1.0,0.0,2.0,1.0,1.0,1.0,1.0,1.0,1.0,1.0,0.0,1.0,-1.4879378,-0.53027993,0.0
3257,0.0,1.0,0.0,0.0,-1.2729317,1.0,0.0,1.0,0.0,0.0,0.0,0.0,0.0,0.0,0.0,1.0,2.0,0.16347028,-0.9742982,1.0
3258,1.0,1.0,1.0,0.0,-1.1911799,1.0,2.0,1.0,0.0,0.0,0.0,0.0,2.0,2.0,0.0,1.0,2.0,0.9966883,-0.88095874,1.0
3259,0.0,0.0,1.0,1.0,0.4029824,1.0,2.0,2.0,1.0,1.0,1.0,1.0,1.0,1.0,2.0,0.0,2.0,-1.3961002,-0.55424845,0.0
3260,0.0,1.0,0.0,0.0,0.3212305,0.0,1.0,0.0,2.0,2.0,0.0,0.0,2.0,2.0,0.0,1.0,2.0,-0.29905754,-0.06727362,1.0
3261,0.0,0.0,0.0,1.0,-1.2729317,1.0,0.0,1.0,2.0,0.0,0.0,0.0,0.0,0.0,0.0,1.0,3.0,0.29538256,-0.97254163,1.0
3262,0.0,1.0,1.0,0.0,-1.2729317,1.0,0.0,1.0,0.0,0.0,0.0,0.0,0.0,0.0,0.0,1.0,3.0,0.1901867,-0.9739424,1.0
3263,1.0,1.0,1.0,1.0,0.44385839,1.0,2.0,1.0,0.0,2.0,2.0,2.0,2.0,2.0,0.0,1.0,0.0,1.5360258,1.0793695,1.0
3264,1.0,0.0,0.0,0.0,1.629261,1.0,0.0,2.0,1.0,1.0,1.0,1.0,1.0,1.0,2.0,0.0,0.0,-1.4996262,-0.36754733,0.0
3265,1.0,0.0,1.0,1.0,-0.7006684,1.0,0.0,2.0,1.0,1.0,1.0,1.0,1.0,1.0,0.0,1.0,2.0,-1.4946169,-0.8771789,1.0
3266,0.0,0.0,0.0,0.0,-0.45541266,1.0,0.0,1.0,0.0,2.0,0.0,2.0,2.0,2.0,0.0,1.0,0.0,1.1486379,-0.13528824,0.0
3267,1.0,0.0,0.0,0.0,0.116850734,1.0,0.0,2.0,1.0,1.0,1.0,1.0,1.0,1.0,0.0,0.0,0.0,-1.4695703,-0.67624784,0.0
3268,1.0,0.0,0.0,0.0,-0.33278477,1.0,0.0,0.0,2.0,0.0,0.0,0.0,0.0,0.0,0.0,1.0,0.0,-0.5077795,-0.46702343,1.0
3269,1.0,0.0,0.0,0.0,-0.7006684,1.0,2.0,2.0,1.0,1.0,1.0,1.0,1.0,1.0,0.0,1.0,2.0,-1.2825553,-0.83691263,0.0
3270,1.0,0.0,0.0,0.0,-1.2729317,1.0,2.0,0.0,0.0,2.0,0.0,0.0,0.0,0.0,0.0,0.0,2.0,-0.3491508,-0.9811241,0.0
3271,1.0,0.0,0.0,0.0,-0.41453668,1.0,2.0,1.0,0.0,0.0,0.0,0.0,2.0,2.0,0.0,1.0,1.0,0.9983581,-0.06940811,1.0
3272,1.0,0.0,1.0,0.0,-1.1094279,1.0,2.0,1.0,2.0,0.0,0.0,0.0,0.0,2.0,0.0,1.0,2.0,0.8146828,-0.8215043,0.0
3273,1.0,0.0,0.0,0.0,-1.068552,1.0,0.0,0.0,0.0,0.0,0.0,2.0,0.0,0.0,0.0,1.0,1.0,-0.50944924,-0.86621743,0.0
3274,0.0,0.0,0.0,0.0,-0.82329625,1.0,0.0,1.0,0.0,0.0,0.0,0.0,0.0,2.0,0.0,0.0,0.0,0.44566235,-0.58402014,1.0
3275,1.0,0.0,0.0,0.0,-1.1094279,1.0,0.0,1.0,0.0,0.0,2.0,0.0,2.0,2.0,0.0,0.0,0.0,1.0601398,-0.78624076,1.0
3276,1.0,0.0,0.0,1.0,-1.1503038,1.0,2.0,1.0,0.0,0.0,0.0,2.0,0.0,0.0,0.0,0.0,1.0,0.53583026,-0.85743487,1.0
3277,0.0,0.0,1.0,1.0,0.4029824,1.0,0.0,1.0,0.0,0.0,2.0,0.0,2.0,2.0,0.0,1.0,2.0,0.9148693,0.7180628,0.0
3278,1.0,0.0,0.0,0.0,-1.2729317,1.0,0.0,0.0,0.0,0.0,0.0,0.0,0.0,0.0,0.0,0.0,3.0,-0.63969177,-0.98499286,0.0
3279,0.0,1.0,1.0,0.0,-1.1094279,1.0,0.0,1.0,0.0,0.0,0.0,0.0,0.0,0.0,0.0,1.0,2.0,0.15345164,-0.853366,0.0
3280,0.0,0.0,1.0,1.0,-0.7415443,1.0,0.0,1.0,0.0,0.0,0.0,0.0,0.0,2.0,0.0,1.0,0.0,0.5391698,-0.4926373,0.0
3281,0.0,0.0,1.0,0.0,-0.82329625,1.0,0.0,0.0,0.0,2.0,0.0,0.0,0.0,0.0,0.0,1.0,2.0,-0.45100713,-0.73307866,0.0
3282,1.0,0.0,1.0,1.0,0.4029824,0.0,1.0,0.0,2.0,0.0,2.0,2.0,2.0,0.0,2.0,0.0,1.0,-0.5545332,-0.10153662,0.0
3283,0.0,0.0,1.0,1.0,-1.1911799,0.0,1.0,0.0,2.0,0.0,0.0,0.0,0.0,0.0,0.0,0.0,1.0,-1.1706804,-0.96449286,1.0
3284,0.0,0.0,0.0,0.0,-1.2729317,1.0,0.0,2.0,1.0,1.0,1.0,1.0,1.0,1.0,0.0,0.0,3.0,-1.5029657,-0.996488,0.0
3285,0.0,0.0,0.0,0.0,-0.37366074,1.0,0.0,0.0,0.0,0.0,2.0,0.0,0.0,0.0,0.0,0.0,1.0,-0.5027702,-0.52445453,0.0
3286,0.0,0.0,0.0,0.0,1.1387496,1.0,0.0,2.0,1.0,1.0,1.0,1.0,1.0,1.0,2.0,0.0,0.0,-1.4996262,-0.50362104,0.0
3287,0.0,0.0,0.0,0.0,-0.8641722,1.0,2.0,2.0,1.0,1.0,1.0,1.0,1.0,1.0,1.0,0.0,2.0,-1.3209602,-0.8962559,0.0
3288,0.0,0.0,0.0,0.0,0.77086604,0.0,1.0,0.0,0.0,2.0,2.0,0.0,2.0,2.0,1.0,1.0,1.0,-0.27902025,0.2969903,0.0
3289,0.0,0.0,1.0,1.0,1.2613775,1.0,2.0,1.0,2.0,2.0,2.0,0.0,2.0,0.0,0.0,1.0,2.0,1.1953917,1.758604,1.0
3290,0.0,0.0,0.0,0.0,-0.4962886,1.0,0.0,1.0,2.0,0.0,2.0,0.0,2.0,0.0,0.0,1.0,0.0,0.82303166,-0.17319766,0.0
3291,1.0,0.0,0.0,0.0,-0.5780405,1.0,2.0,1.0,0.0,0.0,2.0,0.0,2.0,0.0,1.0,1.0,1.0,0.8297107,-0.27909943,0.0
3292,0.0,0.0,0.0,0.0,-1.1503038,1.0,0.0,1.0,0.0,0.0,0.0,0.0,0.0,2.0,0.0,1.0,2.0,0.48072764,-0.8641941,1.0
3293,0.0,0.0,1.0,0.0,-0.29190883,1.0,2.0,0.0,0.0,2.0,0.0,0.0,0.0,0.0,0.0,0.0,2.0,-0.35582992,-0.3947176,0.0
3294,1.0,1.0,1.0,0.0,0.56648624,1.0,2.0,1.0,0.0,0.0,2.0,0.0,2.0,2.0,0.0,1.0,2.0,1.1386192,1.0246733,0.0
3295,1.0,0.0,0.0,1.0,-0.82329625,1.0,0.0,0.0,2.0,0.0,0.0,0.0,2.0,2.0,0.0,1.0,3.0,0.17014939,-0.6328466,0.0
3296,0.0,0.0,1.0,0.0,1.629261,1.0,2.0,1.0,0.0,2.0,0.0,0.0,2.0,2.0,2.0,1.0,1.0,1.1002144,2.049584,0.0
3297,1.0,0.0,1.0,1.0,-0.29190883,1.0,0.0,0.0,2.0,0.0,0.0,2.0,0.0,0.0,0.0,0.0,2.0,-0.3491508,-0.42860264,0.0
3298,0.0,0.0,0.0,0.0,0.4029824,1.0,2.0,0.0,0.0,0.0,2.0,2.0,2.0,2.0,2.0,1.0,1.0,0.4573508,0.4948308,0.0
3299,1.0,0.0,0.0,0.0,-1.2729317,1.0,0.0,2.0,1.0,1.0,1.0,1.0,1.0,1.0,0.0,1.0,3.0,-1.4879378,-0.9962878,1.0
3300,1.0,0.0,1.0,0.0,0.81174195,1.0,2.0,0.0,2.0,2.0,2.0,2.0,0.0,2.0,1.0,1.0,1.0,0.55586755,0.9310893,0.0
3301,1.0,0.0,0.0,0.0,-0.7415443,0.0,1.0,0.0,0.0,0.0,2.0,0.0,2.0,2.0,0.0,1.0,2.0,-0.4677049,-0.68832105,1.0
3302,1.0,0.0,0.0,0.0,-1.1094279,1.0,0.0,0.0,0.0,2.0,0.0,2.0,0.0,2.0,0.0,1.0,0.0,0.028218465,-0.854122,0.0
3303,1.0,0.0,1.0,0.0,0.3212305,0.0,1.0,0.0,2.0,2.0,2.0,0.0,0.0,0.0,1.0,1.0,2.0,-0.7482272,-0.24199046,1.0
3304,1.0,0.0,0.0,0.0,1.3022535,1.0,0.0,2.0,1.0,1.0,1.0,1.0,1.0,1.0,2.0,0.0,3.0,-1.5096449,-0.45379406,0.0
3305,0.0,0.0,0.0,0.0,-0.21015692,1.0,0.0,0.0,0.0,2.0,2.0,2.0,2.0,2.0,1.0,0.0,3.0,0.4490019,-0.080792055,0.0
3306,1.0,0.0,1.0,1.0,0.6073622,1.0,2.0,1.0,0.0,2.0,0.0,0.0,2.0,2.0,0.0,1.0,2.0,1.155317,1.1066066,1.0
3307,1.0,0.0,0.0,0.0,0.44385839,1.0,2.0,1.0,0.0,2.0,0.0,0.0,0.0,0.0,0.0,1.0,2.0,0.4373135,0.4914734,1.0
3308,1.0,0.0,0.0,0.0,-0.21015692,1.0,0.0,1.0,0.0,0.0,0.0,0.0,0.0,0.0,0.0,1.0,3.0,0.14343297,-0.20783864,0.0
3309,1.0,0.0,0.0,0.0,-1.2320558,1.0,0.0,0.0,0.0,0.0,0.0,2.0,2.0,2.0,0.0,0.0,2.0,0.18517737,-0.94639415,0.0
3310,0.0,0.0,0.0,0.0,-0.82329625,1.0,0.0,0.0,0.0,0.0,0.0,0.0,0.0,0.0,0.0,0.0,0.0,-0.6998037,-0.764718,0.0
3311,0.0,0.0,0.0,0.0,-0.61891645,1.0,2.0,2.0,1.0,1.0,1.0,1.0,1.0,1.0,0.0,0.0,3.0,-1.3343184,-0.7939338,0.0
3312,1.0,0.0,0.0,0.0,1.4657573,1.0,2.0,0.0,2.0,2.0,2.0,0.0,0.0,2.0,1.0,1.0,1.0,0.40558773,1.2283837,0.0
3313,1.0,0.0,0.0,0.0,-0.7824203,1.0,0.0,2.0,1.0,1.0,1.0,1.0,1.0,1.0,1.0,1.0,2.0,-1.4962866,-0.8924094,0.0
3314,0.0,1.0,1.0,0.0,1.3840053,1.0,2.0,1.0,0.0,2.0,2.0,0.0,2.0,2.0,1.0,0.0,1.0,1.3306434,2.0272384,0.0
3315,0.0,0.0,1.0,0.0,1.0161217,1.0,0.0,2.0,1.0,1.0,1.0,1.0,1.0,1.0,2.0,1.0,0.0,-1.5079751,-0.5008862,0.0
3316,1.0,1.0,0.0,0.0,0.07597478,1.0,0.0,1.0,0.0,0.0,0.0,0.0,0.0,0.0,0.0,0.0,1.0,0.14677253,0.0064329635,0.0
3317,1.0,0.0,0.0,0.0,0.6482381,1.0,0.0,0.0,0.0,2.0,2.0,2.0,2.0,2.0,2.0,0.0,1.0,0.47237876,0.67186,0.0
3318,1.0,0.0,0.0,0.0,-1.068552,1.0,0.0,1.0,0.0,2.0,0.0,0.0,2.0,0.0,0.0,1.0,2.0,0.6710821,-0.77247775,1.0
3319,1.0,1.0,0.0,0.0,-1.2729317,1.0,0.0,0.0,0.0,0.0,0.0,0.0,0.0,0.0,0.0,0.0,2.0,-0.6931246,-0.98570436,0.0
3320,0.0,0.0,1.0,0.0,-1.2320558,0.0,1.0,0.0,0.0,0.0,0.0,0.0,2.0,2.0,0.0,0.0,2.0,-0.6730873,-0.96209157,1.0
3321,1.0,0.0,0.0,1.0,-1.2729317,1.0,0.0,2.0,1.0,1.0,1.0,1.0,1.0,1.0,0.0,0.0,3.0,-1.5096449,-0.9965769,0.0
3322,0.0,0.0,1.0,1.0,1.5475092,1.0,2.0,0.0,2.0,2.0,0.0,0.0,2.0,0.0,2.0,1.0,1.0,0.14844231,1.1613917,0.0
3323,0.0,0.0,1.0,0.0,-0.25103286,1.0,0.0,1.0,0.0,0.0,0.0,2.0,0.0,2.0,0.0,0.0,1.0,0.7061474,-0.028541533,0.0
3324,1.0,0.0,1.0,1.0,0.6891141,1.0,2.0,1.0,0.0,0.0,2.0,0.0,2.0,2.0,0.0,1.0,2.0,1.170345,1.1614362,1.0
3325,1.0,1.0,1.0,0.0,-1.2320558,1.0,2.0,1.0,0.0,0.0,0.0,0.0,2.0,0.0,0.0,1.0,3.0,0.7378731,-0.9357439,1.0
3326,0.0,0.0,0.0,0.0,-0.7006684,1.0,0.0,2.0,1.0,1.0,1.0,1.0,1.0,1.0,2.0,0.0,3.0,-1.5079751,-0.8578129,0.0
3327,0.0,0.0,1.0,1.0,0.28035456,1.0,2.0,1.0,0.0,2.0,2.0,2.0,0.0,0.0,1.0,1.0,2.0,0.82804096,0.53976625,1.0
3328,0.0,0.0,0.0,0.0,0.28035456,0.0,1.0,0.0,0.0,0.0,2.0,0.0,2.0,2.0,0.0,1.0,2.0,-0.4677049,-0.110830545,1.0
3329,1.0,0.0,1.0,0.0,1.0978737,1.0,2.0,1.0,2.0,2.0,2.0,2.0,2.0,2.0,2.0,0.0,2.0,1.6362123,1.9124207,0.0
3330,1.0,0.0,1.0,1.0,1.2205015,1.0,0.0,2.0,1.0,1.0,1.0,1.0,1.0,1.0,1.0,0.0,0.0,-1.4962866,-0.45172626,0.0
3331,0.0,1.0,1.0,0.0,1.629261,1.0,2.0,1.0,2.0,2.0,2.0,2.0,2.0,2.0,2.0,1.0,1.0,1.7363989,2.6754117,0.0
3332,1.0,0.0,1.0,0.0,-0.5780405,1.0,2.0,1.0,2.0,0.0,0.0,0.0,2.0,2.0,0.0,1.0,2.0,1.1569867,-0.2302063,1.0
3333,0.0,0.0,0.0,0.0,-1.027676,0.0,1.0,0.0,0.0,2.0,0.0,0.0,0.0,2.0,0.0,1.0,1.0,-0.82336706,-0.8748443,1.0
3334,0.0,0.0,0.0,0.0,-0.25103286,0.0,1.0,0.0,0.0,0.0,2.0,2.0,2.0,0.0,0.0,1.0,1.0,-0.6780966,-0.47885206,0.0
3335,1.0,0.0,0.0,0.0,0.72999007,0.0,1.0,0.0,2.0,0.0,0.0,2.0,0.0,0.0,1.0,1.0,3.0,-0.980326,-0.22756043,0.0
3336,1.0,0.0,1.0,1.0,-0.005777135,1.0,0.0,2.0,1.0,1.0,1.0,1.0,1.0,1.0,2.0,0.0,3.0,-1.5296822,-0.732256,0.0
3337,0.0,0.0,0.0,0.0,-1.2729317,1.0,0.0,0.0,0.0,0.0,0.0,0.0,0.0,0.0,0.0,0.0,2.0,-0.63301265,-0.98490393,1.0
3338,1.0,0.0,1.0,1.0,-0.08752905,1.0,2.0,0.0,2.0,2.0,2.0,2.0,0.0,0.0,0.0,0.0,2.0,0.09500949,-0.11581102,0.0
3339,0.0,1.0,1.0,0.0,0.44385839,0.0,1.0,0.0,0.0,2.0,2.0,0.0,2.0,2.0,0.0,0.0,1.0,-0.30740643,0.036271345,1.0
3340,0.0,0.0,0.0,0.0,-1.1503038,0.0,1.0,0.0,2.0,0.0,2.0,2.0,0.0,2.0,0.0,0.0,3.0,-0.55119365,-0.9153329,0.0
3341,1.0,0.0,1.0,1.0,-1.068552,1.0,0.0,0.0,0.0,0.0,0.0,0.0,0.0,0.0,0.0,1.0,0.0,-0.6730873,-0.8892966,1.0
3342,1.0,0.0,0.0,0.0,0.6073622,1.0,0.0,0.0,2.0,2.0,2.0,2.0,2.0,2.0,1.0,1.0,0.0,0.74121267,0.8352374,0.0
3343,1.0,0.0,0.0,0.0,1.5883851,0.0,1.0,0.0,2.0,2.0,2.0,2.0,2.0,0.0,2.0,0.0,0.0,-0.36083925,0.72395486,0.0
3344,1.0,0.0,0.0,0.0,0.15772669,1.0,0.0,2.0,1.0,1.0,1.0,1.0,1.0,1.0,1.0,1.0,1.0,-1.4829284,-0.69583625,0.0
3345,0.0,0.0,0.0,0.0,-0.29190883,1.0,0.0,0.0,2.0,2.0,2.0,2.0,2.0,0.0,1.0,0.0,3.0,0.3187594,-0.17646609,1.0
3346,0.0,0.0,0.0,0.0,-0.4962886,1.0,0.0,0.0,0.0,0.0,0.0,0.0,0.0,0.0,0.0,1.0,2.0,-0.6814362,-0.59298056,0.0
3347,0.0,1.0,0.0,0.0,-1.2729317,0.0,1.0,0.0,0.0,0.0,0.0,0.0,0.0,0.0,0.0,1.0,3.0,-1.3042624,-0.99384207,1.0
3348,1.0,0.0,1.0,1.0,1.629261,1.0,0.0,0.0,2.0,0.0,2.0,2.0,2.0,2.0,2.0,1.0,2.0,0.53583026,1.5421313,0.0
3349,1.0,0.0,1.0,1.0,-1.1094279,1.0,0.0,2.0,1.0,1.0,1.0,1.0,1.0,1.0,1.0,0.0,3.0,-1.4912773,-0.9674278,0.0
3350,1.0,0.0,0.0,0.0,-1.027676,1.0,0.0,2.0,1.0,1.0,1.0,1.0,1.0,1.0,0.0,0.0,3.0,-1.4695703,-0.9425254,0.0
3351,0.0,0.0,1.0,0.0,-1.2320558,1.0,0.0,0.0,0.0,0.0,0.0,0.0,0.0,0.0,0.0,1.0,2.0,-0.65972906,-0.96536,0.0
3352,1.0,0.0,0.0,0.0,-1.2320558,1.0,0.0,2.0,1.0,1.0,1.0,1.0,1.0,1.0,0.0,0.0,3.0,-1.4829284,-0.99050695,1.0
3353,0.0,0.0,0.0,0.0,-0.5780405,1.0,2.0,1.0,0.0,0.0,0.0,2.0,2.0,0.0,0.0,1.0,2.0,0.7879664,-0.27629793,1.0
3354,1.0,1.0,1.0,0.0,1.5066332,0.0,1.0,0.0,0.0,0.0,2.0,0.0,0.0,0.0,1.0,1.0,1.0,-1.1673409,-0.056178723,0.0
3355,0.0,1.0,0.0,0.0,-1.1503038,1.0,2.0,0.0,0.0,0.0,0.0,0.0,0.0,0.0,0.0,0.0,3.0,-0.5344959,-0.92529386,0.0
3356,0.0,0.0,1.0,1.0,-0.08752905,1.0,0.0,2.0,1.0,1.0,1.0,1.0,1.0,1.0,2.0,0.0,3.0,-1.5179937,-0.73716974,0.0
3357,1.0,0.0,1.0,0.0,-0.128405,1.0,0.0,1.0,0.0,0.0,2.0,0.0,0.0,0.0,0.0,1.0,1.0,0.35215494,0.0012301457,0.0
3358,0.0,1.0,0.0,0.0,0.15772669,1.0,2.0,1.0,0.0,0.0,0.0,0.0,0.0,0.0,0.0,1.0,0.0,0.33879673,0.17734775,0.0
3359,0.0,0.0,1.0,0.0,-0.37366074,1.0,0.0,0.0,2.0,0.0,2.0,2.0,0.0,2.0,1.0,1.0,0.0,0.13341433,-0.25399697,0.0
3360,0.0,0.0,1.0,0.0,1.629261,1.0,2.0,0.0,2.0,2.0,2.0,0.0,2.0,2.0,2.0,1.0,1.0,0.59761196,1.6269772,0.0
3361,1.0,0.0,0.0,1.0,0.36210647,1.0,0.0,1.0,2.0,2.0,2.0,2.0,2.0,2.0,2.0,1.0,2.0,1.549384,0.99899274,0.0
3362,0.0,0.0,0.0,0.0,-1.2729317,1.0,0.0,1.0,0.0,0.0,0.0,0.0,2.0,0.0,0.0,1.0,2.0,0.51746273,-0.9695845,1.0
3363,0.0,0.0,1.0,0.0,1.0161217,1.0,2.0,1.0,0.0,0.0,2.0,0.0,2.0,2.0,1.0,1.0,1.0,1.2020707,1.6561708,0.0
3364,0.0,0.0,1.0,1.0,-0.7824203,1.0,0.0,0.0,0.0,0.0,0.0,0.0,0.0,2.0,0.0,0.0,2.0,-0.29404822,-0.6787159,1.0
3365,0.0,0.0,0.0,0.0,-1.027676,1.0,0.0,1.0,0.0,0.0,2.0,0.0,0.0,0.0,0.0,1.0,2.0,0.3471456,-0.7718107,0.0
3366,0.0,0.0,1.0,0.0,-1.2729317,1.0,0.0,2.0,1.0,1.0,1.0,1.0,1.0,1.0,0.0,1.0,3.0,-1.4729098,-0.99608773,0.0
3367,0.0,0.0,1.0,1.0,1.4248813,1.0,2.0,2.0,1.0,1.0,1.0,1.0,1.0,1.0,2.0,1.0,3.0,-1.3309789,-0.25808808,0.0
3368,1.0,0.0,1.0,1.0,-0.16928096,0.0,1.0,0.0,0.0,2.0,2.0,2.0,2.0,2.0,1.0,1.0,1.0,-0.1587964,-0.25728762,0.0
3369,0.0,1.0,1.0,0.0,1.1796255,1.0,2.0,1.0,2.0,2.0,2.0,2.0,0.0,0.0,0.0,1.0,1.0,0.9833301,1.6163492,0.0
3370,1.0,0.0,1.0,0.0,-1.2729317,1.0,0.0,1.0,0.0,0.0,2.0,0.0,0.0,0.0,0.0,0.0,1.0,0.3538247,-0.97176343,0.0
3371,1.0,0.0,0.0,0.0,-0.128405,1.0,2.0,1.0,0.0,0.0,0.0,0.0,0.0,2.0,0.0,1.0,2.0,0.67275184,0.11364658,0.0
3372,0.0,0.0,0.0,0.0,-1.2320558,1.0,0.0,2.0,1.0,1.0,1.0,1.0,1.0,1.0,0.0,1.0,3.0,-1.4929471,-0.9878166,0.0
3373,0.0,1.0,0.0,0.0,-1.2320558,0.0,1.0,0.0,0.0,0.0,2.0,0.0,0.0,0.0,0.0,1.0,2.0,-1.1473036,-0.97029597,1.0
3374,1.0,0.0,0.0,0.0,-1.2729317,1.0,0.0,2.0,1.0,1.0,1.0,1.0,1.0,1.0,0.0,1.0,3.0,-1.4912773,-0.9963323,1.0
3375,1.0,0.0,1.0,1.0,1.2205015,1.0,2.0,1.0,0.0,0.0,2.0,0.0,2.0,0.0,2.0,1.0,1.0,0.813013,1.4012105,0.0
3376,1.0,0.0,1.0,0.0,0.6073622,1.0,2.0,1.0,2.0,0.0,2.0,2.0,2.0,2.0,1.0,1.0,1.0,1.5393654,1.3408,1.0
3377,0.0,0.0,0.0,0.0,-1.2729317,0.0,1.0,0.0,0.0,0.0,0.0,0.0,0.0,0.0,0.0,1.0,3.0,-1.3242998,-0.9941089,1.0
3378,0.0,1.0,0.0,0.0,1.3840053,1.0,2.0,1.0,0.0,2.0,0.0,0.0,0.0,0.0,0.0,1.0,1.0,0.5241418,1.317921,1.0
3379,1.0,1.0,0.0,0.0,-1.2729317,1.0,2.0,1.0,0.0,0.0,2.0,0.0,2.0,0.0,0.0,1.0,2.0,0.8029943,-0.96578246,1.0
3380,0.0,0.0,0.0,0.0,-0.8641722,0.0,1.0,0.0,0.0,2.0,2.0,2.0,0.0,0.0,1.0,1.0,1.0,-0.8133484,-0.8173465,0.0
3381,0.0,1.0,1.0,0.0,0.6482381,1.0,0.0,0.0,0.0,2.0,0.0,0.0,0.0,2.0,1.0,1.0,0.0,-0.1938617,0.235268,0.0
3382,0.0,0.0,1.0,0.0,0.03509882,1.0,0.0,1.0,2.0,0.0,2.0,2.0,2.0,2.0,1.0,1.0,2.0,1.3022572,0.48933893,1.0
3383,0.0,0.0,0.0,0.0,1.0569977,1.0,2.0,2.0,1.0,1.0,1.0,1.0,1.0,1.0,2.0,0.0,1.0,-1.3493464,-0.37210536,0.0
3384,1.0,0.0,0.0,0.0,-1.2729317,1.0,0.0,0.0,0.0,0.0,0.0,0.0,0.0,0.0,0.0,0.0,3.0,-0.6580593,-0.9852374,1.0
3385,0.0,0.0,1.0,1.0,-0.9868001,1.0,0.0,1.0,0.0,0.0,2.0,0.0,2.0,2.0,0.0,1.0,2.0,0.9833301,-0.65961665,1.0
3386,0.0,1.0,1.0,0.0,1.5475092,1.0,2.0,1.0,0.0,2.0,0.0,2.0,2.0,2.0,2.0,1.0,0.0,1.3256341,2.2628772,0.0
3387,0.0,1.0,0.0,0.0,-0.7824203,1.0,2.0,1.0,0.0,0.0,0.0,0.0,2.0,2.0,0.0,1.0,2.0,1.0117162,-0.4316265,1.0
3388,1.0,0.0,0.0,0.0,-0.25103286,1.0,0.0,0.0,0.0,0.0,0.0,2.0,0.0,0.0,0.0,0.0,0.0,-0.5211377,-0.4550614,0.0
3389,0.0,1.0,1.0,0.0,-1.2729317,0.0,1.0,0.0,0.0,0.0,0.0,0.0,0.0,0.0,0.0,1.0,2.0,-1.3343184,-0.9942423,1.0
3390,1.0,1.0,1.0,0.0,1.5066332,1.0,2.0,1.0,0.0,2.0,0.0,0.0,2.0,0.0,0.0,1.0,2.0,0.8413992,1.7264978,1.0
3391,0.0,1.0,0.0,0.0,-0.7006684,1.0,2.0,0.0,0.0,0.0,0.0,2.0,0.0,0.0,0.0,0.0,1.0,-0.32577395,-0.66859925,1.0
3392,0.0,0.0,1.0,0.0,1.5475092,1.0,0.0,2.0,1.0,1.0,1.0,1.0,1.0,1.0,2.0,0.0,0.0,-1.5012959,-0.38375613,0.0
3393,0.0,0.0,0.0,0.0,0.07597478,1.0,2.0,1.0,2.0,2.0,2.0,0.0,2.0,2.0,0.0,1.0,3.0,1.5043001,0.5899267,1.0
3394,1.0,0.0,1.0,0.0,1.5883851,1.0,2.0,1.0,0.0,2.0,0.0,2.0,2.0,2.0,2.0,1.0,1.0,1.3156154,2.26997,0.0
3395,1.0,0.0,1.0,1.0,0.77086604,1.0,0.0,2.0,1.0,1.0,1.0,1.0,1.0,1.0,2.0,0.0,1.0,-1.5096449,-0.5220088,0.0
3396,1.0,0.0,0.0,0.0,-1.2729317,1.0,0.0,0.0,0.0,0.0,0.0,0.0,0.0,0.0,0.0,1.0,2.0,-0.63969177,-0.98499286,1.0
3397,1.0,0.0,0.0,0.0,0.6891141,0.0,1.0,0.0,0.0,0.0,2.0,0.0,0.0,0.0,0.0,1.0,0.0,-1.1539826,-0.35909832,0.0
3398,0.0,0.0,1.0,1.0,0.48473433,1.0,2.0,1.0,0.0,2.0,2.0,0.0,0.0,2.0,1.0,0.0,2.0,0.9900092,0.9048084,0.0
3399,0.0,1.0,1.0,0.0,-1.027676,1.0,2.0,1.0,0.0,0.0,0.0,0.0,0.0,2.0,0.0,1.0,2.0,0.66106343,-0.7176258,1.0
3400,0.0,0.0,1.0,0.0,1.629261,1.0,2.0,1.0,0.0,2.0,2.0,2.0,2.0,2.0,1.0,0.0,1.0,1.4825929,2.4586499,0.0
3401,0.0,0.0,0.0,0.0,0.8934939,1.0,2.0,1.0,0.0,0.0,2.0,2.0,0.0,2.0,2.0,1.0,0.0,1.013386,1.2469937,0.0
3402,0.0,0.0,1.0,0.0,-1.2320558,0.0,1.0,0.0,0.0,0.0,0.0,0.0,0.0,2.0,0.0,1.0,2.0,-0.99034464,-0.97469836,1.0
3403,0.0,1.0,1.0,0.0,1.0569977,1.0,2.0,1.0,0.0,0.0,0.0,2.0,2.0,2.0,0.0,1.0,0.0,1.1903822,1.5515809,0.0
3404,0.0,0.0,0.0,0.0,-1.2729317,1.0,0.0,1.0,0.0,0.0,0.0,0.0,0.0,2.0,0.0,1.0,2.0,0.49909517,-0.9698291,1.0
3405,0.0,0.0,0.0,0.0,-1.068552,1.0,2.0,1.0,0.0,2.0,2.0,2.0,2.0,2.0,0.0,1.0,1.0,1.5076396,-0.7075759,1.0
3406,0.0,0.0,0.0,0.0,-0.7824203,1.0,2.0,0.0,2.0,0.0,2.0,0.0,2.0,2.0,0.0,1.0,2.0,0.46736944,-0.562653,0.0
3407,1.0,0.0,1.0,0.0,-1.2320558,1.0,0.0,0.0,0.0,2.0,0.0,2.0,0.0,2.0,0.0,1.0,3.0,-0.01853525,-0.94139147,0.0
3408,0.0,0.0,1.0,1.0,1.629261,0.0,1.0,0.0,2.0,2.0,2.0,2.0,0.0,2.0,2.0,0.0,1.0,-0.30406687,0.72013056,0.0
3409,0.0,1.0,0.0,0.0,-0.005777135,1.0,0.0,1.0,0.0,0.0,0.0,0.0,0.0,2.0,0.0,1.0,2.0,0.49241608,0.17981575,0.0
3410,1.0,0.0,0.0,0.0,-1.1911799,0.0,1.0,0.0,2.0,2.0,0.0,0.0,0.0,0.0,0.0,1.0,3.0,-0.97865623,-0.95775586,1.0
3411,1.0,0.0,0.0,0.0,0.8934939,1.0,2.0,1.0,2.0,2.0,0.0,2.0,2.0,2.0,2.0,1.0,1.0,1.4441881,1.5564057,0.0
3412,0.0,0.0,0.0,0.0,-0.8641722,1.0,0.0,2.0,1.0,1.0,1.0,1.0,1.0,1.0,0.0,0.0,0.0,-1.4845982,-0.8957445,0.0
3413,1.0,1.0,0.0,0.0,-0.9868001,1.0,0.0,1.0,0.0,0.0,0.0,0.0,0.0,0.0,0.0,1.0,2.0,0.16514006,-0.75586873,1.0
3414,1.0,0.0,0.0,0.0,-0.33278477,1.0,2.0,1.0,0.0,2.0,0.0,0.0,2.0,0.0,0.0,1.0,1.0,0.8614365,0.009745869,1.0
3415,1.0,0.0,1.0,1.0,1.5883851,1.0,2.0,1.0,2.0,0.0,0.0,0.0,2.0,2.0,2.0,1.0,2.0,1.0835166,2.0676382,0.0
3416,0.0,0.0,1.0,0.0,-0.61891645,1.0,2.0,0.0,0.0,2.0,0.0,0.0,2.0,2.0,0.0,1.0,0.0,0.35549447,-0.417152,0.0
3417,1.0,1.0,1.0,0.0,0.07597478,1.0,0.0,1.0,2.0,0.0,0.0,2.0,2.0,0.0,1.0,0.0,3.0,0.84807825,0.38606077,0.0
3418,1.0,0.0,0.0,0.0,-0.9459241,1.0,0.0,1.0,0.0,0.0,0.0,0.0,0.0,0.0,0.0,1.0,2.0,0.19185647,-0.7393932,0.0
3419,0.0,0.0,1.0,1.0,1.4248813,1.0,2.0,1.0,2.0,0.0,0.0,2.0,0.0,2.0,1.0,1.0,1.0,0.9883394,1.8146789,1.0
3420,0.0,0.0,0.0,0.0,-0.61891645,1.0,0.0,2.0,1.0,1.0,1.0,1.0,1.0,1.0,1.0,0.0,3.0,-1.4896076,-0.84800756,0.0
3421,0.0,0.0,0.0,0.0,-0.7824203,1.0,0.0,1.0,0.0,0.0,0.0,0.0,2.0,0.0,0.0,1.0,3.0,0.5725653,-0.54773384,0.0
3422,1.0,1.0,0.0,0.0,0.52561027,1.0,2.0,1.0,0.0,0.0,0.0,0.0,2.0,2.0,0.0,1.0,0.0,0.9733114,0.8625188,0.0
3423,0.0,0.0,0.0,0.0,-0.82329625,1.0,0.0,1.0,2.0,0.0,0.0,0.0,2.0,0.0,1.0,1.0,1.0,0.6811007,-0.5699014,0.0
3424,0.0,1.0,1.0,0.0,-1.2729317,1.0,0.0,2.0,1.0,1.0,1.0,1.0,1.0,1.0,0.0,1.0,3.0,-1.4662306,-0.9959988,1.0
3425,1.0,1.0,0.0,0.0,-1.1094279,1.0,0.0,1.0,0.0,0.0,0.0,0.0,0.0,0.0,0.0,1.0,3.0,0.22358221,-0.8400254,0.0
3426,1.0,0.0,0.0,0.0,-0.7824203,1.0,0.0,0.0,0.0,0.0,0.0,2.0,0.0,0.0,0.0,1.0,3.0,-0.47438398,-0.73367894,0.0
3427,0.0,0.0,1.0,1.0,1.629261,0.0,1.0,0.0,0.0,2.0,2.0,2.0,2.0,2.0,2.0,1.0,2.0,-0.1587964,0.8908675,0.0
3428,1.0,0.0,0.0,0.0,-1.1911799,1.0,0.0,0.0,2.0,0.0,0.0,0.0,0.0,0.0,0.0,1.0,3.0,-0.4877422,-0.9337429,0.0
3429,0.0,0.0,1.0,1.0,1.629261,1.0,2.0,2.0,1.0,1.0,1.0,1.0,1.0,1.0,2.0,0.0,1.0,-1.3526859,-0.21172963,0.0
3430,0.0,0.0,0.0,0.0,-1.027676,0.0,1.0,0.0,0.0,0.0,0.0,0.0,0.0,0.0,0.0,0.0,0.0,-1.3259696,-0.92080253,0.0
3431,0.0,0.0,1.0,0.0,-0.25103286,1.0,0.0,0.0,0.0,2.0,0.0,2.0,2.0,2.0,0.0,1.0,2.0,0.27701503,-0.1339097,0.0
3432,1.0,0.0,0.0,0.0,-1.1911799,1.0,0.0,1.0,0.0,0.0,2.0,0.0,0.0,0.0,0.0,1.0,1.0,0.29538256,-0.90188116,0.0
3433,1.0,0.0,1.0,1.0,0.2394786,1.0,2.0,0.0,0.0,2.0,2.0,0.0,2.0,2.0,1.0,0.0,1.0,0.47404855,0.26766333,0.0
3434,1.0,0.0,1.0,0.0,-1.1911799,0.0,1.0,0.0,0.0,0.0,0.0,2.0,0.0,0.0,0.0,1.0,2.0,-1.1640013,-0.9642483,0.0
3435,0.0,0.0,1.0,1.0,-1.2729317,1.0,0.0,2.0,1.0,1.0,1.0,1.0,1.0,1.0,0.0,1.0,3.0,-1.5280124,-0.99682146,0.0
3436,1.0,1.0,1.0,0.0,-0.33278477,1.0,2.0,1.0,0.0,2.0,2.0,0.0,2.0,2.0,0.0,1.0,2.0,1.318955,0.07704899,1.0
3437,0.0,0.0,1.0,1.0,-1.2729317,1.0,0.0,1.0,0.0,0.0,0.0,0.0,2.0,0.0,0.0,1.0,3.0,0.5107836,-0.96967345,1.0
3438,0.0,0.0,1.0,1.0,1.1796255,1.0,2.0,1.0,2.0,2.0,2.0,0.0,0.0,2.0,1.0,1.0,1.0,1.200401,1.6711345,0.0
3439,1.0,0.0,0.0,1.0,-1.2729317,1.0,0.0,2.0,1.0,1.0,1.0,1.0,1.0,1.0,0.0,0.0,3.0,-1.5196635,-0.9967103,1.0
3440,1.0,1.0,1.0,1.0,1.5883851,1.0,2.0,0.0,0.0,2.0,2.0,2.0,0.0,2.0,1.0,1.0,0.0,0.2720057,1.2802562,0.0
3441,1.0,0.0,0.0,0.0,-0.25103286,1.0,0.0,2.0,1.0,1.0,1.0,1.0,1.0,1.0,1.0,1.0,0.0,-1.5079751,-0.79544574,0.0
3442,1.0,1.0,0.0,0.0,-0.41453668,1.0,2.0,1.0,0.0,0.0,0.0,2.0,2.0,0.0,0.0,1.0,0.0,0.8597667,-0.15565482,1.0
3443,0.0,1.0,1.0,1.0,-0.37366074,1.0,0.0,1.0,0.0,2.0,2.0,0.0,0.0,2.0,0.0,1.0,0.0,0.7913059,-0.057846293,0.0
3444,1.0,0.0,1.0,1.0,-0.41453668,1.0,0.0,2.0,1.0,1.0,1.0,1.0,1.0,1.0,1.0,0.0,3.0,-1.4962866,-0.8124994,0.0
3445,0.0,1.0,1.0,0.0,-0.33278477,1.0,2.0,1.0,0.0,0.0,0.0,0.0,2.0,2.0,0.0,1.0,2.0,0.961623,0.0015191911,1.0
3446,0.0,0.0,1.0,1.0,-0.9459241,1.0,0.0,0.0,0.0,2.0,0.0,2.0,2.0,0.0,1.0,1.0,3.0,0.028218465,-0.74143875,0.0
3447,1.0,0.0,0.0,0.0,-0.005777135,1.0,2.0,1.0,0.0,2.0,0.0,0.0,0.0,0.0,0.0,1.0,0.0,0.52080226,0.14919917,1.0
3448,1.0,0.0,1.0,0.0,1.3022535,1.0,2.0,1.0,2.0,2.0,2.0,0.0,0.0,0.0,1.0,0.0,0.0,0.8247014,1.5261672,0.0
3449,1.0,0.0,0.0,0.0,-1.2729317,1.0,0.0,2.0,1.0,1.0,1.0,1.0,1.0,1.0,0.0,0.0,3.0,-1.4879378,-0.9962878,1.0
3450,0.0,0.0,1.0,0.0,1.629261,1.0,2.0,1.0,2.0,2.0,2.0,2.0,2.0,2.0,2.0,1.0,1.0,1.6328728,2.6074417,0.0
3451,1.0,0.0,0.0,0.0,-1.2320558,1.0,0.0,1.0,0.0,0.0,0.0,0.0,0.0,0.0,0.0,1.0,1.0,0.21857288,-0.9351214,0.0
3452,1.0,0.0,1.0,0.0,1.5066332,1.0,2.0,1.0,2.0,2.0,2.0,2.0,0.0,2.0,1.0,1.0,1.0,1.4174718,2.248536,0.0
3453,1.0,0.0,1.0,1.0,-0.5780405,1.0,0.0,2.0,1.0,1.0,1.0,1.0,1.0,1.0,1.0,0.0,0.0,-1.4929471,-0.85145384,0.0
3454,1.0,0.0,0.0,1.0,-1.1094279,1.0,0.0,2.0,1.0,1.0,1.0,1.0,1.0,1.0,0.0,0.0,1.0,-1.4829284,-0.95101887,0.0
3455,0.0,0.0,1.0,1.0,1.2205015,1.0,2.0,1.0,0.0,2.0,2.0,2.0,2.0,2.0,1.0,1.0,2.0,1.5376956,2.0367992,0.0
3456,1.0,0.0,1.0,1.0,-1.1094279,1.0,2.0,0.0,2.0,2.0,0.0,2.0,0.0,0.0,0.0,0.0,1.0,-0.011856149,-0.8643497,0.0
3457,0.0,0.0,1.0,0.0,-0.25103286,1.0,0.0,0.0,0.0,2.0,2.0,2.0,2.0,2.0,0.0,0.0,0.0,0.5725653,-0.08096993,0.0
3458,0.0,1.0,1.0,0.0,0.07597478,1.0,0.0,0.0,0.0,0.0,2.0,2.0,2.0,0.0,1.0,0.0,0.0,-0.01853525,-0.06862991,0.0
3459,1.0,0.0,1.0,0.0,0.72999007,1.0,2.0,1.0,0.0,0.0,0.0,2.0,2.0,2.0,1.0,0.0,2.0,1.1569867,1.2447258,0.0
3460,1.0,0.0,0.0,0.0,1.3840053,0.0,1.0,0.0,0.0,0.0,0.0,2.0,0.0,0.0,1.0,0.0,1.0,-1.1790292,-0.1233929,0.0
3461,0.0,0.0,0.0,0.0,-1.1094279,1.0,2.0,1.0,0.0,2.0,0.0,0.0,2.0,0.0,0.0,1.0,2.0,0.86978537,-0.8027164,1.0
3462,0.0,0.0,0.0,0.0,0.3212305,1.0,2.0,1.0,0.0,2.0,2.0,0.0,2.0,0.0,0.0,1.0,0.0,0.95661366,0.6651453,0.0
3463,0.0,1.0,1.0,1.0,1.0978737,1.0,2.0,1.0,0.0,0.0,2.0,0.0,0.0,2.0,0.0,1.0,1.0,0.80132455,1.3731954,0.0
3464,0.0,0.0,1.0,0.0,-0.21015692,1.0,0.0,1.0,2.0,0.0,0.0,2.0,2.0,2.0,1.0,1.0,1.0,1.2404755,0.18699741,0.0
3465,0.0,0.0,0.0,0.0,-1.2320558,1.0,0.0,1.0,0.0,0.0,0.0,0.0,2.0,2.0,0.0,1.0,2.0,0.85642713,-0.9304744,1.0
3466,1.0,0.0,0.0,0.0,0.8526179,1.0,0.0,1.0,0.0,2.0,0.0,2.0,0.0,0.0,0.0,1.0,3.0,0.52915114,0.9282655,0.0
3467,1.0,0.0,1.0,0.0,1.4248813,1.0,2.0,1.0,2.0,2.0,2.0,0.0,2.0,2.0,1.0,0.0,1.0,1.5076396,2.2553399,0.0
3468,1.0,0.0,0.0,0.0,1.0978737,1.0,0.0,0.0,0.0,0.0,2.0,0.0,0.0,2.0,1.0,1.0,0.0,-0.11371246,0.61582965,0.0
3469,1.0,1.0,1.0,0.0,-0.33278477,1.0,0.0,1.0,0.0,0.0,2.0,0.0,2.0,2.0,0.0,1.0,2.0,0.94826484,-0.013155423,1.0
3470,0.0,0.0,1.0,1.0,1.629261,1.0,0.0,0.0,2.0,2.0,2.0,2.0,2.0,2.0,2.0,0.0,0.0,0.68611,1.7202945,0.0
3471,1.0,0.0,0.0,0.0,-1.2729317,1.0,2.0,1.0,0.0,2.0,0.0,0.0,0.0,0.0,0.0,1.0,2.0,0.48072764,-0.97007364,1.0
3472,0.0,0.0,0.0,0.0,1.1387496,0.0,1.0,0.0,2.0,0.0,2.0,0.0,2.0,2.0,2.0,0.0,2.0,-0.3725277,0.43419796,0.0
3473,1.0,0.0,0.0,0.0,-1.1094279,1.0,0.0,2.0,1.0,1.0,1.0,1.0,1.0,1.0,0.0,1.0,3.0,-1.5196635,-0.9670053,0.0
3474,0.0,0.0,1.0,1.0,-0.37366074,1.0,0.0,0.0,2.0,2.0,0.0,2.0,0.0,0.0,1.0,1.0,3.0,-0.2339363,-0.434806,0.0
3475,1.0,0.0,1.0,0.0,1.629261,1.0,2.0,2.0,1.0,1.0,1.0,1.0,1.0,1.0,2.0,0.0,1.0,-1.3343184,-0.17179689,0.0
3476,1.0,0.0,1.0,0.0,1.629261,1.0,2.0,2.0,1.0,1.0,1.0,1.0,1.0,1.0,2.0,0.0,3.0,-1.3142811,-0.2061266,0.0
3477,1.0,0.0,1.0,0.0,0.3212305,1.0,0.0,0.0,0.0,2.0,0.0,0.0,0.0,0.0,0.0,1.0,3.0,-0.4877422,-0.08988587,0.0
3478,1.0,0.0,1.0,1.0,-1.068552,1.0,0.0,2.0,1.0,1.0,1.0,1.0,1.0,1.0,1.0,0.0,3.0,-1.5129844,-0.9547987,0.0
3479,0.0,0.0,1.0,1.0,-0.37366074,1.0,2.0,1.0,2.0,0.0,0.0,0.0,0.0,0.0,1.0,0.0,1.0,0.57089555,-0.20001218,0.0
3480,1.0,0.0,1.0,0.0,-0.41453668,1.0,0.0,1.0,0.0,0.0,2.0,0.0,2.0,2.0,0.0,1.0,1.0,1.0000279,-0.15374267,1.0
3481,0.0,0.0,0.0,0.0,-1.2729317,1.0,0.0,0.0,0.0,0.0,0.0,2.0,0.0,0.0,0.0,1.0,2.0,-0.4192814,-0.9820579,1.0
3482,0.0,0.0,1.0,0.0,0.93436986,1.0,2.0,1.0,0.0,0.0,2.0,0.0,0.0,0.0,0.0,1.0,2.0,0.43397394,0.97720313,1.0
3483,0.0,1.0,0.0,0.0,-0.21015692,1.0,2.0,1.0,0.0,2.0,2.0,0.0,0.0,0.0,0.0,1.0,0.0,0.7245149,0.062441073,0.0
3484,1.0,1.0,1.0,0.0,-1.027676,0.0,1.0,0.0,2.0,0.0,0.0,0.0,0.0,0.0,0.0,0.0,0.0,-1.1673409,-0.9072396,0.0
3485,1.0,0.0,1.0,1.0,-0.046653092,0.0,1.0,0.0,2.0,0.0,2.0,2.0,2.0,2.0,1.0,0.0,2.0,-0.16046618,-0.18313637,0.0
3486,1.0,0.0,1.0,1.0,1.3840053,1.0,2.0,0.0,2.0,0.0,2.0,2.0,2.0,2.0,2.0,1.0,3.0,0.6426959,1.5357723,0.0
3487,0.0,0.0,0.0,0.0,1.3431294,1.0,2.0,1.0,2.0,2.0,0.0,2.0,0.0,0.0,1.0,1.0,2.0,0.8380596,1.5937593,0.0
3488,0.0,0.0,0.0,0.0,-0.37366074,1.0,0.0,2.0,1.0,1.0,1.0,1.0,1.0,1.0,0.0,1.0,3.0,-1.5113146,-0.7961795,0.0
3489,1.0,0.0,0.0,1.0,-0.82329625,1.0,2.0,1.0,0.0,0.0,0.0,0.0,0.0,0.0,0.0,1.0,1.0,0.30039188,-0.61777174,1.0
3490,0.0,0.0,0.0,0.0,-1.068552,1.0,0.0,0.0,0.0,0.0,0.0,0.0,0.0,2.0,0.0,1.0,2.0,-0.32577395,-0.8538996,0.0
3491,1.0,1.0,1.0,0.0,-0.33278477,0.0,1.0,0.0,2.0,0.0,0.0,0.0,0.0,2.0,0.0,0.0,0.0,-0.8567626,-0.5733477,1.0
3492,0.0,1.0,1.0,0.0,-0.29190883,1.0,2.0,0.0,2.0,0.0,0.0,2.0,2.0,0.0,0.0,1.0,1.0,0.15846096,-0.22589286,0.0
3493,0.0,0.0,1.0,1.0,-0.41453668,1.0,2.0,1.0,0.0,0.0,0.0,0.0,0.0,0.0,0.0,1.0,0.0,0.36885267,-0.2870593,0.0
3494,1.0,0.0,0.0,0.0,0.8526179,1.0,2.0,0.0,0.0,2.0,2.0,2.0,0.0,2.0,2.0,1.0,0.0,0.3054012,0.754905,0.0
3495,1.0,0.0,1.0,0.0,-1.1503038,1.0,0.0,1.0,0.0,0.0,2.0,2.0,0.0,0.0,0.0,1.0,3.0,0.52915114,-0.8633492,1.0
3496,0.0,0.0,1.0,1.0,1.629261,0.0,1.0,0.0,2.0,2.0,2.0,2.0,2.0,2.0,2.0,0.0,0.0,0.03155802,1.0293202,0.0
3497,1.0,0.0,0.0,0.0,-0.25103286,1.0,0.0,1.0,0.0,0.0,2.0,2.0,2.0,2.0,0.0,1.0,2.0,1.1319401,0.12289604,0.0
3498,1.0,0.0,1.0,0.0,-1.1094279,1.0,2.0,1.0,0.0,2.0,0.0,0.0,0.0,0.0,0.0,1.0,2.0,0.46736944,-0.8220157,1.0
3499,0.0,0.0,0.0,0.0,-0.61891645,1.0,2.0,1.0,0.0,0.0,2.0,0.0,0.0,0.0,0.0,0.0,0.0,0.5107836,-0.40687975,0.0
3500,1.0,0.0,0.0,1.0,-1.2729317,1.0,0.0,2.0,1.0,1.0,1.0,1.0,1.0,1.0,0.0,1.0,3.0,-1.5179937,-0.99668807,0.0
3501,1.0,0.0,0.0,0.0,1.3022535,1.0,2.0,0.0,2.0,2.0,2.0,2.0,2.0,0.0,1.0,0.0,2.0,0.5508582,1.470537,0.0
3502,0.0,0.0,0.0,0.0,-0.25103286,1.0,0.0,1.0,0.0,0.0,0.0,0.0,2.0,2.0,0.0,1.0,0.0,0.8029943,0.0060994495,1.0
3503,1.0,0.0,1.0,1.0,-0.4962886,1.0,2.0,1.0,0.0,2.0,0.0,2.0,2.0,0.0,0.0,0.0,3.0,1.0701585,-0.19296391,0.0
3504,1.0,0.0,0.0,0.0,-1.2729317,1.0,0.0,0.0,0.0,0.0,0.0,0.0,0.0,0.0,0.0,0.0,3.0,-0.67976636,-0.98552644,1.0
3505,1.0,0.0,1.0,1.0,1.4248813,1.0,0.0,2.0,1.0,1.0,1.0,1.0,1.0,1.0,2.0,1.0,1.0,-1.5146542,-0.43420568,0.0
3506,0.0,0.0,0.0,1.0,-0.7824203,1.0,2.0,1.0,0.0,2.0,2.0,0.0,2.0,2.0,1.0,1.0,1.0,1.3156154,-0.42757985,0.0
3507,1.0,0.0,1.0,1.0,0.116850734,1.0,0.0,1.0,0.0,2.0,0.0,2.0,2.0,0.0,1.0,1.0,2.0,0.8330503,0.4024252,0.0
3508,1.0,0.0,1.0,1.0,-0.41453668,1.0,2.0,1.0,0.0,0.0,2.0,0.0,2.0,0.0,0.0,1.0,2.0,0.80132455,-0.16697206,0.0
3509,0.0,0.0,1.0,1.0,1.5475092,1.0,2.0,0.0,2.0,2.0,2.0,2.0,2.0,0.0,2.0,0.0,2.0,0.5324907,1.4929491,0.0
3510,0.0,0.0,0.0,0.0,-1.2320558,1.0,0.0,2.0,1.0,1.0,1.0,1.0,1.0,1.0,0.0,0.0,0.0,-1.5363612,-0.98163545,0.0
3511,0.0,0.0,1.0,0.0,-0.53716457,1.0,0.0,0.0,0.0,2.0,0.0,0.0,0.0,2.0,0.0,1.0,3.0,-0.1654755,-0.50239813,0.0
3512,1.0,0.0,1.0,1.0,1.5883851,1.0,2.0,0.0,2.0,2.0,0.0,2.0,0.0,0.0,1.0,1.0,1.0,0.06996285,1.1064065,0.0
3513,0.0,0.0,0.0,0.0,0.81174195,0.0,1.0,0.0,2.0,2.0,2.0,0.0,2.0,2.0,2.0,1.0,0.0,-0.2005408,0.34592792,0.0
3514,0.0,0.0,0.0,0.0,-1.1503038,1.0,2.0,1.0,0.0,2.0,0.0,0.0,0.0,0.0,0.0,1.0,3.0,0.5191325,-0.86110353,0.0
3515,0.0,1.0,0.0,0.0,-0.61891645,1.0,0.0,2.0,1.0,1.0,1.0,1.0,1.0,1.0,1.0,0.0,3.0,-1.4729098,-0.85825753,0.0
3516,1.0,0.0,1.0,1.0,-1.2320558,1.0,0.0,2.0,1.0,1.0,1.0,1.0,1.0,1.0,1.0,0.0,3.0,-1.4996262,-0.9893063,1.0
3517,0.0,0.0,0.0,0.0,0.8934939,1.0,2.0,1.0,2.0,0.0,2.0,0.0,2.0,2.0,1.0,1.0,0.0,1.3089364,1.502332,1.0
3518,0.0,0.0,1.0,0.0,1.2613775,1.0,2.0,0.0,2.0,2.0,0.0,0.0,2.0,2.0,1.0,1.0,1.0,0.49909517,1.1230599,0.0
3519,1.0,0.0,1.0,0.0,0.4029824,1.0,0.0,2.0,1.0,1.0,1.0,1.0,1.0,1.0,2.0,0.0,2.0,-1.486268,-0.63373595,0.0
3520,1.0,0.0,1.0,1.0,0.9752458,1.0,2.0,1.0,0.0,0.0,2.0,2.0,2.0,2.0,2.0,1.0,2.0,1.2838897,1.6066996,0.0
3521,1.0,0.0,0.0,1.0,-0.9868001,0.0,1.0,0.0,0.0,0.0,0.0,0.0,0.0,0.0,0.0,0.0,3.0,-1.3109416,-0.9095742,1.0
3522,1.0,0.0,1.0,1.0,0.93436986,1.0,0.0,0.0,0.0,0.0,2.0,2.0,0.0,0.0,2.0,1.0,1.0,-0.31742507,0.3821031,0.0
3523,0.0,0.0,0.0,0.0,-0.8641722,1.0,2.0,1.0,0.0,0.0,0.0,0.0,0.0,0.0,0.0,1.0,2.0,0.39222953,-0.63264644,1.0
3524,0.0,0.0,0.0,0.0,-0.8641722,1.0,0.0,0.0,0.0,0.0,2.0,2.0,0.0,0.0,1.0,0.0,0.0,-0.36584857,-0.7155358,0.0
3525,0.0,1.0,1.0,1.0,0.6482381,1.0,0.0,1.0,2.0,0.0,2.0,2.0,2.0,2.0,0.0,1.0,2.0,1.3273039,1.2484167,0.0
3526,1.0,0.0,0.0,0.0,-0.9868001,1.0,0.0,0.0,2.0,0.0,2.0,0.0,0.0,2.0,0.0,1.0,2.0,0.06495353,-0.7477977,0.0
3527,0.0,0.0,1.0,1.0,0.6891141,1.0,2.0,1.0,0.0,0.0,0.0,0.0,2.0,2.0,0.0,1.0,2.0,1.0300838,1.1218815,1.0
3528,1.0,0.0,1.0,1.0,1.0569977,1.0,0.0,0.0,0.0,2.0,0.0,2.0,2.0,2.0,1.0,1.0,1.0,0.34881538,0.9072319,0.0
3529,1.0,0.0,0.0,0.0,-0.82329625,1.0,0.0,1.0,2.0,0.0,2.0,0.0,0.0,0.0,0.0,0.0,0.0,0.5658862,-0.6234637,1.0
3530,1.0,0.0,1.0,1.0,1.0978737,0.0,1.0,0.0,2.0,0.0,2.0,0.0,0.0,0.0,1.0,0.0,3.0,-1.0003633,-0.12466025,0.0
3531,1.0,1.0,0.0,0.0,0.19860265,0.0,1.0,0.0,0.0,2.0,2.0,0.0,0.0,0.0,0.0,0.0,2.0,-0.9385816,-0.42050937,0.0
3532,1.0,0.0,0.0,0.0,-0.9459241,1.0,2.0,1.0,2.0,0.0,0.0,0.0,0.0,0.0,0.0,1.0,2.0,0.5475187,-0.65643716,0.0
3533,1.0,1.0,1.0,0.0,0.44385839,1.0,2.0,1.0,0.0,2.0,0.0,0.0,2.0,2.0,0.0,1.0,2.0,1.2104195,0.94618636,1.0
3534,0.0,0.0,1.0,0.0,-0.41453668,1.0,0.0,0.0,0.0,2.0,2.0,0.0,0.0,0.0,0.0,1.0,3.0,-0.3357926,-0.48109773,0.0
3535,0.0,0.0,1.0,1.0,-0.29190883,1.0,2.0,1.0,0.0,0.0,2.0,0.0,0.0,2.0,0.0,1.0,2.0,0.813013,0.047922097,1.0
3536,0.0,0.0,0.0,0.0,-0.45541266,1.0,0.0,1.0,0.0,2.0,2.0,0.0,0.0,2.0,0.0,1.0,2.0,0.8447387,-0.17686631,0.0
3537,1.0,0.0,0.0,1.0,-1.2729317,1.0,0.0,0.0,0.0,2.0,0.0,0.0,0.0,0.0,0.0,1.0,2.0,-0.49609107,-0.9830807,0.0
3538,1.0,1.0,1.0,0.0,-0.29190883,1.0,2.0,1.0,2.0,0.0,0.0,0.0,0.0,2.0,1.0,1.0,2.0,0.8113432,-0.036990553,1.0
3539,1.0,0.0,1.0,1.0,1.3840053,1.0,2.0,2.0,1.0,1.0,1.0,1.0,1.0,1.0,2.0,1.0,1.0,-1.3176206,-0.2616011,0.0
3540,0.0,0.0,0.0,0.0,0.6073622,1.0,0.0,1.0,2.0,0.0,2.0,2.0,2.0,2.0,1.0,1.0,2.0,1.3005874,1.0983577,0.0
3541,0.0,0.0,0.0,0.0,1.2205015,0.0,1.0,0.0,0.0,2.0,2.0,0.0,0.0,2.0,2.0,1.0,1.0,-0.70648277,0.2170359,0.0
3542,0.0,0.0,0.0,0.0,-1.1911799,1.0,0.0,1.0,0.0,0.0,0.0,0.0,2.0,0.0,0.0,1.0,2.0,0.5258116,-0.90194786,0.0
3543,0.0,0.0,1.0,1.0,1.5066332,0.0,1.0,0.0,0.0,2.0,2.0,0.0,2.0,2.0,2.0,1.0,1.0,-0.32744372,0.6723047,0.0
3544,1.0,0.0,0.0,0.0,0.6482381,1.0,2.0,1.0,0.0,2.0,2.0,0.0,2.0,2.0,1.0,1.0,1.0,1.3807367,1.2549758,1.0
3545,1.0,0.0,1.0,1.0,1.629261,0.0,1.0,0.0,2.0,2.0,2.0,2.0,0.0,2.0,2.0,1.0,1.0,-0.31074598,0.8531582,0.0
3546,1.0,0.0,1.0,1.0,0.6891141,0.0,1.0,0.0,2.0,0.0,0.0,0.0,0.0,2.0,0.0,1.0,2.0,-0.85342306,-0.18787226,0.0
3547,1.0,0.0,1.0,0.0,-0.16928096,1.0,2.0,1.0,0.0,2.0,2.0,0.0,2.0,0.0,0.0,0.0,1.0,1.0634793,0.18842041,0.0
3548,1.0,0.0,1.0,1.0,1.1387496,1.0,0.0,0.0,2.0,2.0,0.0,2.0,2.0,2.0,0.0,1.0,1.0,0.47738808,1.0684748,0.0
3549,1.0,0.0,1.0,1.0,0.07597478,0.0,1.0,0.0,0.0,0.0,2.0,2.0,2.0,0.0,0.0,1.0,2.0,-0.6647384,-0.36376753,0.0
3550,1.0,0.0,0.0,0.0,-1.2320558,1.0,0.0,2.0,1.0,1.0,1.0,1.0,1.0,1.0,0.0,0.0,3.0,-1.4996262,-0.9823247,0.0
3551,0.0,0.0,0.0,0.0,-1.027676,1.0,0.0,0.0,0.0,0.0,2.0,2.0,0.0,2.0,0.0,0.0,0.0,-0.06528897,-0.81925863,0.0
3552,1.0,0.0,0.0,0.0,0.116850734,1.0,2.0,0.0,2.0,0.0,2.0,0.0,0.0,0.0,0.0,1.0,2.0,-0.1721546,-0.073699325,0.0
3553,1.0,0.0,1.0,0.0,-0.128405,1.0,2.0,1.0,0.0,2.0,0.0,0.0,0.0,0.0,0.0,1.0,0.0,0.51412314,0.0020528135,1.0
3554,0.0,0.0,0.0,0.0,0.15772669,1.0,2.0,0.0,0.0,0.0,2.0,0.0,0.0,0.0,1.0,0.0,2.0,-0.29905754,-0.14191404,0.0
3555,0.0,0.0,0.0,0.0,0.6073622,1.0,0.0,2.0,1.0,1.0,1.0,1.0,1.0,1.0,2.0,1.0,3.0,-1.4762493,-0.58473164,0.0
3556,1.0,0.0,1.0,1.0,1.1387496,1.0,0.0,0.0,0.0,2.0,0.0,2.0,2.0,2.0,2.0,0.0,0.0,0.40725753,1.0153571,0.0
3557,1.0,0.0,1.0,1.0,-1.1094279,1.0,2.0,1.0,0.0,2.0,0.0,0.0,0.0,0.0,0.0,1.0,2.0,0.51412314,-0.8340667,1.0
3558,0.0,0.0,0.0,0.0,1.0569977,1.0,2.0,2.0,1.0,1.0,1.0,1.0,1.0,1.0,2.0,1.0,1.0,-1.3376579,-0.32979357,0.0
3559,0.0,0.0,0.0,0.0,0.07597478,1.0,0.0,1.0,0.0,2.0,2.0,2.0,2.0,2.0,0.0,1.0,2.0,1.3473412,0.6110715,0.0
3560,0.0,0.0,0.0,0.0,-0.7006684,1.0,0.0,0.0,2.0,0.0,2.0,2.0,0.0,0.0,0.0,0.0,2.0,-0.1938617,-0.58052933,0.0
3561,1.0,0.0,0.0,0.0,-1.1503038,1.0,2.0,0.0,0.0,0.0,0.0,0.0,0.0,0.0,0.0,0.0,3.0,-0.4793933,-0.9133985,1.0
3562,0.0,1.0,0.0,0.0,-1.1503038,1.0,2.0,1.0,0.0,0.0,0.0,0.0,2.0,2.0,0.0,1.0,2.0,1.0250745,-0.82913065,1.0
3563,1.0,1.0,1.0,0.0,1.0569977,1.0,2.0,1.0,2.0,2.0,2.0,0.0,2.0,2.0,1.0,1.0,2.0,1.4725744,1.7905769,1.0
3564,1.0,0.0,1.0,1.0,-0.046653092,1.0,2.0,0.0,2.0,2.0,0.0,2.0,0.0,2.0,1.0,1.0,0.0,0.35048515,0.03729412,0.0
3565,0.0,0.0,0.0,1.0,-0.9868001,1.0,0.0,2.0,1.0,1.0,1.0,1.0,1.0,1.0,0.0,0.0,3.0,-1.4962866,-0.9292738,0.0
3566,0.0,1.0,0.0,0.0,-1.027676,1.0,0.0,1.0,2.0,0.0,0.0,0.0,0.0,0.0,0.0,0.0,0.0,0.39055976,-0.781327,1.0
3567,0.0,0.0,0.0,0.0,0.77086604,1.0,2.0,1.0,2.0,2.0,2.0,0.0,2.0,2.0,1.0,0.0,0.0,1.4258206,1.5209421,0.0
3568,0.0,0.0,0.0,0.0,-1.1503038,0.0,1.0,0.0,2.0,0.0,0.0,0.0,0.0,0.0,0.0,1.0,3.0,-1.1890479,-0.95633286,0.0
3569,0.0,1.0,0.0,0.0,-1.1911799,1.0,2.0,1.0,0.0,2.0,0.0,0.0,0.0,0.0,0.0,1.0,2.0,0.48907652,-0.9140878,1.0
3570,0.0,0.0,0.0,0.0,-0.7824203,1.0,2.0,1.0,2.0,0.0,0.0,0.0,0.0,0.0,0.0,1.0,1.0,0.50911385,-0.5475337,0.0
3571,0.0,0.0,0.0,0.0,-1.1911799,1.0,2.0,1.0,0.0,0.0,0.0,0.0,0.0,0.0,0.0,1.0,2.0,0.3404665,-0.91081935,0.0
3572,1.0,0.0,1.0,1.0,-0.53716457,1.0,2.0,1.0,0.0,0.0,0.0,0.0,0.0,2.0,0.0,1.0,2.0,0.63100743,-0.35347307,1.0
3573,1.0,0.0,1.0,1.0,1.1387496,1.0,2.0,1.0,0.0,0.0,0.0,0.0,0.0,0.0,0.0,0.0,0.0,0.3204292,0.9750464,0.0
3574,1.0,0.0,1.0,1.0,-0.5780405,1.0,0.0,1.0,2.0,0.0,2.0,0.0,2.0,0.0,0.0,1.0,3.0,0.7729384,-0.33802024,0.0
3575,1.0,1.0,1.0,0.0,0.15772669,1.0,2.0,1.0,0.0,0.0,0.0,0.0,0.0,2.0,0.0,1.0,1.0,0.68444026,0.3878173,1.0
3576,0.0,0.0,0.0,0.0,-0.25103286,1.0,0.0,1.0,2.0,0.0,2.0,2.0,0.0,2.0,1.0,1.0,0.0,1.0384327,0.09548119,0.0
3577,0.0,0.0,1.0,0.0,1.4248813,1.0,2.0,0.0,0.0,2.0,2.0,2.0,2.0,2.0,2.0,0.0,0.0,0.71449625,1.6111909,0.0
3578,1.0,0.0,1.0,1.0,1.5475092,1.0,2.0,1.0,2.0,2.0,2.0,2.0,2.0,2.0,2.0,1.0,1.0,1.7297198,2.6199372,0.0
3579,1.0,1.0,1.0,1.0,1.3840053,1.0,2.0,1.0,0.0,0.0,2.0,0.0,2.0,2.0,0.0,1.0,1.0,1.1603264,2.028439,1.0
3580,1.0,0.0,1.0,1.0,0.93436986,1.0,0.0,2.0,1.0,1.0,1.0,1.0,1.0,1.0,2.0,0.0,3.0,-1.4779191,-0.48145348,0.0
3581,1.0,0.0,1.0,1.0,0.28035456,0.0,1.0,0.0,0.0,0.0,0.0,0.0,0.0,0.0,1.0,1.0,1.0,-1.3192904,-0.58382004,0.0
3582,1.0,1.0,1.0,0.0,0.81174195,1.0,2.0,1.0,0.0,2.0,2.0,0.0,2.0,2.0,1.0,1.0,0.0,1.3473412,1.3855354,0.0
3583,1.0,0.0,1.0,0.0,1.2613775,1.0,2.0,1.0,0.0,2.0,2.0,0.0,2.0,2.0,0.0,1.0,2.0,1.2571733,1.8603036,0.0
3584,1.0,0.0,1.0,0.0,1.5883851,1.0,2.0,1.0,2.0,2.0,2.0,0.0,2.0,0.0,2.0,1.0,2.0,1.1436286,2.1051252,0.0
3585,0.0,0.0,0.0,0.0,1.4657573,1.0,2.0,0.0,2.0,0.0,0.0,0.0,0.0,0.0,0.0,0.0,3.0,-0.34414148,0.6346176,0.0
3586,1.0,1.0,1.0,1.0,1.4657573,1.0,2.0,1.0,0.0,0.0,2.0,2.0,2.0,2.0,1.0,1.0,1.0,1.415802,2.276418,0.0
3587,1.0,0.0,1.0,0.0,1.1796255,1.0,2.0,0.0,0.0,2.0,2.0,0.0,2.0,2.0,1.0,1.0,2.0,0.50243473,1.1802686,0.0
3588,1.0,0.0,0.0,0.0,0.2394786,1.0,0.0,1.0,0.0,0.0,0.0,0.0,0.0,0.0,0.0,1.0,1.0,0.15846096,0.1621395,0.0
3589,1.0,0.0,0.0,0.0,-0.37366074,1.0,2.0,1.0,0.0,0.0,0.0,2.0,2.0,0.0,0.0,1.0,2.0,0.86310625,-0.14115807,1.0
3590,0.0,0.0,1.0,1.0,1.5883851,1.0,2.0,0.0,2.0,2.0,2.0,2.0,0.0,0.0,2.0,0.0,3.0,0.21189378,1.3181878,0.0
3591,0.0,1.0,1.0,0.0,-0.9868001,1.0,2.0,1.0,0.0,0.0,0.0,0.0,0.0,2.0,0.0,1.0,2.0,0.6426959,-0.73250055,1.0
3592,0.0,0.0,1.0,1.0,1.1387496,1.0,2.0,1.0,2.0,2.0,2.0,2.0,2.0,2.0,2.0,0.0,1.0,1.6863056,2.0001128,0.0
3593,1.0,0.0,1.0,0.0,-1.2729317,1.0,2.0,1.0,0.0,0.0,0.0,0.0,0.0,0.0,0.0,1.0,0.0,0.32877806,-0.972097,1.0
3594,0.0,0.0,1.0,0.0,0.93436986,1.0,2.0,0.0,2.0,2.0,2.0,2.0,2.0,2.0,1.0,1.0,2.0,0.84807825,1.1812247,0.0
3595,1.0,0.0,1.0,0.0,1.5883851,1.0,2.0,0.0,2.0,2.0,0.0,2.0,0.0,0.0,2.0,0.0,0.0,0.013190485,1.0766348,0.0
3596,0.0,1.0,0.0,0.0,-1.2729317,1.0,0.0,2.0,1.0,1.0,1.0,1.0,1.0,1.0,0.0,1.0,2.0,-1.5129844,-0.9966214,1.0
3597,0.0,0.0,1.0,1.0,1.0569977,1.0,2.0,1.0,0.0,2.0,2.0,0.0,2.0,2.0,1.0,1.0,1.0,1.3506807,1.7630732,0.0
3598,0.0,0.0,0.0,0.0,-1.2729317,1.0,0.0,1.0,0.0,0.0,0.0,0.0,0.0,0.0,0.0,1.0,2.0,0.14844231,-0.9744983,1.0
3599,0.0,1.0,1.0,1.0,0.6482381,0.0,1.0,0.0,0.0,2.0,0.0,0.0,0.0,0.0,1.0,0.0,0.0,-1.1640013,-0.38771382,0.0
3600,1.0,0.0,1.0,0.0,0.72999007,1.0,0.0,2.0,1.0,1.0,1.0,1.0,1.0,1.0,2.0,0.0,2.0,-1.5012959,-0.5547154,0.0
3601,0.0,0.0,0.0,0.0,-1.2729317,1.0,0.0,2.0,1.0,1.0,1.0,1.0,1.0,1.0,0.0,0.0,0.0,-1.4979564,-0.9964213,0.0
3602,1.0,0.0,0.0,0.0,1.0978737,1.0,2.0,0.0,0.0,0.0,2.0,0.0,0.0,0.0,2.0,0.0,1.0,-0.35416013,0.3804355,0.0
3603,0.0,0.0,1.0,1.0,1.5475092,1.0,2.0,1.0,2.0,2.0,2.0,2.0,0.0,0.0,2.0,0.0,0.0,0.9733114,1.9203361,1.0
3604,0.0,1.0,0.0,0.0,0.56648624,1.0,0.0,1.0,0.0,2.0,0.0,0.0,2.0,2.0,1.0,0.0,1.0,1.0183954,0.96210605,1.0
3605,1.0,0.0,0.0,0.0,-1.1911799,1.0,2.0,1.0,0.0,0.0,2.0,0.0,2.0,2.0,0.0,1.0,0.0,1.2287871,-0.87259865,1.0
3606,1.0,0.0,1.0,1.0,-0.41453668,1.0,0.0,0.0,2.0,0.0,2.0,2.0,2.0,0.0,1.0,1.0,0.0,0.09166994,-0.3186542,1.0
3607,0.0,0.0,1.0,1.0,1.2613775,1.0,0.0,0.0,2.0,2.0,2.0,2.0,2.0,0.0,2.0,0.0,1.0,0.3605038,1.0882411,0.0
3608,0.0,0.0,0.0,1.0,0.48473433,1.0,0.0,2.0,1.0,1.0,1.0,1.0,1.0,1.0,2.0,0.0,3.0,-1.4979564,-0.6192392,0.0
3609,1.0,1.0,0.0,0.0,-1.1503038,1.0,0.0,1.0,0.0,0.0,2.0,0.0,2.0,2.0,0.0,1.0,2.0,1.0016977,-0.81743544,0.0
3610,1.0,0.0,1.0,0.0,1.629261,1.0,2.0,1.0,2.0,2.0,0.0,2.0,2.0,2.0,2.0,1.0,1.0,1.4759139,2.496626,0.0
3611,1.0,0.0,1.0,0.0,1.5883851,1.0,2.0,0.0,0.0,2.0,2.0,2.0,2.0,2.0,2.0,0.0,1.0,0.64937496,1.6436529,0.0
3612,0.0,1.0,0.0,0.0,-0.6597924,1.0,2.0,0.0,2.0,0.0,0.0,0.0,0.0,0.0,0.0,1.0,2.0,-0.35582992,-0.6099453,0.0
3613,0.0,0.0,1.0,1.0,1.629261,1.0,2.0,0.0,2.0,2.0,0.0,2.0,0.0,0.0,2.0,0.0,1.0,0.0666233,1.1115648,0.0
3614,1.0,0.0,1.0,1.0,0.6073622,1.0,2.0,2.0,1.0,1.0,1.0,1.0,1.0,1.0,2.0,0.0,3.0,-1.3426673,-0.48923546,0.0
3615,1.0,0.0,0.0,1.0,-1.2729317,1.0,0.0,2.0,1.0,1.0,1.0,1.0,1.0,1.0,0.0,1.0,3.0,-1.5213332,-0.99673253,0.0
3616,1.0,0.0,0.0,0.0,-1.1911799,1.0,0.0,2.0,1.0,1.0,1.0,1.0,1.0,1.0,0.0,0.0,3.0,-1.4996262,-0.9765661,1.0
3617,1.0,0.0,0.0,0.0,-1.2320558,1.0,0.0,2.0,1.0,1.0,1.0,1.0,1.0,1.0,0.0,0.0,3.0,-1.5163239,-0.9846593,0.0
3618,1.0,0.0,0.0,0.0,-0.45541266,1.0,0.0,2.0,1.0,1.0,1.0,1.0,1.0,1.0,2.0,0.0,3.0,-1.5079751,-0.83166534,0.0
3619,1.0,0.0,0.0,0.0,-1.1503038,1.0,0.0,2.0,1.0,1.0,1.0,1.0,1.0,1.0,0.0,0.0,3.0,-1.5280124,-0.9701848,0.0
3620,1.0,0.0,0.0,0.0,1.0161217,1.0,0.0,2.0,1.0,1.0,1.0,1.0,1.0,1.0,2.0,0.0,3.0,-1.4695703,-0.5077566,0.0
3621,0.0,0.0,0.0,0.0,-1.1911799,1.0,2.0,1.0,0.0,0.0,0.0,0.0,0.0,0.0,0.0,1.0,2.0,0.35883403,-0.9071729,1.0
3622,1.0,0.0,0.0,0.0,-1.1094279,1.0,2.0,1.0,0.0,2.0,2.0,0.0,2.0,2.0,0.0,0.0,2.0,1.3540202,-0.76042676,0.0
3623,1.0,0.0,0.0,0.0,1.2205015,1.0,2.0,2.0,1.0,1.0,1.0,1.0,1.0,1.0,2.0,0.0,0.0,-1.3810722,-0.3695262,0.0
3624,0.0,0.0,0.0,0.0,-1.1503038,1.0,0.0,0.0,0.0,2.0,0.0,0.0,0.0,0.0,0.0,0.0,1.0,-0.46937466,-0.9379896,1.0
3625,1.0,0.0,0.0,0.0,-0.41453668,1.0,2.0,0.0,2.0,2.0,2.0,0.0,0.0,0.0,0.0,0.0,3.0,0.009850934,-0.37046003,0.0
3626,0.0,0.0,0.0,0.0,-0.7006684,1.0,2.0,1.0,2.0,0.0,2.0,0.0,0.0,0.0,0.0,1.0,1.0,0.6543843,-0.42600122,0.0
3627,1.0,0.0,1.0,1.0,1.2205015,1.0,0.0,0.0,2.0,2.0,2.0,2.0,2.0,2.0,2.0,0.0,2.0,0.71282643,1.3138744,0.0
3628,0.0,0.0,1.0,1.0,1.5883851,0.0,1.0,0.0,2.0,2.0,0.0,2.0,2.0,2.0,2.0,0.0,3.0,-0.20388034,0.8380611,0.0
3629,0.0,0.0,0.0,0.0,-0.41453668,0.0,1.0,0.0,0.0,2.0,0.0,0.0,2.0,2.0,0.0,1.0,2.0,-0.4810631,-0.5166281,0.0
3630,1.0,0.0,0.0,0.0,-1.068552,1.0,0.0,1.0,0.0,0.0,0.0,0.0,0.0,0.0,0.0,1.0,2.0,0.14510275,-0.8118324,0.0
3631,0.0,0.0,1.0,1.0,-0.005777135,1.0,0.0,0.0,2.0,2.0,2.0,2.0,0.0,2.0,2.0,0.0,3.0,0.29538256,0.024998574,0.0
3632,1.0,0.0,1.0,1.0,-1.027676,1.0,0.0,0.0,2.0,0.0,0.0,0.0,0.0,0.0,1.0,1.0,2.0,-0.5011004,-0.8579463,1.0
3633,0.0,0.0,0.0,0.0,-1.068552,1.0,0.0,1.0,2.0,2.0,2.0,2.0,0.0,2.0,0.0,1.0,0.0,1.1152424,-0.75293386,1.0
3634,1.0,0.0,0.0,0.0,0.6073622,1.0,2.0,1.0,2.0,2.0,0.0,2.0,2.0,0.0,0.0,0.0,3.0,1.2020707,1.071054,0.0
3635,1.0,0.0,1.0,0.0,1.1796255,1.0,2.0,1.0,0.0,2.0,0.0,2.0,2.0,0.0,2.0,1.0,2.0,0.97999054,1.5019984,1.0
3636,0.0,0.0,1.0,0.0,-0.90504813,1.0,0.0,0.0,0.0,0.0,2.0,0.0,2.0,2.0,0.0,1.0,1.0,0.10168859,-0.7148243,0.0
3637,0.0,0.0,0.0,0.0,-0.9868001,1.0,2.0,0.0,2.0,2.0,2.0,0.0,0.0,0.0,0.0,1.0,0.0,0.024878914,-0.7503991,0.0
3638,1.0,0.0,0.0,0.0,0.3212305,1.0,0.0,0.0,2.0,0.0,2.0,0.0,0.0,2.0,0.0,0.0,2.0,0.09000016,0.20916498,0.0
3639,1.0,0.0,0.0,0.0,1.0569977,1.0,0.0,1.0,2.0,2.0,0.0,0.0,2.0,2.0,1.0,0.0,0.0,1.1486379,1.5387517,0.0
3640,1.0,0.0,0.0,0.0,1.0161217,1.0,2.0,1.0,0.0,0.0,0.0,2.0,2.0,0.0,2.0,1.0,1.0,0.85809696,1.3203446,0.0
3641,1.0,1.0,1.0,0.0,-0.08752905,1.0,0.0,1.0,0.0,2.0,2.0,0.0,0.0,0.0,0.0,1.0,3.0,0.4974254,0.04647687,1.0
3642,1.0,1.0,0.0,0.0,-0.9868001,1.0,2.0,1.0,0.0,0.0,2.0,0.0,0.0,0.0,0.0,1.0,2.0,0.5508582,-0.74470717,1.0
3643,0.0,0.0,1.0,1.0,1.629261,1.0,2.0,1.0,2.0,2.0,2.0,2.0,2.0,2.0,2.0,1.0,2.0,1.6946545,2.7412696,0.0
3644,0.0,0.0,1.0,0.0,1.4657573,1.0,2.0,1.0,2.0,2.0,2.0,2.0,2.0,2.0,2.0,0.0,0.0,1.6746172,2.4826407,0.0
3645,0.0,0.0,1.0,1.0,1.0978737,1.0,2.0,1.0,0.0,2.0,0.0,2.0,0.0,2.0,0.0,1.0,0.0,1.0651491,1.4764291,0.0
3646,1.0,0.0,0.0,0.0,0.3212305,1.0,0.0,1.0,0.0,2.0,0.0,2.0,0.0,2.0,1.0,1.0,1.0,0.8297107,0.54585844,0.0
3647,0.0,0.0,1.0,1.0,-1.2729317,1.0,0.0,2.0,1.0,1.0,1.0,1.0,1.0,1.0,0.0,0.0,2.0,-1.4946169,-0.9963768,0.0
3648,1.0,1.0,0.0,0.0,-0.25103286,1.0,0.0,2.0,1.0,1.0,1.0,1.0,1.0,1.0,1.0,0.0,1.0,-1.5179937,-0.78106016,0.0
3649,0.0,0.0,1.0,1.0,1.629261,1.0,0.0,1.0,2.0,2.0,2.0,2.0,2.0,2.0,2.0,1.0,0.0,1.4658953,2.4305236,0.0
3650,0.0,0.0,1.0,1.0,-0.37366074,1.0,0.0,1.0,0.0,2.0,2.0,2.0,0.0,0.0,0.0,0.0,2.0,0.6360168,-0.16025731,1.0
3651,1.0,0.0,1.0,1.0,1.5066332,1.0,2.0,1.0,0.0,0.0,2.0,0.0,0.0,0.0,2.0,1.0,1.0,0.48239744,1.4052128,0.0
3652,1.0,0.0,1.0,1.0,-1.027676,0.0,1.0,0.0,2.0,0.0,0.0,2.0,0.0,0.0,0.0,1.0,2.0,-1.0103819,-0.88109213,1.0
3653,0.0,1.0,0.0,0.0,-1.027676,1.0,0.0,1.0,0.0,0.0,0.0,0.0,2.0,2.0,0.0,1.0,2.0,0.8146828,-0.74986553,0.0
3654,1.0,0.0,0.0,1.0,-0.046653092,1.0,2.0,0.0,0.0,2.0,0.0,2.0,2.0,2.0,1.0,1.0,3.0,0.4907463,0.14544158,1.0
3655,0.0,0.0,1.0,1.0,-0.29190883,1.0,0.0,2.0,1.0,1.0,1.0,1.0,1.0,1.0,2.0,0.0,3.0,-1.4912773,-0.7891312,0.0
3656,1.0,0.0,0.0,1.0,1.2205015,1.0,0.0,0.0,2.0,2.0,0.0,0.0,0.0,0.0,1.0,0.0,0.0,-0.28736913,0.5457695,0.0
3657,1.0,0.0,0.0,0.0,1.4657573,1.0,2.0,0.0,2.0,2.0,2.0,0.0,0.0,2.0,1.0,0.0,1.0,0.4005784,1.3218787,0.0
3658,1.0,0.0,0.0,0.0,-1.1911799,0.0,1.0,0.0,0.0,0.0,0.0,0.0,0.0,0.0,0.0,0.0,2.0,-1.3242998,-0.9697846,0.0
3659,1.0,0.0,1.0,0.0,0.15772669,1.0,0.0,2.0,1.0,1.0,1.0,1.0,1.0,1.0,1.0,0.0,3.0,-1.4946169,-0.7087766,0.0
3660,1.0,1.0,1.0,0.0,0.6482381,1.0,2.0,1.0,0.0,0.0,2.0,0.0,0.0,2.0,0.0,1.0,1.0,0.87813425,0.9383376,0.0
3661,0.0,0.0,0.0,0.0,-0.5780405,0.0,1.0,0.0,2.0,2.0,0.0,2.0,0.0,0.0,1.0,1.0,3.0,-0.82002753,-0.68867683,0.0
3662,1.0,1.0,1.0,0.0,1.5883851,1.0,2.0,1.0,2.0,2.0,2.0,2.0,2.0,2.0,2.0,1.0,0.0,1.6796265,2.5595934,0.0
3663,0.0,1.0,0.0,0.0,-1.2729317,1.0,2.0,1.0,0.0,0.0,0.0,0.0,0.0,0.0,0.0,1.0,2.0,0.31541985,-0.97227484,1.0
3664,1.0,0.0,1.0,0.0,0.9752458,1.0,2.0,1.0,2.0,2.0,2.0,0.0,0.0,0.0,1.0,1.0,2.0,0.94826484,1.3310837,0.0
3665,0.0,0.0,1.0,1.0,-0.7824203,1.0,0.0,2.0,1.0,1.0,1.0,1.0,1.0,1.0,2.0,1.0,0.0,-1.5029657,-0.89556664,0.0
3666,1.0,0.0,1.0,1.0,-0.08752905,1.0,2.0,0.0,2.0,0.0,0.0,0.0,0.0,0.0,0.0,1.0,0.0,-0.34414148,-0.298799,0.0
3667,0.0,0.0,0.0,0.0,1.2613775,1.0,2.0,0.0,2.0,2.0,2.0,2.0,0.0,2.0,2.0,1.0,1.0,0.5191325,1.216088,0.0
3668,0.0,0.0,1.0,1.0,-0.08752905,1.0,0.0,0.0,0.0,2.0,2.0,2.0,2.0,2.0,2.0,0.0,0.0,0.53583026,0.048322316,0.0
3669,0.0,0.0,0.0,0.0,-0.7824203,1.0,0.0,1.0,0.0,0.0,0.0,0.0,0.0,0.0,0.0,1.0,3.0,0.18016805,-0.61096805,0.0
3670,0.0,0.0,1.0,1.0,-1.027676,0.0,1.0,0.0,2.0,0.0,0.0,2.0,0.0,0.0,0.0,0.0,3.0,-1.0053726,-0.8956111,0.0
3671,0.0,0.0,0.0,0.0,0.15772669,1.0,0.0,2.0,1.0,1.0,1.0,1.0,1.0,1.0,1.0,1.0,0.0,-1.5196635,-0.7029734,0.0
3672,0.0,0.0,0.0,1.0,-0.5780405,0.0,1.0,0.0,0.0,0.0,0.0,0.0,0.0,2.0,0.0,1.0,2.0,-0.9936842,-0.75935954,1.0
3673,0.0,0.0,1.0,0.0,-0.128405,1.0,0.0,2.0,1.0,1.0,1.0,1.0,1.0,1.0,2.0,1.0,3.0,-1.5096449,-0.7732337,0.0
3674,1.0,0.0,1.0,0.0,-0.82329625,1.0,0.0,1.0,2.0,2.0,2.0,0.0,0.0,0.0,0.0,1.0,2.0,0.6627332,-0.5784171,0.0
3675,1.0,0.0,0.0,0.0,-0.5780405,1.0,0.0,2.0,1.0,1.0,1.0,1.0,1.0,1.0,1.0,0.0,3.0,-1.4912773,-0.8265737,0.0
3676,1.0,0.0,0.0,0.0,0.48473433,1.0,0.0,1.0,0.0,0.0,2.0,2.0,2.0,2.0,2.0,0.0,0.0,1.1803637,0.94171727,0.0
3677,1.0,0.0,1.0,1.0,-0.005777135,1.0,0.0,2.0,1.0,1.0,1.0,1.0,1.0,1.0,0.0,1.0,1.0,-1.5129844,-0.705308,0.0
3678,1.0,0.0,1.0,1.0,0.52561027,1.0,0.0,0.0,2.0,2.0,2.0,2.0,2.0,2.0,2.0,1.0,3.0,0.6543843,0.71034753,0.0
3679,0.0,0.0,1.0,1.0,0.72999007,1.0,2.0,1.0,0.0,0.0,0.0,0.0,2.0,0.0,0.0,1.0,0.0,0.6560541,0.82512075,1.0
3680,0.0,0.0,0.0,1.0,-1.2320558,1.0,0.0,0.0,2.0,0.0,0.0,0.0,0.0,2.0,0.0,1.0,1.0,-0.11872178,-0.9492624,0.0
3681,0.0,0.0,0.0,0.0,-0.128405,1.0,2.0,1.0,0.0,0.0,0.0,0.0,0.0,0.0,0.0,1.0,1.0,0.3755318,-0.02018145,0.0
3682,0.0,0.0,0.0,0.0,0.2394786,1.0,2.0,2.0,1.0,1.0,1.0,1.0,1.0,1.0,1.0,1.0,2.0,-1.3526859,-0.5986503,0.0
3683,1.0,1.0,1.0,0.0,-0.7824203,1.0,0.0,1.0,0.0,0.0,0.0,0.0,0.0,0.0,0.0,0.0,0.0,0.1901867,-0.6276882,0.0
3684,1.0,0.0,0.0,0.0,-1.2320558,1.0,2.0,0.0,0.0,2.0,0.0,0.0,0.0,0.0,0.0,1.0,3.0,-0.34581128,-0.9545319,1.0
3685,0.0,0.0,1.0,1.0,0.81174195,1.0,0.0,2.0,1.0,1.0,1.0,1.0,1.0,1.0,1.0,1.0,2.0,-1.4812586,-0.5202745,0.0
3686,1.0,0.0,0.0,0.0,1.3840053,1.0,0.0,1.0,0.0,2.0,2.0,0.0,2.0,2.0,0.0,0.0,2.0,1.1603264,1.97879,1.0
3687,0.0,0.0,0.0,1.0,0.6482381,1.0,0.0,2.0,1.0,1.0,1.0,1.0,1.0,1.0,1.0,0.0,3.0,-1.4962866,-0.5887338,0.0
3688,0.0,0.0,0.0,0.0,-0.9459241,1.0,0.0,2.0,1.0,1.0,1.0,1.0,1.0,1.0,0.0,1.0,1.0,-1.4795889,-0.93965715,0.0
3689,1.0,0.0,1.0,0.0,-0.8641722,1.0,2.0,1.0,0.0,2.0,0.0,0.0,0.0,0.0,0.0,1.0,0.0,0.5258116,-0.60643226,1.0
3690,1.0,0.0,1.0,1.0,-0.25103286,1.0,0.0,2.0,1.0,1.0,1.0,1.0,1.0,1.0,2.0,1.0,1.0,-1.5230031,-0.7759241,0.0
3691,0.0,0.0,1.0,1.0,-0.33278477,1.0,0.0,0.0,2.0,0.0,0.0,2.0,0.0,0.0,0.0,0.0,2.0,-0.32076463,-0.41835263,0.0
3692,1.0,0.0,1.0,0.0,1.3840053,1.0,2.0,1.0,0.0,2.0,2.0,0.0,2.0,2.0,0.0,1.0,1.0,1.3440017,2.1667807,1.0
3693,0.0,0.0,1.0,0.0,-0.4962886,1.0,0.0,1.0,0.0,0.0,2.0,2.0,0.0,0.0,0.0,1.0,3.0,0.5425093,-0.25655392,0.0
3694,0.0,0.0,1.0,0.0,-0.8641722,1.0,2.0,1.0,0.0,2.0,0.0,0.0,2.0,2.0,0.0,1.0,2.0,1.2438151,-0.49595022,1.0
3695,0.0,1.0,0.0,0.0,0.52561027,0.0,1.0,0.0,0.0,0.0,0.0,0.0,0.0,2.0,1.0,0.0,2.0,-1.0204006,-0.295286,0.0
3696,1.0,0.0,0.0,0.0,-0.9459241,1.0,0.0,0.0,2.0,0.0,2.0,2.0,2.0,0.0,0.0,1.0,3.0,0.15846096,-0.71477985,0.0
3697,0.0,0.0,1.0,0.0,0.19860265,1.0,2.0,1.0,0.0,0.0,2.0,0.0,0.0,0.0,0.0,1.0,1.0,0.47404855,0.25748003,1.0
3698,1.0,0.0,0.0,1.0,-0.005777135,1.0,2.0,0.0,0.0,2.0,2.0,2.0,2.0,2.0,1.0,0.0,1.0,0.6326772,0.16571923,0.0
3699,0.0,0.0,0.0,0.0,-1.027676,1.0,0.0,1.0,0.0,0.0,0.0,0.0,2.0,0.0,0.0,1.0,2.0,0.47571832,-0.7727223,1.0
3700,0.0,1.0,0.0,0.0,-0.29190883,1.0,2.0,1.0,2.0,2.0,0.0,0.0,2.0,2.0,0.0,1.0,3.0,1.2705315,0.17768127,1.0
3701,0.0,0.0,0.0,0.0,0.19860265,0.0,1.0,0.0,0.0,0.0,2.0,0.0,0.0,2.0,0.0,1.0,1.0,-0.82002753,-0.34764767,0.0
3702,1.0,0.0,0.0,0.0,-1.2729317,1.0,0.0,2.0,1.0,1.0,1.0,1.0,1.0,1.0,0.0,0.0,3.0,-1.4845982,-0.99624336,0.0
3703,0.0,0.0,1.0,0.0,1.5883851,1.0,2.0,2.0,1.0,1.0,1.0,1.0,1.0,1.0,2.0,1.0,1.0,-1.3476766,-0.23801053,0.0
3704,0.0,1.0,0.0,0.0,-1.027676,1.0,0.0,0.0,0.0,2.0,0.0,0.0,0.0,0.0,0.0,1.0,3.0,-0.44933736,-0.81879175,0.0
3705,1.0,0.0,1.0,1.0,1.5475092,1.0,2.0,1.0,2.0,2.0,0.0,0.0,2.0,0.0,0.0,1.0,1.0,1.0952051,1.9603578,0.0
3706,0.0,0.0,1.0,0.0,0.6891141,1.0,2.0,1.0,2.0,0.0,0.0,0.0,2.0,2.0,0.0,1.0,3.0,1.2054102,1.1502746,0.0
3707,1.0,1.0,1.0,0.0,1.5883851,1.0,0.0,0.0,2.0,2.0,0.0,2.0,2.0,0.0,1.0,1.0,0.0,0.20855422,1.2235365,0.0
3708,1.0,0.0,0.0,0.0,0.52561027,1.0,2.0,1.0,0.0,2.0,0.0,0.0,2.0,2.0,0.0,1.0,1.0,1.2054102,1.1025376,1.0
3709,0.0,0.0,1.0,1.0,-0.08752905,1.0,0.0,2.0,1.0,1.0,1.0,1.0,1.0,1.0,2.0,0.0,3.0,-1.5046356,-0.73879284,0.0
3710,1.0,0.0,0.0,0.0,-0.82329625,1.0,2.0,2.0,1.0,1.0,1.0,1.0,1.0,1.0,0.0,0.0,2.0,-1.3276393,-0.86466104,0.0
3711,0.0,0.0,1.0,1.0,-0.53716457,1.0,2.0,2.0,1.0,1.0,1.0,1.0,1.0,1.0,2.0,1.0,0.0,-1.3309789,-0.7972912,0.0
3712,0.0,0.0,1.0,0.0,-0.45541266,1.0,2.0,1.0,2.0,0.0,2.0,0.0,2.0,2.0,0.0,1.0,0.0,1.3239644,-0.026851729,1.0
3713,1.0,0.0,1.0,1.0,1.0161217,1.0,0.0,0.0,2.0,2.0,0.0,2.0,0.0,0.0,1.0,0.0,3.0,-0.1721546,0.555308,0.0
3714,1.0,0.0,1.0,0.0,-0.82329625,1.0,0.0,2.0,1.0,1.0,1.0,1.0,1.0,1.0,1.0,0.0,0.0,-1.5012959,-0.9153329,0.0
3715,1.0,0.0,0.0,1.0,0.116850734,1.0,0.0,0.0,0.0,0.0,0.0,2.0,2.0,2.0,1.0,1.0,3.0,0.2452893,0.104285955,0.0
3716,1.0,0.0,0.0,0.0,1.629261,1.0,2.0,1.0,0.0,2.0,2.0,0.0,2.0,2.0,2.0,1.0,0.0,1.20708,2.311659,0.0
3717,0.0,0.0,0.0,0.0,-0.7006684,1.0,2.0,2.0,1.0,1.0,1.0,1.0,1.0,1.0,0.0,1.0,1.0,-1.3142811,-0.82757425,1.0
3718,1.0,1.0,1.0,0.0,-0.8641722,1.0,0.0,1.0,0.0,0.0,0.0,0.0,0.0,0.0,0.0,1.0,2.0,0.18183781,-0.6340917,0.0
3719,0.0,0.0,1.0,0.0,-0.41453668,1.0,0.0,1.0,0.0,0.0,0.0,0.0,0.0,0.0,0.0,1.0,2.0,0.15011208,-0.31422958,1.0
3720,1.0,0.0,1.0,1.0,-1.2320558,1.0,0.0,1.0,0.0,0.0,0.0,0.0,2.0,2.0,0.0,1.0,0.0,0.82804096,-0.9227591,1.0
3721,0.0,0.0,1.0,1.0,-0.33278477,1.0,2.0,0.0,2.0,2.0,0.0,0.0,2.0,2.0,1.0,0.0,2.0,0.45568103,-0.19042921,0.0
3722,0.0,0.0,1.0,0.0,-0.4962886,1.0,0.0,1.0,0.0,0.0,0.0,0.0,0.0,0.0,0.0,1.0,0.0,0.16847962,-0.32029954,0.0
3723,1.0,0.0,1.0,1.0,1.1387496,1.0,0.0,0.0,2.0,2.0,2.0,0.0,0.0,0.0,2.0,0.0,0.0,-0.14209865,0.637597,0.0
3724,1.0,0.0,1.0,1.0,-1.068552,1.0,0.0,2.0,1.0,1.0,1.0,1.0,1.0,1.0,0.0,0.0,1.0,-1.4996262,-0.94352597,0.0
3725,1.0,0.0,1.0,0.0,1.4248813,1.0,0.0,1.0,2.0,2.0,0.0,0.0,2.0,2.0,1.0,1.0,1.0,1.20708,1.9888622,0.0
3726,1.0,0.0,0.0,1.0,-0.29190883,1.0,0.0,2.0,1.0,1.0,1.0,1.0,1.0,1.0,0.0,0.0,3.0,-1.4679005,-0.80062634,0.0
3727,1.0,0.0,1.0,1.0,1.2205015,1.0,0.0,2.0,1.0,1.0,1.0,1.0,1.0,1.0,2.0,0.0,0.0,-1.4795889,-0.42835805,0.0
3728,0.0,0.0,1.0,1.0,-1.1503038,1.0,0.0,0.0,0.0,2.0,0.0,2.0,0.0,0.0,0.0,0.0,3.0,-0.2756807,-0.900725,1.0
3729,1.0,0.0,1.0,1.0,-0.90504813,1.0,0.0,0.0,0.0,0.0,2.0,0.0,2.0,0.0,0.0,0.0,3.0,-0.1521173,-0.75469035,0.0
3730,1.0,0.0,0.0,1.0,-0.21015692,1.0,2.0,2.0,1.0,1.0,1.0,1.0,1.0,1.0,2.0,1.0,1.0,-1.2992531,-0.6546139,0.0
3731,0.0,0.0,1.0,1.0,1.5475092,1.0,0.0,2.0,1.0,1.0,1.0,1.0,1.0,1.0,2.0,1.0,3.0,-1.5213332,-0.38208854,0.0
3732,0.0,0.0,0.0,1.0,0.56648624,1.0,0.0,1.0,0.0,2.0,2.0,0.0,2.0,2.0,0.0,1.0,2.0,1.170345,0.9474537,0.0
3733,1.0,0.0,0.0,0.0,0.15772669,1.0,0.0,0.0,2.0,0.0,2.0,2.0,2.0,2.0,0.0,1.0,1.0,0.48239744,0.26428372,0.0
3734,1.0,0.0,1.0,0.0,-0.7006684,1.0,2.0,1.0,0.0,0.0,2.0,0.0,2.0,2.0,0.0,1.0,2.0,1.2137592,-0.3364416,1.0
3735,0.0,0.0,0.0,0.0,1.1387496,1.0,0.0,1.0,0.0,2.0,2.0,0.0,2.0,2.0,2.0,1.0,2.0,1.1653357,1.636627,0.0
3736,0.0,0.0,1.0,1.0,1.5883851,1.0,2.0,1.0,2.0,2.0,2.0,0.0,2.0,0.0,2.0,0.0,0.0,1.1937218,2.121156,0.0
3737,0.0,0.0,0.0,0.0,-0.7006684,1.0,0.0,1.0,2.0,0.0,0.0,0.0,2.0,0.0,0.0,0.0,2.0,0.716166,-0.44043127,1.0
3738,0.0,0.0,1.0,0.0,1.3431294,1.0,0.0,0.0,2.0,0.0,2.0,2.0,0.0,0.0,2.0,0.0,1.0,-0.19553146,0.70992506,0.0
3739,0.0,0.0,1.0,0.0,0.4029824,1.0,0.0,2.0,1.0,1.0,1.0,1.0,1.0,1.0,0.0,0.0,1.0,-1.4829284,-0.6184388,0.0
3740,1.0,1.0,1.0,0.0,1.1796255,1.0,2.0,1.0,0.0,2.0,0.0,0.0,0.0,0.0,0.0,1.0,2.0,0.5809142,1.1758441,0.0
3741,1.0,0.0,1.0,1.0,1.629261,1.0,2.0,1.0,2.0,2.0,2.0,2.0,0.0,2.0,2.0,0.0,1.0,1.3089364,2.33774,0.0
3742,0.0,0.0,1.0,1.0,-0.7824203,1.0,2.0,2.0,1.0,1.0,1.0,1.0,1.0,1.0,2.0,1.0,0.0,-1.3276393,-0.85741264,0.0
3743,1.0,0.0,1.0,0.0,1.4657573,1.0,2.0,1.0,2.0,2.0,0.0,2.0,2.0,2.0,0.0,1.0,2.0,1.4341695,2.2502258,0.0
3744,0.0,0.0,1.0,0.0,1.1387496,0.0,1.0,0.0,2.0,2.0,2.0,0.0,0.0,2.0,1.0,0.0,2.0,-0.49108174,0.28943068,0.0
3745,0.0,0.0,1.0,1.0,-0.90504813,1.0,0.0,1.0,0.0,0.0,0.0,0.0,2.0,2.0,0.0,1.0,2.0,0.80466413,-0.59195775,0.0
3746,0.0,0.0,1.0,1.0,1.3431294,1.0,2.0,1.0,2.0,0.0,2.0,2.0,2.0,2.0,2.0,0.0,2.0,1.4876024,2.2576299,0.0
3747,0.0,0.0,1.0,0.0,0.56648624,1.0,2.0,0.0,2.0,0.0,0.0,0.0,0.0,0.0,0.0,0.0,2.0,-0.38922542,0.08856633,0.0
3748,0.0,0.0,1.0,1.0,-0.90504813,1.0,2.0,1.0,0.0,0.0,0.0,0.0,0.0,2.0,0.0,0.0,2.0,0.70781714,-0.6234637,0.0
3749,1.0,0.0,1.0,0.0,-0.7415443,1.0,2.0,1.0,0.0,0.0,0.0,0.0,2.0,0.0,0.0,1.0,2.0,0.71282643,-0.4558396,1.0
3750,0.0,0.0,1.0,0.0,-0.90504813,1.0,0.0,2.0,1.0,1.0,1.0,1.0,1.0,1.0,1.0,0.0,3.0,-1.4912773,-0.9232705,0.0
3751,0.0,1.0,1.0,0.0,-0.5780405,0.0,1.0,0.0,0.0,0.0,2.0,0.0,2.0,2.0,0.0,1.0,2.0,-0.5478541,-0.6447641,1.0
3752,1.0,0.0,0.0,0.0,-0.6597924,1.0,0.0,2.0,1.0,1.0,1.0,1.0,1.0,1.0,2.0,0.0,1.0,-1.5296822,-0.8599473,0.0
3753,1.0,0.0,1.0,0.0,0.77086604,1.0,2.0,1.0,0.0,2.0,2.0,0.0,2.0,2.0,1.0,1.0,0.0,1.4041135,1.4399649,0.0
3754,0.0,0.0,1.0,1.0,-0.61891645,1.0,0.0,0.0,2.0,0.0,0.0,2.0,0.0,0.0,0.0,1.0,1.0,-0.31408554,-0.5959377,0.0
3755,1.0,1.0,0.0,0.0,-0.45541266,1.0,0.0,1.0,0.0,0.0,2.0,0.0,2.0,2.0,0.0,1.0,0.0,1.0701585,-0.10242599,1.0
3756,0.0,0.0,0.0,0.0,0.56648624,1.0,2.0,0.0,2.0,0.0,2.0,0.0,2.0,2.0,2.0,0.0,3.0,0.48239744,0.5928394,0.0
3757,0.0,0.0,1.0,1.0,1.629261,1.0,2.0,1.0,2.0,2.0,0.0,0.0,2.0,0.0,2.0,1.0,0.0,1.0401025,2.0871375,0.0
3758,1.0,0.0,0.0,1.0,-1.1911799,1.0,0.0,1.0,0.0,0.0,0.0,0.0,0.0,0.0,0.0,0.0,2.0,0.16347028,-0.90739524,1.0
3759,1.0,0.0,0.0,0.0,-1.2729317,1.0,0.0,0.0,0.0,0.0,0.0,0.0,0.0,0.0,0.0,0.0,2.0,-0.6931246,-0.98570436,0.0
3760,0.0,1.0,0.0,0.0,0.8934939,1.0,2.0,0.0,2.0,2.0,0.0,2.0,2.0,2.0,1.0,0.0,0.0,0.59093285,0.9291549,1.0
3761,0.0,0.0,0.0,0.0,-1.2729317,1.0,0.0,2.0,1.0,1.0,1.0,1.0,1.0,1.0,0.0,0.0,3.0,-1.4979564,-0.9964213,1.0
3762,1.0,0.0,0.0,0.0,-0.8641722,1.0,0.0,2.0,1.0,1.0,1.0,1.0,1.0,1.0,0.0,0.0,3.0,-1.4829284,-0.909552,0.0
3763,1.0,0.0,0.0,1.0,-0.7824203,1.0,0.0,0.0,2.0,0.0,0.0,0.0,0.0,0.0,0.0,1.0,1.0,-0.42262095,-0.70704234,0.0
3764,1.0,0.0,0.0,0.0,-1.2729317,1.0,0.0,2.0,1.0,1.0,1.0,1.0,1.0,1.0,0.0,0.0,3.0,-1.5146542,-0.9966436,1.0
3765,0.0,0.0,0.0,0.0,-0.7824203,1.0,0.0,1.0,0.0,2.0,2.0,0.0,0.0,0.0,0.0,1.0,2.0,0.5475187,-0.5817967,1.0
3766,0.0,0.0,0.0,0.0,-0.005777135,1.0,0.0,2.0,1.0,1.0,1.0,1.0,1.0,1.0,1.0,0.0,0.0,-1.5029657,-0.7277202,0.0
3767,0.0,0.0,0.0,0.0,-1.1911799,1.0,2.0,0.0,0.0,0.0,0.0,2.0,2.0,0.0,0.0,0.0,2.0,-0.0051770466,-0.9278063,0.0
3768,1.0,0.0,1.0,1.0,-0.128405,1.0,0.0,1.0,0.0,0.0,0.0,0.0,0.0,0.0,0.0,1.0,2.0,0.20020536,-0.12710603,1.0
3769,0.0,1.0,0.0,0.0,-1.2729317,1.0,0.0,1.0,0.0,0.0,0.0,0.0,0.0,0.0,0.0,1.0,3.0,0.19519602,-0.9738757,0.0
3770,1.0,0.0,0.0,0.0,-1.2729317,1.0,0.0,1.0,0.0,0.0,0.0,0.0,0.0,0.0,0.0,1.0,2.0,0.18517737,-0.9740091,1.0
3771,1.0,0.0,0.0,0.0,-1.2729317,1.0,0.0,0.0,0.0,0.0,0.0,0.0,0.0,0.0,0.0,1.0,0.0,-0.65638953,-0.9852152,1.0
3772,0.0,0.0,0.0,1.0,0.36210647,1.0,2.0,1.0,0.0,2.0,0.0,0.0,2.0,0.0,0.0,1.0,0.0,0.79297566,0.61562955,0.0
3773,0.0,0.0,0.0,0.0,1.629261,1.0,0.0,1.0,2.0,2.0,2.0,2.0,2.0,2.0,2.0,1.0,2.0,1.5076396,2.385099,0.0
3774,0.0,0.0,1.0,1.0,1.629261,1.0,0.0,1.0,2.0,2.0,2.0,2.0,2.0,2.0,2.0,1.0,1.0,1.4942814,2.4876878,0.0
3775,0.0,0.0,1.0,1.0,1.629261,1.0,0.0,2.0,1.0,1.0,1.0,1.0,1.0,1.0,2.0,0.0,0.0,-1.5096449,-0.35449582,0.0
3776,0.0,0.0,0.0,0.0,1.1796255,1.0,2.0,1.0,2.0,2.0,2.0,2.0,2.0,2.0,1.0,1.0,3.0,1.6812963,2.1047027,0.0
3777,1.0,0.0,1.0,0.0,-0.7415443,1.0,2.0,0.0,0.0,0.0,0.0,2.0,2.0,0.0,0.0,1.0,1.0,0.061613977,-0.56970125,0.0
3778,1.0,0.0,0.0,1.0,-0.7415443,1.0,0.0,2.0,1.0,1.0,1.0,1.0,1.0,1.0,0.0,0.0,3.0,-1.4962866,-0.88591695,0.0
3779,0.0,0.0,1.0,1.0,-1.2729317,1.0,0.0,2.0,1.0,1.0,1.0,1.0,1.0,1.0,0.0,0.0,2.0,-1.5129844,-0.9966214,0.0
3780,1.0,0.0,0.0,0.0,-1.1094279,1.0,0.0,2.0,1.0,1.0,1.0,1.0,1.0,1.0,0.0,0.0,3.0,-1.4595516,-0.9546431,1.0
3781,1.0,1.0,1.0,0.0,-1.027676,1.0,2.0,1.0,0.0,0.0,0.0,0.0,0.0,0.0,0.0,1.0,2.0,0.33712694,-0.78948694,0.0
3782,0.0,0.0,0.0,0.0,1.1387496,1.0,2.0,0.0,0.0,0.0,2.0,2.0,2.0,2.0,1.0,0.0,1.0,0.5274814,1.1501412,0.0
3783,1.0,0.0,0.0,0.0,0.07597478,1.0,2.0,2.0,1.0,1.0,1.0,1.0,1.0,1.0,2.0,0.0,0.0,-1.2909043,-0.5693233,0.0
3784,1.0,0.0,0.0,0.0,-1.2729317,1.0,0.0,0.0,0.0,0.0,0.0,0.0,0.0,0.0,0.0,1.0,3.0,-0.6613988,-0.9852819,0.0
3785,1.0,0.0,1.0,1.0,-0.9868001,1.0,0.0,2.0,1.0,1.0,1.0,1.0,1.0,1.0,0.0,1.0,3.0,-1.5163239,-0.93741155,0.0
3786,0.0,1.0,1.0,1.0,0.07597478,1.0,2.0,1.0,0.0,2.0,0.0,0.0,0.0,0.0,0.0,1.0,3.0,0.49575564,0.20351747,1.0
3787,0.0,0.0,0.0,0.0,0.36210647,1.0,0.0,2.0,1.0,1.0,1.0,1.0,1.0,1.0,0.0,0.0,2.0,-1.4795889,-0.6603726,0.0
3788,1.0,0.0,0.0,0.0,-1.027676,1.0,0.0,1.0,0.0,0.0,2.0,0.0,0.0,0.0,0.0,0.0,3.0,0.33044785,-0.76311713,1.0
3789,1.0,0.0,1.0,1.0,1.629261,1.0,2.0,0.0,2.0,0.0,2.0,2.0,2.0,2.0,2.0,1.0,1.0,0.6276679,1.7043302,0.0
3790,0.0,0.0,1.0,1.0,-1.1094279,0.0,1.0,0.0,0.0,2.0,0.0,0.0,0.0,0.0,0.0,1.0,2.0,-1.143964,-0.9309191,0.0
3791,1.0,0.0,1.0,1.0,1.5475092,1.0,2.0,2.0,1.0,1.0,1.0,1.0,1.0,1.0,2.0,0.0,1.0,-1.3226299,-0.20921716,0.0
3792,1.0,0.0,1.0,1.0,0.6891141,1.0,2.0,1.0,0.0,0.0,0.0,0.0,2.0,0.0,0.0,0.0,2.0,0.6593936,0.8867986,1.0
3793,1.0,0.0,0.0,0.0,-1.1503038,1.0,2.0,1.0,0.0,2.0,0.0,0.0,0.0,2.0,0.0,1.0,2.0,0.8447387,-0.8415818,1.0
3794,0.0,0.0,1.0,1.0,-0.4962886,1.0,2.0,2.0,1.0,1.0,1.0,1.0,1.0,1.0,0.0,1.0,0.0,-1.3092718,-0.77963716,0.0
3795,0.0,0.0,1.0,1.0,1.629261,1.0,2.0,1.0,2.0,2.0,0.0,2.0,0.0,0.0,2.0,1.0,0.0,0.85475737,1.9133768,0.0
3796,1.0,0.0,0.0,0.0,1.5066332,1.0,2.0,1.0,0.0,2.0,0.0,2.0,2.0,2.0,1.0,1.0,0.0,1.3506807,2.2791972,0.0
3797,1.0,0.0,0.0,0.0,0.28035456,0.0,1.0,0.0,2.0,2.0,0.0,2.0,2.0,0.0,0.0,1.0,1.0,-0.52781683,-0.1688842,1.0
3798,0.0,0.0,0.0,0.0,-1.2729317,1.0,0.0,2.0,1.0,1.0,1.0,1.0,1.0,1.0,0.0,1.0,3.0,-1.486268,-0.9962656,1.0
3799,0.0,0.0,1.0,1.0,0.116850734,0.0,1.0,0.0,0.0,0.0,0.0,2.0,2.0,0.0,1.0,0.0,3.0,-0.79665065,-0.39000395,0.0
3800,0.0,0.0,1.0,1.0,1.5475092,1.0,0.0,0.0,0.0,2.0,2.0,2.0,2.0,2.0,2.0,1.0,0.0,0.522472,1.5373732,0.0
3801,1.0,0.0,1.0,0.0,1.5475092,1.0,2.0,1.0,2.0,2.0,0.0,2.0,0.0,0.0,2.0,1.0,1.0,0.7762779,1.6568156,0.0
3802,0.0,0.0,0.0,1.0,-0.7824203,1.0,0.0,0.0,0.0,0.0,2.0,2.0,0.0,0.0,0.0,0.0,3.0,-0.377537,-0.685942,0.0
3803,1.0,0.0,0.0,0.0,1.0978737,1.0,2.0,1.0,0.0,2.0,2.0,2.0,2.0,2.0,0.0,1.0,2.0,1.5560632,1.8939663,0.0
3804,0.0,0.0,0.0,0.0,-0.82329625,1.0,0.0,0.0,0.0,0.0,0.0,0.0,0.0,0.0,0.0,1.0,2.0,-0.6580593,-0.7726556,0.0
3805,1.0,0.0,0.0,0.0,-0.5780405,0.0,1.0,0.0,0.0,0.0,0.0,0.0,0.0,0.0,0.0,0.0,3.0,-1.3226299,-0.79324454,0.0
3806,0.0,0.0,1.0,1.0,-0.6597924,1.0,0.0,1.0,2.0,0.0,2.0,0.0,2.0,2.0,0.0,0.0,0.0,1.200401,-0.32814825,0.0
3807,1.0,0.0,0.0,0.0,-0.37366074,1.0,2.0,1.0,0.0,0.0,2.0,0.0,0.0,0.0,0.0,1.0,2.0,0.5425093,-0.15276437,1.0
3808,1.0,0.0,1.0,0.0,-0.7415443,1.0,0.0,0.0,0.0,0.0,0.0,2.0,0.0,0.0,0.0,0.0,0.0,-0.5328261,-0.7098216,0.0
3809,0.0,1.0,1.0,1.0,-0.33278477,1.0,0.0,1.0,0.0,0.0,2.0,0.0,2.0,2.0,2.0,1.0,2.0,1.0618095,0.00125238,0.0
3810,1.0,0.0,0.0,0.0,-1.1911799,1.0,0.0,1.0,0.0,2.0,2.0,2.0,2.0,2.0,0.0,1.0,2.0,1.4425184,-0.86359376,0.0
3811,0.0,0.0,0.0,0.0,-1.2320558,1.0,2.0,1.0,0.0,0.0,0.0,0.0,0.0,2.0,0.0,1.0,2.0,0.69946826,-0.92976296,1.0
3812,1.0,0.0,1.0,0.0,1.3840053,0.0,1.0,0.0,2.0,2.0,2.0,2.0,2.0,0.0,2.0,1.0,0.0,-0.27234113,0.67973095,0.0
3813,0.0,1.0,0.0,0.0,1.3022535,1.0,2.0,1.0,2.0,0.0,2.0,2.0,2.0,2.0,0.0,1.0,0.0,1.4759139,2.1570199,0.0
3814,0.0,0.0,0.0,0.0,0.77086604,1.0,2.0,2.0,1.0,1.0,1.0,1.0,1.0,1.0,2.0,0.0,0.0,-1.3293091,-0.43251586,0.0
3815,0.0,0.0,0.0,0.0,1.4248813,0.0,1.0,0.0,0.0,0.0,2.0,2.0,2.0,2.0,0.0,1.0,1.0,-0.37920678,0.5863248,0.0
3816,1.0,0.0,1.0,1.0,1.629261,1.0,2.0,0.0,2.0,0.0,0.0,0.0,0.0,0.0,2.0,0.0,0.0,-0.3157553,0.7661778,0.0
3817,1.0,0.0,0.0,0.0,1.5883851,1.0,0.0,2.0,1.0,1.0,1.0,1.0,1.0,1.0,2.0,1.0,1.0,-1.4979564,-0.40267748,0.0
3818,1.0,0.0,0.0,0.0,0.72999007,1.0,2.0,2.0,1.0,1.0,1.0,1.0,1.0,1.0,2.0,0.0,0.0,-1.3309789,-0.47376043,0.0
3819,0.0,0.0,1.0,1.0,-0.7824203,1.0,0.0,0.0,2.0,0.0,2.0,0.0,0.0,2.0,0.0,1.0,3.0,-0.05360054,-0.6420516,0.0
3820,0.0,0.0,0.0,0.0,-1.2320558,1.0,0.0,0.0,0.0,0.0,0.0,0.0,0.0,0.0,0.0,1.0,3.0,-0.6313429,-0.95831174,0.0
3821,0.0,0.0,1.0,1.0,-1.1503038,1.0,0.0,2.0,1.0,1.0,1.0,1.0,1.0,1.0,0.0,1.0,2.0,-1.4962866,-0.9684061,0.0
3822,0.0,0.0,1.0,1.0,0.36210647,1.0,0.0,2.0,1.0,1.0,1.0,1.0,1.0,1.0,2.0,0.0,0.0,-1.5179937,-0.6617956,0.0
3823,0.0,0.0,0.0,0.0,-0.90504813,0.0,1.0,0.0,2.0,2.0,2.0,0.0,0.0,0.0,0.0,0.0,0.0,-0.80332977,-0.8054734,0.0
3824,0.0,0.0,1.0,0.0,1.629261,1.0,2.0,1.0,2.0,0.0,2.0,0.0,2.0,2.0,2.0,1.0,2.0,1.3606994,2.349435,0.0
3825,1.0,0.0,1.0,0.0,1.4657573,1.0,0.0,1.0,0.0,2.0,0.0,2.0,2.0,2.0,1.0,1.0,2.0,1.1870427,1.9982895,0.0
3826,0.0,0.0,1.0,1.0,-1.068552,1.0,0.0,0.0,0.0,0.0,0.0,0.0,0.0,0.0,0.0,0.0,3.0,-0.6430313,-0.8784463,0.0
3827,1.0,0.0,0.0,0.0,-1.1094279,1.0,2.0,0.0,0.0,0.0,0.0,0.0,0.0,0.0,0.0,0.0,2.0,-0.5879287,-0.906039,1.0
3828,0.0,0.0,1.0,0.0,0.72999007,1.0,2.0,1.0,2.0,0.0,2.0,0.0,2.0,2.0,1.0,1.0,3.0,1.3239644,1.3217231,0.0
3829,1.0,0.0,1.0,0.0,-0.5780405,1.0,2.0,1.0,0.0,0.0,0.0,0.0,2.0,2.0,0.0,1.0,2.0,1.0016977,-0.25290748,0.0
3830,1.0,0.0,1.0,1.0,0.44385839,1.0,2.0,1.0,2.0,0.0,2.0,2.0,0.0,0.0,1.0,1.0,1.0,0.88481337,0.77960724,0.0
3831,1.0,0.0,0.0,1.0,1.3840053,1.0,0.0,2.0,1.0,1.0,1.0,1.0,1.0,1.0,2.0,0.0,1.0,-1.4962866,-0.4409204,0.0
3832,0.0,0.0,1.0,0.0,0.8526179,1.0,2.0,1.0,0.0,2.0,2.0,2.0,2.0,2.0,1.0,1.0,0.0,1.571091,1.5782398,0.0
3833,1.0,0.0,0.0,0.0,0.72999007,1.0,0.0,2.0,1.0,1.0,1.0,1.0,1.0,1.0,1.0,0.0,1.0,-1.4896076,-0.56545454,0.0
3834,0.0,0.0,0.0,0.0,-0.8641722,1.0,0.0,0.0,0.0,0.0,0.0,2.0,2.0,2.0,0.0,0.0,3.0,0.19185647,-0.636493,0.0
3835,1.0,0.0,0.0,1.0,-1.2729317,1.0,0.0,2.0,1.0,1.0,1.0,1.0,1.0,1.0,0.0,1.0,3.0,-1.4595516,-0.99590987,0.0
3836,0.0,0.0,1.0,0.0,0.9752458,1.0,0.0,1.0,0.0,0.0,2.0,2.0,2.0,2.0,0.0,1.0,2.0,1.1336099,1.5158726,0.0
3837,0.0,0.0,1.0,1.0,0.8934939,1.0,2.0,1.0,2.0,2.0,0.0,0.0,2.0,2.0,0.0,1.0,0.0,1.3139457,1.5053335,0.0
3838,1.0,1.0,0.0,0.0,-0.37366074,1.0,2.0,1.0,0.0,2.0,2.0,0.0,2.0,2.0,0.0,1.0,2.0,1.3907553,0.09910537,1.0
3839,1.0,0.0,0.0,0.0,-0.5780405,0.0,1.0,0.0,2.0,0.0,2.0,0.0,0.0,0.0,0.0,0.0,3.0,-1.0404379,-0.760538,0.0
3840,0.0,0.0,0.0,0.0,-1.1911799,1.0,0.0,2.0,1.0,1.0,1.0,1.0,1.0,1.0,0.0,1.0,3.0,-1.5079751,-0.9787005,1.0
3841,1.0,0.0,0.0,0.0,-0.90504813,1.0,2.0,1.0,0.0,2.0,0.0,0.0,0.0,0.0,0.0,0.0,2.0,0.5041045,-0.65074515,0.0
3842,1.0,0.0,0.0,0.0,-0.046653092,1.0,0.0,1.0,0.0,2.0,2.0,0.0,2.0,2.0,0.0,1.0,2.0,1.2237778,0.39266434,0.0
3843,0.0,0.0,0.0,0.0,-0.37366074,1.0,0.0,1.0,2.0,0.0,0.0,0.0,0.0,0.0,0.0,1.0,0.0,0.34213626,-0.21439774,0.0
3844,0.0,0.0,1.0,0.0,1.629261,1.0,2.0,1.0,0.0,2.0,2.0,2.0,2.0,2.0,2.0,1.0,2.0,1.5159885,2.551678,0.0
3845,1.0,0.0,1.0,1.0,-1.1503038,1.0,0.0,0.0,0.0,0.0,0.0,0.0,0.0,0.0,0.0,0.0,2.0,-0.6664082,-0.92982966,0.0
3846,1.0,0.0,1.0,0.0,0.77086604,1.0,2.0,1.0,2.0,0.0,2.0,2.0,2.0,2.0,1.0,1.0,2.0,1.5627422,1.5384849,0.0
3847,1.0,0.0,0.0,0.0,-1.2729317,1.0,2.0,1.0,0.0,0.0,0.0,0.0,2.0,0.0,0.0,0.0,2.0,0.6593936,-0.9676946,1.0
3848,0.0,0.0,0.0,1.0,-0.5780405,1.0,2.0,2.0,1.0,1.0,1.0,1.0,1.0,1.0,2.0,0.0,1.0,-1.3176206,-0.8030943,0.0
3849,1.0,1.0,0.0,0.0,-1.2729317,1.0,0.0,1.0,0.0,0.0,0.0,0.0,0.0,0.0,0.0,1.0,2.0,0.16680984,-0.9742537,1.0
3850,0.0,0.0,0.0,0.0,-0.9459241,1.0,0.0,2.0,1.0,1.0,1.0,1.0,1.0,1.0,0.0,0.0,3.0,-1.5263426,-0.9351659,0.0
3851,0.0,0.0,0.0,0.0,-1.2729317,1.0,0.0,1.0,0.0,0.0,0.0,0.0,0.0,0.0,0.0,0.0,3.0,0.21189378,-0.9736534,1.0
3852,0.0,0.0,1.0,1.0,-0.21015692,1.0,0.0,1.0,2.0,0.0,0.0,0.0,0.0,0.0,0.0,0.0,3.0,0.32209897,-0.1281955,0.0
3853,0.0,1.0,0.0,0.0,-1.2320558,1.0,0.0,1.0,0.0,0.0,0.0,0.0,2.0,0.0,0.0,0.0,3.0,0.5592071,-0.9329869,0.0
3854,0.0,0.0,1.0,1.0,1.2205015,1.0,0.0,1.0,0.0,2.0,2.0,0.0,2.0,2.0,0.0,1.0,2.0,1.1820334,1.7888205,1.0
3855,1.0,0.0,0.0,1.0,0.3212305,1.0,0.0,2.0,1.0,1.0,1.0,1.0,1.0,1.0,1.0,1.0,0.0,-1.4812586,-0.6251091,0.0
3856,1.0,0.0,1.0,1.0,-0.9868001,1.0,0.0,0.0,0.0,0.0,0.0,0.0,0.0,0.0,1.0,1.0,3.0,-0.7114921,-0.8516317,0.0
3857,1.0,0.0,0.0,0.0,-0.5780405,1.0,2.0,2.0,1.0,1.0,1.0,1.0,1.0,1.0,1.0,0.0,3.0,-1.3693837,-0.8165016,0.0
3858,0.0,0.0,0.0,0.0,-0.90504813,1.0,0.0,1.0,0.0,0.0,0.0,0.0,0.0,2.0,0.0,1.0,0.0,0.51746273,-0.62906677,1.0
3859,0.0,0.0,0.0,1.0,-0.6597924,1.0,2.0,1.0,0.0,0.0,0.0,2.0,0.0,0.0,1.0,1.0,1.0,0.49241608,-0.44309938,0.0
3860,0.0,0.0,0.0,0.0,-1.2729317,0.0,1.0,0.0,0.0,0.0,0.0,0.0,0.0,0.0,0.0,1.0,3.0,-1.3309789,-0.99419785,0.0
3861,1.0,0.0,0.0,0.0,-0.8641722,1.0,0.0,1.0,0.0,2.0,0.0,0.0,0.0,0.0,0.0,1.0,3.0,0.37219223,-0.6199952,0.0
3862,0.0,0.0,1.0,1.0,0.93436986,1.0,0.0,2.0,1.0,1.0,1.0,1.0,1.0,1.0,2.0,0.0,3.0,-1.4845982,-0.5254328,0.0
3863,1.0,0.0,1.0,1.0,1.2613775,1.0,2.0,1.0,0.0,2.0,0.0,0.0,0.0,2.0,1.0,1.0,2.0,0.8881529,1.5582067,0.0
3864,0.0,0.0,0.0,1.0,0.77086604,0.0,1.0,0.0,2.0,0.0,2.0,2.0,2.0,2.0,1.0,0.0,0.0,-0.15378708,0.36302608,0.0
3865,1.0,1.0,1.0,0.0,1.5883851,0.0,1.0,0.0,0.0,2.0,2.0,0.0,2.0,2.0,0.0,1.0,0.0,-0.41594183,0.6689918,0.0
3866,1.0,0.0,1.0,0.0,-1.1503038,1.0,2.0,1.0,0.0,0.0,0.0,0.0,0.0,0.0,0.0,1.0,2.0,0.33044785,-0.87124234,1.0
3867,0.0,0.0,0.0,0.0,-1.2729317,1.0,2.0,0.0,0.0,0.0,0.0,0.0,0.0,0.0,0.0,1.0,2.0,-0.48941198,-0.98299176,0.0
3868,1.0,0.0,0.0,0.0,1.3840053,1.0,0.0,0.0,2.0,2.0,0.0,0.0,0.0,0.0,1.0,1.0,3.0,-0.33245307,0.53587526,0.0
3869,0.0,0.0,0.0,0.0,0.52561027,1.0,0.0,0.0,2.0,0.0,2.0,2.0,2.0,2.0,2.0,0.0,0.0,0.56421643,0.6039121,0.0
3870,0.0,0.0,0.0,0.0,0.4029824,1.0,0.0,0.0,0.0,0.0,2.0,2.0,0.0,2.0,2.0,0.0,1.0,0.058274426,0.22328374,0.0
3871,1.0,0.0,1.0,1.0,1.3431294,1.0,2.0,0.0,0.0,2.0,2.0,2.0,2.0,2.0,2.0,1.0,0.0,0.64937496,1.3624562,0.0
3872,0.0,0.0,0.0,0.0,-0.29190883,1.0,2.0,2.0,1.0,1.0,1.0,1.0,1.0,1.0,2.0,0.0,1.0,-1.3359882,-0.6975038,1.0
3873,1.0,0.0,0.0,0.0,0.77086604,1.0,2.0,2.0,1.0,1.0,1.0,1.0,1.0,1.0,1.0,1.0,0.0,-1.3409975,-0.44212106,0.0
3874,1.0,0.0,1.0,1.0,-1.1503038,1.0,0.0,2.0,1.0,1.0,1.0,1.0,1.0,1.0,2.0,0.0,3.0,-1.4979564,-0.9711854,0.0
3875,0.0,0.0,1.0,1.0,0.07597478,1.0,0.0,0.0,2.0,2.0,2.0,2.0,2.0,2.0,2.0,0.0,3.0,0.6677425,0.2573911,0.0
3876,0.0,0.0,0.0,0.0,-0.21015692,1.0,0.0,0.0,2.0,2.0,0.0,0.0,0.0,0.0,0.0,1.0,3.0,-0.2690016,-0.27022797,0.0
3877,0.0,0.0,0.0,0.0,-0.5780405,1.0,2.0,1.0,0.0,0.0,0.0,0.0,2.0,0.0,0.0,1.0,2.0,0.6827705,-0.31427404,1.0
3878,1.0,1.0,1.0,0.0,-1.1094279,1.0,2.0,1.0,0.0,0.0,2.0,0.0,0.0,0.0,0.0,1.0,0.0,0.50577426,-0.85232097,1.0
3879,1.0,0.0,1.0,1.0,-0.33278477,1.0,0.0,0.0,2.0,0.0,2.0,0.0,0.0,0.0,1.0,1.0,1.0,-0.28402957,-0.35858694,0.0
3880,0.0,0.0,1.0,0.0,0.9752458,1.0,2.0,2.0,1.0,1.0,1.0,1.0,1.0,1.0,1.0,0.0,2.0,-1.3510162,-0.4442111,0.0
3881,1.0,0.0,0.0,0.0,-1.027676,1.0,2.0,1.0,0.0,0.0,0.0,0.0,0.0,0.0,0.0,0.0,2.0,0.29538256,-0.77403414,1.0
3882,0.0,0.0,1.0,1.0,-1.068552,1.0,0.0,2.0,1.0,1.0,1.0,1.0,1.0,1.0,1.0,0.0,1.0,-1.5280124,-0.9583562,0.0
3883,1.0,1.0,1.0,0.0,1.0978737,0.0,1.0,0.0,0.0,2.0,0.0,0.0,2.0,2.0,0.0,1.0,2.0,-0.48440263,0.32765138,0.0
3884,1.0,0.0,1.0,0.0,-0.128405,0.0,1.0,0.0,0.0,0.0,0.0,0.0,2.0,2.0,0.0,1.0,2.0,-0.6296731,-0.41277185,0.0
3885,1.0,0.0,1.0,1.0,1.5883851,1.0,2.0,0.0,2.0,2.0,2.0,2.0,2.0,2.0,2.0,0.0,0.0,0.7378731,1.7801491,0.0
3886,0.0,0.0,1.0,0.0,1.5883851,1.0,2.0,0.0,2.0,2.0,2.0,2.0,2.0,2.0,2.0,0.0,0.0,0.77460814,1.8253069,0.0
3887,0.0,0.0,0.0,0.0,-0.6597924,1.0,2.0,0.0,0.0,0.0,0.0,0.0,0.0,2.0,0.0,1.0,0.0,-0.05694009,-0.53076905,0.0
3888,0.0,0.0,0.0,0.0,0.15772669,1.0,0.0,0.0,2.0,2.0,2.0,2.0,2.0,0.0,1.0,1.0,3.0,0.3872202,0.15373495,0.0
3889,1.0,0.0,1.0,0.0,-0.33278477,1.0,0.0,1.0,2.0,0.0,0.0,2.0,0.0,2.0,0.0,1.0,2.0,0.8180223,-0.02242711,0.0
3890,1.0,0.0,0.0,0.0,-1.1503038,1.0,0.0,2.0,1.0,1.0,1.0,1.0,1.0,1.0,0.0,1.0,3.0,-1.5063053,-0.975232,0.0
3891,1.0,0.0,1.0,1.0,-0.005777135,1.0,2.0,1.0,2.0,0.0,0.0,0.0,2.0,2.0,0.0,1.0,1.0,1.1619961,0.41979015,1.0
3892,0.0,1.0,1.0,0.0,1.5475092,1.0,2.0,1.0,0.0,0.0,0.0,0.0,0.0,0.0,2.0,1.0,1.0,0.36384335,1.4010993,0.0
3893,1.0,1.0,1.0,1.0,-0.33278477,1.0,2.0,1.0,2.0,0.0,0.0,0.0,0.0,0.0,0.0,1.0,2.0,0.5041045,-0.17915644,0.0
3894,1.0,0.0,0.0,0.0,0.28035456,1.0,2.0,1.0,2.0,2.0,0.0,0.0,2.0,2.0,0.0,1.0,2.0,1.3907553,0.79154706,0.0
3895,0.0,1.0,1.0,0.0,-0.128405,1.0,2.0,1.0,0.0,0.0,2.0,0.0,2.0,2.0,0.0,1.0,0.0,1.1452984,0.3078184,1.0
3896,1.0,0.0,0.0,0.0,0.3212305,1.0,0.0,0.0,2.0,2.0,0.0,2.0,0.0,0.0,0.0,1.0,3.0,-0.09534493,0.17185588,0.0
3897,1.0,0.0,1.0,1.0,1.5475092,1.0,2.0,2.0,1.0,1.0,1.0,1.0,1.0,1.0,2.0,0.0,3.0,-1.3142811,-0.21281911,0.0
3898,0.0,0.0,1.0,1.0,1.0161217,1.0,0.0,2.0,1.0,1.0,1.0,1.0,1.0,1.0,2.0,0.0,0.0,-1.5029657,-0.4396086,0.0
3899,0.0,0.0,0.0,0.0,-0.41453668,0.0,1.0,0.0,0.0,0.0,2.0,0.0,2.0,2.0,0.0,1.0,2.0,-0.47271422,-0.5279898,0.0
3900,0.0,0.0,1.0,0.0,1.3022535,1.0,0.0,0.0,2.0,2.0,2.0,2.0,0.0,2.0,2.0,1.0,3.0,0.3204292,1.1112313,0.0
3901,1.0,0.0,0.0,0.0,-1.2729317,1.0,0.0,2.0,1.0,1.0,1.0,1.0,1.0,1.0,0.0,0.0,3.0,-1.4829284,-0.9962211,0.0
3902,0.0,1.0,1.0,0.0,-0.82329625,1.0,0.0,0.0,2.0,0.0,2.0,2.0,2.0,2.0,1.0,1.0,2.0,0.48239744,-0.5855543,0.0
3903,0.0,0.0,0.0,0.0,0.07597478,1.0,0.0,1.0,0.0,2.0,0.0,0.0,0.0,0.0,0.0,1.0,1.0,0.307071,0.11731523,1.0
3904,0.0,0.0,1.0,1.0,0.36210647,1.0,0.0,2.0,1.0,1.0,1.0,1.0,1.0,1.0,2.0,0.0,0.0,-1.5046356,-0.64763236,0.0
3905,0.0,0.0,1.0,0.0,1.0161217,1.0,2.0,1.0,0.0,2.0,2.0,2.0,2.0,2.0,1.0,1.0,0.0,1.4909419,1.7752131,0.0
3906,1.0,0.0,0.0,0.0,-1.1911799,1.0,2.0,1.0,0.0,0.0,0.0,0.0,0.0,2.0,0.0,1.0,2.0,0.68611,-0.8875178,1.0
3907,1.0,0.0,0.0,0.0,0.36210647,1.0,2.0,1.0,0.0,2.0,2.0,0.0,2.0,2.0,0.0,1.0,2.0,1.333983,0.92750955,1.0
3908,1.0,0.0,0.0,0.0,1.3431294,1.0,2.0,1.0,0.0,2.0,2.0,0.0,2.0,2.0,2.0,0.0,1.0,1.3473412,1.9438155,0.0
3909,1.0,0.0,1.0,1.0,0.72999007,1.0,2.0,1.0,2.0,0.0,2.0,0.0,2.0,2.0,0.0,0.0,1.0,1.3757274,1.3701493,1.0
3910,1.0,0.0,0.0,0.0,-1.068552,1.0,2.0,1.0,0.0,0.0,0.0,2.0,0.0,2.0,0.0,1.0,0.0,0.77460814,-0.77298915,0.0
3911,1.0,0.0,1.0,1.0,1.629261,1.0,2.0,2.0,1.0,1.0,1.0,1.0,1.0,1.0,2.0,0.0,1.0,-1.3576952,-0.2338972,0.0
3912,1.0,0.0,1.0,1.0,0.48473433,0.0,1.0,0.0,0.0,0.0,2.0,2.0,2.0,2.0,1.0,1.0,2.0,-0.3491508,0.025109744,0.0
3913,1.0,0.0,0.0,0.0,-1.2320558,1.0,0.0,0.0,2.0,0.0,2.0,0.0,0.0,0.0,0.0,0.0,2.0,-0.377537,-0.9521306,0.0
3914,0.0,0.0,0.0,0.0,1.1796255,1.0,2.0,1.0,0.0,2.0,2.0,0.0,2.0,2.0,1.0,1.0,2.0,1.3089364,1.850943,0.0
3915,1.0,0.0,1.0,1.0,0.36210647,1.0,0.0,2.0,1.0,1.0,1.0,1.0,1.0,1.0,2.0,1.0,3.0,-1.4946169,-0.6140364,0.0
3916,1.0,0.0,0.0,0.0,-1.068552,1.0,2.0,1.0,0.0,0.0,0.0,0.0,0.0,0.0,0.0,1.0,2.0,0.33879673,-0.79635733,1.0
3917,1.0,0.0,0.0,0.0,-1.1911799,1.0,0.0,0.0,0.0,0.0,2.0,0.0,0.0,0.0,0.0,1.0,2.0,-0.5211377,-0.93009645,1.0
3918,1.0,0.0,0.0,0.0,-0.41453668,1.0,0.0,2.0,1.0,1.0,1.0,1.0,1.0,1.0,1.0,0.0,3.0,-1.4845982,-0.7940005,0.0
3919,1.0,0.0,1.0,1.0,0.3212305,0.0,1.0,0.0,0.0,2.0,2.0,2.0,2.0,2.0,1.0,0.0,3.0,-0.14877775,0.083541386,0.0
3920,1.0,1.0,0.0,1.0,0.9752458,1.0,0.0,1.0,2.0,0.0,0.0,0.0,2.0,2.0,1.0,0.0,1.0,1.0033674,1.3356862,0.0
3921,1.0,0.0,1.0,0.0,1.0161217,1.0,0.0,0.0,2.0,2.0,0.0,2.0,0.0,0.0,2.0,1.0,2.0,-0.16714528,0.5289604,0.0
3922,1.0,0.0,1.0,1.0,-0.128405,0.0,1.0,0.0,2.0,2.0,2.0,2.0,0.0,2.0,1.0,1.0,1.0,-0.31408554,-0.27734295,0.0
3923,1.0,0.0,0.0,0.0,0.9752458,1.0,2.0,0.0,2.0,2.0,0.0,2.0,0.0,0.0,1.0,1.0,0.0,-0.003507271,0.6247456,0.0
3924,0.0,1.0,0.0,0.0,1.1387496,1.0,2.0,1.0,2.0,0.0,0.0,0.0,2.0,2.0,1.0,1.0,0.0,1.2237778,1.7413726,0.0
3925,0.0,0.0,0.0,0.0,-0.005777135,1.0,2.0,1.0,0.0,2.0,2.0,0.0,2.0,2.0,1.0,1.0,1.0,1.3122759,0.51415235,0.0
3926,0.0,0.0,1.0,1.0,-0.5780405,1.0,0.0,0.0,0.0,0.0,0.0,0.0,2.0,0.0,0.0,0.0,3.0,-0.29404822,-0.52376527,0.0
3927,0.0,0.0,1.0,1.0,1.3022535,1.0,2.0,1.0,0.0,2.0,2.0,0.0,0.0,2.0,1.0,1.0,2.0,0.93824613,1.6542809,0.0
3928,0.0,0.0,1.0,0.0,-1.2729317,1.0,0.0,0.0,2.0,2.0,0.0,0.0,0.0,0.0,0.0,1.0,3.0,-0.37419745,-0.9814576,0.0
3929,1.0,0.0,0.0,0.0,-1.2729317,1.0,0.0,0.0,0.0,0.0,0.0,0.0,0.0,2.0,0.0,0.0,3.0,-0.30740643,-0.98056823,0.0
3930,0.0,0.0,0.0,0.0,-0.128405,0.0,1.0,0.0,2.0,2.0,0.0,2.0,0.0,0.0,1.0,0.0,1.0,-0.8434044,-0.5237875,0.0
3931,1.0,0.0,0.0,0.0,-0.21015692,1.0,2.0,0.0,0.0,0.0,0.0,0.0,0.0,0.0,0.0,0.0,3.0,-0.526147,-0.43102616,0.0
3932,1.0,0.0,1.0,1.0,1.3840053,0.0,1.0,0.0,0.0,0.0,2.0,2.0,2.0,2.0,2.0,0.0,0.0,-0.3374624,0.6098264,0.0
3933,1.0,1.0,0.0,0.0,1.0161217,1.0,2.0,1.0,2.0,0.0,0.0,2.0,0.0,2.0,2.0,0.0,2.0,0.96830213,1.4963287,0.0
3934,0.0,0.0,1.0,0.0,-1.1911799,1.0,0.0,2.0,1.0,1.0,1.0,1.0,1.0,1.0,0.0,1.0,3.0,-1.5079751,-0.9807016,0.0
3935,1.0,1.0,0.0,0.0,-0.9459241,1.0,2.0,1.0,0.0,0.0,0.0,0.0,0.0,2.0,0.0,1.0,2.0,0.67776114,-0.67331296,1.0
3936,1.0,1.0,0.0,0.0,-0.08752905,1.0,0.0,0.0,2.0,2.0,0.0,0.0,2.0,2.0,0.0,1.0,2.0,0.3337874,-0.06640648,0.0
3937,0.0,0.0,0.0,0.0,-0.4962886,1.0,0.0,2.0,1.0,1.0,1.0,1.0,1.0,1.0,1.0,1.0,1.0,-1.5163239,-0.81238824,0.0
3938,0.0,0.0,1.0,1.0,-0.53716457,1.0,2.0,2.0,1.0,1.0,1.0,1.0,1.0,1.0,2.0,0.0,3.0,-1.307602,-0.7891979,0.0
3939,1.0,0.0,0.0,0.0,-1.2729317,0.0,1.0,0.0,0.0,0.0,0.0,2.0,0.0,0.0,0.0,0.0,3.0,-1.1890479,-0.9923079,0.0
3940,1.0,0.0,1.0,1.0,1.3431294,1.0,2.0,0.0,2.0,2.0,0.0,0.0,0.0,2.0,2.0,1.0,3.0,0.16013074,0.97764784,0.0
3941,0.0,0.0,0.0,0.0,-0.90504813,1.0,2.0,1.0,0.0,0.0,0.0,0.0,0.0,0.0,0.0,1.0,3.0,0.3671829,-0.65961665,0.0
3942,0.0,1.0,1.0,0.0,-0.25103286,1.0,0.0,1.0,0.0,2.0,0.0,0.0,0.0,2.0,0.0,0.0,2.0,0.6744216,-0.04041463,1.0
3943,0.0,0.0,0.0,0.0,-0.08752905,1.0,0.0,1.0,0.0,0.0,0.0,2.0,2.0,0.0,0.0,0.0,2.0,0.6811007,0.13130058,1.0
3944,0.0,1.0,0.0,0.0,-1.2729317,1.0,0.0,0.0,2.0,0.0,2.0,0.0,0.0,0.0,0.0,1.0,2.0,-0.29905754,-0.98045707,1.0
3945,0.0,0.0,1.0,1.0,1.2205015,1.0,0.0,0.0,2.0,0.0,2.0,0.0,0.0,0.0,1.0,0.0,1.0,-0.33412284,0.5179322,0.0
3946,0.0,0.0,0.0,0.0,-1.1503038,1.0,2.0,1.0,0.0,0.0,0.0,2.0,2.0,2.0,0.0,1.0,3.0,1.2054102,-0.8277299,0.0
3947,0.0,0.0,0.0,0.0,-0.005777135,0.0,1.0,0.0,2.0,0.0,0.0,0.0,0.0,0.0,1.0,0.0,3.0,-1.1556524,-0.5927582,0.0
3948,0.0,0.0,0.0,0.0,0.03509882,1.0,2.0,0.0,2.0,0.0,0.0,2.0,0.0,0.0,1.0,0.0,2.0,-0.17883371,-0.1368891,0.0
3949,1.0,0.0,0.0,0.0,-0.7006684,0.0,1.0,0.0,0.0,0.0,2.0,0.0,2.0,2.0,1.0,0.0,2.0,-0.4677049,-0.69923806,0.0
3950,1.0,0.0,1.0,0.0,1.629261,1.0,2.0,1.0,0.0,2.0,2.0,2.0,2.0,2.0,2.0,1.0,2.0,1.4575464,2.4274774,0.0
3951,1.0,1.0,1.0,1.0,1.629261,1.0,2.0,1.0,2.0,2.0,2.0,2.0,2.0,2.0,2.0,1.0,0.0,1.6762869,2.6395478,0.0
3952,0.0,0.0,1.0,1.0,-0.8641722,1.0,0.0,2.0,1.0,1.0,1.0,1.0,1.0,1.0,1.0,1.0,3.0,-1.4946169,-0.91795653,0.0
3953,1.0,1.0,1.0,0.0,0.19860265,1.0,0.0,1.0,0.0,0.0,0.0,0.0,0.0,0.0,0.0,1.0,0.0,0.25029862,0.13999419,0.0
3954,1.0,0.0,0.0,0.0,1.2205015,1.0,2.0,0.0,2.0,2.0,2.0,2.0,0.0,0.0,2.0,0.0,0.0,0.15512142,0.87908334,0.0
3955,1.0,0.0,1.0,0.0,1.629261,1.0,2.0,0.0,2.0,2.0,2.0,2.0,2.0,2.0,2.0,1.0,1.0,0.85141784,1.8271301,0.0
3956,0.0,0.0,0.0,1.0,-1.2729317,1.0,0.0,1.0,0.0,0.0,0.0,0.0,2.0,0.0,0.0,1.0,2.0,0.48740676,-0.9699847,1.0
3957,0.0,0.0,0.0,0.0,-1.1911799,1.0,0.0,1.0,0.0,0.0,0.0,0.0,2.0,0.0,0.0,1.0,2.0,0.48907652,-0.89647824,1.0
3958,0.0,0.0,1.0,1.0,0.03509882,1.0,0.0,0.0,2.0,2.0,2.0,0.0,0.0,0.0,1.0,1.0,3.0,-0.21055944,-0.13573292,0.0
3959,0.0,0.0,0.0,0.0,0.07597478,1.0,0.0,1.0,0.0,0.0,0.0,0.0,0.0,0.0,0.0,1.0,1.0,0.17515871,0.06913359,1.0
3960,1.0,0.0,1.0,0.0,0.9752458,1.0,2.0,1.0,2.0,0.0,0.0,0.0,2.0,2.0,1.0,1.0,2.0,1.1953917,1.4471465,0.0
3961,1.0,0.0,0.0,0.0,-0.90504813,1.0,0.0,1.0,0.0,0.0,0.0,0.0,0.0,0.0,0.0,1.0,2.0,0.17515871,-0.67620337,1.0
3962,0.0,0.0,0.0,1.0,-1.2320558,1.0,0.0,2.0,1.0,1.0,1.0,1.0,1.0,1.0,0.0,1.0,2.0,-1.5079751,-0.9893285,1.0
3963,1.0,0.0,1.0,1.0,-1.2729317,1.0,0.0,2.0,1.0,1.0,1.0,1.0,1.0,1.0,0.0,0.0,0.0,-1.4962866,-0.99639904,1.0
3964,1.0,1.0,1.0,0.0,-1.027676,1.0,2.0,1.0,0.0,0.0,2.0,0.0,2.0,2.0,0.0,1.0,2.0,1.1519774,-0.7093547,1.0
3965,0.0,0.0,1.0,1.0,1.5066332,1.0,2.0,1.0,0.0,2.0,2.0,0.0,2.0,2.0,0.0,1.0,2.0,1.3089364,2.3062563,1.0
3966,0.0,0.0,0.0,0.0,0.3212305,1.0,0.0,1.0,0.0,2.0,0.0,0.0,0.0,0.0,0.0,0.0,1.0,0.33545718,0.31620073,0.0
3967,0.0,0.0,0.0,0.0,-0.046653092,1.0,2.0,1.0,0.0,0.0,2.0,0.0,0.0,2.0,0.0,1.0,2.0,0.83972937,0.24291658,1.0
3968,1.0,0.0,1.0,1.0,-0.08752905,1.0,0.0,2.0,1.0,1.0,1.0,1.0,1.0,1.0,2.0,0.0,3.0,-1.4528725,-0.68869907,0.0
3969,0.0,0.0,0.0,0.0,-0.7824203,0.0,1.0,0.0,2.0,0.0,0.0,0.0,0.0,0.0,0.0,1.0,0.0,-1.1322756,-0.83002,0.0
3970,0.0,1.0,1.0,0.0,1.4248813,1.0,0.0,2.0,1.0,1.0,1.0,1.0,1.0,1.0,2.0,1.0,0.0,-1.4929471,-0.44361076,0.0
3971,1.0,0.0,1.0,0.0,-0.005777135,1.0,2.0,0.0,2.0,0.0,0.0,2.0,2.0,0.0,1.0,1.0,1.0,0.26866615,0.032202475,0.0
3972,1.0,0.0,1.0,1.0,-0.5780405,1.0,0.0,1.0,0.0,0.0,0.0,2.0,0.0,2.0,0.0,1.0,2.0,0.6961287,-0.29310703,0.0
3973,1.0,0.0,1.0,1.0,1.629261,1.0,0.0,1.0,2.0,2.0,0.0,2.0,2.0,2.0,2.0,0.0,0.0,1.3606994,2.3794737,0.0
3974,0.0,0.0,1.0,1.0,0.93436986,1.0,0.0,1.0,0.0,2.0,2.0,2.0,2.0,2.0,1.0,1.0,0.0,1.3005874,1.5102029,0.0
3975,0.0,0.0,1.0,1.0,-0.7006684,1.0,0.0,0.0,0.0,2.0,2.0,2.0,2.0,2.0,0.0,0.0,0.0,0.39222953,-0.4913922,0.0
3976,1.0,0.0,1.0,1.0,1.629261,1.0,0.0,2.0,1.0,1.0,1.0,1.0,1.0,1.0,2.0,0.0,1.0,-1.5146542,-0.3990533,0.0
3977,0.0,0.0,0.0,0.0,-1.2729317,1.0,0.0,1.0,0.0,2.0,0.0,2.0,2.0,0.0,0.0,0.0,2.0,0.8998413,-0.96449286,1.0
3978,1.0,0.0,1.0,1.0,1.1796255,1.0,0.0,2.0,1.0,1.0,1.0,1.0,1.0,1.0,2.0,0.0,1.0,-1.4762493,-0.42453375,0.0
3979,0.0,0.0,1.0,0.0,1.629261,1.0,2.0,1.0,0.0,2.0,2.0,2.0,2.0,2.0,1.0,1.0,0.0,1.4608859,2.5539014,0.0
3980,0.0,0.0,0.0,0.0,-0.08752905,1.0,0.0,0.0,2.0,2.0,0.0,0.0,0.0,0.0,0.0,1.0,0.0,-0.3157553,-0.3246352,0.0
3981,1.0,0.0,0.0,0.0,0.6891141,1.0,2.0,1.0,0.0,2.0,0.0,2.0,2.0,2.0,1.0,1.0,0.0,1.3991042,1.2929075,0.0
3982,0.0,0.0,1.0,0.0,-1.2320558,1.0,0.0,1.0,2.0,0.0,0.0,2.0,0.0,0.0,0.0,1.0,2.0,0.51412314,-0.91875696,0.0
3983,0.0,1.0,1.0,0.0,-1.1911799,1.0,0.0,1.0,0.0,0.0,0.0,2.0,2.0,0.0,0.0,1.0,3.0,0.6393563,-0.88636166,1.0
3984,0.0,0.0,0.0,0.0,-1.1503038,1.0,2.0,1.0,0.0,0.0,0.0,0.0,0.0,0.0,0.0,0.0,2.0,0.3538247,-0.8549224,1.0
3985,1.0,0.0,0.0,0.0,-1.2320558,0.0,1.0,0.0,0.0,0.0,0.0,0.0,0.0,0.0,0.0,1.0,2.0,-1.3259696,-0.98021245,1.0
3986,0.0,0.0,0.0,0.0,0.2394786,1.0,2.0,1.0,0.0,0.0,2.0,2.0,2.0,2.0,0.0,1.0,2.0,1.2989177,0.7683567,0.0
3987,1.0,0.0,0.0,0.0,1.629261,1.0,2.0,0.0,2.0,2.0,2.0,2.0,2.0,2.0,2.0,0.0,0.0,0.73119396,1.7628064,0.0
3988,0.0,1.0,1.0,0.0,1.629261,1.0,2.0,1.0,2.0,2.0,0.0,0.0,2.0,2.0,1.0,1.0,0.0,1.4057833,2.4087563,0.0
3989,1.0,0.0,0.0,0.0,-1.2729317,1.0,2.0,1.0,0.0,0.0,0.0,0.0,0.0,0.0,0.0,1.0,2.0,0.34547582,-0.97187465,0.0
3990,1.0,0.0,1.0,1.0,1.3022535,1.0,2.0,1.0,0.0,2.0,2.0,2.0,2.0,2.0,2.0,1.0,1.0,1.4842628,1.9924196,0.0
3991,0.0,0.0,0.0,0.0,-0.90504813,1.0,0.0,0.0,0.0,0.0,2.0,2.0,0.0,0.0,0.0,0.0,2.0,-0.3508206,-0.746019,0.0
3992,1.0,0.0,1.0,1.0,-0.90504813,1.0,0.0,0.0,0.0,2.0,0.0,0.0,0.0,0.0,1.0,0.0,3.0,-0.5077795,-0.7937337,0.0
3993,0.0,0.0,0.0,1.0,-0.82329625,1.0,2.0,1.0,0.0,0.0,0.0,0.0,0.0,0.0,0.0,1.0,2.0,0.3955691,-0.6081666,0.0
3994,1.0,0.0,1.0,1.0,0.19860265,1.0,0.0,0.0,2.0,0.0,2.0,2.0,0.0,0.0,1.0,1.0,3.0,-0.2005408,-0.025584375,0.0
3995,0.0,0.0,0.0,1.0,-0.82329625,1.0,2.0,1.0,0.0,2.0,2.0,0.0,2.0,2.0,0.0,1.0,2.0,1.3540202,-0.43800774,0.0
3996,0.0,0.0,1.0,1.0,0.81174195,1.0,0.0,1.0,2.0,0.0,2.0,0.0,2.0,2.0,1.0,0.0,2.0,1.1870427,1.3268591,0.0
3997,1.0,0.0,1.0,0.0,1.3840053,1.0,2.0,1.0,2.0,0.0,2.0,0.0,2.0,2.0,2.0,1.0,1.0,1.379067,2.099233,1.0
3998,0.0,0.0,1.0,1.0,1.0978737,1.0,2.0,2.0,1.0,1.0,1.0,1.0,1.0,1.0,2.0,0.0,3.0,-1.3126113,-0.32310104,0.0
3999,1.0,0.0,1.0,1.0,0.81174195,1.0,2.0,2.0,1.0,1.0,1.0,1.0,1.0,1.0,2.0,0.0,3.0,-1.3343184,-0.45870784,0.0
4000,1.0,0.0,1.0,0.0,1.629261,1.0,2.0,2.0,1.0,1.0,1.0,1.0,1.0,1.0,2.0,0.0,1.0,-1.3025926,-0.17628822,0.0
4001,1.0,0.0,0.0,0.0,-1.027676,1.0,0.0,2.0,1.0,1.0,1.0,1.0,1.0,1.0,0.0,0.0,2.0,-1.5196635,-0.95533234,1.0
4002,1.0,0.0,1.0,0.0,1.0569977,1.0,0.0,0.0,2.0,2.0,2.0,0.0,0.0,0.0,1.0,0.0,1.0,-0.14877775,0.5794989,1.0
4003,1.0,0.0,0.0,0.0,-0.41453668,1.0,2.0,1.0,2.0,0.0,0.0,0.0,2.0,2.0,0.0,1.0,0.0,1.222108,0.025109744,1.0
4004,0.0,0.0,0.0,0.0,-1.2729317,1.0,0.0,2.0,1.0,1.0,1.0,1.0,1.0,1.0,0.0,0.0,3.0,-1.4628911,-0.99595433,1.0
4005,0.0,0.0,0.0,0.0,-1.2320558,1.0,2.0,0.0,0.0,0.0,0.0,2.0,0.0,0.0,0.0,1.0,3.0,-0.34748104,-0.95322007,0.0
4006,1.0,0.0,1.0,0.0,1.629261,1.0,2.0,1.0,2.0,2.0,2.0,2.0,2.0,2.0,1.0,1.0,0.0,1.7714642,2.8567321,1.0
4007,1.0,0.0,0.0,1.0,-0.7006684,1.0,0.0,0.0,0.0,0.0,2.0,2.0,0.0,0.0,1.0,0.0,1.0,-0.31909487,-0.62081784,0.0
4008,0.0,0.0,1.0,1.0,-1.1094279,1.0,0.0,1.0,0.0,2.0,0.0,0.0,0.0,2.0,0.0,1.0,2.0,0.62933767,-0.8255287,1.0
4009,0.0,0.0,1.0,1.0,1.5066332,1.0,0.0,2.0,1.0,1.0,1.0,1.0,1.0,1.0,1.0,1.0,1.0,-1.4829284,-0.3637453,0.0
4010,1.0,0.0,1.0,0.0,1.0161217,1.0,2.0,1.0,2.0,2.0,2.0,2.0,2.0,0.0,0.0,1.0,2.0,1.2788804,1.6298232,0.0
4011,1.0,0.0,0.0,0.0,-0.5780405,1.0,2.0,1.0,0.0,0.0,2.0,0.0,0.0,2.0,0.0,1.0,1.0,0.8664458,-0.29499695,1.0
4012,1.0,0.0,1.0,1.0,1.3840053,1.0,0.0,2.0,1.0,1.0,1.0,1.0,1.0,1.0,2.0,1.0,3.0,-1.5029657,-0.40739116,0.0
4013,1.0,0.0,0.0,0.0,0.6891141,1.0,2.0,1.0,0.0,2.0,0.0,0.0,2.0,2.0,0.0,0.0,2.0,1.1336099,1.1828256,0.0
4014,1.0,0.0,0.0,0.0,0.36210647,1.0,0.0,1.0,0.0,2.0,0.0,2.0,2.0,2.0,2.0,1.0,1.0,1.1653357,0.871457,0.0
4015,1.0,0.0,1.0,0.0,-0.046653092,1.0,0.0,0.0,0.0,0.0,2.0,2.0,0.0,2.0,0.0,1.0,1.0,0.054934874,-0.10709518,0.0
4016,1.0,1.0,1.0,0.0,1.4657573,1.0,2.0,1.0,0.0,0.0,2.0,0.0,0.0,0.0,0.0,1.0,1.0,0.52080226,1.4802089,0.0
4017,1.0,0.0,0.0,0.0,-1.2729317,1.0,0.0,2.0,1.0,1.0,1.0,1.0,1.0,1.0,0.0,1.0,3.0,-1.5179937,-0.99668807,1.0
4018,1.0,0.0,1.0,0.0,-0.9459241,1.0,0.0,0.0,2.0,2.0,0.0,2.0,2.0,0.0,0.0,1.0,3.0,0.14009343,-0.7411941,0.0
4019,0.0,0.0,1.0,1.0,0.3212305,1.0,2.0,2.0,1.0,1.0,1.0,1.0,1.0,1.0,0.0,1.0,2.0,-1.2875646,-0.5261221,0.0
4020,0.0,0.0,1.0,1.0,1.4657573,1.0,2.0,0.0,2.0,2.0,2.0,2.0,0.0,2.0,1.0,1.0,2.0,0.4573508,1.3663917,0.0
4021,0.0,1.0,1.0,0.0,1.5883851,1.0,0.0,1.0,0.0,2.0,2.0,0.0,2.0,2.0,2.0,1.0,2.0,1.1503077,2.2025778,0.0
4022,0.0,0.0,0.0,0.0,0.77086604,1.0,0.0,2.0,1.0,1.0,1.0,1.0,1.0,1.0,2.0,0.0,0.0,-1.4729098,-0.551358,0.0
4023,1.0,0.0,1.0,1.0,0.07597478,1.0,0.0,1.0,0.0,0.0,2.0,0.0,2.0,0.0,0.0,1.0,3.0,0.64436567,0.2887414,0.0
4024,0.0,0.0,0.0,0.0,-0.8641722,1.0,0.0,0.0,0.0,0.0,2.0,2.0,0.0,2.0,1.0,0.0,1.0,0.004841607,-0.6952137,0.0
4025,0.0,0.0,0.0,0.0,-0.33278477,1.0,0.0,0.0,2.0,0.0,0.0,2.0,0.0,0.0,0.0,0.0,1.0,-0.28069,-0.3910712,0.0
4026,0.0,0.0,1.0,0.0,-1.2320558,1.0,0.0,2.0,1.0,1.0,1.0,1.0,1.0,1.0,0.0,0.0,0.0,-1.4912773,-0.9860823,0.0
4027,0.0,0.0,0.0,0.0,0.6482381,1.0,2.0,2.0,1.0,1.0,1.0,1.0,1.0,1.0,1.0,0.0,1.0,-1.3259696,-0.4843217,0.0
4028,1.0,0.0,0.0,0.0,-1.1094279,1.0,0.0,0.0,0.0,0.0,2.0,0.0,2.0,2.0,1.0,1.0,3.0,0.17515871,-0.8507868,1.0
4029,0.0,0.0,1.0,0.0,0.07597478,1.0,2.0,2.0,1.0,1.0,1.0,1.0,1.0,1.0,0.0,0.0,2.0,-1.3376579,-0.65832704,0.0
4030,1.0,0.0,0.0,0.0,0.48473433,1.0,0.0,1.0,0.0,2.0,0.0,2.0,2.0,2.0,0.0,0.0,2.0,1.1953917,0.950522,1.0
4031,0.0,0.0,1.0,0.0,1.3022535,1.0,2.0,2.0,1.0,1.0,1.0,1.0,1.0,1.0,2.0,0.0,3.0,-1.3092718,-0.24265748,0.0
4032,0.0,0.0,0.0,0.0,0.52561027,1.0,2.0,1.0,2.0,2.0,2.0,2.0,2.0,2.0,0.0,1.0,2.0,1.6996639,1.2739638,0.0
4033,0.0,0.0,0.0,0.0,-0.90504813,1.0,0.0,0.0,0.0,2.0,0.0,0.0,0.0,0.0,0.0,0.0,2.0,-0.4526769,-0.78370607,0.0
4034,1.0,1.0,1.0,0.0,1.5883851,1.0,2.0,1.0,2.0,2.0,2.0,2.0,0.0,0.0,1.0,1.0,2.0,0.90985996,1.9230709,0.0
4035,0.0,1.0,1.0,0.0,0.6073622,1.0,2.0,1.0,0.0,0.0,2.0,0.0,2.0,2.0,0.0,0.0,2.0,1.1670054,1.1057395,0.0
4036,0.0,0.0,0.0,0.0,-0.4962886,1.0,0.0,2.0,1.0,1.0,1.0,1.0,1.0,1.0,2.0,0.0,3.0,-1.5046356,-0.82430583,0.0
4037,1.0,0.0,1.0,0.0,1.2613775,1.0,0.0,2.0,1.0,1.0,1.0,1.0,1.0,1.0,2.0,1.0,0.0,-1.4962866,-0.45617312,0.0
4038,1.0,0.0,1.0,0.0,-0.08752905,1.0,0.0,0.0,0.0,0.0,2.0,0.0,0.0,0.0,0.0,1.0,3.0,-0.4927515,-0.3494042,0.0
4039,0.0,0.0,0.0,0.0,-1.2320558,1.0,0.0,1.0,0.0,0.0,0.0,0.0,0.0,0.0,0.0,1.0,2.0,0.20688446,-0.94392616,1.0
4040,1.0,0.0,0.0,0.0,-0.5780405,1.0,2.0,0.0,0.0,0.0,2.0,2.0,2.0,2.0,1.0,1.0,1.0,0.57590485,-0.3713939,1.0
4041,0.0,0.0,1.0,1.0,1.0161217,1.0,2.0,1.0,0.0,2.0,0.0,0.0,2.0,2.0,0.0,1.0,2.0,1.1970614,1.4901699,0.0
4042,0.0,0.0,0.0,0.0,-1.2729317,1.0,0.0,2.0,1.0,1.0,1.0,1.0,1.0,1.0,0.0,1.0,3.0,-1.5146542,-0.9966436,0.0
4043,0.0,0.0,1.0,1.0,-0.8641722,1.0,2.0,0.0,0.0,0.0,0.0,2.0,0.0,2.0,0.0,1.0,2.0,0.0532651,-0.67584765,1.0
4044,1.0,0.0,0.0,0.0,0.116850734,1.0,0.0,2.0,1.0,1.0,1.0,1.0,1.0,1.0,2.0,0.0,0.0,-1.4461933,-0.69156724,0.0
4045,0.0,1.0,0.0,0.0,0.81174195,1.0,2.0,1.0,2.0,2.0,2.0,0.0,2.0,2.0,0.0,0.0,1.0,1.4475278,1.5913802,0.0
4046,0.0,0.0,0.0,0.0,-0.7006684,1.0,0.0,1.0,2.0,2.0,0.0,0.0,2.0,2.0,0.0,1.0,1.0,1.1469681,-0.3709714,1.0
4047,0.0,1.0,1.0,1.0,1.629261,1.0,2.0,0.0,2.0,2.0,2.0,2.0,2.0,2.0,2.0,0.0,1.0,0.92488796,1.8586138,1.0
4048,0.0,0.0,0.0,0.0,-1.2729317,1.0,0.0,1.0,0.0,0.0,2.0,0.0,0.0,0.0,0.0,0.0,2.0,0.3872202,-0.9713188,1.0
4049,1.0,0.0,0.0,1.0,-0.82329625,1.0,0.0,2.0,1.0,1.0,1.0,1.0,1.0,1.0,0.0,0.0,1.0,-1.4595516,-0.9004137,0.0
4050,0.0,0.0,1.0,0.0,-0.6597924,1.0,2.0,1.0,0.0,0.0,0.0,0.0,2.0,0.0,0.0,1.0,2.0,0.6744216,-0.392383,1.0
4051,0.0,0.0,0.0,0.0,0.28035456,1.0,0.0,1.0,2.0,0.0,2.0,2.0,2.0,0.0,1.0,1.0,2.0,1.028414,0.6368855,1.0
4052,1.0,0.0,0.0,0.0,-1.1503038,1.0,2.0,1.0,0.0,0.0,0.0,0.0,0.0,0.0,0.0,1.0,2.0,0.3204292,-0.88727325,1.0
4053,0.0,0.0,0.0,0.0,-1.2729317,1.0,0.0,2.0,1.0,1.0,1.0,1.0,1.0,1.0,0.0,0.0,1.0,-1.4962866,-0.99639904,0.0
4054,1.0,0.0,0.0,0.0,0.77086604,1.0,2.0,0.0,2.0,2.0,2.0,2.0,2.0,0.0,1.0,1.0,1.0,0.5475187,0.82958984,0.0
4055,1.0,0.0,0.0,1.0,-0.45541266,1.0,2.0,2.0,1.0,1.0,1.0,1.0,1.0,1.0,0.0,0.0,3.0,-1.3376579,-0.7975358,0.0
4056,1.0,0.0,1.0,1.0,0.52561027,1.0,2.0,1.0,0.0,2.0,2.0,0.0,0.0,2.0,1.0,1.0,1.0,1.0100465,0.9374927,0.0
4057,1.0,0.0,0.0,0.0,-1.2729317,1.0,0.0,2.0,1.0,1.0,1.0,1.0,1.0,1.0,0.0,0.0,0.0,-1.4879378,-0.9962878,0.0
4058,1.0,0.0,0.0,0.0,-1.2729317,1.0,0.0,2.0,1.0,1.0,1.0,1.0,1.0,1.0,0.0,0.0,3.0,-1.4946169,-0.9963768,1.0
4059,0.0,0.0,0.0,1.0,-1.1911799,1.0,0.0,2.0,1.0,1.0,1.0,1.0,1.0,1.0,1.0,1.0,1.0,-1.4762493,-0.97974557,0.0
4060,1.0,0.0,0.0,0.0,-0.82329625,1.0,2.0,1.0,0.0,0.0,2.0,0.0,2.0,0.0,0.0,1.0,2.0,0.82804096,-0.55091333,0.0
4061,0.0,0.0,1.0,0.0,-0.29190883,1.0,0.0,2.0,1.0,1.0,1.0,1.0,1.0,1.0,1.0,1.0,0.0,-1.4879378,-0.77941483,0.0
4062,0.0,0.0,1.0,1.0,1.5475092,1.0,2.0,2.0,1.0,1.0,1.0,1.0,1.0,1.0,2.0,0.0,3.0,-1.359365,-0.22051217,0.0
4063,0.0,1.0,1.0,0.0,1.629261,1.0,2.0,1.0,0.0,2.0,2.0,0.0,2.0,2.0,1.0,1.0,1.0,1.3690482,2.3876114,0.0
4064,0.0,0.0,0.0,0.0,-1.2729317,1.0,0.0,1.0,0.0,0.0,0.0,0.0,0.0,0.0,0.0,1.0,3.0,0.20187512,-0.9737868,1.0
4065,0.0,0.0,1.0,1.0,-0.4962886,1.0,0.0,2.0,1.0,1.0,1.0,1.0,1.0,1.0,0.0,0.0,3.0,-1.4929471,-0.824706,0.0
4066,0.0,0.0,1.0,1.0,0.03509882,1.0,0.0,1.0,0.0,0.0,2.0,0.0,2.0,2.0,1.0,1.0,2.0,0.9699719,0.38414863,1.0
4067,1.0,1.0,1.0,0.0,-0.08752905,1.0,2.0,1.0,0.0,0.0,0.0,2.0,2.0,2.0,0.0,1.0,2.0,1.2271173,0.2921655,0.0
4068,0.0,0.0,1.0,1.0,0.52561027,1.0,2.0,2.0,1.0,1.0,1.0,1.0,1.0,1.0,2.0,1.0,1.0,-1.3393277,-0.48441064,0.0
4069,1.0,0.0,0.0,1.0,-1.2320558,1.0,0.0,2.0,1.0,1.0,1.0,1.0,1.0,1.0,0.0,0.0,3.0,-1.5196635,-0.98376995,0.0
4070,0.0,0.0,1.0,1.0,1.629261,1.0,2.0,2.0,1.0,1.0,1.0,1.0,1.0,1.0,2.0,0.0,0.0,-1.3209602,-0.21046227,0.0
4071,0.0,0.0,0.0,0.0,-0.25103286,1.0,2.0,1.0,0.0,0.0,0.0,0.0,0.0,0.0,0.0,1.0,0.0,0.3404665,-0.18929526,1.0
4072,0.0,0.0,0.0,0.0,0.6073622,1.0,2.0,0.0,2.0,2.0,0.0,2.0,0.0,2.0,2.0,0.0,3.0,0.31041053,0.5494826,0.0
4073,0.0,0.0,1.0,0.0,0.116850734,1.0,0.0,1.0,0.0,0.0,0.0,0.0,0.0,0.0,0.0,1.0,2.0,0.18517737,0.069333695,1.0
4074,0.0,0.0,0.0,0.0,-0.7006684,1.0,0.0,1.0,0.0,2.0,0.0,0.0,2.0,0.0,0.0,1.0,0.0,0.6159795,-0.50277615,0.0
4075,1.0,0.0,0.0,0.0,-1.2729317,1.0,0.0,0.0,2.0,0.0,0.0,0.0,0.0,0.0,0.0,0.0,2.0,-0.5612123,-0.9839478,0.0
4076,0.0,0.0,0.0,0.0,-1.068552,0.0,1.0,0.0,0.0,0.0,0.0,2.0,2.0,2.0,1.0,1.0,3.0,-0.5177981,-0.89160895,0.0
4077,0.0,0.0,0.0,0.0,1.0161217,0.0,1.0,0.0,2.0,0.0,2.0,2.0,0.0,0.0,1.0,1.0,1.0,-0.7899716,-0.0010599834,0.0
4078,1.0,0.0,1.0,1.0,1.3840053,1.0,0.0,0.0,2.0,2.0,2.0,2.0,2.0,0.0,1.0,1.0,2.0,0.34547582,1.2239368,0.0
4079,1.0,0.0,0.0,0.0,-0.82329625,1.0,2.0,0.0,0.0,0.0,2.0,0.0,2.0,2.0,0.0,0.0,0.0,0.3337874,-0.63749355,0.0
4080,0.0,0.0,0.0,0.0,0.8934939,1.0,2.0,1.0,0.0,2.0,0.0,0.0,2.0,2.0,2.0,1.0,0.0,1.0835166,1.2757204,0.0
4081,0.0,0.0,0.0,0.0,-1.1094279,1.0,0.0,0.0,2.0,0.0,0.0,2.0,0.0,0.0,0.0,0.0,2.0,-0.35249037,-0.86819625,1.0
4082,0.0,0.0,0.0,0.0,-1.2320558,1.0,0.0,2.0,1.0,1.0,1.0,1.0,1.0,1.0,0.0,0.0,3.0,-1.4845982,-0.98694944,0.0
4083,0.0,0.0,0.0,1.0,-0.25103286,0.0,1.0,0.0,0.0,0.0,2.0,0.0,0.0,0.0,0.0,1.0,3.0,-1.1673409,-0.6555255,0.0
4084,1.0,0.0,1.0,1.0,1.629261,1.0,2.0,1.0,2.0,2.0,2.0,2.0,2.0,2.0,2.0,1.0,1.0,1.5978075,2.608531,0.0
4085,1.0,0.0,0.0,0.0,0.93436986,1.0,0.0,0.0,0.0,2.0,0.0,2.0,0.0,2.0,1.0,1.0,2.0,-0.01853525,0.6077364,0.0
4086,1.0,0.0,0.0,0.0,-1.2729317,1.0,0.0,1.0,0.0,0.0,0.0,0.0,0.0,0.0,0.0,1.0,2.0,0.17682849,-0.97412026,1.0
4087,1.0,1.0,1.0,1.0,1.0569977,1.0,2.0,1.0,2.0,2.0,0.0,2.0,0.0,0.0,1.0,1.0,0.0,0.8380596,1.274075,0.0
4088,1.0,0.0,1.0,1.0,-1.2729317,1.0,0.0,2.0,1.0,1.0,1.0,1.0,1.0,1.0,0.0,0.0,3.0,-1.4979564,-0.9964213,1.0
4089,1.0,0.0,0.0,1.0,-0.37366074,0.0,1.0,0.0,2.0,2.0,0.0,2.0,0.0,0.0,1.0,0.0,0.0,-0.80499953,-0.5839757,0.0
4090,1.0,0.0,0.0,1.0,-1.2729317,1.0,0.0,0.0,2.0,2.0,0.0,2.0,0.0,2.0,0.0,1.0,0.0,0.1901867,-0.9739424,0.0
4091,0.0,0.0,0.0,0.0,-0.08752905,1.0,2.0,1.0,0.0,2.0,2.0,2.0,2.0,2.0,1.0,0.0,1.0,1.5260072,0.47421962,0.0
4092,0.0,0.0,1.0,0.0,1.4657573,1.0,2.0,1.0,0.0,0.0,2.0,0.0,2.0,0.0,2.0,1.0,0.0,0.8413992,1.6514127,0.0
4093,0.0,0.0,0.0,0.0,-0.005777135,1.0,0.0,2.0,1.0,1.0,1.0,1.0,1.0,1.0,0.0,0.0,0.0,-1.4979564,-0.7377701,0.0
4094,0.0,0.0,0.0,1.0,-0.61891645,1.0,2.0,0.0,0.0,0.0,2.0,0.0,0.0,0.0,1.0,1.0,3.0,-0.29738778,-0.5883781,1.0
4095,1.0,0.0,1.0,0.0,0.03509882,1.0,0.0,0.0,0.0,0.0,0.0,0.0,0.0,0.0,0.0,1.0,1.0,-0.67475706,-0.3548738,0.0
4096,1.0,0.0,0.0,0.0,-0.90504813,1.0,0.0,1.0,2.0,2.0,2.0,2.0,2.0,2.0,0.0,1.0,2.0,1.5143187,-0.54133034,1.0
4097,1.0,0.0,1.0,0.0,-0.9459241,0.0,1.0,0.0,0.0,0.0,0.0,2.0,2.0,0.0,0.0,0.0,3.0,-0.80499953,-0.85899127,1.0
4098,1.0,1.0,0.0,0.0,0.52561027,1.0,0.0,0.0,2.0,0.0,2.0,0.0,0.0,2.0,1.0,0.0,1.0,-0.06862852,0.23606844,1.0
4099,0.0,0.0,1.0,0.0,1.5883851,1.0,2.0,2.0,1.0,1.0,1.0,1.0,1.0,1.0,2.0,0.0,0.0,-1.3276393,-0.22573721,0.0
4100,0.0,1.0,0.0,0.0,-0.8641722,1.0,2.0,1.0,0.0,0.0,0.0,0.0,2.0,2.0,0.0,1.0,0.0,1.0150558,-0.56163025,1.0
4101,0.0,1.0,0.0,0.0,-0.9459241,1.0,2.0,1.0,0.0,0.0,0.0,0.0,0.0,0.0,0.0,1.0,2.0,0.3271083,-0.728276,1.0
4102,1.0,0.0,0.0,0.0,-0.08752905,1.0,2.0,0.0,2.0,0.0,0.0,0.0,0.0,2.0,0.0,1.0,3.0,-0.008516598,-0.16550459,0.0
4103,1.0,0.0,0.0,0.0,-0.90504813,1.0,2.0,1.0,2.0,0.0,0.0,0.0,2.0,2.0,0.0,0.0,2.0,1.1286006,-0.55678314,1.0
4104,0.0,0.0,1.0,0.0,0.4029824,1.0,2.0,0.0,2.0,0.0,2.0,2.0,2.0,2.0,2.0,0.0,1.0,0.6543843,0.5829674,0.0
4105,0.0,0.0,0.0,0.0,0.6073622,0.0,1.0,0.0,2.0,2.0,0.0,2.0,0.0,0.0,1.0,0.0,1.0,-0.83839506,-0.20543733,0.0
4106,0.0,0.0,0.0,0.0,-1.027676,1.0,0.0,0.0,2.0,2.0,2.0,0.0,0.0,0.0,0.0,0.0,2.0,-0.11204268,-0.8100981,0.0
4107,1.0,0.0,0.0,0.0,-1.2729317,1.0,0.0,0.0,0.0,0.0,0.0,0.0,0.0,0.0,0.0,1.0,2.0,-0.638022,-0.9849706,1.0
4108,0.0,0.0,0.0,0.0,-1.1911799,1.0,0.0,0.0,2.0,2.0,0.0,0.0,0.0,0.0,0.0,0.0,2.0,-0.31408554,-0.9318085,1.0
4109,0.0,0.0,1.0,0.0,-1.1503038,1.0,0.0,0.0,2.0,2.0,0.0,0.0,0.0,0.0,0.0,0.0,3.0,-0.3357926,-0.90074724,0.0
4110,1.0,0.0,0.0,0.0,-0.21015692,1.0,0.0,2.0,1.0,1.0,1.0,1.0,1.0,1.0,0.0,1.0,1.0,-1.5146542,-0.8006041,0.0
4111,0.0,0.0,1.0,0.0,-1.1911799,1.0,0.0,2.0,1.0,1.0,1.0,1.0,1.0,1.0,0.0,1.0,3.0,-1.4979564,-0.98492616,0.0
4112,1.0,0.0,1.0,0.0,0.3212305,1.0,2.0,1.0,0.0,2.0,2.0,0.0,2.0,2.0,1.0,1.0,0.0,1.3773972,0.8529136,0.0
4113,0.0,0.0,1.0,1.0,0.56648624,1.0,0.0,1.0,0.0,0.0,2.0,2.0,0.0,2.0,1.0,0.0,0.0,0.87479466,0.8786831,0.0
4114,1.0,0.0,1.0,0.0,1.0978737,1.0,2.0,1.0,2.0,2.0,2.0,0.0,2.0,2.0,1.0,1.0,2.0,1.5159885,1.8620824,1.0
4115,1.0,0.0,1.0,0.0,-1.068552,1.0,2.0,2.0,1.0,1.0,1.0,1.0,1.0,1.0,1.0,0.0,3.0,-1.3242998,-0.9292293,0.0
4116,1.0,0.0,1.0,0.0,1.5066332,1.0,0.0,2.0,1.0,1.0,1.0,1.0,1.0,1.0,2.0,0.0,3.0,-1.4979564,-0.39896438,0.0
4117,0.0,0.0,1.0,1.0,0.81174195,1.0,2.0,2.0,1.0,1.0,1.0,1.0,1.0,1.0,2.0,0.0,3.0,-1.3927605,-0.447146,0.0
4118,1.0,0.0,0.0,1.0,-0.53716457,1.0,0.0,2.0,1.0,1.0,1.0,1.0,1.0,1.0,0.0,1.0,2.0,-1.4946169,-0.8373796,0.0
4119,0.0,0.0,1.0,1.0,-0.41453668,1.0,0.0,0.0,2.0,2.0,2.0,0.0,0.0,0.0,0.0,0.0,3.0,-0.12039156,-0.3729058,1.0
4120,1.0,0.0,1.0,0.0,-0.046653092,1.0,0.0,0.0,2.0,2.0,2.0,2.0,0.0,2.0,1.0,1.0,1.0,0.35883403,0.07284671,0.0
4121,1.0,0.0,0.0,0.0,-1.2320558,1.0,0.0,2.0,1.0,1.0,1.0,1.0,1.0,1.0,0.0,0.0,3.0,-1.5029657,-0.98779434,0.0
4122,1.0,0.0,0.0,0.0,-0.29190883,1.0,0.0,1.0,0.0,0.0,2.0,2.0,2.0,2.0,2.0,0.0,0.0,1.1536472,0.11244593,0.0
4123,0.0,0.0,0.0,0.0,-1.2729317,1.0,0.0,0.0,0.0,0.0,0.0,0.0,0.0,0.0,0.0,1.0,2.0,-0.6497104,-0.98512626,1.0
4124,0.0,1.0,0.0,0.0,-1.1911799,1.0,0.0,0.0,0.0,0.0,0.0,0.0,0.0,0.0,0.0,0.0,2.0,-0.65972906,-0.948751,1.0
4125,0.0,0.0,0.0,0.0,-1.1094279,1.0,0.0,0.0,0.0,2.0,0.0,0.0,0.0,0.0,0.0,0.0,0.0,-0.47438398,-0.8964338,0.0
4126,0.0,1.0,0.0,0.0,0.72999007,1.0,2.0,1.0,0.0,0.0,2.0,2.0,2.0,2.0,0.0,1.0,2.0,1.3423319,1.3170316,0.0
4127,1.0,0.0,0.0,0.0,-0.41453668,1.0,2.0,1.0,0.0,2.0,0.0,0.0,0.0,0.0,0.0,1.0,3.0,0.470709,-0.29366288,0.0
4128,1.0,0.0,0.0,1.0,0.15772669,1.0,0.0,1.0,0.0,2.0,0.0,0.0,2.0,2.0,0.0,1.0,2.0,1.0000279,0.5566865,0.0
4129,0.0,0.0,1.0,1.0,-0.8641722,0.0,1.0,0.0,2.0,0.0,0.0,0.0,0.0,0.0,0.0,1.0,2.0,-1.1740199,-0.8512093,0.0
4130,0.0,0.0,0.0,0.0,-1.068552,1.0,2.0,1.0,0.0,2.0,0.0,0.0,2.0,0.0,0.0,1.0,2.0,0.8347201,-0.75951517,0.0
4131,0.0,0.0,1.0,0.0,1.0569977,1.0,2.0,1.0,2.0,2.0,0.0,2.0,2.0,2.0,2.0,1.0,1.0,1.4809232,1.8378915,0.0
4132,0.0,0.0,0.0,1.0,0.44385839,1.0,0.0,0.0,2.0,2.0,0.0,0.0,0.0,2.0,0.0,1.0,2.0,-0.02688413,0.21185532,0.0
4133,0.0,0.0,0.0,0.0,-1.2729317,1.0,0.0,1.0,0.0,2.0,0.0,0.0,0.0,0.0,0.0,1.0,2.0,0.36551315,-0.9716078,1.0
4134,0.0,0.0,0.0,0.0,-1.2320558,1.0,0.0,0.0,0.0,2.0,0.0,2.0,0.0,0.0,0.0,1.0,1.0,-0.3241042,-0.95957905,1.0
4135,1.0,0.0,1.0,1.0,-1.2729317,1.0,0.0,1.0,0.0,0.0,0.0,0.0,0.0,0.0,0.0,1.0,2.0,0.20855422,-0.97369784,1.0
4136,0.0,0.0,1.0,1.0,1.5883851,1.0,2.0,1.0,2.0,2.0,2.0,0.0,2.0,2.0,2.0,1.0,0.0,1.4775836,2.401819,0.0
4137,1.0,0.0,0.0,0.0,-0.8641722,1.0,0.0,2.0,1.0,1.0,1.0,1.0,1.0,1.0,2.0,0.0,1.0,-1.5096449,-0.906039,0.0
4138,1.0,0.0,0.0,0.0,-1.068552,1.0,0.0,2.0,1.0,1.0,1.0,1.0,1.0,1.0,0.0,0.0,3.0,-1.5296822,-0.9562884,0.0
4139,0.0,0.0,1.0,1.0,-1.1911799,0.0,1.0,0.0,0.0,2.0,0.0,0.0,0.0,2.0,0.0,0.0,3.0,-0.816688,-0.9641371,0.0
4140,0.0,0.0,0.0,0.0,-1.2320558,1.0,0.0,1.0,0.0,0.0,2.0,0.0,0.0,2.0,0.0,1.0,3.0,0.716166,-0.9258052,1.0
4141,0.0,0.0,0.0,0.0,0.8934939,1.0,0.0,2.0,1.0,1.0,1.0,1.0,1.0,1.0,2.0,1.0,3.0,-1.4779191,-0.54471,0.0
4142,1.0,0.0,0.0,0.0,-1.027676,1.0,2.0,1.0,0.0,0.0,2.0,0.0,2.0,0.0,0.0,1.0,2.0,0.85809696,-0.741372,1.0
4143,1.0,0.0,1.0,0.0,-0.45541266,1.0,0.0,0.0,0.0,0.0,0.0,0.0,2.0,0.0,0.0,0.0,0.0,-0.33913216,-0.50491065,0.0
4144,0.0,0.0,0.0,0.0,-0.9868001,1.0,2.0,1.0,2.0,0.0,0.0,2.0,2.0,2.0,0.0,1.0,0.0,1.2888991,-0.62848866,1.0
4145,1.0,0.0,0.0,0.0,-1.2320558,1.0,0.0,1.0,0.0,0.0,0.0,0.0,0.0,0.0,0.0,1.0,1.0,0.16847962,-0.9453714,1.0
4146,1.0,0.0,0.0,0.0,-1.2729317,0.0,1.0,0.0,0.0,0.0,0.0,0.0,0.0,0.0,0.0,1.0,2.0,-1.3526859,-0.99448687,1.0
4147,1.0,0.0,1.0,1.0,1.0569977,1.0,2.0,1.0,0.0,0.0,0.0,0.0,2.0,0.0,2.0,0.0,0.0,0.5926026,1.1416922,0.0
4148,1.0,1.0,0.0,0.0,0.48473433,1.0,0.0,1.0,0.0,0.0,2.0,0.0,0.0,0.0,0.0,0.0,2.0,0.30373144,0.3832148,0.0
4149,1.0,0.0,1.0,1.0,-0.7824203,1.0,0.0,1.0,2.0,0.0,0.0,0.0,0.0,2.0,0.0,0.0,2.0,0.64436567,-0.5182067,1.0
4150,1.0,0.0,1.0,1.0,-0.45541266,1.0,2.0,0.0,2.0,0.0,0.0,0.0,2.0,2.0,1.0,1.0,0.0,0.37219223,-0.3161195,0.0
4151,0.0,0.0,1.0,0.0,1.0978737,1.0,2.0,1.0,0.0,0.0,2.0,2.0,2.0,0.0,0.0,0.0,2.0,0.9549439,1.3900267,0.0
4152,1.0,0.0,1.0,0.0,-0.9868001,1.0,0.0,2.0,1.0,1.0,1.0,1.0,1.0,1.0,0.0,1.0,0.0,-1.5096449,-0.9336095,0.0
4153,1.0,0.0,1.0,0.0,0.9752458,1.0,2.0,1.0,0.0,2.0,0.0,0.0,2.0,2.0,1.0,0.0,1.0,1.1870427,1.4913927,1.0
4154,0.0,0.0,0.0,0.0,-0.82329625,1.0,0.0,0.0,0.0,2.0,0.0,0.0,0.0,0.0,0.0,1.0,2.0,-0.51278883,-0.73327875,0.0
4155,0.0,0.0,1.0,1.0,-0.37366074,1.0,0.0,1.0,2.0,2.0,0.0,2.0,0.0,0.0,0.0,0.0,3.0,0.6560541,-0.14398183,0.0
4156,1.0,0.0,0.0,0.0,-1.2320558,1.0,0.0,1.0,0.0,0.0,0.0,0.0,2.0,0.0,0.0,1.0,2.0,0.5074441,-0.92769516,0.0
4157,1.0,0.0,1.0,0.0,0.03509882,1.0,2.0,0.0,2.0,2.0,2.0,0.0,2.0,0.0,0.0,1.0,0.0,0.26699638,0.08307447,0.0
4158,1.0,0.0,1.0,0.0,1.1387496,0.0,1.0,0.0,0.0,2.0,2.0,2.0,2.0,2.0,0.0,1.0,0.0,-0.1521173,0.58777,0.0
4159,1.0,0.0,0.0,1.0,-0.08752905,1.0,0.0,0.0,0.0,2.0,2.0,0.0,2.0,0.0,1.0,0.0,1.0,-0.008516598,-0.14705016,0.0
4160,1.0,0.0,0.0,0.0,0.8934939,1.0,0.0,2.0,1.0,1.0,1.0,1.0,1.0,1.0,2.0,0.0,1.0,-1.5063053,-0.55671644,0.0
4161,0.0,1.0,1.0,0.0,1.5475092,1.0,2.0,1.0,2.0,2.0,2.0,2.0,2.0,2.0,2.0,1.0,1.0,1.6111658,2.5466976,0.0
4162,1.0,0.0,0.0,0.0,-1.1911799,1.0,0.0,2.0,1.0,1.0,1.0,1.0,1.0,1.0,0.0,1.0,2.0,-1.486268,-0.97794455,0.0
4163,0.0,1.0,0.0,0.0,0.6073622,1.0,2.0,1.0,0.0,2.0,2.0,0.0,0.0,0.0,0.0,1.0,0.0,0.6827705,0.75984097,1.0
4164,1.0,0.0,1.0,0.0,0.9752458,1.0,2.0,2.0,1.0,1.0,1.0,1.0,1.0,1.0,2.0,1.0,1.0,-1.3226299,-0.41510645,1.0
4165,0.0,0.0,1.0,0.0,0.56648624,1.0,0.0,0.0,0.0,2.0,0.0,0.0,2.0,2.0,0.0,1.0,1.0,0.14510275,0.40349245,0.0
4166,0.0,0.0,0.0,1.0,-0.41453668,0.0,1.0,0.0,0.0,0.0,2.0,0.0,2.0,2.0,1.0,1.0,1.0,-0.51111907,-0.5466221,0.0
4167,0.0,0.0,1.0,0.0,1.4657573,1.0,2.0,1.0,2.0,2.0,2.0,0.0,2.0,2.0,2.0,1.0,0.0,1.5376956,2.3537042,0.0
4168,0.0,0.0,0.0,0.0,-0.90504813,1.0,0.0,0.0,0.0,2.0,0.0,2.0,0.0,2.0,1.0,0.0,3.0,0.004841607,-0.7004165,0.0
4169,1.0,0.0,0.0,0.0,-0.128405,1.0,0.0,1.0,0.0,0.0,2.0,2.0,2.0,2.0,0.0,1.0,1.0,1.1369494,0.24300553,0.0
4170,1.0,0.0,1.0,1.0,-0.7415443,1.0,0.0,2.0,1.0,1.0,1.0,1.0,1.0,1.0,1.0,0.0,3.0,-1.5029657,-0.8677071,0.0
4171,0.0,1.0,0.0,0.0,0.52561027,1.0,2.0,1.0,0.0,0.0,2.0,0.0,2.0,2.0,1.0,1.0,0.0,1.1820334,0.97793686,0.0
4172,1.0,1.0,1.0,0.0,-1.2729317,1.0,2.0,1.0,0.0,0.0,0.0,0.0,0.0,0.0,0.0,1.0,2.0,0.32209897,-0.9721859,1.0
4173,0.0,0.0,1.0,1.0,-0.7824203,1.0,0.0,0.0,2.0,0.0,0.0,2.0,0.0,0.0,1.0,0.0,0.0,-0.35416013,-0.6935239,0.0
4174,1.0,0.0,0.0,1.0,1.3840053,1.0,2.0,2.0,1.0,1.0,1.0,1.0,1.0,1.0,2.0,1.0,1.0,-1.3176206,-0.2609563,0.0
4175,1.0,1.0,1.0,0.0,1.629261,1.0,2.0,0.0,0.0,0.0,2.0,0.0,2.0,2.0,2.0,1.0,1.0,0.29037324,1.3644572,0.0
4176,0.0,0.0,1.0,1.0,-1.068552,1.0,0.0,2.0,1.0,1.0,1.0,1.0,1.0,1.0,0.0,0.0,3.0,-1.4996262,-0.95221955,0.0
4177,1.0,0.0,1.0,1.0,1.0978737,1.0,2.0,1.0,2.0,2.0,0.0,2.0,2.0,2.0,2.0,1.0,3.0,1.5477142,1.9097304,0.0
4178,1.0,0.0,1.0,0.0,1.629261,1.0,2.0,0.0,2.0,2.0,2.0,0.0,2.0,2.0,2.0,1.0,2.0,0.68444026,1.6997944,0.0
4179,1.0,0.0,1.0,1.0,-0.29190883,1.0,2.0,2.0,1.0,1.0,1.0,1.0,1.0,1.0,2.0,0.0,1.0,-1.3109416,-0.72485197,0.0
4180,0.0,0.0,0.0,0.0,-1.2729317,1.0,0.0,2.0,1.0,1.0,1.0,1.0,1.0,1.0,0.0,1.0,3.0,-1.5246729,-0.996777,1.0
4181,0.0,0.0,0.0,0.0,-1.2320558,1.0,0.0,1.0,0.0,0.0,0.0,0.0,2.0,0.0,0.0,1.0,2.0,0.50076497,-0.9321198,1.0
4182,0.0,1.0,0.0,0.0,0.9752458,1.0,2.0,1.0,0.0,2.0,2.0,0.0,2.0,2.0,0.0,0.0,2.0,1.3356527,1.5922918,0.0
4183,0.0,0.0,0.0,0.0,0.6482381,1.0,2.0,0.0,0.0,2.0,2.0,2.0,2.0,0.0,1.0,1.0,0.0,0.30373144,0.58732533,0.0
4184,1.0,0.0,0.0,0.0,-1.1503038,1.0,0.0,0.0,0.0,0.0,0.0,0.0,0.0,0.0,0.0,1.0,1.0,-0.6664082,-0.92691696,0.0
4185,0.0,1.0,1.0,1.0,-0.7415443,1.0,2.0,1.0,0.0,0.0,0.0,0.0,2.0,2.0,0.0,1.0,2.0,1.036763,-0.4065907,0.0
4186,1.0,0.0,1.0,0.0,0.28035456,1.0,0.0,2.0,1.0,1.0,1.0,1.0,1.0,1.0,2.0,1.0,0.0,-1.4795889,-0.6539691,0.0
4187,0.0,0.0,0.0,0.0,1.1387496,0.0,1.0,0.0,2.0,0.0,2.0,0.0,0.0,2.0,1.0,1.0,2.0,-0.6780966,0.22824198,0.0
4188,1.0,0.0,0.0,0.0,1.629261,1.0,2.0,1.0,2.0,2.0,2.0,2.0,2.0,2.0,2.0,1.0,2.0,1.7848223,2.7955213,0.0
4189,1.0,0.0,0.0,0.0,-0.33278477,1.0,2.0,1.0,0.0,0.0,0.0,0.0,2.0,2.0,0.0,1.0,2.0,0.97999054,0.027666684,0.0
4190,0.0,0.0,0.0,0.0,-0.005777135,1.0,2.0,0.0,0.0,2.0,0.0,0.0,0.0,0.0,0.0,1.0,2.0,-0.35249037,-0.231696,0.0
4191,1.0,0.0,1.0,1.0,1.629261,1.0,2.0,0.0,2.0,2.0,2.0,2.0,0.0,0.0,2.0,0.0,0.0,0.17014939,1.2636694,0.0
4192,1.0,0.0,0.0,0.0,1.0978737,1.0,0.0,2.0,1.0,1.0,1.0,1.0,1.0,1.0,2.0,0.0,3.0,-1.5163239,-0.5162946,1.0
4193,0.0,0.0,0.0,0.0,-0.25103286,1.0,0.0,0.0,0.0,2.0,2.0,0.0,0.0,0.0,0.0,1.0,1.0,-0.33412284,-0.37964278,0.0
4194,1.0,0.0,0.0,0.0,1.2205015,1.0,2.0,1.0,2.0,2.0,0.0,0.0,0.0,2.0,1.0,1.0,0.0,0.9198786,1.5434209,0.0
4195,1.0,1.0,0.0,0.0,-1.2729317,1.0,0.0,0.0,0.0,0.0,0.0,0.0,0.0,0.0,0.0,0.0,0.0,-0.6513802,-0.9851485,0.0
4196,0.0,0.0,1.0,0.0,1.5883851,1.0,2.0,0.0,2.0,2.0,2.0,2.0,2.0,2.0,2.0,0.0,1.0,0.9499346,1.8879186,0.0
4197,1.0,0.0,0.0,1.0,-1.1094279,1.0,0.0,2.0,1.0,1.0,1.0,1.0,1.0,1.0,0.0,0.0,3.0,-1.4879378,-0.9680281,0.0
4198,0.0,0.0,0.0,0.0,-0.9459241,1.0,0.0,1.0,0.0,0.0,0.0,0.0,0.0,0.0,0.0,0.0,2.0,0.20855422,-0.70619744,1.0
4199,0.0,0.0,0.0,0.0,1.2205015,1.0,2.0,1.0,2.0,2.0,2.0,2.0,2.0,2.0,1.0,1.0,1.0,1.6796265,2.1668696,0.0
4200,1.0,0.0,0.0,0.0,-0.9459241,1.0,0.0,0.0,2.0,0.0,0.0,2.0,0.0,2.0,0.0,0.0,3.0,0.0065113828,-0.7616719,0.0
4201,1.0,0.0,0.0,0.0,1.3022535,1.0,2.0,1.0,2.0,2.0,0.0,0.0,0.0,0.0,1.0,1.0,1.0,0.65271455,1.3466921,0.0
4202,0.0,0.0,1.0,0.0,1.5883851,1.0,2.0,1.0,0.0,0.0,0.0,0.0,2.0,2.0,2.0,1.0,0.0,0.96663237,1.9231377,1.0
4203,1.0,0.0,0.0,0.0,-0.25103286,1.0,0.0,0.0,2.0,0.0,0.0,2.0,2.0,2.0,1.0,0.0,0.0,0.34213626,-0.15665536,0.0
4204,1.0,0.0,0.0,0.0,1.2205015,1.0,2.0,1.0,2.0,2.0,2.0,0.0,0.0,0.0,0.0,0.0,0.0,0.8664458,1.4789416,0.0
4205,0.0,0.0,1.0,0.0,0.44385839,0.0,1.0,0.0,2.0,0.0,0.0,2.0,0.0,0.0,0.0,0.0,0.0,-1.0270797,-0.33586353,0.0
4206,0.0,0.0,0.0,0.0,1.3840053,1.0,2.0,1.0,0.0,0.0,2.0,0.0,2.0,0.0,1.0,1.0,0.0,0.9148693,1.6881437,0.0
4207,1.0,0.0,1.0,0.0,1.3431294,1.0,2.0,0.0,2.0,2.0,2.0,0.0,0.0,0.0,1.0,0.0,1.0,0.076641954,0.9111229,0.0
4208,0.0,0.0,1.0,1.0,1.1796255,1.0,0.0,2.0,1.0,1.0,1.0,1.0,1.0,1.0,1.0,0.0,1.0,-1.5246729,-0.4966395,0.0
4209,0.0,0.0,0.0,0.0,-1.2729317,1.0,0.0,0.0,0.0,0.0,0.0,0.0,0.0,0.0,0.0,0.0,3.0,-0.6497104,-0.98512626,0.0
4210,0.0,0.0,1.0,1.0,1.629261,1.0,2.0,1.0,2.0,2.0,2.0,2.0,2.0,2.0,2.0,1.0,0.0,1.8031899,2.8512402,0.0
4211,0.0,0.0,0.0,0.0,-0.128405,1.0,2.0,0.0,0.0,0.0,0.0,0.0,2.0,2.0,1.0,1.0,1.0,0.20855422,-0.08028066,0.0
4212,0.0,0.0,1.0,1.0,1.2205015,0.0,1.0,0.0,2.0,2.0,0.0,2.0,2.0,0.0,2.0,0.0,0.0,-0.53616565,0.33258736,0.0
4213,0.0,1.0,1.0,0.0,1.5883851,1.0,0.0,1.0,2.0,2.0,2.0,2.0,2.0,2.0,2.0,1.0,0.0,1.5009605,2.509633,0.0
4214,0.0,0.0,0.0,0.0,-1.2320558,1.0,0.0,2.0,1.0,1.0,1.0,1.0,1.0,1.0,0.0,0.0,3.0,-1.5179937,-0.98552644,0.0
4215,1.0,0.0,0.0,0.0,-0.9868001,1.0,2.0,0.0,0.0,0.0,0.0,0.0,2.0,0.0,0.0,1.0,2.0,-0.18384303,-0.8111209,0.0
4216,1.0,0.0,1.0,0.0,0.6073622,1.0,2.0,1.0,0.0,2.0,2.0,0.0,0.0,0.0,0.0,1.0,0.0,0.6209888,0.80237514,1.0
4217,0.0,1.0,0.0,0.0,-1.1911799,1.0,0.0,1.0,0.0,0.0,0.0,0.0,0.0,0.0,0.0,1.0,2.0,0.18517737,-0.9005471,1.0
4218,0.0,0.0,0.0,0.0,-0.08752905,1.0,0.0,0.0,2.0,2.0,2.0,2.0,2.0,0.0,1.0,0.0,1.0,0.33044785,0.02132992,0.0
4219,0.0,0.0,0.0,0.0,0.52561027,1.0,2.0,1.0,2.0,2.0,0.0,0.0,0.0,2.0,1.0,0.0,0.0,1.0684886,0.970355,0.0
4220,0.0,0.0,0.0,0.0,-0.9459241,1.0,0.0,2.0,1.0,1.0,1.0,1.0,1.0,1.0,0.0,0.0,3.0,-1.486268,-0.9224923,0.0
4221,0.0,0.0,0.0,0.0,0.07597478,1.0,2.0,0.0,0.0,0.0,0.0,2.0,2.0,0.0,0.0,0.0,3.0,0.008181158,-0.045862023,0.0
4222,1.0,0.0,1.0,1.0,0.52561027,1.0,0.0,0.0,2.0,0.0,0.0,2.0,0.0,0.0,2.0,0.0,0.0,-0.3374624,0.13032228,0.0
4223,0.0,0.0,0.0,1.0,-1.1911799,1.0,0.0,0.0,2.0,0.0,0.0,2.0,0.0,0.0,0.0,1.0,3.0,-0.3224344,-0.9364999,1.0
4224,1.0,0.0,1.0,1.0,1.4248813,1.0,0.0,0.0,2.0,0.0,2.0,2.0,0.0,2.0,2.0,0.0,3.0,0.103358366,1.0525773,0.0
4225,1.0,0.0,0.0,0.0,-0.33278477,0.0,1.0,0.0,2.0,0.0,0.0,0.0,2.0,2.0,1.0,1.0,3.0,-0.47271422,-0.43218234,0.0
4226,1.0,0.0,0.0,0.0,1.2613775,1.0,2.0,0.0,2.0,2.0,2.0,2.0,0.0,0.0,1.0,0.0,0.0,0.13508411,0.8229863,0.0
4227,1.0,0.0,0.0,0.0,-0.7006684,1.0,2.0,0.0,0.0,0.0,0.0,0.0,0.0,0.0,0.0,1.0,2.0,-0.526147,-0.67209005,0.0
4228,1.0,0.0,1.0,0.0,1.629261,1.0,2.0,1.0,0.0,2.0,2.0,0.0,2.0,2.0,2.0,1.0,0.0,1.3022572,2.2614765,0.0
4229,0.0,0.0,0.0,0.0,-1.2729317,0.0,1.0,0.0,0.0,0.0,0.0,0.0,0.0,0.0,0.0,0.0,2.0,-1.3409975,-0.99433124,1.0
4230,1.0,0.0,1.0,1.0,0.6073622,1.0,0.0,2.0,1.0,1.0,1.0,1.0,1.0,1.0,1.0,0.0,3.0,-1.4929471,-0.5821302,0.0
4231,1.0,0.0,0.0,0.0,-0.7824203,1.0,0.0,1.0,0.0,0.0,0.0,0.0,0.0,2.0,0.0,1.0,2.0,0.5375,-0.55671644,1.0
4232,0.0,0.0,1.0,1.0,-0.41453668,1.0,0.0,0.0,0.0,2.0,0.0,2.0,0.0,0.0,0.0,0.0,2.0,-0.32076463,-0.4689578,1.0
4233,1.0,0.0,0.0,1.0,-0.45541266,1.0,0.0,2.0,1.0,1.0,1.0,1.0,1.0,1.0,2.0,0.0,3.0,-1.5079751,-0.82873046,0.0
4234,1.0,0.0,1.0,0.0,-0.61891645,1.0,2.0,1.0,0.0,2.0,2.0,0.0,2.0,2.0,0.0,1.0,2.0,1.2621826,-0.2304064,0.0
4235,0.0,0.0,1.0,1.0,-0.82329625,1.0,0.0,2.0,1.0,1.0,1.0,1.0,1.0,1.0,0.0,0.0,0.0,-1.5146542,-0.91717833,0.0
4236,0.0,0.0,1.0,1.0,-0.33278477,0.0,1.0,0.0,2.0,2.0,2.0,0.0,2.0,2.0,1.0,0.0,2.0,-0.23894563,-0.39705223,0.0
4237,0.0,0.0,0.0,0.0,-1.2729317,1.0,0.0,2.0,1.0,1.0,1.0,1.0,1.0,1.0,0.0,1.0,3.0,-1.4979564,-0.9964213,1.0
4238,0.0,0.0,0.0,1.0,-0.7824203,1.0,2.0,0.0,2.0,2.0,2.0,2.0,2.0,2.0,2.0,0.0,1.0,0.80800366,-0.4886574,0.0
4239,0.0,0.0,0.0,0.0,-1.1503038,0.0,1.0,0.0,2.0,0.0,2.0,0.0,0.0,0.0,0.0,0.0,3.0,-0.9936842,-0.94490445,0.0
4240,1.0,1.0,1.0,0.0,0.03509882,1.0,2.0,1.0,0.0,2.0,0.0,0.0,2.0,2.0,0.0,1.0,0.0,1.1970614,0.4489615,0.0
4241,0.0,0.0,1.0,1.0,-0.61891645,1.0,2.0,1.0,2.0,0.0,2.0,0.0,2.0,2.0,0.0,1.0,2.0,1.3172852,-0.22996172,1.0
4242,1.0,0.0,0.0,0.0,-0.16928096,1.0,2.0,1.0,0.0,2.0,0.0,0.0,2.0,2.0,1.0,0.0,2.0,1.1837032,0.19024362,0.0
4243,1.0,0.0,1.0,1.0,-0.7824203,1.0,0.0,1.0,0.0,0.0,2.0,0.0,2.0,2.0,0.0,1.0,3.0,1.0651491,-0.48816824,1.0
4244,0.0,0.0,0.0,0.0,-0.7824203,1.0,2.0,1.0,0.0,0.0,0.0,0.0,0.0,2.0,0.0,1.0,2.0,0.6627332,-0.50935745,1.0
4245,0.0,0.0,0.0,0.0,-1.1503038,0.0,1.0,0.0,0.0,0.0,0.0,0.0,0.0,0.0,0.0,1.0,2.0,-1.3460069,-0.96676075,1.0
4246,1.0,0.0,0.0,0.0,-0.82329625,1.0,0.0,0.0,0.0,0.0,0.0,0.0,0.0,0.0,0.0,1.0,0.0,-0.6463709,-0.7745233,1.0
4247,1.0,1.0,0.0,0.0,0.4029824,1.0,2.0,1.0,0.0,2.0,0.0,0.0,0.0,0.0,0.0,1.0,0.0,0.48740676,0.4818015,0.0
4248,1.0,0.0,1.0,0.0,-0.33278477,0.0,1.0,0.0,0.0,0.0,2.0,0.0,0.0,0.0,0.0,0.0,2.0,-1.1907177,-0.69932705,0.0
4249,1.0,0.0,1.0,1.0,1.5475092,0.0,1.0,0.0,0.0,2.0,2.0,2.0,2.0,2.0,1.0,0.0,2.0,-0.14710797,0.83514845,0.0
4250,1.0,0.0,0.0,0.0,-0.128405,1.0,0.0,0.0,2.0,2.0,0.0,2.0,0.0,0.0,1.0,1.0,2.0,-0.2005408,-0.25099534,0.0
4251,1.0,1.0,0.0,0.0,1.5883851,1.0,2.0,1.0,0.0,2.0,0.0,2.0,2.0,2.0,2.0,1.0,2.0,1.4041135,2.3846543,0.0
4252,1.0,0.0,0.0,0.0,-1.027676,1.0,0.0,2.0,1.0,1.0,1.0,1.0,1.0,1.0,1.0,0.0,3.0,-1.5113146,-0.94808394,0.0
4253,1.0,0.0,1.0,0.0,0.4029824,1.0,2.0,0.0,2.0,0.0,0.0,0.0,0.0,0.0,1.0,0.0,1.0,-0.2890389,0.056126542,0.0
4254,1.0,0.0,0.0,0.0,0.116850734,1.0,0.0,2.0,1.0,1.0,1.0,1.0,1.0,1.0,2.0,1.0,3.0,-1.4879378,-0.7009279,0.0
4255,0.0,0.0,0.0,0.0,-0.7415443,1.0,0.0,1.0,0.0,2.0,0.0,0.0,0.0,2.0,0.0,1.0,2.0,0.71950555,-0.48011944,1.0
4256,1.0,0.0,1.0,1.0,-0.16928096,1.0,0.0,1.0,0.0,0.0,2.0,0.0,2.0,0.0,0.0,0.0,2.0,0.6911194,0.013014305,0.0
4257,1.0,0.0,1.0,0.0,-0.61891645,0.0,1.0,0.0,2.0,0.0,2.0,0.0,0.0,0.0,0.0,0.0,3.0,-1.0137215,-0.7416833,0.0
4258,0.0,0.0,1.0,0.0,1.0569977,1.0,2.0,0.0,2.0,0.0,0.0,2.0,0.0,2.0,1.0,1.0,2.0,0.121725895,0.7611306,0.0
4259,1.0,1.0,1.0,0.0,1.5475092,1.0,2.0,0.0,2.0,2.0,2.0,2.0,2.0,2.0,2.0,1.0,1.0,0.7946454,1.7991371,0.0
4260,0.0,1.0,0.0,0.0,0.56648624,1.0,2.0,0.0,0.0,0.0,2.0,2.0,0.0,2.0,1.0,1.0,1.0,0.14510275,0.4423357,0.0
4261,0.0,0.0,0.0,1.0,-0.25103286,0.0,1.0,0.0,2.0,0.0,0.0,2.0,0.0,2.0,0.0,0.0,3.0,-0.63301265,-0.4952165,0.0
4262,0.0,0.0,1.0,1.0,1.0978737,1.0,2.0,0.0,2.0,0.0,2.0,2.0,2.0,0.0,2.0,1.0,3.0,0.39055976,1.0044845,0.0
4263,1.0,0.0,0.0,0.0,0.19860265,1.0,0.0,1.0,0.0,0.0,0.0,0.0,0.0,0.0,0.0,1.0,3.0,0.18684715,0.12996653,0.0
4264,1.0,1.0,0.0,0.0,1.3022535,1.0,0.0,2.0,1.0,1.0,1.0,1.0,1.0,1.0,2.0,1.0,0.0,-1.4929471,-0.4725153,0.0
4265,0.0,0.0,1.0,1.0,-0.25103286,0.0,1.0,0.0,2.0,2.0,0.0,2.0,0.0,0.0,0.0,0.0,1.0,-0.8651115,-0.5494014,0.0
4266,0.0,1.0,0.0,0.0,-1.2729317,1.0,0.0,1.0,0.0,0.0,0.0,0.0,2.0,2.0,0.0,1.0,2.0,0.8196921,-0.9655601,1.0
4267,0.0,0.0,0.0,0.0,-0.9868001,1.0,0.0,0.0,2.0,2.0,0.0,2.0,0.0,0.0,1.0,0.0,0.0,-0.21890832,-0.79660195,0.0
4268,0.0,0.0,1.0,0.0,0.9752458,1.0,0.0,1.0,2.0,0.0,2.0,0.0,0.0,0.0,2.0,0.0,0.0,0.5191325,1.0018831,0.0
4269,0.0,0.0,0.0,0.0,0.44385839,1.0,0.0,1.0,0.0,2.0,2.0,0.0,2.0,0.0,0.0,1.0,2.0,0.89817154,0.7530595,0.0
4270,0.0,1.0,1.0,0.0,1.2205015,1.0,0.0,0.0,2.0,0.0,2.0,2.0,2.0,2.0,2.0,1.0,1.0,0.5074441,1.1380013,0.0
4271,1.0,0.0,0.0,0.0,-1.2729317,1.0,0.0,0.0,0.0,0.0,0.0,0.0,0.0,0.0,0.0,1.0,2.0,-0.6664082,-0.9853486,0.0
4272,1.0,0.0,1.0,1.0,0.9752458,1.0,2.0,1.0,0.0,2.0,0.0,2.0,2.0,0.0,0.0,1.0,1.0,1.0751678,1.4103488,0.0
4273,1.0,1.0,0.0,0.0,1.3840053,1.0,2.0,1.0,0.0,2.0,2.0,2.0,2.0,2.0,1.0,0.0,1.0,1.5410352,2.2996526,1.0
4274,0.0,0.0,0.0,0.0,-1.1094279,1.0,2.0,1.0,0.0,0.0,2.0,0.0,2.0,2.0,0.0,1.0,2.0,1.1937218,-0.7767023,1.0
4275,0.0,0.0,1.0,1.0,1.5475092,1.0,0.0,2.0,1.0,1.0,1.0,1.0,1.0,1.0,2.0,0.0,0.0,-1.5012959,-0.39216068,0.0
4276,1.0,0.0,1.0,0.0,-1.1503038,0.0,1.0,0.0,0.0,2.0,0.0,0.0,2.0,2.0,0.0,1.0,2.0,-0.541175,-0.9158887,1.0
4277,1.0,0.0,0.0,0.0,-0.8641722,1.0,0.0,1.0,2.0,0.0,2.0,0.0,0.0,0.0,0.0,1.0,0.0,0.49241608,-0.65145665,0.0
4278,0.0,1.0,0.0,0.0,-1.1503038,1.0,2.0,1.0,0.0,0.0,0.0,0.0,0.0,0.0,0.0,1.0,2.0,0.32376873,-0.8743329,0.0
4279,0.0,0.0,1.0,1.0,0.19860265,1.0,2.0,1.0,0.0,2.0,2.0,0.0,0.0,2.0,0.0,1.0,2.0,1.0150558,0.5657359,0.0
4280,0.0,0.0,1.0,1.0,1.4657573,1.0,0.0,2.0,1.0,1.0,1.0,1.0,1.0,1.0,2.0,1.0,0.0,-1.5163239,-0.43044809,0.0
4281,1.0,1.0,1.0,1.0,1.3022535,1.0,2.0,2.0,1.0,1.0,1.0,1.0,1.0,1.0,2.0,1.0,0.0,-1.3476766,-0.31660864,0.0
4282,0.0,0.0,0.0,1.0,-1.2729317,1.0,0.0,1.0,0.0,0.0,0.0,0.0,0.0,2.0,0.0,0.0,2.0,0.46402988,-0.97029597,1.0
4283,0.0,1.0,1.0,0.0,0.6073622,1.0,2.0,0.0,2.0,2.0,2.0,0.0,0.0,0.0,0.0,1.0,1.0,0.09000016,0.440846,0.0
4284,0.0,1.0,0.0,0.0,-0.5780405,1.0,0.0,1.0,0.0,0.0,2.0,0.0,0.0,2.0,0.0,1.0,2.0,0.6744216,-0.3633006,0.0
4285,0.0,0.0,1.0,0.0,-0.25103286,1.0,2.0,1.0,0.0,2.0,0.0,0.0,0.0,0.0,0.0,0.0,0.0,0.48573697,-0.108873926,0.0
4286,0.0,0.0,1.0,1.0,-0.6597924,1.0,2.0,1.0,0.0,2.0,0.0,0.0,0.0,0.0,0.0,1.0,1.0,0.5074441,-0.4414318,0.0
4287,0.0,0.0,0.0,0.0,-0.82329625,1.0,0.0,2.0,1.0,1.0,1.0,1.0,1.0,1.0,1.0,0.0,3.0,-1.5046356,-0.8892521,0.0
4288,0.0,0.0,1.0,0.0,0.56648624,0.0,1.0,0.0,0.0,0.0,0.0,0.0,2.0,2.0,0.0,1.0,2.0,-0.69479436,-0.112409174,0.0
4289,0.0,0.0,1.0,0.0,1.2613775,1.0,2.0,1.0,0.0,0.0,0.0,2.0,0.0,0.0,1.0,1.0,1.0,0.54918844,1.2026364,0.0
4290,0.0,1.0,0.0,0.0,-1.2729317,1.0,2.0,1.0,0.0,0.0,0.0,0.0,0.0,0.0,0.0,1.0,2.0,0.2452893,-0.97320867,0.0
4291,0.0,0.0,0.0,0.0,-0.005777135,1.0,2.0,1.0,0.0,0.0,0.0,0.0,2.0,0.0,1.0,0.0,2.0,0.64436567,0.23177722,1.0
4292,1.0,0.0,0.0,0.0,0.03509882,1.0,2.0,1.0,2.0,0.0,0.0,0.0,0.0,0.0,1.0,0.0,0.0,0.5124534,0.15237866,0.0
4293,1.0,1.0,1.0,0.0,-0.6597924,1.0,0.0,1.0,0.0,0.0,0.0,0.0,0.0,0.0,0.0,1.0,0.0,0.23527063,-0.48596704,1.0
4294,0.0,1.0,0.0,0.0,-0.7006684,1.0,0.0,1.0,0.0,0.0,0.0,0.0,2.0,2.0,0.0,1.0,2.0,0.8931622,-0.38257772,0.0
4295,0.0,0.0,1.0,0.0,0.07597478,1.0,2.0,0.0,2.0,2.0,0.0,2.0,0.0,0.0,0.0,0.0,2.0,-0.07029829,0.0063440264,1.0
4296,1.0,1.0,1.0,0.0,0.19860265,1.0,2.0,1.0,0.0,0.0,0.0,0.0,2.0,0.0,0.0,1.0,2.0,0.69946826,0.4048932,1.0
4297,0.0,1.0,1.0,0.0,-1.1911799,0.0,1.0,0.0,0.0,2.0,0.0,0.0,0.0,0.0,0.0,1.0,2.0,-1.1356151,-0.9684283,0.0
4298,1.0,0.0,0.0,0.0,0.6073622,1.0,0.0,2.0,1.0,1.0,1.0,1.0,1.0,1.0,2.0,0.0,0.0,-1.4795889,-0.58593225,0.0
4299,0.0,0.0,1.0,0.0,1.629261,1.0,2.0,0.0,2.0,2.0,2.0,2.0,2.0,2.0,2.0,1.0,2.0,0.9232182,2.0124083,0.0
4300,0.0,0.0,0.0,0.0,-1.027676,1.0,0.0,1.0,0.0,0.0,0.0,0.0,2.0,0.0,0.0,1.0,3.0,0.5191325,-0.77105474,1.0
4301,1.0,0.0,0.0,0.0,-0.53716457,1.0,2.0,0.0,0.0,0.0,2.0,2.0,0.0,0.0,0.0,0.0,2.0,-0.17382438,-0.49628374,0.0
4302,1.0,0.0,1.0,0.0,1.4657573,1.0,2.0,0.0,2.0,2.0,2.0,2.0,2.0,2.0,2.0,1.0,1.0,0.86978537,1.7975141,0.0
4303,0.0,0.0,0.0,0.0,-1.027676,1.0,0.0,1.0,0.0,0.0,0.0,0.0,2.0,0.0,0.0,1.0,2.0,0.49909517,-0.7446627,1.0
4304,1.0,1.0,1.0,0.0,-0.6597924,1.0,2.0,1.0,0.0,0.0,2.0,0.0,2.0,2.0,0.0,1.0,2.0,1.1352797,-0.2993104,1.0
4305,0.0,0.0,0.0,0.0,-0.9459241,1.0,0.0,1.0,0.0,0.0,0.0,0.0,2.0,0.0,0.0,1.0,0.0,0.43063438,-0.6876985,1.0
4306,1.0,0.0,0.0,0.0,1.2613775,1.0,0.0,2.0,1.0,1.0,1.0,1.0,1.0,1.0,1.0,0.0,3.0,-1.4779191,-0.41466177,0.0
4307,0.0,0.0,0.0,0.0,0.93436986,1.0,2.0,1.0,2.0,0.0,2.0,0.0,0.0,0.0,1.0,1.0,1.0,0.6510448,1.0357682,0.0
4308,1.0,0.0,0.0,0.0,-1.1911799,1.0,0.0,0.0,0.0,0.0,0.0,2.0,0.0,0.0,0.0,1.0,3.0,-0.47605377,-0.9395682,0.0
4309,0.0,1.0,1.0,0.0,1.5883851,1.0,0.0,1.0,0.0,2.0,2.0,0.0,0.0,2.0,2.0,0.0,1.0,0.8247014,1.8563904,0.0
4310,1.0,0.0,1.0,0.0,1.4248813,1.0,2.0,0.0,2.0,2.0,2.0,2.0,0.0,0.0,2.0,0.0,1.0,0.20521468,1.074567,0.0
4311,1.0,0.0,1.0,0.0,1.5066332,1.0,2.0,1.0,0.0,2.0,0.0,2.0,2.0,0.0,2.0,1.0,3.0,0.92488796,1.867641,0.0
4312,1.0,0.0,0.0,0.0,0.116850734,1.0,2.0,1.0,0.0,0.0,0.0,0.0,0.0,0.0,0.0,0.0,1.0,0.3538247,0.1669421,1.0
4313,1.0,0.0,0.0,0.0,-1.2729317,1.0,0.0,0.0,0.0,0.0,2.0,2.0,2.0,2.0,0.0,1.0,2.0,0.35883403,-0.97169673,0.0
4314,0.0,0.0,0.0,0.0,-0.41453668,1.0,0.0,1.0,0.0,2.0,0.0,0.0,0.0,2.0,0.0,1.0,3.0,0.65271455,-0.18009028,1.0
4315,0.0,0.0,1.0,1.0,0.9752458,1.0,0.0,1.0,0.0,0.0,0.0,0.0,2.0,2.0,1.0,0.0,0.0,0.8063339,1.203926,0.0
4316,1.0,0.0,0.0,0.0,-0.82329625,1.0,0.0,0.0,0.0,2.0,0.0,0.0,0.0,0.0,0.0,1.0,0.0,-0.52447724,-0.7415499,0.0
4317,0.0,0.0,1.0,0.0,0.19860265,1.0,0.0,2.0,1.0,1.0,1.0,1.0,1.0,1.0,1.0,1.0,0.0,-1.4996262,-0.6862088,0.0
4318,1.0,1.0,1.0,1.0,1.4657573,1.0,0.0,2.0,1.0,1.0,1.0,1.0,1.0,1.0,1.0,0.0,0.0,-1.5113146,-0.4745164,0.0
4319,0.0,0.0,0.0,0.0,-0.08752905,1.0,0.0,2.0,1.0,1.0,1.0,1.0,1.0,1.0,2.0,0.0,1.0,-1.5146542,-0.74802005,0.0
4320,1.0,0.0,1.0,1.0,-0.82329625,0.0,1.0,0.0,0.0,2.0,0.0,2.0,0.0,0.0,0.0,0.0,3.0,-0.9769864,-0.8130553,0.0
4321,0.0,0.0,0.0,0.0,-0.7006684,1.0,0.0,2.0,1.0,1.0,1.0,1.0,1.0,1.0,0.0,0.0,3.0,-1.5079751,-0.8721317,0.0
4322,1.0,0.0,0.0,0.0,-1.1094279,1.0,0.0,0.0,0.0,0.0,2.0,2.0,0.0,0.0,0.0,0.0,2.0,-0.28736913,-0.875667,0.0
4323,0.0,0.0,0.0,0.0,-0.82329625,1.0,2.0,0.0,2.0,0.0,2.0,2.0,0.0,0.0,0.0,1.0,3.0,-0.103693806,-0.6878764,1.0
4324,1.0,0.0,0.0,0.0,-1.2729317,1.0,0.0,1.0,0.0,0.0,0.0,0.0,0.0,0.0,0.0,1.0,2.0,0.14510275,-0.97454274,1.0
4325,0.0,0.0,0.0,1.0,-1.1503038,1.0,0.0,2.0,1.0,1.0,1.0,1.0,1.0,1.0,0.0,0.0,1.0,-1.4812586,-0.9632477,0.0
4326,1.0,0.0,0.0,0.0,-1.2729317,1.0,0.0,1.0,0.0,0.0,0.0,0.0,0.0,0.0,0.0,1.0,3.0,0.22692175,-0.9734533,1.0
4327,0.0,1.0,1.0,0.0,1.0569977,1.0,0.0,1.0,2.0,2.0,0.0,2.0,2.0,2.0,1.0,1.0,1.0,1.3606994,1.754224,1.0
4328,0.0,0.0,1.0,1.0,-0.82329625,1.0,2.0,1.0,0.0,2.0,2.0,0.0,0.0,0.0,0.0,1.0,2.0,0.6593936,-0.5975386,1.0
4329,0.0,0.0,1.0,1.0,-1.068552,0.0,1.0,0.0,0.0,2.0,2.0,2.0,0.0,0.0,2.0,0.0,3.0,-0.8083391,-0.90855145,0.0
4330,0.0,0.0,0.0,0.0,1.1387496,1.0,2.0,2.0,1.0,1.0,1.0,1.0,1.0,1.0,2.0,0.0,3.0,-1.3276393,-0.33599693,0.0
4331,0.0,0.0,0.0,0.0,-0.82329625,0.0,1.0,0.0,2.0,0.0,2.0,2.0,0.0,2.0,2.0,0.0,3.0,-0.49776083,-0.7597597,0.0
4332,1.0,0.0,1.0,1.0,-0.53716457,1.0,0.0,2.0,1.0,1.0,1.0,1.0,1.0,1.0,1.0,0.0,3.0,-1.5012959,-0.8520764,0.0
4333,0.0,0.0,0.0,0.0,1.4248813,1.0,0.0,0.0,2.0,2.0,0.0,2.0,0.0,0.0,1.0,0.0,1.0,-0.14209865,0.7156615,0.0
4334,0.0,0.0,0.0,0.0,-1.1503038,1.0,2.0,1.0,0.0,2.0,0.0,0.0,0.0,0.0,0.0,0.0,0.0,0.44065303,-0.8693969,1.0
4335,0.0,0.0,0.0,0.0,-0.7824203,0.0,1.0,0.0,0.0,0.0,0.0,0.0,0.0,2.0,0.0,1.0,2.0,-0.99034464,-0.8068964,1.0
4336,1.0,1.0,0.0,0.0,-1.2729317,1.0,0.0,2.0,1.0,1.0,1.0,1.0,1.0,1.0,0.0,0.0,3.0,-1.4929471,-0.9963546,1.0
4337,1.0,0.0,1.0,1.0,-1.068552,1.0,0.0,1.0,0.0,0.0,0.0,0.0,0.0,0.0,0.0,1.0,2.0,0.16847962,-0.8372462,0.0
4338,1.0,1.0,0.0,0.0,1.3431294,1.0,2.0,1.0,2.0,0.0,2.0,2.0,2.0,2.0,2.0,1.0,2.0,1.5226676,2.2169857,0.0
4339,1.0,0.0,0.0,0.0,0.3212305,1.0,2.0,2.0,1.0,1.0,1.0,1.0,1.0,1.0,2.0,1.0,3.0,-1.3409975,-0.57216924,0.0
4340,0.0,0.0,1.0,1.0,-1.2320558,1.0,0.0,1.0,0.0,0.0,0.0,0.0,0.0,0.0,0.0,1.0,2.0,0.23026131,-0.94490445,0.0
4341,0.0,0.0,1.0,1.0,0.28035456,1.0,0.0,2.0,1.0,1.0,1.0,1.0,1.0,1.0,2.0,1.0,0.0,-1.4996262,-0.62515354,0.0
4342,0.0,0.0,0.0,1.0,-1.027676,0.0,1.0,0.0,2.0,0.0,0.0,0.0,0.0,0.0,0.0,0.0,3.0,-1.1673409,-0.9154663,0.0
4343,0.0,0.0,0.0,0.0,-1.2729317,1.0,0.0,0.0,0.0,0.0,2.0,0.0,0.0,0.0,0.0,1.0,3.0,-0.47772354,-0.9828361,1.0
4344,0.0,0.0,1.0,1.0,1.5883851,0.0,1.0,0.0,2.0,2.0,0.0,2.0,2.0,2.0,2.0,0.0,0.0,-0.16881505,0.8280112,0.0
4345,1.0,0.0,0.0,1.0,1.3840053,1.0,0.0,2.0,1.0,1.0,1.0,1.0,1.0,1.0,2.0,0.0,3.0,-1.4762493,-0.40178812,0.0
4346,0.0,0.0,0.0,1.0,-1.2729317,0.0,1.0,0.0,0.0,0.0,0.0,0.0,0.0,0.0,0.0,0.0,3.0,-1.3376579,-0.9942868,0.0
4347,0.0,0.0,0.0,0.0,-1.2729317,1.0,0.0,2.0,1.0,1.0,1.0,1.0,1.0,1.0,0.0,0.0,2.0,-1.5029657,-0.996488,0.0
4348,0.0,0.0,0.0,0.0,0.8934939,1.0,2.0,1.0,0.0,0.0,0.0,2.0,2.0,2.0,0.0,1.0,2.0,1.1803637,1.4142176,1.0
4349,0.0,0.0,0.0,0.0,-1.2729317,0.0,1.0,0.0,0.0,0.0,0.0,0.0,2.0,0.0,0.0,1.0,2.0,-1.0037029,-0.9898399,1.0
4350,1.0,0.0,1.0,0.0,0.56648624,1.0,0.0,0.0,2.0,2.0,2.0,2.0,0.0,0.0,2.0,0.0,3.0,0.02988824,0.34975222,0.0
4351,0.0,0.0,0.0,0.0,0.8526179,0.0,1.0,0.0,2.0,2.0,2.0,2.0,2.0,0.0,1.0,1.0,2.0,-0.3725277,0.27506733,0.0
4352,1.0,0.0,0.0,0.0,-1.2320558,1.0,2.0,1.0,0.0,0.0,0.0,0.0,0.0,2.0,0.0,1.0,2.0,0.7094869,-0.9316973,1.0
4353,1.0,1.0,0.0,0.0,-0.61891645,1.0,0.0,1.0,0.0,2.0,2.0,0.0,2.0,2.0,0.0,1.0,2.0,1.237136,-0.22598179,0.0
4354,0.0,0.0,0.0,0.0,-1.2729317,1.0,0.0,0.0,0.0,0.0,0.0,0.0,0.0,0.0,0.0,0.0,3.0,-0.62800336,-0.9848372,1.0
4355,1.0,0.0,0.0,1.0,-0.53716457,1.0,2.0,2.0,1.0,1.0,1.0,1.0,1.0,1.0,0.0,1.0,1.0,-1.3576952,-0.8099647,0.0
4356,0.0,0.0,1.0,0.0,1.3022535,1.0,0.0,2.0,1.0,1.0,1.0,1.0,1.0,1.0,2.0,0.0,1.0,-1.5129844,-0.460242,0.0
4357,1.0,0.0,0.0,0.0,0.48473433,1.0,0.0,2.0,1.0,1.0,1.0,1.0,1.0,1.0,2.0,0.0,3.0,-1.4929471,-0.62940025,0.0
4358,1.0,0.0,0.0,0.0,-1.2320558,1.0,0.0,0.0,0.0,0.0,0.0,0.0,0.0,0.0,0.0,0.0,3.0,-0.6313429,-0.969251,1.0
4359,1.0,1.0,0.0,0.0,-1.2729317,1.0,0.0,0.0,0.0,0.0,0.0,0.0,0.0,0.0,0.0,0.0,2.0,-0.6163149,-0.98468155,0.0
4360,1.0,0.0,0.0,0.0,-1.1094279,1.0,0.0,1.0,0.0,0.0,0.0,0.0,0.0,0.0,0.0,1.0,2.0,0.16680984,-0.8609257,1.0
4361,0.0,1.0,1.0,0.0,-0.41453668,1.0,2.0,0.0,2.0,2.0,0.0,2.0,0.0,0.0,0.0,1.0,3.0,-0.040242333,-0.39080438,0.0
4362,1.0,0.0,1.0,1.0,0.2394786,1.0,2.0,1.0,0.0,2.0,2.0,0.0,2.0,0.0,0.0,1.0,2.0,0.9983581,0.60640234,1.0
4363,1.0,0.0,0.0,0.0,-1.2729317,1.0,0.0,0.0,0.0,0.0,0.0,2.0,0.0,0.0,0.0,0.0,1.0,-0.526147,-0.98348093,0.0
4364,0.0,0.0,1.0,0.0,-1.2320558,1.0,0.0,1.0,0.0,0.0,0.0,0.0,0.0,0.0,0.0,1.0,2.0,0.19853558,-0.94236976,1.0
4365,0.0,0.0,1.0,0.0,1.4657573,1.0,2.0,1.0,0.0,2.0,2.0,0.0,0.0,0.0,1.0,0.0,1.0,0.7245149,1.5574285,0.0
4366,1.0,0.0,0.0,0.0,0.6891141,1.0,2.0,0.0,0.0,0.0,0.0,2.0,2.0,0.0,2.0,1.0,0.0,0.046585996,0.4172777,0.0
4367,0.0,0.0,0.0,0.0,-1.027676,1.0,0.0,1.0,0.0,2.0,0.0,0.0,2.0,2.0,1.0,1.0,3.0,0.9783208,-0.7235846,0.0
4368,0.0,0.0,0.0,0.0,0.52561027,1.0,2.0,1.0,0.0,0.0,2.0,2.0,0.0,0.0,0.0,1.0,2.0,0.7512313,0.7475454,1.0
4369,1.0,1.0,0.0,0.0,-0.5780405,1.0,2.0,1.0,0.0,0.0,0.0,0.0,2.0,2.0,0.0,1.0,2.0,1.0250745,-0.22593732,1.0
4370,0.0,0.0,0.0,0.0,0.2394786,1.0,0.0,2.0,1.0,1.0,1.0,1.0,1.0,1.0,2.0,0.0,3.0,-1.4845982,-0.6748471,0.0
4371,0.0,0.0,0.0,0.0,0.116850734,1.0,0.0,0.0,2.0,2.0,2.0,0.0,0.0,0.0,0.0,0.0,2.0,-0.14042887,-0.123637475,0.0
4372,0.0,0.0,1.0,1.0,-0.33278477,0.0,1.0,0.0,2.0,2.0,2.0,2.0,0.0,2.0,2.0,1.0,3.0,-0.40926275,-0.468024,0.0
4373,1.0,1.0,0.0,0.0,-1.1094279,1.0,0.0,0.0,0.0,0.0,2.0,0.0,0.0,0.0,0.0,0.0,2.0,-0.4810631,-0.8997689,1.0
4374,1.0,0.0,0.0,0.0,0.2394786,1.0,2.0,1.0,0.0,2.0,2.0,0.0,0.0,2.0,0.0,1.0,1.0,1.013386,0.6361518,0.0
4375,1.0,0.0,1.0,1.0,1.5066332,1.0,0.0,2.0,1.0,1.0,1.0,1.0,1.0,1.0,2.0,0.0,0.0,-1.4979564,-0.40196598,0.0
4376,1.0,0.0,0.0,0.0,-0.7006684,1.0,2.0,1.0,0.0,0.0,0.0,0.0,2.0,2.0,0.0,1.0,2.0,0.9549439,-0.3628559,1.0
4377,1.0,0.0,0.0,0.0,-0.9459241,1.0,0.0,2.0,1.0,1.0,1.0,1.0,1.0,1.0,0.0,0.0,3.0,-1.4996262,-0.92576075,0.0
4378,1.0,0.0,0.0,0.0,-0.9459241,0.0,1.0,0.0,2.0,2.0,2.0,0.0,0.0,0.0,1.0,0.0,3.0,-0.8417346,-0.8394029,0.0
4379,1.0,0.0,0.0,0.0,-0.4962886,1.0,2.0,1.0,0.0,0.0,0.0,2.0,2.0,2.0,0.0,1.0,3.0,1.1286006,-0.10169226,0.0
4380,0.0,0.0,1.0,1.0,1.629261,1.0,2.0,0.0,0.0,0.0,2.0,0.0,2.0,2.0,2.0,1.0,0.0,0.4022482,1.4264686,0.0
4381,1.0,0.0,0.0,0.0,-1.2320558,1.0,0.0,1.0,0.0,0.0,0.0,0.0,2.0,0.0,0.0,0.0,2.0,0.47571832,-0.94139147,1.0
4382,1.0,1.0,1.0,0.0,-1.1911799,1.0,2.0,1.0,0.0,2.0,2.0,0.0,2.0,2.0,0.0,1.0,2.0,1.3740575,-0.8564566,1.0
4383,1.0,0.0,0.0,0.0,-0.4962886,1.0,0.0,1.0,2.0,2.0,2.0,2.0,2.0,2.0,0.0,1.0,0.0,1.4508673,-0.025317565,0.0
4384,1.0,1.0,1.0,0.0,1.3022535,1.0,2.0,1.0,0.0,0.0,2.0,2.0,2.0,2.0,2.0,0.0,2.0,1.2471546,1.9022819,0.0
4385,1.0,0.0,1.0,0.0,-0.61891645,1.0,0.0,0.0,2.0,2.0,0.0,0.0,0.0,2.0,1.0,0.0,3.0,0.0015020559,-0.4824985,0.0
4386,1.0,0.0,1.0,1.0,-1.2729317,1.0,0.0,2.0,1.0,1.0,1.0,1.0,1.0,1.0,1.0,0.0,3.0,-1.4812586,-0.9961989,0.0
4387,1.0,0.0,0.0,1.0,0.28035456,0.0,1.0,0.0,0.0,0.0,2.0,2.0,2.0,2.0,1.0,0.0,0.0,-0.33078328,-0.030653788,0.0
4388,0.0,0.0,0.0,0.0,1.3022535,1.0,2.0,0.0,2.0,2.0,2.0,2.0,2.0,2.0,2.0,1.0,1.0,0.7228451,1.414729,0.0
4389,1.0,0.0,0.0,0.0,0.116850734,1.0,0.0,2.0,1.0,1.0,1.0,1.0,1.0,1.0,1.0,0.0,0.0,-1.4745796,-0.6699778,0.0
4390,0.0,0.0,1.0,1.0,-0.9868001,1.0,0.0,2.0,1.0,1.0,1.0,1.0,1.0,1.0,2.0,0.0,3.0,-1.5113146,-0.9331648,0.0
4391,1.0,1.0,0.0,0.0,-0.53716457,1.0,2.0,1.0,0.0,2.0,0.0,0.0,2.0,0.0,0.0,1.0,2.0,0.782957,-0.21559839,1.0
4392,1.0,1.0,0.0,0.0,-0.7006684,1.0,0.0,1.0,0.0,2.0,0.0,0.0,0.0,0.0,0.0,1.0,2.0,0.32209897,-0.5275451,1.0
4393,0.0,0.0,0.0,0.0,-1.1503038,1.0,0.0,0.0,0.0,0.0,0.0,0.0,0.0,0.0,0.0,0.0,3.0,-0.638022,-0.92031336,1.0
4394,0.0,1.0,1.0,0.0,1.5883851,1.0,2.0,1.0,2.0,0.0,0.0,0.0,0.0,0.0,2.0,1.0,1.0,0.5324907,1.5187631,0.0
4395,1.0,0.0,1.0,0.0,0.52561027,1.0,2.0,1.0,2.0,0.0,2.0,0.0,0.0,0.0,0.0,1.0,3.0,0.66106343,0.64626837,0.0
4396,0.0,0.0,1.0,0.0,-1.2320558,1.0,0.0,2.0,1.0,1.0,1.0,1.0,1.0,1.0,0.0,0.0,0.0,-1.4996262,-0.98214686,0.0
4397,0.0,1.0,0.0,0.0,-0.7415443,1.0,2.0,1.0,0.0,2.0,2.0,0.0,2.0,2.0,0.0,1.0,2.0,1.3389922,-0.32427946,1.0
4398,1.0,0.0,1.0,0.0,-0.61891645,1.0,0.0,1.0,0.0,0.0,0.0,0.0,0.0,0.0,0.0,1.0,0.0,0.18851691,-0.46540034,1.0
4399,1.0,0.0,1.0,0.0,1.5475092,1.0,2.0,1.0,2.0,2.0,2.0,2.0,2.0,2.0,2.0,0.0,1.0,1.6545799,2.6608484,0.0
4400,1.0,0.0,0.0,0.0,1.4248813,1.0,0.0,2.0,1.0,1.0,1.0,1.0,1.0,1.0,1.0,1.0,3.0,-1.5129844,-0.47344914,0.0
4401,0.0,0.0,1.0,1.0,1.0569977,0.0,1.0,0.0,2.0,0.0,2.0,2.0,2.0,2.0,2.0,0.0,3.0,-0.16714528,0.60642457,0.0
4402,1.0,0.0,1.0,0.0,1.629261,1.0,2.0,0.0,0.0,2.0,2.0,0.0,2.0,2.0,2.0,0.0,0.0,0.5809142,1.5669225,0.0
4403,1.0,0.0,1.0,0.0,-0.9459241,1.0,2.0,1.0,2.0,0.0,0.0,0.0,0.0,2.0,0.0,1.0,2.0,0.7779477,-0.6489442,0.0
4404,0.0,1.0,0.0,0.0,1.2613775,1.0,2.0,1.0,0.0,0.0,2.0,0.0,0.0,2.0,0.0,1.0,0.0,0.8297107,1.4577522,0.0
4405,0.0,0.0,0.0,0.0,-0.9868001,1.0,0.0,2.0,1.0,1.0,1.0,1.0,1.0,1.0,0.0,0.0,3.0,-1.5213332,-0.9355216,0.0
4406,1.0,0.0,1.0,0.0,-0.90504813,1.0,2.0,1.0,0.0,0.0,2.0,0.0,2.0,2.0,0.0,1.0,2.0,1.1269308,-0.5437983,1.0
4407,0.0,0.0,0.0,0.0,-0.128405,1.0,2.0,1.0,0.0,0.0,0.0,0.0,0.0,0.0,0.0,1.0,2.0,0.31541985,-0.11890158,0.0
4408,0.0,0.0,0.0,0.0,-1.1503038,0.0,1.0,0.0,0.0,0.0,0.0,0.0,0.0,0.0,0.0,1.0,3.0,-1.3526859,-0.96255845,1.0
4409,0.0,0.0,0.0,0.0,-1.2320558,1.0,0.0,1.0,0.0,0.0,0.0,0.0,0.0,2.0,0.0,0.0,2.0,0.5341605,-0.93436545,1.0
4410,1.0,0.0,0.0,0.0,0.03509882,1.0,2.0,0.0,0.0,2.0,0.0,0.0,0.0,0.0,0.0,1.0,0.0,-0.3374624,-0.26478058,0.0
4411,1.0,0.0,1.0,0.0,-1.1503038,1.0,2.0,0.0,0.0,0.0,2.0,0.0,2.0,0.0,0.0,0.0,2.0,0.028218465,-0.8940547,0.0
4412,0.0,0.0,0.0,0.0,-1.2320558,0.0,1.0,0.0,0.0,0.0,0.0,0.0,0.0,2.0,0.0,1.0,2.0,-1.0037029,-0.97758883,1.0
4413,1.0,0.0,1.0,1.0,0.3212305,1.0,0.0,1.0,0.0,0.0,2.0,0.0,2.0,0.0,1.0,1.0,2.0,0.67776114,0.48693764,0.0
4414,0.0,1.0,0.0,0.0,-1.2729317,1.0,0.0,1.0,0.0,2.0,0.0,0.0,0.0,0.0,0.0,1.0,2.0,0.27534527,-0.9728085,1.0
4415,0.0,1.0,0.0,0.0,0.81174195,1.0,2.0,0.0,2.0,0.0,2.0,0.0,0.0,0.0,2.0,0.0,0.0,-0.16380572,0.37469906,0.0
4416,1.0,0.0,1.0,1.0,1.3431294,1.0,0.0,2.0,1.0,1.0,1.0,1.0,1.0,1.0,2.0,0.0,3.0,-1.4979564,-0.43047032,0.0
4417,0.0,0.0,1.0,0.0,-1.2320558,1.0,0.0,1.0,0.0,0.0,0.0,0.0,0.0,0.0,0.0,1.0,2.0,0.18684715,-0.95179707,0.0
4418,1.0,0.0,1.0,1.0,-0.53716457,0.0,1.0,0.0,2.0,2.0,0.0,0.0,0.0,0.0,0.0,1.0,3.0,-0.99535394,-0.73392355,0.0
4419,1.0,1.0,1.0,0.0,-1.027676,1.0,2.0,1.0,0.0,0.0,2.0,0.0,2.0,2.0,0.0,1.0,2.0,1.2421453,-0.6936128,1.0
4420,1.0,0.0,0.0,0.0,-0.25103286,1.0,2.0,1.0,2.0,2.0,0.0,0.0,2.0,0.0,0.0,1.0,1.0,0.9232182,0.039650954,0.0
4421,1.0,0.0,0.0,0.0,-0.53716457,0.0,1.0,0.0,0.0,0.0,0.0,0.0,0.0,0.0,0.0,1.0,0.0,-1.3226299,-0.79700214,0.0
4422,0.0,0.0,0.0,0.0,-0.90504813,1.0,0.0,2.0,1.0,1.0,1.0,1.0,1.0,1.0,0.0,1.0,2.0,-1.4545423,-0.9062613,0.0
4423,1.0,0.0,0.0,0.0,0.116850734,1.0,2.0,1.0,2.0,2.0,2.0,2.0,0.0,0.0,0.0,1.0,3.0,1.0684886,0.5081714,0.0
4424,1.0,0.0,0.0,0.0,-1.1911799,1.0,0.0,2.0,1.0,1.0,1.0,1.0,1.0,1.0,1.0,0.0,3.0,-1.4545423,-0.9821246,0.0
4425,1.0,1.0,1.0,0.0,-0.21015692,1.0,0.0,1.0,0.0,0.0,0.0,0.0,0.0,0.0,0.0,1.0,2.0,0.19352625,-0.1408468,0.0
4426,1.0,0.0,0.0,0.0,1.5066332,1.0,2.0,1.0,2.0,2.0,2.0,0.0,2.0,2.0,2.0,1.0,1.0,1.5126489,2.2990746,0.0
4427,1.0,0.0,0.0,0.0,-1.027676,1.0,0.0,0.0,0.0,0.0,0.0,0.0,0.0,0.0,0.0,0.0,3.0,-0.6964641,-0.8814701,0.0
4428,1.0,1.0,0.0,0.0,-0.33278477,1.0,0.0,1.0,0.0,0.0,0.0,0.0,0.0,0.0,0.0,0.0,1.0,0.17515871,-0.23480879,0.0
4429,0.0,0.0,0.0,1.0,-0.45541266,1.0,0.0,0.0,2.0,0.0,2.0,0.0,0.0,2.0,1.0,0.0,3.0,0.0031718314,-0.4108152,0.0
4430,1.0,1.0,0.0,0.0,-1.2729317,1.0,0.0,1.0,0.0,0.0,0.0,0.0,0.0,0.0,0.0,1.0,2.0,0.16347028,-0.9742982,1.0
4431,0.0,0.0,1.0,1.0,0.93436986,1.0,2.0,2.0,1.0,1.0,1.0,1.0,1.0,1.0,2.0,1.0,1.0,-1.3059323,-0.38804734,0.0
4432,0.0,0.0,1.0,1.0,-0.82329625,1.0,0.0,2.0,1.0,1.0,1.0,1.0,1.0,1.0,2.0,0.0,0.0,-1.4845982,-0.90543866,0.0
4433,0.0,1.0,0.0,0.0,-1.2729317,1.0,0.0,1.0,0.0,0.0,0.0,0.0,0.0,0.0,0.0,1.0,2.0,0.17014939,-0.97420925,1.0
4434,0.0,0.0,1.0,1.0,-1.2729317,0.0,1.0,0.0,0.0,0.0,0.0,2.0,2.0,0.0,0.0,0.0,2.0,-0.82336706,-0.9874386,1.0
4435,1.0,0.0,0.0,0.0,-1.2729317,1.0,0.0,2.0,1.0,1.0,1.0,1.0,1.0,1.0,0.0,0.0,3.0,-1.4879378,-0.9962878,0.0
4436,0.0,0.0,0.0,1.0,-0.8641722,0.0,1.0,0.0,0.0,0.0,0.0,0.0,0.0,0.0,0.0,0.0,2.0,-1.3209602,-0.8625043,0.0
4437,1.0,0.0,1.0,0.0,-0.8641722,1.0,2.0,1.0,0.0,0.0,0.0,0.0,0.0,0.0,0.0,1.0,2.0,0.3404665,-0.6380939,1.0
4438,0.0,0.0,0.0,0.0,-1.1503038,1.0,2.0,2.0,1.0,1.0,1.0,1.0,1.0,1.0,1.0,0.0,2.0,-1.3643744,-0.9619137,0.0
4439,1.0,1.0,1.0,0.0,-1.2729317,1.0,0.0,1.0,0.0,0.0,0.0,0.0,0.0,0.0,0.0,0.0,3.0,0.2035449,-0.97376454,1.0
4440,1.0,1.0,1.0,0.0,1.4657573,0.0,1.0,0.0,2.0,2.0,2.0,0.0,0.0,0.0,2.0,1.0,2.0,-0.7615854,0.31355485,0.0
4441,0.0,0.0,1.0,0.0,-0.21015692,1.0,2.0,1.0,0.0,0.0,2.0,0.0,0.0,2.0,0.0,0.0,0.0,0.84807825,0.07237979,0.0
4442,1.0,1.0,0.0,0.0,-0.41453668,1.0,2.0,1.0,0.0,0.0,0.0,0.0,2.0,2.0,0.0,1.0,2.0,1.0668188,-0.07901331,1.0
4443,1.0,0.0,1.0,1.0,0.116850734,1.0,2.0,2.0,1.0,1.0,1.0,1.0,1.0,1.0,2.0,0.0,0.0,-1.3126113,-0.6454089,0.0
4444,1.0,0.0,1.0,1.0,0.2394786,1.0,2.0,1.0,0.0,0.0,2.0,2.0,2.0,0.0,2.0,1.0,0.0,1.006707,0.6028226,0.0
4445,1.0,1.0,1.0,0.0,1.5883851,1.0,2.0,2.0,1.0,1.0,1.0,1.0,1.0,1.0,2.0,0.0,0.0,-1.3627046,-0.22431423,0.0
4446,1.0,1.0,1.0,0.0,1.4248813,1.0,2.0,1.0,0.0,0.0,0.0,0.0,2.0,2.0,0.0,1.0,1.0,0.9983581,1.6979712,0.0
4447,1.0,0.0,1.0,0.0,-0.16928096,1.0,0.0,0.0,2.0,2.0,0.0,2.0,0.0,0.0,0.0,0.0,3.0,-0.12874044,-0.21121824,0.0
4448,0.0,0.0,1.0,0.0,0.9752458,1.0,2.0,1.0,2.0,2.0,2.0,0.0,2.0,2.0,1.0,0.0,0.0,1.5043001,1.7116009,0.0
4449,0.0,0.0,1.0,1.0,0.6482381,1.0,2.0,0.0,0.0,2.0,0.0,2.0,2.0,2.0,2.0,0.0,2.0,0.4974254,0.7157949,0.0
4450,1.0,0.0,0.0,0.0,0.81174195,1.0,0.0,0.0,2.0,2.0,0.0,0.0,2.0,0.0,2.0,1.0,1.0,-0.050260987,0.48106778,0.0
4451,0.0,0.0,1.0,1.0,1.4248813,0.0,1.0,0.0,0.0,2.0,2.0,2.0,2.0,2.0,2.0,1.0,2.0,-0.17382438,0.81967336,0.0
4452,1.0,1.0,0.0,1.0,-1.027676,1.0,0.0,0.0,0.0,0.0,0.0,0.0,0.0,0.0,0.0,1.0,3.0,-0.6346824,-0.8522098,0.0
4453,1.0,0.0,0.0,0.0,-1.1911799,1.0,0.0,1.0,0.0,0.0,0.0,0.0,0.0,0.0,0.0,1.0,3.0,0.18517737,-0.90726185,0.0
4454,1.0,1.0,1.0,0.0,1.5066332,0.0,1.0,0.0,2.0,2.0,0.0,0.0,2.0,2.0,2.0,0.0,1.0,-0.27401093,0.75241476,0.0
4455,0.0,0.0,0.0,0.0,-0.37366074,1.0,2.0,2.0,1.0,1.0,1.0,1.0,1.0,1.0,1.0,0.0,1.0,-1.3343184,-0.7316334,0.0
4456,0.0,1.0,1.0,0.0,-0.21015692,1.0,2.0,0.0,0.0,2.0,2.0,2.0,2.0,2.0,0.0,0.0,2.0,0.63768655,0.022041416,0.0
4457,1.0,1.0,0.0,0.0,0.15772669,1.0,2.0,1.0,2.0,0.0,0.0,0.0,2.0,0.0,0.0,1.0,2.0,0.87145513,0.41180804,1.0
4458,1.0,0.0,0.0,1.0,-1.2729317,0.0,1.0,0.0,0.0,0.0,0.0,0.0,0.0,0.0,0.0,0.0,3.0,-1.3543557,-0.9945091,0.0
4459,0.0,0.0,1.0,1.0,-0.5780405,1.0,0.0,0.0,0.0,0.0,2.0,2.0,0.0,0.0,1.0,1.0,1.0,-0.34581128,-0.5796622,0.0
4460,1.0,0.0,0.0,0.0,-1.1503038,1.0,0.0,0.0,0.0,0.0,0.0,2.0,0.0,0.0,0.0,1.0,3.0,-0.4660351,-0.9153107,0.0
4461,1.0,0.0,1.0,0.0,1.629261,1.0,2.0,1.0,2.0,2.0,2.0,2.0,2.0,2.0,2.0,1.0,1.0,1.6479008,2.5906324,0.0
4462,0.0,1.0,1.0,0.0,-0.9868001,1.0,2.0,1.0,0.0,2.0,0.0,0.0,0.0,0.0,0.0,1.0,1.0,0.5308209,-0.7236513,1.0
4463,1.0,0.0,0.0,0.0,-0.61891645,1.0,0.0,0.0,2.0,2.0,0.0,0.0,0.0,0.0,0.0,1.0,1.0,-0.3090762,-0.5898678,0.0
4464,1.0,1.0,1.0,0.0,-0.128405,1.0,2.0,1.0,0.0,2.0,2.0,0.0,0.0,2.0,0.0,1.0,2.0,1.0401025,0.21547951,1.0
4465,0.0,0.0,0.0,0.0,0.3212305,1.0,2.0,1.0,0.0,0.0,2.0,2.0,2.0,2.0,1.0,1.0,1.0,1.3757274,0.9225291,0.0
4466,1.0,0.0,1.0,1.0,-0.6597924,1.0,2.0,1.0,0.0,0.0,2.0,0.0,2.0,0.0,0.0,1.0,0.0,0.86978537,-0.3639454,0.0
4467,1.0,1.0,1.0,0.0,0.6073622,1.0,2.0,1.0,0.0,0.0,2.0,0.0,2.0,2.0,0.0,1.0,2.0,1.1786939,1.1608137,1.0
4468,1.0,1.0,1.0,0.0,1.5066332,1.0,2.0,1.0,2.0,0.0,2.0,2.0,2.0,2.0,1.0,1.0,3.0,1.5293467,2.3788288,0.0
4469,0.0,0.0,0.0,0.0,0.6482381,1.0,2.0,1.0,0.0,2.0,2.0,0.0,2.0,2.0,0.0,1.0,0.0,1.4241508,1.2720962,1.0
4470,0.0,0.0,0.0,0.0,0.15772669,1.0,0.0,0.0,2.0,2.0,2.0,2.0,2.0,2.0,1.0,0.0,0.0,0.70447755,0.33036396,0.0
4471,1.0,0.0,0.0,0.0,-0.005777135,1.0,0.0,1.0,0.0,0.0,0.0,2.0,2.0,2.0,0.0,1.0,2.0,1.0501211,0.4103406,1.0
4472,0.0,0.0,0.0,0.0,-0.9459241,0.0,1.0,0.0,0.0,2.0,0.0,0.0,0.0,2.0,0.0,0.0,2.0,-0.80166,-0.8454506,0.0
4473,0.0,0.0,1.0,0.0,1.5066332,1.0,2.0,1.0,0.0,0.0,2.0,2.0,2.0,2.0,2.0,0.0,0.0,1.35569,2.21454,0.0
4474,0.0,0.0,0.0,0.0,0.36210647,1.0,0.0,2.0,1.0,1.0,1.0,1.0,1.0,1.0,1.0,1.0,3.0,-1.5029657,-0.6464317,0.0
4475,0.0,0.0,1.0,1.0,-0.4962886,1.0,0.0,2.0,1.0,1.0,1.0,1.0,1.0,1.0,0.0,0.0,3.0,-1.4829284,-0.8084528,0.0
4476,1.0,0.0,0.0,0.0,-1.2729317,1.0,0.0,2.0,1.0,1.0,1.0,1.0,1.0,1.0,0.0,0.0,2.0,-1.4729098,-0.99608773,0.0
4477,1.0,0.0,1.0,0.0,1.4248813,1.0,2.0,1.0,0.0,2.0,0.0,0.0,2.0,0.0,1.0,1.0,0.0,0.78963614,1.5731481,0.0
4478,0.0,1.0,1.0,0.0,1.5066332,1.0,0.0,1.0,2.0,2.0,0.0,0.0,0.0,2.0,1.0,0.0,1.0,0.7529011,1.6875434,0.0
4479,0.0,1.0,0.0,0.0,-0.9868001,1.0,2.0,1.0,0.0,2.0,2.0,0.0,2.0,2.0,0.0,1.0,2.0,1.3606994,-0.6363818,1.0
4480,1.0,0.0,0.0,1.0,0.8526179,1.0,0.0,0.0,2.0,2.0,0.0,2.0,0.0,0.0,1.0,0.0,1.0,-0.06361919,0.5153308,0.0
4481,1.0,0.0,1.0,0.0,-0.9868001,1.0,2.0,1.0,0.0,0.0,0.0,0.0,0.0,2.0,0.0,1.0,0.0,0.6977985,-0.7120228,0.0
4482,0.0,0.0,1.0,1.0,1.0161217,1.0,2.0,0.0,2.0,0.0,2.0,2.0,2.0,2.0,2.0,1.0,2.0,0.6593936,1.1494075,0.0
4483,1.0,0.0,0.0,1.0,-0.4962886,1.0,0.0,2.0,1.0,1.0,1.0,1.0,1.0,1.0,0.0,1.0,2.0,-1.5146542,-0.8387359,1.0
4484,1.0,0.0,0.0,0.0,-1.2320558,1.0,0.0,1.0,0.0,2.0,0.0,0.0,0.0,0.0,0.0,1.0,2.0,0.3337874,-0.94088006,0.0
4485,0.0,0.0,1.0,1.0,0.6073622,0.0,1.0,0.0,2.0,2.0,2.0,0.0,2.0,2.0,2.0,1.0,1.0,-0.1587964,0.22590737,0.0
4486,0.0,0.0,1.0,0.0,0.6073622,1.0,2.0,2.0,1.0,1.0,1.0,1.0,1.0,1.0,1.0,0.0,2.0,-1.2641878,-0.4490359,0.0
4487,1.0,0.0,1.0,0.0,1.0978737,1.0,2.0,1.0,0.0,0.0,0.0,0.0,0.0,2.0,1.0,0.0,2.0,0.6944589,1.2557985,1.0
4488,0.0,0.0,0.0,0.0,-0.6597924,1.0,0.0,0.0,2.0,0.0,0.0,0.0,0.0,0.0,0.0,1.0,2.0,-0.4877422,-0.6663091,1.0
4489,1.0,0.0,0.0,1.0,-0.128405,0.0,1.0,0.0,2.0,2.0,2.0,2.0,0.0,0.0,0.0,1.0,3.0,-0.65972906,-0.45277128,0.0
4490,1.0,0.0,1.0,1.0,1.629261,1.0,2.0,0.0,2.0,2.0,2.0,2.0,2.0,2.0,2.0,0.0,1.0,0.8330503,1.8137228,0.0
4491,0.0,0.0,0.0,0.0,-1.2729317,1.0,0.0,1.0,0.0,0.0,0.0,2.0,2.0,2.0,0.0,1.0,2.0,1.0384327,-0.9626474,0.0
4492,1.0,0.0,1.0,1.0,0.8526179,1.0,2.0,1.0,0.0,2.0,2.0,0.0,2.0,2.0,1.0,1.0,2.0,1.3523505,1.4744279,0.0
4493,0.0,1.0,0.0,0.0,-1.2729317,1.0,0.0,0.0,0.0,0.0,0.0,0.0,0.0,0.0,0.0,0.0,3.0,-0.65638953,-0.9852152,1.0
4494,1.0,0.0,0.0,0.0,-1.2729317,0.0,1.0,0.0,0.0,0.0,0.0,0.0,2.0,2.0,0.0,1.0,3.0,-0.6497104,-0.98512626,1.0
4495,1.0,0.0,0.0,0.0,-0.53716457,1.0,0.0,0.0,0.0,0.0,2.0,2.0,0.0,0.0,0.0,1.0,1.0,-0.32577395,-0.53990734,1.0
4496,1.0,0.0,0.0,0.0,0.56648624,1.0,0.0,2.0,1.0,1.0,1.0,1.0,1.0,1.0,2.0,0.0,1.0,-1.5213332,-0.6014296,0.0
4497,0.0,0.0,1.0,1.0,-1.1911799,1.0,0.0,2.0,1.0,1.0,1.0,1.0,1.0,1.0,0.0,0.0,3.0,-1.5063053,-0.97830033,0.0
4498,1.0,0.0,1.0,1.0,1.1387496,1.0,2.0,1.0,0.0,2.0,0.0,2.0,2.0,2.0,0.0,1.0,0.0,1.3022572,1.6494783,0.0
4499,0.0,0.0,1.0,1.0,0.52561027,0.0,1.0,0.0,2.0,0.0,0.0,0.0,2.0,2.0,0.0,1.0,0.0,-0.46269557,0.03255822,0.0
4500,0.0,0.0,1.0,1.0,-1.2320558,1.0,0.0,0.0,0.0,0.0,0.0,0.0,2.0,2.0,0.0,0.0,3.0,0.03155802,-0.945527,1.0
4501,0.0,0.0,1.0,0.0,1.4657573,1.0,2.0,0.0,2.0,0.0,0.0,2.0,0.0,0.0,1.0,0.0,0.0,-0.21723855,0.76266474,0.0
4502,1.0,0.0,0.0,0.0,-0.37366074,1.0,2.0,1.0,0.0,0.0,0.0,0.0,0.0,0.0,0.0,1.0,2.0,0.3404665,-0.24465857,1.0
4503,1.0,0.0,1.0,1.0,0.6891141,1.0,2.0,1.0,0.0,0.0,0.0,2.0,2.0,2.0,1.0,1.0,2.0,1.1085633,1.1816472,0.0
4504,0.0,0.0,0.0,0.0,0.72999007,1.0,0.0,2.0,1.0,1.0,1.0,1.0,1.0,1.0,1.0,1.0,3.0,-1.5163239,-0.5459106,0.0
4505,1.0,0.0,0.0,0.0,0.56648624,0.0,1.0,0.0,2.0,0.0,0.0,0.0,0.0,0.0,1.0,1.0,0.0,-1.1356151,-0.3430007,0.0
4506,0.0,0.0,0.0,1.0,1.5475092,1.0,2.0,0.0,2.0,2.0,0.0,2.0,0.0,0.0,2.0,0.0,2.0,0.04157667,1.1699075,0.0
4507,1.0,0.0,1.0,0.0,1.4248813,1.0,2.0,2.0,1.0,1.0,1.0,1.0,1.0,1.0,2.0,0.0,1.0,-1.307602,-0.21155176,0.0
4508,0.0,0.0,0.0,0.0,-0.9459241,1.0,0.0,0.0,0.0,2.0,0.0,2.0,2.0,0.0,0.0,0.0,3.0,0.049925547,-0.72932106,1.0
4509,0.0,0.0,0.0,0.0,-1.027676,1.0,0.0,1.0,0.0,0.0,0.0,0.0,0.0,2.0,0.0,1.0,2.0,0.48573697,-0.7726334,1.0
4510,1.0,0.0,0.0,1.0,0.07597478,1.0,2.0,1.0,2.0,2.0,0.0,0.0,2.0,2.0,1.0,1.0,2.0,1.3039271,0.53814316,0.0
4511,0.0,1.0,1.0,0.0,-0.7415443,1.0,2.0,1.0,0.0,2.0,0.0,0.0,2.0,2.0,0.0,1.0,2.0,1.1837032,-0.3961406,1.0
4512,0.0,1.0,0.0,0.0,1.2205015,1.0,2.0,1.0,0.0,0.0,0.0,0.0,2.0,0.0,1.0,0.0,2.0,0.65772384,1.1999905,0.0
4513,0.0,1.0,1.0,0.0,1.0161217,1.0,2.0,1.0,0.0,2.0,2.0,0.0,0.0,2.0,0.0,0.0,1.0,0.976651,1.4133505,0.0
4514,1.0,0.0,1.0,0.0,-1.2320558,1.0,2.0,1.0,0.0,0.0,2.0,0.0,2.0,0.0,0.0,1.0,2.0,0.8914924,-0.9290292,0.0
4515,0.0,0.0,0.0,0.0,-1.2729317,1.0,2.0,1.0,0.0,0.0,0.0,0.0,0.0,2.0,0.0,1.0,3.0,0.6911194,-0.96727216,1.0
4516,1.0,1.0,1.0,0.0,-0.37366074,1.0,0.0,1.0,2.0,2.0,0.0,0.0,0.0,2.0,0.0,1.0,2.0,0.84306896,-0.10518304,0.0
4517,1.0,1.0,1.0,0.0,1.5883851,1.0,2.0,2.0,1.0,1.0,1.0,1.0,1.0,1.0,2.0,0.0,0.0,-1.3326486,-0.15992379,0.0
4518,0.0,0.0,0.0,0.0,-1.2729317,1.0,0.0,2.0,1.0,1.0,1.0,1.0,1.0,1.0,0.0,0.0,3.0,-1.4812586,-0.9961989,0.0
4519,1.0,1.0,1.0,0.0,0.77086604,1.0,2.0,1.0,2.0,0.0,2.0,0.0,0.0,2.0,1.0,1.0,0.0,0.96496254,1.1466283,0.0
4520,0.0,0.0,0.0,0.0,0.56648624,1.0,0.0,1.0,2.0,2.0,2.0,0.0,2.0,0.0,1.0,1.0,1.0,1.0317535,1.0688305,0.0
4521,0.0,1.0,0.0,0.0,-1.2320558,1.0,0.0,1.0,0.0,2.0,0.0,0.0,2.0,0.0,0.0,1.0,0.0,0.6360168,-0.9324755,0.0
4522,0.0,1.0,0.0,0.0,1.0161217,0.0,1.0,0.0,0.0,2.0,2.0,0.0,2.0,2.0,0.0,1.0,2.0,-0.32577395,0.37060797,0.0
4523,1.0,1.0,0.0,0.0,-0.7824203,1.0,2.0,1.0,0.0,2.0,2.0,0.0,2.0,2.0,0.0,1.0,2.0,1.4074531,-0.3985864,1.0
4524,0.0,0.0,1.0,0.0,0.3212305,1.0,2.0,1.0,0.0,0.0,0.0,2.0,0.0,0.0,0.0,1.0,1.0,0.470709,0.38519365,0.0
4525,1.0,1.0,1.0,0.0,-0.41453668,1.0,0.0,1.0,0.0,0.0,0.0,0.0,2.0,2.0,0.0,1.0,0.0,0.8347201,-0.14307022,0.0
4526,0.0,0.0,0.0,0.0,-1.2729317,1.0,0.0,2.0,1.0,1.0,1.0,1.0,1.0,1.0,0.0,0.0,3.0,-1.4829284,-0.9962211,0.0
4527,0.0,1.0,0.0,0.0,-0.7415443,1.0,2.0,1.0,0.0,0.0,0.0,0.0,0.0,0.0,0.0,1.0,2.0,0.3187594,-0.51778424,1.0
4528,1.0,0.0,1.0,1.0,-1.2729317,1.0,0.0,2.0,1.0,1.0,1.0,1.0,1.0,1.0,0.0,0.0,3.0,-1.5213332,-0.99673253,0.0
4529,0.0,0.0,1.0,1.0,0.03509882,1.0,2.0,1.0,2.0,0.0,2.0,0.0,2.0,2.0,1.0,1.0,3.0,1.3005874,0.5364533,1.0
4530,1.0,0.0,0.0,0.0,0.28035456,0.0,1.0,0.0,0.0,0.0,0.0,2.0,0.0,2.0,0.0,1.0,2.0,-0.80666935,-0.34068835,0.0
4531,0.0,0.0,0.0,0.0,-1.2729317,1.0,0.0,1.0,2.0,0.0,0.0,0.0,0.0,0.0,0.0,0.0,3.0,0.35215494,-0.97178566,1.0
4532,0.0,0.0,1.0,1.0,-0.128405,1.0,0.0,1.0,0.0,0.0,0.0,0.0,2.0,2.0,0.0,1.0,1.0,0.76959884,0.16058311,0.0
4533,0.0,1.0,1.0,0.0,1.4657573,1.0,2.0,1.0,0.0,2.0,0.0,0.0,0.0,2.0,0.0,1.0,0.0,0.8297107,1.7195829,1.0
4534,0.0,0.0,0.0,0.0,-1.1911799,1.0,2.0,0.0,0.0,0.0,0.0,2.0,2.0,0.0,0.0,1.0,2.0,-0.038572557,-0.93605524,1.0
4535,1.0,1.0,0.0,0.0,1.4248813,1.0,2.0,2.0,1.0,1.0,1.0,1.0,1.0,1.0,2.0,0.0,1.0,-1.3242998,-0.26169002,0.0
4536,1.0,0.0,0.0,0.0,-1.2729317,1.0,0.0,2.0,1.0,1.0,1.0,1.0,1.0,1.0,0.0,0.0,3.0,-1.4929471,-0.9963546,0.0
4537,1.0,0.0,0.0,0.0,-1.1503038,0.0,1.0,0.0,0.0,0.0,0.0,2.0,0.0,0.0,0.0,0.0,2.0,-1.143964,-0.95261973,0.0
4538,1.0,0.0,0.0,0.0,-0.61891645,1.0,0.0,2.0,1.0,1.0,1.0,1.0,1.0,1.0,2.0,0.0,3.0,-1.5230031,-0.85254335,0.0
4539,1.0,0.0,1.0,0.0,1.5475092,1.0,0.0,2.0,1.0,1.0,1.0,1.0,1.0,1.0,2.0,0.0,1.0,-1.4996262,-0.36768076,0.0
4540,1.0,0.0,0.0,1.0,-0.128405,1.0,0.0,2.0,1.0,1.0,1.0,1.0,1.0,1.0,1.0,0.0,3.0,-1.4996262,-0.7673416,0.0
4541,0.0,0.0,1.0,1.0,0.81174195,1.0,2.0,1.0,0.0,0.0,2.0,0.0,2.0,2.0,1.0,0.0,0.0,1.2187685,1.3520505,0.0
4542,0.0,0.0,1.0,1.0,0.2394786,1.0,0.0,0.0,2.0,2.0,0.0,2.0,2.0,2.0,1.0,0.0,1.0,0.5191325,0.35486612,1.0
4543,1.0,0.0,0.0,0.0,-0.33278477,1.0,0.0,1.0,0.0,2.0,2.0,0.0,0.0,2.0,0.0,1.0,2.0,0.82804096,-0.032677107,0.0
4544,1.0,0.0,1.0,1.0,1.629261,1.0,0.0,2.0,1.0,1.0,1.0,1.0,1.0,1.0,2.0,1.0,1.0,-1.5012959,-0.37619647,0.0
4545,0.0,0.0,1.0,1.0,0.81174195,1.0,2.0,1.0,0.0,2.0,2.0,0.0,2.0,0.0,1.0,1.0,1.0,1.0334234,1.20755,0.0
4546,1.0,0.0,1.0,0.0,1.4248813,1.0,2.0,1.0,0.0,2.0,2.0,2.0,2.0,2.0,2.0,1.0,0.0,1.5543933,2.359752,0.0
4547,1.0,1.0,1.0,0.0,1.629261,0.0,1.0,0.0,2.0,2.0,2.0,2.0,2.0,2.0,2.0,1.0,0.0,-0.055270314,1.0783246,0.0
4548,1.0,0.0,0.0,0.0,-0.4962886,1.0,2.0,0.0,0.0,2.0,0.0,2.0,2.0,0.0,1.0,1.0,2.0,0.13174455,-0.3755072,0.0
4549,1.0,0.0,1.0,0.0,0.6073622,1.0,2.0,1.0,0.0,2.0,0.0,0.0,0.0,0.0,1.0,1.0,2.0,0.47237876,0.6179864,0.0
4550,1.0,0.0,1.0,1.0,0.56648624,1.0,0.0,2.0,1.0,1.0,1.0,1.0,1.0,1.0,1.0,1.0,0.0,-1.4879378,-0.6292446,0.0
4551,1.0,0.0,0.0,0.0,-0.9868001,1.0,0.0,0.0,0.0,0.0,0.0,0.0,0.0,2.0,0.0,1.0,1.0,-0.33412284,-0.8104761,0.0
4552,0.0,0.0,0.0,0.0,0.6073622,1.0,0.0,2.0,1.0,1.0,1.0,1.0,1.0,1.0,2.0,0.0,3.0,-1.4896076,-0.5400408,0.0
4553,1.0,0.0,1.0,1.0,0.9752458,1.0,0.0,1.0,0.0,2.0,2.0,2.0,0.0,0.0,1.0,1.0,3.0,0.70447755,1.1264617,0.0
4554,0.0,0.0,0.0,0.0,0.8526179,1.0,0.0,2.0,1.0,1.0,1.0,1.0,1.0,1.0,2.0,0.0,3.0,-1.486268,-0.5390402,0.0
4555,0.0,0.0,0.0,0.0,0.4029824,1.0,0.0,1.0,0.0,2.0,2.0,2.0,2.0,2.0,0.0,1.0,0.0,1.3039271,0.919105,0.0
4556,0.0,1.0,1.0,0.0,1.629261,1.0,2.0,1.0,2.0,2.0,2.0,2.0,2.0,2.0,2.0,1.0,0.0,1.6729474,2.6935992,0.0
4557,0.0,0.0,0.0,0.0,-1.1094279,1.0,0.0,1.0,0.0,0.0,0.0,2.0,0.0,0.0,0.0,1.0,3.0,0.36384335,-0.82764095,0.0
4558,1.0,0.0,1.0,0.0,0.48473433,1.0,0.0,1.0,0.0,0.0,0.0,0.0,2.0,2.0,1.0,1.0,0.0,0.864776,0.76197547,0.0
4559,0.0,0.0,0.0,0.0,-0.33278477,1.0,0.0,0.0,0.0,0.0,2.0,0.0,0.0,0.0,0.0,1.0,1.0,-0.51612836,-0.4568624,0.0
4560,0.0,0.0,0.0,0.0,-1.1911799,1.0,0.0,0.0,0.0,0.0,2.0,0.0,2.0,0.0,0.0,0.0,2.0,-0.2406154,-0.93347603,0.0
4561,1.0,0.0,0.0,0.0,-1.1911799,1.0,0.0,0.0,0.0,0.0,0.0,0.0,2.0,0.0,0.0,0.0,3.0,-0.32076463,-0.93449885,1.0
4562,0.0,0.0,0.0,0.0,-1.1503038,1.0,0.0,2.0,1.0,1.0,1.0,1.0,1.0,1.0,0.0,1.0,1.0,-1.4896076,-0.97483176,0.0
4563,1.0,0.0,1.0,1.0,-1.027676,1.0,0.0,1.0,0.0,2.0,0.0,2.0,2.0,0.0,0.0,1.0,2.0,0.8347201,-0.7345461,1.0
4564,0.0,0.0,0.0,0.0,-1.2729317,1.0,0.0,1.0,0.0,0.0,0.0,0.0,0.0,0.0,0.0,1.0,2.0,0.17849827,-0.974098,1.0
4565,0.0,0.0,0.0,0.0,1.1796255,1.0,2.0,1.0,2.0,2.0,2.0,2.0,2.0,2.0,1.0,1.0,2.0,1.7981806,2.2701478,0.0
4566,1.0,0.0,0.0,0.0,-0.128405,0.0,1.0,0.0,0.0,2.0,0.0,2.0,0.0,0.0,0.0,0.0,2.0,-1.017061,-0.558473,0.0
4567,1.0,0.0,0.0,0.0,0.6891141,1.0,2.0,1.0,0.0,2.0,2.0,0.0,2.0,2.0,0.0,1.0,0.0,1.3005874,1.2342979,1.0
4568,0.0,0.0,1.0,1.0,-0.046653092,1.0,0.0,0.0,2.0,0.0,2.0,2.0,2.0,2.0,1.0,1.0,3.0,0.5475187,0.12678704,0.0
4569,1.0,1.0,1.0,1.0,1.5883851,1.0,2.0,1.0,2.0,2.0,0.0,0.0,2.0,2.0,0.0,1.0,1.0,1.3473412,2.3512583,1.0
4570,1.0,0.0,1.0,1.0,1.4248813,1.0,2.0,1.0,2.0,0.0,0.0,2.0,2.0,2.0,2.0,0.0,0.0,1.3306434,2.0567212,0.0
4571,0.0,0.0,0.0,0.0,1.0978737,1.0,2.0,0.0,2.0,2.0,2.0,2.0,0.0,2.0,1.0,0.0,1.0,0.5041045,1.1230377,0.0
4572,1.0,0.0,1.0,1.0,1.629261,1.0,2.0,1.0,2.0,2.0,2.0,2.0,2.0,2.0,2.0,0.0,0.0,1.6595892,2.5969248,0.0
4573,1.0,0.0,1.0,1.0,-0.41453668,1.0,0.0,1.0,2.0,0.0,0.0,0.0,0.0,0.0,0.0,0.0,0.0,0.34213626,-0.3053581,0.0
4574,1.0,1.0,1.0,0.0,1.5066332,1.0,2.0,1.0,0.0,2.0,2.0,0.0,0.0,2.0,0.0,1.0,0.0,1.021735,1.8327109,0.0
4575,0.0,0.0,1.0,0.0,1.5883851,1.0,2.0,2.0,1.0,1.0,1.0,1.0,1.0,1.0,2.0,0.0,1.0,-1.3259696,-0.17206371,0.0
4576,0.0,1.0,0.0,0.0,1.3022535,1.0,2.0,0.0,0.0,2.0,2.0,2.0,0.0,2.0,0.0,0.0,1.0,0.33044785,1.1600577,0.0
4577,1.0,1.0,0.0,0.0,0.72999007,1.0,2.0,0.0,2.0,2.0,0.0,0.0,2.0,0.0,0.0,1.0,0.0,0.18684715,0.5309392,0.0
4578,1.0,0.0,0.0,0.0,-0.53716457,1.0,2.0,1.0,0.0,0.0,0.0,0.0,0.0,2.0,0.0,1.0,0.0,0.7094869,-0.32381254,1.0
4579,0.0,0.0,1.0,0.0,0.6482381,1.0,0.0,1.0,0.0,0.0,2.0,2.0,2.0,2.0,0.0,1.0,1.0,1.1786939,1.1443381,0.0
4580,1.0,0.0,1.0,1.0,-0.33278477,1.0,2.0,2.0,1.0,1.0,1.0,1.0,1.0,1.0,2.0,0.0,3.0,-1.3543557,-0.7344349,0.0
4581,1.0,0.0,0.0,0.0,-0.7415443,1.0,0.0,1.0,0.0,0.0,0.0,0.0,2.0,2.0,0.0,1.0,2.0,0.93991596,-0.4105262,0.0
4582,1.0,0.0,1.0,1.0,0.48473433,1.0,0.0,0.0,0.0,2.0,2.0,2.0,0.0,0.0,0.0,1.0,3.0,-0.09534493,0.29501146,0.0
4583,1.0,0.0,0.0,0.0,-0.53716457,1.0,0.0,0.0,0.0,0.0,0.0,2.0,2.0,0.0,0.0,1.0,1.0,-0.10703336,-0.51914054,0.0
4584,1.0,0.0,1.0,0.0,1.3022535,1.0,0.0,1.0,2.0,2.0,0.0,2.0,2.0,2.0,2.0,1.0,1.0,1.3122759,1.9321203,0.0
4585,0.0,0.0,1.0,1.0,-0.005777135,1.0,2.0,1.0,0.0,0.0,2.0,0.0,0.0,2.0,0.0,1.0,0.0,0.87813425,0.30855215,1.0
4586,0.0,1.0,0.0,0.0,0.9752458,1.0,2.0,1.0,0.0,2.0,2.0,2.0,2.0,2.0,1.0,1.0,2.0,1.5761005,1.8491198,1.0
4587,0.0,0.0,1.0,1.0,-1.2729317,1.0,2.0,1.0,2.0,0.0,2.0,0.0,2.0,2.0,0.0,1.0,2.0,1.2588431,-0.9597125,1.0
4588,0.0,0.0,1.0,1.0,0.72999007,1.0,0.0,2.0,1.0,1.0,1.0,1.0,1.0,1.0,2.0,0.0,0.0,-1.4896076,-0.59131294,0.0
4589,1.0,0.0,1.0,0.0,0.56648624,1.0,0.0,2.0,1.0,1.0,1.0,1.0,1.0,1.0,0.0,0.0,2.0,-1.5079751,-0.6267544,0.0
4590,0.0,1.0,0.0,0.0,-1.2320558,0.0,1.0,0.0,0.0,0.0,0.0,0.0,0.0,0.0,0.0,0.0,2.0,-1.3493464,-0.9866604,1.0
4591,1.0,0.0,1.0,1.0,1.629261,1.0,2.0,1.0,2.0,2.0,2.0,2.0,2.0,0.0,2.0,1.0,1.0,1.3807367,2.3514807,0.0
4592,1.0,1.0,0.0,1.0,-1.2729317,1.0,0.0,0.0,0.0,0.0,2.0,0.0,0.0,0.0,0.0,1.0,3.0,-0.4877422,-0.9829695,1.0
4593,1.0,0.0,0.0,0.0,-1.2320558,1.0,0.0,2.0,1.0,1.0,1.0,1.0,1.0,1.0,1.0,0.0,3.0,-1.4962866,-0.984059,0.0
4594,1.0,0.0,1.0,1.0,1.4248813,1.0,2.0,1.0,0.0,2.0,2.0,2.0,2.0,2.0,2.0,1.0,0.0,1.5510538,2.3435652,0.0
4595,1.0,0.0,0.0,0.0,-1.1911799,0.0,1.0,0.0,0.0,0.0,2.0,0.0,2.0,0.0,0.0,1.0,3.0,-0.8216973,-0.9471279,1.0
4596,0.0,0.0,1.0,1.0,-1.1094279,1.0,0.0,1.0,0.0,0.0,0.0,2.0,2.0,0.0,0.0,1.0,2.0,0.701138,-0.795846,1.0
4597,1.0,1.0,1.0,0.0,-0.90504813,1.0,0.0,1.0,2.0,0.0,0.0,0.0,0.0,0.0,0.0,0.0,2.0,0.35215494,-0.684897,0.0
4598,1.0,1.0,0.0,0.0,-0.005777135,1.0,2.0,1.0,0.0,0.0,2.0,0.0,0.0,0.0,0.0,1.0,1.0,0.5458489,0.1594714,0.0
4599,0.0,0.0,0.0,0.0,0.4029824,1.0,0.0,0.0,2.0,0.0,2.0,0.0,0.0,0.0,0.0,0.0,1.0,-0.34080192,0.08645408,0.0
4600,0.0,0.0,0.0,0.0,-0.8641722,1.0,2.0,1.0,0.0,0.0,2.0,0.0,2.0,2.0,0.0,1.0,2.0,1.2020707,-0.5028873,1.0
4601,0.0,0.0,0.0,0.0,-1.2729317,1.0,0.0,1.0,0.0,2.0,2.0,0.0,0.0,0.0,0.0,1.0,2.0,0.5859235,-0.9686729,1.0
4602,0.0,0.0,0.0,0.0,-1.2729317,1.0,0.0,0.0,0.0,0.0,0.0,0.0,0.0,2.0,0.0,1.0,2.0,-0.28402957,-0.9802569,1.0
4603,1.0,0.0,0.0,0.0,1.0161217,0.0,1.0,0.0,2.0,0.0,2.0,0.0,2.0,2.0,0.0,1.0,2.0,-0.36751834,0.41594362,0.0
4604,1.0,0.0,1.0,0.0,0.44385839,1.0,2.0,0.0,2.0,2.0,0.0,2.0,0.0,0.0,0.0,0.0,0.0,0.049925547,0.28758523,0.0
4605,1.0,0.0,0.0,0.0,1.3431294,1.0,0.0,2.0,1.0,1.0,1.0,1.0,1.0,1.0,2.0,1.0,1.0,-1.5096449,-0.4633548,0.0
4606,1.0,0.0,0.0,0.0,-1.2729317,1.0,0.0,2.0,1.0,1.0,1.0,1.0,1.0,1.0,0.0,0.0,3.0,-1.5012959,-0.99646574,1.0
4607,1.0,0.0,1.0,1.0,1.629261,1.0,2.0,1.0,2.0,2.0,2.0,2.0,2.0,2.0,2.0,1.0,0.0,1.7313895,2.7022707,0.0
4608,0.0,1.0,0.0,0.0,0.81174195,0.0,1.0,0.0,0.0,2.0,2.0,2.0,2.0,0.0,0.0,1.0,2.0,-0.47605377,0.13592531,0.0
4609,1.0,0.0,0.0,0.0,-0.7415443,1.0,0.0,2.0,1.0,1.0,1.0,1.0,1.0,1.0,0.0,0.0,3.0,-1.4979564,-0.879091,0.0
4610,0.0,0.0,0.0,0.0,-1.1094279,1.0,0.0,2.0,1.0,1.0,1.0,1.0,1.0,1.0,0.0,1.0,3.0,-1.4779191,-0.95888984,0.0
4611,1.0,0.0,0.0,0.0,-0.8641722,1.0,0.0,0.0,0.0,2.0,2.0,2.0,0.0,0.0,0.0,1.0,2.0,-0.12874044,-0.69910467,0.0
4612,0.0,0.0,0.0,0.0,0.03509882,1.0,2.0,2.0,1.0,1.0,1.0,1.0,1.0,1.0,2.0,0.0,1.0,-1.3042624,-0.63791597,0.0
4613,0.0,0.0,1.0,1.0,0.07597478,1.0,0.0,2.0,1.0,1.0,1.0,1.0,1.0,1.0,1.0,1.0,0.0,-1.4912773,-0.70195067,0.0
4614,1.0,0.0,0.0,0.0,-1.2320558,1.0,0.0,2.0,1.0,1.0,1.0,1.0,1.0,1.0,0.0,0.0,3.0,-1.4695703,-0.9856154,0.0
4615,0.0,0.0,0.0,1.0,-0.7006684,1.0,0.0,1.0,0.0,0.0,0.0,0.0,0.0,0.0,0.0,0.0,0.0,0.14176321,-0.56289756,1.0
4616,1.0,0.0,1.0,0.0,-0.7824203,1.0,2.0,0.0,2.0,0.0,0.0,0.0,0.0,2.0,0.0,1.0,2.0,0.03656734,-0.6040532,0.0
4617,1.0,0.0,1.0,1.0,-0.8641722,1.0,0.0,1.0,0.0,0.0,0.0,0.0,2.0,0.0,0.0,1.0,0.0,0.49241608,-0.61906135,1.0
4618,1.0,0.0,1.0,1.0,1.5475092,0.0,1.0,0.0,2.0,0.0,2.0,2.0,2.0,2.0,2.0,0.0,0.0,-0.17549415,0.837861,0.0
4619,0.0,0.0,0.0,0.0,-0.08752905,1.0,2.0,0.0,2.0,0.0,2.0,0.0,2.0,2.0,1.0,1.0,1.0,0.48573697,0.074025124,0.0
4620,1.0,0.0,1.0,1.0,0.116850734,1.0,2.0,1.0,0.0,2.0,0.0,0.0,2.0,0.0,0.0,1.0,0.0,0.83138055,0.40064645,0.0
4621,1.0,0.0,0.0,0.0,-1.2729317,1.0,0.0,2.0,1.0,1.0,1.0,1.0,1.0,1.0,0.0,0.0,3.0,-1.4962866,-0.99639904,0.0
4622,0.0,0.0,1.0,0.0,1.5883851,1.0,2.0,2.0,1.0,1.0,1.0,1.0,1.0,1.0,2.0,0.0,1.0,-1.307602,-0.16559353,0.0
4623,0.0,0.0,0.0,0.0,-0.5780405,1.0,2.0,0.0,2.0,0.0,2.0,0.0,0.0,0.0,0.0,1.0,3.0,-0.13875909,-0.49105868,0.0
4624,1.0,0.0,0.0,0.0,-1.068552,1.0,0.0,0.0,2.0,2.0,0.0,0.0,0.0,0.0,0.0,1.0,0.0,-0.3023971,-0.85601187,0.0
4625,1.0,1.0,1.0,0.0,-0.128405,1.0,2.0,1.0,0.0,0.0,0.0,0.0,0.0,2.0,0.0,1.0,2.0,0.65271455,0.0431862,0.0
4626,0.0,0.0,0.0,0.0,-1.1911799,1.0,0.0,1.0,0.0,2.0,0.0,0.0,2.0,2.0,0.0,1.0,2.0,1.013386,-0.86857426,1.0
4627,1.0,0.0,0.0,0.0,-0.53716457,1.0,0.0,2.0,1.0,1.0,1.0,1.0,1.0,1.0,2.0,0.0,3.0,-1.5063053,-0.84600645,0.0
4628,1.0,0.0,1.0,1.0,-1.068552,1.0,0.0,0.0,2.0,0.0,0.0,0.0,0.0,0.0,0.0,1.0,2.0,-0.5211377,-0.87379926,0.0
4629,0.0,0.0,1.0,0.0,-0.37366074,1.0,2.0,1.0,0.0,0.0,2.0,0.0,0.0,2.0,0.0,0.0,3.0,0.84807825,-0.095911354,0.0
4630,0.0,0.0,1.0,1.0,0.48473433,1.0,0.0,2.0,1.0,1.0,1.0,1.0,1.0,1.0,0.0,0.0,3.0,-1.5079751,-0.6583048,0.0
4631,1.0,0.0,0.0,0.0,-1.1911799,1.0,0.0,0.0,0.0,0.0,0.0,0.0,2.0,0.0,0.0,0.0,1.0,-0.37920678,-0.9213584,1.0
4632,1.0,0.0,1.0,1.0,0.93436986,1.0,0.0,2.0,1.0,1.0,1.0,1.0,1.0,1.0,1.0,0.0,3.0,-1.5113146,-0.54886776,0.0
4633,1.0,0.0,1.0,1.0,1.4657573,1.0,0.0,1.0,2.0,2.0,0.0,2.0,0.0,2.0,2.0,0.0,0.0,1.013386,1.966739,0.0
4634,1.0,0.0,1.0,0.0,1.2205015,0.0,1.0,0.0,0.0,0.0,0.0,2.0,2.0,0.0,2.0,1.0,0.0,-0.8601021,0.03415909,0.0
4635,0.0,0.0,1.0,1.0,-0.37366074,1.0,2.0,2.0,1.0,1.0,1.0,1.0,1.0,1.0,2.0,0.0,3.0,-1.3660442,-0.72705317,0.0
4636,0.0,0.0,0.0,0.0,-1.1911799,1.0,0.0,2.0,1.0,1.0,1.0,1.0,1.0,1.0,0.0,0.0,2.0,-1.5029657,-0.97910076,1.0
4637,1.0,0.0,1.0,1.0,1.3431294,1.0,0.0,0.0,2.0,0.0,0.0,2.0,2.0,2.0,2.0,1.0,0.0,0.33545718,1.1381792,1.0
4638,1.0,0.0,1.0,1.0,0.77086604,1.0,0.0,2.0,1.0,1.0,1.0,1.0,1.0,1.0,1.0,0.0,3.0,-1.5146542,-0.5615858,0.0
4639,0.0,0.0,0.0,0.0,1.3431294,0.0,1.0,0.0,2.0,0.0,2.0,2.0,2.0,2.0,2.0,0.0,1.0,-0.16046618,0.7383849,0.0
4640,1.0,0.0,0.0,0.0,-1.1911799,1.0,0.0,0.0,0.0,0.0,0.0,2.0,2.0,2.0,0.0,1.0,2.0,0.15345164,-0.92017996,1.0
4641,1.0,0.0,1.0,1.0,1.0978737,1.0,0.0,2.0,1.0,1.0,1.0,1.0,1.0,1.0,2.0,0.0,1.0,-1.5179937,-0.47489437,0.0
4642,0.0,0.0,1.0,0.0,-0.7824203,0.0,1.0,0.0,0.0,0.0,2.0,0.0,2.0,2.0,0.0,1.0,0.0,-0.5344959,-0.7236068,1.0
4643,1.0,0.0,0.0,0.0,-0.7006684,1.0,0.0,2.0,1.0,1.0,1.0,1.0,1.0,1.0,0.0,0.0,3.0,-1.5029657,-0.86670655,0.0
4644,1.0,0.0,1.0,1.0,1.5883851,1.0,0.0,2.0,1.0,1.0,1.0,1.0,1.0,1.0,2.0,0.0,3.0,-1.5129844,-0.39229408,0.0
4645,1.0,0.0,1.0,1.0,0.6891141,1.0,2.0,1.0,0.0,2.0,2.0,0.0,2.0,0.0,1.0,1.0,2.0,0.96496254,1.0047736,0.0
4646,0.0,0.0,0.0,0.0,-1.068552,1.0,0.0,1.0,0.0,0.0,2.0,0.0,0.0,2.0,0.0,0.0,2.0,0.6393563,-0.7840173,1.0
4647,1.0,0.0,1.0,0.0,0.8526179,1.0,0.0,1.0,0.0,2.0,0.0,0.0,2.0,2.0,1.0,1.0,0.0,0.9849999,1.1594352,1.0
4648,0.0,0.0,0.0,0.0,-1.1911799,1.0,0.0,2.0,1.0,1.0,1.0,1.0,1.0,1.0,1.0,0.0,3.0,-1.486268,-0.9736089,0.0
4649,1.0,0.0,0.0,0.0,-0.41453668,1.0,2.0,2.0,1.0,1.0,1.0,1.0,1.0,1.0,2.0,0.0,3.0,-1.3192904,-0.7533563,0.0
4650,1.0,0.0,0.0,1.0,-1.2729317,1.0,0.0,0.0,0.0,0.0,0.0,0.0,0.0,0.0,0.0,0.0,2.0,-0.6931246,-0.98570436,0.0
4651,0.0,0.0,1.0,1.0,0.93436986,1.0,0.0,0.0,2.0,2.0,0.0,0.0,0.0,0.0,0.0,0.0,2.0,-0.3023971,0.38739485,0.0
4652,1.0,0.0,0.0,0.0,-1.027676,1.0,0.0,0.0,0.0,0.0,0.0,0.0,0.0,0.0,0.0,1.0,0.0,-0.6714175,-0.8618595,0.0
4653,0.0,1.0,0.0,0.0,-0.90504813,0.0,1.0,0.0,0.0,0.0,0.0,2.0,0.0,0.0,0.0,1.0,2.0,-1.1723502,-0.8756892,1.0
4654,0.0,1.0,1.0,0.0,0.4029824,1.0,2.0,1.0,0.0,2.0,2.0,0.0,2.0,0.0,0.0,1.0,2.0,1.028414,0.74260944,0.0
4655,1.0,0.0,1.0,0.0,-1.2729317,1.0,0.0,1.0,0.0,0.0,0.0,0.0,0.0,0.0,0.0,1.0,2.0,0.14677253,-0.9745205,1.0
4656,1.0,0.0,0.0,0.0,0.81174195,0.0,1.0,0.0,2.0,2.0,2.0,2.0,2.0,2.0,2.0,0.0,1.0,-0.028553905,0.47773266,0.0
4657,1.0,1.0,1.0,0.0,-1.027676,1.0,2.0,0.0,2.0,2.0,0.0,2.0,0.0,0.0,0.0,0.0,2.0,-0.01853525,-0.794045,0.0
4658,0.0,0.0,1.0,0.0,-0.005777135,1.0,0.0,2.0,1.0,1.0,1.0,1.0,1.0,1.0,0.0,0.0,0.0,-1.5146542,-0.72016054,0.0
4659,1.0,0.0,1.0,0.0,0.8526179,1.0,2.0,1.0,0.0,2.0,0.0,2.0,0.0,2.0,1.0,0.0,0.0,1.1018841,1.2373662,0.0
4660,0.0,1.0,1.0,0.0,0.116850734,1.0,2.0,1.0,2.0,2.0,0.0,2.0,2.0,0.0,0.0,1.0,0.0,1.1937218,0.61932045,1.0
4661,1.0,0.0,0.0,0.0,-1.2729317,1.0,2.0,0.0,0.0,0.0,0.0,0.0,0.0,0.0,0.0,0.0,3.0,-0.4677049,-0.98270273,0.0
4662,0.0,0.0,1.0,1.0,-0.33278477,1.0,2.0,0.0,2.0,0.0,2.0,0.0,2.0,2.0,2.0,0.0,1.0,0.4623601,-0.18409245,0.0
4663,0.0,0.0,1.0,1.0,1.3431294,1.0,2.0,1.0,2.0,2.0,0.0,2.0,2.0,0.0,2.0,1.0,1.0,1.1452984,1.8481414,0.0
4664,0.0,0.0,0.0,0.0,0.19860265,1.0,2.0,1.0,0.0,0.0,0.0,2.0,2.0,2.0,0.0,0.0,1.0,1.1870427,0.56953794,0.0
4665,0.0,0.0,0.0,0.0,-1.2320558,1.0,0.0,0.0,0.0,0.0,2.0,2.0,2.0,2.0,0.0,0.0,2.0,0.38889,-0.9337651,1.0
4666,0.0,0.0,0.0,0.0,0.116850734,0.0,1.0,0.0,0.0,0.0,0.0,0.0,0.0,0.0,0.0,0.0,2.0,-1.3560255,-0.6439637,0.0
4667,1.0,0.0,0.0,0.0,-1.2729317,1.0,0.0,2.0,1.0,1.0,1.0,1.0,1.0,1.0,0.0,1.0,3.0,-1.4929471,-0.9963546,0.0
4668,0.0,0.0,1.0,1.0,0.52561027,1.0,2.0,2.0,1.0,1.0,1.0,1.0,1.0,1.0,2.0,1.0,0.0,-1.3393277,-0.4988629,0.0
4669,1.0,0.0,0.0,1.0,-1.2729317,1.0,0.0,2.0,1.0,1.0,1.0,1.0,1.0,1.0,0.0,0.0,3.0,-1.4996262,-0.9964435,0.0
4670,1.0,0.0,1.0,1.0,1.1796255,1.0,0.0,1.0,0.0,2.0,0.0,2.0,2.0,2.0,1.0,1.0,0.0,1.1252611,1.7274094,0.0
4671,1.0,0.0,1.0,1.0,-1.068552,1.0,0.0,2.0,1.0,1.0,1.0,1.0,1.0,1.0,2.0,1.0,1.0,-1.4812586,-0.9574224,0.0
4672,1.0,0.0,0.0,0.0,-1.2729317,0.0,1.0,0.0,0.0,0.0,0.0,0.0,0.0,0.0,0.0,0.0,3.0,-1.3476766,-0.9944202,0.0
4673,0.0,0.0,1.0,1.0,1.0161217,1.0,0.0,0.0,2.0,0.0,2.0,2.0,0.0,0.0,1.0,1.0,3.0,-0.18217325,0.4507847,0.0
4674,1.0,0.0,1.0,1.0,1.3022535,1.0,0.0,1.0,2.0,2.0,0.0,0.0,0.0,0.0,0.0,0.0,2.0,0.54417914,1.278344,0.0
4675,1.0,0.0,0.0,0.0,-0.9868001,1.0,2.0,1.0,0.0,0.0,0.0,0.0,0.0,0.0,0.0,1.0,2.0,0.33712694,-0.7507104,0.0
4676,1.0,1.0,1.0,0.0,0.36210647,1.0,0.0,1.0,0.0,2.0,0.0,0.0,2.0,2.0,0.0,1.0,2.0,0.99501854,0.7074126,0.0
4677,1.0,0.0,1.0,0.0,1.629261,1.0,2.0,1.0,2.0,2.0,2.0,2.0,2.0,2.0,2.0,1.0,2.0,1.6963242,2.7413363,0.0
4678,1.0,1.0,1.0,0.0,-1.027676,1.0,0.0,1.0,0.0,0.0,0.0,0.0,2.0,2.0,0.0,1.0,2.0,0.8096734,-0.7360358,0.0
4679,1.0,0.0,0.0,0.0,-1.2729317,1.0,0.0,1.0,0.0,0.0,0.0,0.0,2.0,0.0,0.0,1.0,2.0,0.5274814,-0.96945107,0.0
4680,1.0,1.0,1.0,0.0,1.629261,1.0,0.0,0.0,2.0,2.0,2.0,2.0,2.0,0.0,2.0,0.0,0.0,0.32209897,1.378576,0.0
4681,0.0,0.0,1.0,0.0,1.629261,0.0,1.0,0.0,0.0,2.0,2.0,0.0,2.0,2.0,2.0,1.0,2.0,-0.35249037,0.74565554,1.0
4682,0.0,0.0,0.0,1.0,-0.82329625,1.0,0.0,0.0,0.0,0.0,0.0,0.0,0.0,0.0,0.0,1.0,2.0,-0.67475706,-0.79155475,1.0
4683,0.0,0.0,0.0,0.0,-0.4962886,1.0,0.0,2.0,1.0,1.0,1.0,1.0,1.0,1.0,0.0,1.0,1.0,-1.5313519,-0.85067564,0.0
4684,0.0,0.0,1.0,0.0,0.8934939,1.0,2.0,1.0,2.0,2.0,2.0,2.0,2.0,2.0,1.0,1.0,3.0,1.6662683,1.6848531,0.0
4685,0.0,0.0,0.0,0.0,0.28035456,0.0,1.0,0.0,2.0,2.0,0.0,2.0,0.0,0.0,1.0,1.0,0.0,-0.816688,-0.28025562,0.0
4686,0.0,0.0,1.0,1.0,-0.61891645,1.0,0.0,2.0,1.0,1.0,1.0,1.0,1.0,1.0,1.0,0.0,3.0,-1.4695703,-0.81928086,0.0
4687,0.0,0.0,0.0,1.0,-0.7415443,1.0,0.0,0.0,0.0,0.0,2.0,0.0,2.0,0.0,0.0,1.0,1.0,-0.1654755,-0.63847184,0.0
4688,1.0,0.0,1.0,0.0,0.07597478,1.0,2.0,1.0,0.0,0.0,2.0,0.0,2.0,2.0,0.0,0.0,2.0,1.2054102,0.5632678,0.0
4689,0.0,0.0,1.0,1.0,-0.005777135,1.0,0.0,1.0,0.0,2.0,0.0,0.0,2.0,0.0,0.0,1.0,2.0,0.71282643,0.205941,0.0
4690,1.0,1.0,0.0,0.0,1.0161217,1.0,2.0,1.0,0.0,2.0,0.0,2.0,2.0,2.0,0.0,1.0,0.0,1.3406621,1.624576,0.0
4691,1.0,0.0,0.0,0.0,-0.5780405,1.0,0.0,0.0,2.0,0.0,0.0,0.0,0.0,0.0,0.0,0.0,2.0,-0.51278883,-0.6162598,1.0
4692,0.0,0.0,0.0,0.0,0.6891141,1.0,0.0,1.0,0.0,0.0,2.0,2.0,2.0,2.0,2.0,0.0,1.0,1.1987312,1.1815805,0.0
4693,1.0,0.0,1.0,1.0,-0.128405,1.0,0.0,0.0,0.0,0.0,2.0,2.0,2.0,2.0,2.0,0.0,3.0,0.3605038,-0.09170908,0.0
4694,0.0,0.0,1.0,0.0,0.81174195,1.0,2.0,1.0,0.0,2.0,2.0,0.0,2.0,0.0,0.0,0.0,0.0,0.9966883,1.2296287,0.0
4695,1.0,0.0,0.0,0.0,-0.33278477,1.0,2.0,0.0,0.0,0.0,0.0,2.0,0.0,0.0,1.0,0.0,0.0,-0.33913216,-0.4528602,0.0
4696,1.0,0.0,0.0,0.0,-1.2729317,1.0,0.0,0.0,2.0,0.0,0.0,0.0,0.0,0.0,0.0,1.0,3.0,-0.46937466,-0.98272496,0.0
4697,1.0,0.0,0.0,0.0,-1.1094279,1.0,0.0,0.0,0.0,0.0,0.0,2.0,0.0,0.0,0.0,1.0,2.0,-0.51946795,-0.90881824,1.0
4698,0.0,1.0,0.0,0.0,-1.2320558,1.0,2.0,1.0,0.0,0.0,2.0,0.0,0.0,0.0,0.0,1.0,2.0,0.46069035,-0.9387678,1.0
4699,1.0,0.0,1.0,1.0,0.9752458,1.0,0.0,0.0,2.0,2.0,2.0,0.0,0.0,0.0,2.0,1.0,0.0,-0.1654755,0.5322066,0.0
4700,1.0,0.0,1.0,1.0,1.5475092,1.0,0.0,2.0,1.0,1.0,1.0,1.0,1.0,1.0,2.0,0.0,1.0,-1.4829284,-0.3568749,0.0
4701,1.0,0.0,1.0,1.0,-0.005777135,1.0,0.0,1.0,2.0,2.0,2.0,0.0,0.0,2.0,1.0,0.0,3.0,1.0033674,0.38728365,0.0
4702,1.0,0.0,1.0,0.0,-0.7006684,1.0,0.0,2.0,1.0,1.0,1.0,1.0,1.0,1.0,1.0,0.0,3.0,-1.5346915,-0.8741106,0.0
4703,1.0,0.0,1.0,0.0,0.3212305,1.0,0.0,1.0,0.0,2.0,2.0,0.0,0.0,0.0,0.0,1.0,2.0,0.50911385,0.40382594,0.0
4704,0.0,0.0,1.0,0.0,0.72999007,1.0,0.0,2.0,1.0,1.0,1.0,1.0,1.0,1.0,1.0,1.0,0.0,-1.4996262,-0.5858878,0.0
4705,1.0,0.0,1.0,0.0,0.4029824,1.0,2.0,1.0,0.0,0.0,2.0,2.0,2.0,2.0,0.0,1.0,0.0,1.3824065,1.0014607,1.0
4706,1.0,0.0,0.0,0.0,0.48473433,1.0,2.0,0.0,0.0,2.0,2.0,2.0,2.0,2.0,1.0,1.0,0.0,0.68444026,0.64191043,0.0
4707,0.0,0.0,0.0,1.0,-1.2729317,1.0,2.0,2.0,1.0,1.0,1.0,1.0,1.0,1.0,0.0,0.0,3.0,-1.3610349,-0.99459803,0.0
4708,1.0,0.0,1.0,0.0,1.5883851,1.0,0.0,0.0,2.0,0.0,0.0,2.0,0.0,0.0,2.0,0.0,0.0,-0.34247172,0.6748394,0.0
4709,1.0,1.0,0.0,0.0,1.629261,1.0,2.0,1.0,2.0,2.0,2.0,2.0,2.0,2.0,2.0,0.0,0.0,1.6378821,2.4836411,0.0
4710,1.0,0.0,0.0,0.0,-1.2320558,1.0,0.0,0.0,0.0,0.0,0.0,2.0,0.0,0.0,0.0,1.0,1.0,-0.48607242,-0.95668864,0.0
4711,0.0,0.0,0.0,0.0,1.1387496,1.0,2.0,1.0,0.0,2.0,2.0,0.0,2.0,2.0,2.0,0.0,2.0,1.333983,1.811277,0.0
4712,0.0,0.0,1.0,1.0,-0.90504813,1.0,2.0,0.0,2.0,2.0,0.0,0.0,2.0,0.0,1.0,0.0,2.0,0.18517737,-0.7045965,0.0
4713,1.0,0.0,0.0,0.0,-1.1503038,1.0,2.0,2.0,1.0,1.0,1.0,1.0,1.0,1.0,0.0,0.0,3.0,-1.3192904,-0.95995706,0.0
4714,1.0,0.0,0.0,0.0,-1.2729317,1.0,0.0,2.0,1.0,1.0,1.0,1.0,1.0,1.0,0.0,1.0,3.0,-1.4795889,-0.99617666,0.0
4715,1.0,0.0,0.0,0.0,-1.1094279,1.0,0.0,2.0,1.0,1.0,1.0,1.0,1.0,1.0,0.0,0.0,3.0,-1.4829284,-0.9640259,0.0
4716,0.0,0.0,1.0,1.0,0.3212305,1.0,2.0,1.0,0.0,0.0,2.0,2.0,0.0,0.0,0.0,1.0,2.0,0.6710821,0.46354717,1.0
4717,1.0,0.0,0.0,1.0,-1.1094279,1.0,0.0,0.0,0.0,0.0,0.0,2.0,0.0,0.0,0.0,1.0,0.0,-0.5378355,-0.90068054,0.0
4718,0.0,1.0,0.0,0.0,-1.2320558,1.0,0.0,0.0,0.0,0.0,0.0,0.0,0.0,0.0,0.0,0.0,2.0,-0.69479436,-0.9674278,0.0
4719,0.0,0.0,1.0,0.0,-0.9459241,1.0,0.0,1.0,0.0,0.0,2.0,0.0,0.0,0.0,0.0,1.0,0.0,0.3671829,-0.7136014,1.0
4720,1.0,0.0,1.0,1.0,-0.45541266,0.0,1.0,0.0,0.0,0.0,0.0,0.0,0.0,0.0,0.0,1.0,2.0,-1.292574,-0.7536898,0.0
4721,0.0,0.0,1.0,1.0,-0.7006684,1.0,0.0,2.0,1.0,1.0,1.0,1.0,1.0,1.0,1.0,0.0,3.0,-1.4762493,-0.87366587,0.0
4722,0.0,1.0,0.0,0.0,-0.7415443,1.0,2.0,1.0,0.0,2.0,0.0,0.0,0.0,0.0,0.0,1.0,2.0,0.47404855,-0.515294,1.0
4723,1.0,1.0,0.0,0.0,0.77086604,1.0,2.0,1.0,0.0,0.0,2.0,0.0,2.0,2.0,0.0,1.0,2.0,1.1035539,1.1796017,1.0
4724,0.0,0.0,1.0,1.0,-1.068552,1.0,0.0,0.0,0.0,0.0,0.0,2.0,0.0,0.0,0.0,1.0,3.0,-0.5328261,-0.8730433,0.0
4725,0.0,0.0,1.0,0.0,1.4248813,1.0,0.0,2.0,1.0,1.0,1.0,1.0,1.0,1.0,1.0,1.0,0.0,-1.4662306,-0.41499525,0.0
4726,0.0,0.0,1.0,0.0,-1.2320558,1.0,0.0,0.0,0.0,0.0,0.0,0.0,0.0,0.0,0.0,1.0,1.0,-0.6730873,-0.96945107,1.0
4727,1.0,0.0,0.0,0.0,-1.2729317,1.0,0.0,1.0,0.0,0.0,0.0,0.0,2.0,2.0,0.0,1.0,2.0,0.83972937,-0.9652933,1.0
4728,1.0,0.0,1.0,1.0,-0.046653092,1.0,0.0,0.0,0.0,0.0,2.0,2.0,0.0,0.0,0.0,0.0,3.0,-0.34748104,-0.27287385,0.0
4729,0.0,0.0,1.0,1.0,-0.9868001,1.0,0.0,1.0,0.0,2.0,0.0,0.0,2.0,0.0,0.0,1.0,2.0,0.6276679,-0.70286226,1.0
4730,1.0,0.0,0.0,0.0,0.36210647,1.0,2.0,1.0,0.0,2.0,0.0,0.0,2.0,0.0,0.0,1.0,2.0,0.81635255,0.6159408,0.0
4731,1.0,0.0,1.0,1.0,0.77086604,1.0,0.0,0.0,2.0,2.0,0.0,2.0,0.0,0.0,2.0,0.0,1.0,-0.14209865,0.38279235,0.0
4732,0.0,0.0,1.0,1.0,-0.8641722,1.0,2.0,2.0,1.0,1.0,1.0,1.0,1.0,1.0,2.0,0.0,3.0,-1.3276393,-0.87155366,0.0
4733,1.0,0.0,0.0,0.0,-0.08752905,1.0,0.0,1.0,0.0,0.0,0.0,0.0,2.0,2.0,0.0,1.0,2.0,0.85141784,0.21999307,1.0
4734,1.0,0.0,1.0,1.0,1.1796255,1.0,2.0,0.0,0.0,0.0,2.0,2.0,2.0,2.0,2.0,1.0,0.0,0.5425093,1.20755,0.0
4735,1.0,1.0,0.0,0.0,-1.2320558,1.0,0.0,2.0,1.0,1.0,1.0,1.0,1.0,1.0,0.0,0.0,2.0,-1.5213332,-0.9887282,0.0
4736,1.0,0.0,1.0,0.0,-0.6597924,1.0,0.0,1.0,2.0,2.0,0.0,0.0,0.0,0.0,0.0,0.0,0.0,0.5341605,-0.41770783,0.0
4737,1.0,0.0,0.0,0.0,-0.9868001,1.0,2.0,1.0,0.0,0.0,0.0,0.0,0.0,2.0,0.0,0.0,0.0,0.6593936,-0.7105998,1.0
4738,1.0,0.0,1.0,1.0,0.6891141,1.0,0.0,0.0,2.0,2.0,0.0,2.0,0.0,0.0,0.0,0.0,1.0,-0.1721546,0.31557816,0.0
4739,1.0,0.0,1.0,1.0,-1.1503038,1.0,2.0,0.0,0.0,0.0,0.0,0.0,0.0,0.0,0.0,1.0,2.0,-0.46269557,-0.9049495,1.0
4740,1.0,0.0,0.0,0.0,-1.2729317,0.0,1.0,0.0,2.0,0.0,0.0,0.0,0.0,0.0,0.0,0.0,3.0,-1.1706804,-0.99206334,1.0
4741,0.0,0.0,1.0,0.0,1.5883851,1.0,0.0,2.0,1.0,1.0,1.0,1.0,1.0,1.0,2.0,0.0,3.0,-1.5079751,-0.3753738,0.0
4742,1.0,0.0,0.0,0.0,-0.82329625,1.0,0.0,2.0,1.0,1.0,1.0,1.0,1.0,1.0,0.0,0.0,3.0,-1.4795889,-0.8917201,0.0
4743,1.0,1.0,0.0,0.0,0.77086604,1.0,2.0,1.0,0.0,2.0,0.0,0.0,0.0,0.0,1.0,1.0,0.0,0.49575564,0.76222,0.0
4744,1.0,1.0,1.0,0.0,-1.1503038,1.0,0.0,1.0,0.0,0.0,0.0,0.0,0.0,0.0,0.0,1.0,2.0,0.18183781,-0.88060296,0.0
4745,0.0,0.0,1.0,0.0,-1.1911799,1.0,0.0,0.0,0.0,0.0,0.0,0.0,0.0,0.0,0.0,1.0,3.0,-0.622994,-0.9473947,0.0
4746,0.0,0.0,1.0,0.0,0.4029824,1.0,2.0,1.0,0.0,0.0,2.0,2.0,0.0,0.0,0.0,1.0,2.0,0.65271455,0.5904381,1.0
4747,1.0,0.0,1.0,1.0,-1.2729317,1.0,0.0,1.0,0.0,0.0,0.0,0.0,2.0,2.0,0.0,0.0,3.0,0.8146828,-0.9656268,1.0
4748,1.0,0.0,0.0,0.0,-0.61891645,1.0,2.0,1.0,0.0,0.0,2.0,2.0,0.0,2.0,0.0,1.0,0.0,1.0317535,-0.27598664,0.0
4749,0.0,0.0,0.0,0.0,-0.29190883,1.0,2.0,1.0,0.0,2.0,0.0,0.0,2.0,2.0,0.0,1.0,2.0,1.185373,0.056526758,1.0
4750,1.0,1.0,0.0,0.0,-1.2729317,1.0,0.0,0.0,0.0,0.0,0.0,0.0,0.0,0.0,0.0,0.0,2.0,-0.65304995,-0.9851707,0.0
4751,1.0,0.0,1.0,1.0,-0.41453668,1.0,0.0,2.0,1.0,1.0,1.0,1.0,1.0,1.0,1.0,0.0,3.0,-1.4896076,-0.8185471,0.0
4752,0.0,0.0,1.0,0.0,1.5066332,1.0,2.0,1.0,2.0,0.0,0.0,0.0,2.0,2.0,2.0,0.0,0.0,1.1486379,2.0520964,0.0
4753,0.0,0.0,1.0,1.0,0.77086604,1.0,2.0,1.0,0.0,0.0,0.0,2.0,0.0,0.0,0.0,1.0,2.0,0.5341605,0.8254543,0.0
4754,0.0,0.0,1.0,1.0,1.629261,1.0,2.0,1.0,0.0,2.0,2.0,2.0,2.0,2.0,2.0,1.0,0.0,1.4842628,2.4238977,0.0
4755,0.0,0.0,0.0,0.0,-1.068552,1.0,0.0,0.0,2.0,0.0,0.0,0.0,0.0,0.0,0.0,1.0,2.0,-0.51111907,-0.8653725,0.0
4756,0.0,0.0,1.0,0.0,-1.2729317,0.0,1.0,0.0,0.0,2.0,0.0,0.0,0.0,0.0,0.0,1.0,2.0,-1.1656711,-0.99199665,0.0
4757,1.0,0.0,0.0,0.0,-1.2320558,1.0,0.0,1.0,0.0,0.0,0.0,0.0,0.0,0.0,0.0,1.0,2.0,0.16847962,-0.9400574,0.0
4758,1.0,0.0,1.0,0.0,-0.90504813,1.0,2.0,1.0,0.0,0.0,0.0,0.0,2.0,0.0,0.0,1.0,2.0,0.6961287,-0.64336336,1.0
4759,1.0,0.0,1.0,1.0,-1.2729317,1.0,0.0,2.0,1.0,1.0,1.0,1.0,1.0,1.0,1.0,0.0,3.0,-1.5063053,-0.99653244,0.0
4760,0.0,1.0,0.0,0.0,-0.9868001,1.0,2.0,1.0,0.0,0.0,2.0,0.0,2.0,2.0,0.0,0.0,2.0,1.222108,-0.65819365,1.0
4761,0.0,0.0,1.0,1.0,-1.068552,1.0,2.0,0.0,0.0,0.0,0.0,0.0,0.0,0.0,0.0,1.0,1.0,-0.52781683,-0.8837602,0.0
4762,0.0,0.0,1.0,0.0,1.1796255,1.0,2.0,2.0,1.0,1.0,1.0,1.0,1.0,1.0,2.0,0.0,0.0,-1.3176206,-0.31382936,0.0
4763,0.0,0.0,1.0,1.0,-0.29190883,1.0,0.0,2.0,1.0,1.0,1.0,1.0,1.0,1.0,1.0,0.0,3.0,-1.4929471,-0.7739897,0.0
4764,1.0,0.0,1.0,1.0,-0.8641722,1.0,0.0,2.0,1.0,1.0,1.0,1.0,1.0,1.0,0.0,1.0,2.0,-1.4795889,-0.8937434,0.0
4765,0.0,0.0,1.0,1.0,-0.37366074,0.0,1.0,0.0,2.0,0.0,0.0,2.0,0.0,0.0,2.0,0.0,3.0,-1.0070424,-0.6435413,0.0
4766,0.0,0.0,0.0,0.0,-1.2729317,1.0,0.0,2.0,1.0,1.0,1.0,1.0,1.0,1.0,0.0,0.0,3.0,-1.4979564,-0.9964213,0.0
4767,0.0,0.0,0.0,1.0,0.3212305,1.0,0.0,0.0,2.0,0.0,0.0,2.0,2.0,0.0,0.0,1.0,1.0,-0.021874802,0.088810906,0.0
4768,0.0,1.0,0.0,0.0,0.9752458,1.0,2.0,1.0,2.0,2.0,2.0,0.0,2.0,2.0,1.0,0.0,2.0,1.5276769,1.7248747,0.0
4769,1.0,1.0,0.0,0.0,1.5066332,1.0,2.0,0.0,2.0,0.0,2.0,2.0,0.0,2.0,2.0,0.0,1.0,0.31208032,1.2319411,0.0
4770,0.0,0.0,0.0,0.0,-1.068552,1.0,0.0,2.0,1.0,1.0,1.0,1.0,1.0,1.0,0.0,0.0,3.0,-1.4879378,-0.95028514,0.0
4771,1.0,0.0,1.0,1.0,0.8526179,1.0,0.0,2.0,1.0,1.0,1.0,1.0,1.0,1.0,2.0,1.0,3.0,-1.5146542,-0.5115142,0.0
4772,1.0,1.0,0.0,0.0,0.44385839,1.0,2.0,1.0,0.0,0.0,0.0,0.0,2.0,0.0,0.0,1.0,2.0,0.6710821,0.6158741,0.0
4773,1.0,0.0,0.0,0.0,1.2613775,1.0,2.0,1.0,0.0,2.0,0.0,0.0,0.0,2.0,1.0,0.0,1.0,0.85809696,1.5852436,0.0
4774,1.0,0.0,0.0,0.0,0.81174195,1.0,0.0,2.0,1.0,1.0,1.0,1.0,1.0,1.0,2.0,0.0,3.0,-1.5063053,-0.54944587,0.0
4775,0.0,0.0,1.0,0.0,1.0569977,1.0,2.0,0.0,0.0,2.0,0.0,2.0,0.0,0.0,2.0,1.0,1.0,-0.16213594,0.55339587,0.0
4776,0.0,0.0,1.0,1.0,1.3022535,1.0,0.0,0.0,2.0,0.0,0.0,2.0,2.0,0.0,1.0,0.0,3.0,0.034897566,0.8037092,0.0
4777,0.0,1.0,1.0,0.0,1.3022535,1.0,0.0,1.0,2.0,2.0,2.0,0.0,0.0,2.0,1.0,0.0,0.0,1.0768375,1.854456,0.0
4778,1.0,1.0,0.0,0.0,-1.2729317,1.0,2.0,1.0,0.0,0.0,0.0,0.0,0.0,0.0,0.0,1.0,2.0,0.3671829,-0.9715856,1.0
4779,0.0,0.0,1.0,1.0,-0.9868001,1.0,2.0,0.0,0.0,2.0,0.0,0.0,0.0,0.0,0.0,0.0,2.0,-0.30072734,-0.80658513,0.0
4780,1.0,0.0,0.0,0.0,-0.33278477,1.0,0.0,0.0,0.0,0.0,0.0,2.0,0.0,0.0,0.0,1.0,1.0,-0.45601645,-0.4406981,0.0
4781,1.0,0.0,1.0,1.0,1.4657573,0.0,1.0,0.0,2.0,2.0,0.0,0.0,2.0,0.0,1.0,0.0,3.0,-0.6664082,0.3215147,0.0
4782,1.0,0.0,1.0,1.0,-1.1911799,1.0,0.0,0.0,0.0,0.0,2.0,0.0,0.0,0.0,0.0,1.0,2.0,-0.4877422,-0.93049663,1.0
4783,1.0,0.0,0.0,0.0,-1.1094279,1.0,0.0,2.0,1.0,1.0,1.0,1.0,1.0,1.0,0.0,0.0,0.0,-1.4729098,-0.9636702,0.0
4784,0.0,0.0,0.0,0.0,-1.1503038,1.0,2.0,1.0,2.0,0.0,0.0,0.0,0.0,0.0,0.0,1.0,2.0,0.51412314,-0.8630379,0.0
4785,1.0,0.0,1.0,1.0,-0.29190883,1.0,0.0,2.0,1.0,1.0,1.0,1.0,1.0,1.0,1.0,0.0,2.0,-1.4979564,-0.78050435,0.0
4786,0.0,0.0,0.0,0.0,0.72999007,1.0,0.0,2.0,1.0,1.0,1.0,1.0,1.0,1.0,2.0,0.0,1.0,-1.5146542,-0.549935,0.0
4787,1.0,0.0,0.0,1.0,0.28035456,1.0,2.0,2.0,1.0,1.0,1.0,1.0,1.0,1.0,2.0,0.0,3.0,-1.3276393,-0.55865085,0.0
4788,1.0,0.0,0.0,0.0,-0.41453668,1.0,0.0,2.0,1.0,1.0,1.0,1.0,1.0,1.0,1.0,0.0,1.0,-1.4845982,-0.7975358,0.0
4789,0.0,0.0,0.0,0.0,1.4657573,1.0,2.0,2.0,1.0,1.0,1.0,1.0,1.0,1.0,2.0,0.0,0.0,-1.3109416,-0.19514287,0.0
4790,0.0,1.0,0.0,0.0,-0.9459241,1.0,0.0,1.0,0.0,0.0,2.0,0.0,0.0,0.0,0.0,0.0,1.0,0.35883403,-0.7218281,0.0
4791,0.0,1.0,1.0,1.0,-0.005777135,1.0,2.0,1.0,0.0,0.0,2.0,0.0,2.0,0.0,0.0,1.0,3.0,0.8881529,0.2827826,0.0
4792,1.0,0.0,1.0,0.0,1.2205015,1.0,2.0,1.0,2.0,2.0,0.0,0.0,0.0,2.0,1.0,0.0,2.0,1.0467815,1.6634859,0.0
4793,0.0,1.0,0.0,0.0,-0.08752905,1.0,2.0,1.0,0.0,2.0,2.0,0.0,2.0,2.0,0.0,1.0,2.0,1.3139457,0.3826367,0.0
4794,1.0,0.0,1.0,1.0,0.6073622,1.0,2.0,0.0,2.0,2.0,2.0,2.0,2.0,2.0,2.0,1.0,3.0,0.8597667,0.91503614,0.0
4795,0.0,0.0,0.0,0.0,1.3840053,1.0,2.0,0.0,2.0,2.0,2.0,2.0,2.0,2.0,2.0,1.0,1.0,0.8447387,1.6476996,0.0
4796,0.0,0.0,0.0,1.0,0.07597478,1.0,0.0,1.0,2.0,2.0,2.0,0.0,2.0,2.0,0.0,1.0,0.0,1.35569,0.6349956,0.0
4797,1.0,0.0,1.0,0.0,-0.005777135,1.0,2.0,1.0,0.0,0.0,2.0,0.0,0.0,0.0,0.0,1.0,2.0,0.47237876,0.08329681,1.0
4798,1.0,1.0,1.0,0.0,1.629261,1.0,2.0,1.0,2.0,2.0,2.0,2.0,2.0,2.0,0.0,1.0,1.0,1.6078261,2.5795598,0.0
4799,0.0,0.0,0.0,0.0,0.116850734,1.0,2.0,1.0,0.0,2.0,0.0,2.0,0.0,0.0,0.0,0.0,1.0,0.68611,0.2920988,1.0
4800,0.0,1.0,1.0,0.0,1.3840053,1.0,2.0,0.0,0.0,2.0,2.0,0.0,2.0,2.0,2.0,1.0,0.0,0.5274814,1.3360419,1.0
4801,1.0,0.0,0.0,0.0,1.5475092,0.0,1.0,0.0,2.0,0.0,2.0,2.0,0.0,2.0,2.0,0.0,0.0,-0.54618436,0.5256919,0.0
4802,1.0,0.0,1.0,1.0,-0.45541266,1.0,2.0,1.0,0.0,2.0,2.0,0.0,2.0,2.0,0.0,0.0,2.0,1.3239644,-0.045661915,1.0
4803,1.0,0.0,0.0,0.0,-1.2729317,1.0,0.0,1.0,0.0,0.0,0.0,0.0,0.0,0.0,0.0,1.0,2.0,0.16013074,-0.97434264,1.0
4804,1.0,0.0,0.0,0.0,-0.82329625,1.0,2.0,1.0,0.0,2.0,2.0,2.0,2.0,2.0,0.0,1.0,3.0,1.609496,-0.38949257,1.0
4805,1.0,0.0,0.0,0.0,0.116850734,1.0,0.0,1.0,0.0,2.0,2.0,0.0,2.0,2.0,1.0,1.0,0.0,1.2555035,0.60720277,1.0
4806,0.0,1.0,0.0,0.0,-1.2320558,1.0,0.0,1.0,0.0,0.0,0.0,0.0,0.0,0.0,0.0,1.0,2.0,0.1968658,-0.9419695,1.0
4807,1.0,0.0,1.0,1.0,0.116850734,1.0,0.0,2.0,1.0,1.0,1.0,1.0,1.0,1.0,2.0,0.0,0.0,-1.4779191,-0.6675987,0.0
4808,1.0,0.0,1.0,1.0,-0.16928096,1.0,0.0,2.0,1.0,1.0,1.0,1.0,1.0,1.0,2.0,1.0,1.0,-1.4845982,-0.7882863,0.0
4809,0.0,0.0,1.0,1.0,-0.7006684,1.0,2.0,2.0,1.0,1.0,1.0,1.0,1.0,1.0,0.0,1.0,2.0,-1.3192904,-0.8296865,0.0
4810,1.0,1.0,1.0,0.0,1.3431294,1.0,2.0,1.0,2.0,0.0,0.0,0.0,2.0,2.0,1.0,1.0,2.0,1.2020707,1.9628481,0.0
4811,0.0,0.0,1.0,1.0,1.4657573,1.0,2.0,1.0,2.0,0.0,2.0,2.0,2.0,2.0,2.0,1.0,0.0,1.4792534,2.333671,0.0
4812,1.0,0.0,1.0,0.0,-0.4962886,1.0,0.0,1.0,0.0,0.0,0.0,0.0,2.0,2.0,0.0,1.0,3.0,0.8096734,-0.19574319,1.0
4813,1.0,0.0,1.0,0.0,-0.41453668,1.0,2.0,1.0,0.0,0.0,0.0,0.0,0.0,2.0,0.0,1.0,2.0,0.67943096,-0.17206371,1.0
4814,1.0,0.0,1.0,1.0,1.629261,1.0,2.0,0.0,2.0,2.0,2.0,2.0,2.0,2.0,2.0,1.0,0.0,0.76124996,1.8687971,0.0
4815,1.0,0.0,0.0,1.0,-1.2729317,1.0,2.0,1.0,0.0,0.0,0.0,0.0,0.0,0.0,0.0,1.0,2.0,0.3204292,-0.97220814,1.0
4816,1.0,0.0,0.0,1.0,-1.2729317,1.0,0.0,0.0,0.0,0.0,0.0,2.0,0.0,2.0,0.0,1.0,3.0,-0.17382438,-0.9787895,0.0
4817,1.0,1.0,0.0,0.0,-0.9459241,1.0,0.0,0.0,0.0,0.0,0.0,2.0,0.0,0.0,0.0,0.0,3.0,-0.51946795,-0.80609596,0.0
4818,1.0,0.0,0.0,0.0,-0.61891645,1.0,0.0,2.0,1.0,1.0,1.0,1.0,1.0,1.0,0.0,0.0,1.0,-1.4578818,-0.8338221,0.0
4819,1.0,1.0,1.0,0.0,-0.9868001,1.0,0.0,0.0,2.0,0.0,0.0,0.0,2.0,0.0,0.0,0.0,0.0,-0.12874044,-0.7598265,0.0
4820,1.0,0.0,0.0,0.0,1.5066332,1.0,0.0,2.0,1.0,1.0,1.0,1.0,1.0,1.0,2.0,0.0,1.0,-1.4962866,-0.38300017,0.0
4821,0.0,0.0,1.0,1.0,-1.1911799,1.0,0.0,1.0,0.0,0.0,0.0,0.0,2.0,0.0,0.0,1.0,2.0,0.5324907,-0.8987906,0.0
4822,0.0,1.0,1.0,1.0,1.3840053,1.0,2.0,1.0,0.0,2.0,2.0,0.0,2.0,2.0,1.0,1.0,2.0,1.3406621,2.0592558,0.0
4823,0.0,0.0,0.0,0.0,-1.1911799,1.0,0.0,1.0,2.0,0.0,2.0,0.0,2.0,2.0,0.0,1.0,1.0,1.1436286,-0.87746793,1.0
4824,0.0,1.0,0.0,0.0,-1.2320558,1.0,0.0,1.0,0.0,0.0,0.0,0.0,0.0,0.0,0.0,1.0,2.0,0.16180052,-0.9467277,1.0
4825,0.0,0.0,1.0,1.0,-0.16928096,1.0,0.0,1.0,0.0,0.0,0.0,0.0,0.0,0.0,1.0,1.0,0.0,0.18851691,-0.1193685,0.0
4826,0.0,0.0,0.0,0.0,-1.1911799,1.0,0.0,1.0,0.0,0.0,0.0,0.0,2.0,2.0,0.0,1.0,2.0,0.8247014,-0.89834595,1.0
4827,0.0,1.0,0.0,0.0,-0.7415443,0.0,1.0,0.0,2.0,0.0,2.0,2.0,0.0,0.0,2.0,0.0,3.0,-0.8367253,-0.69739264,0.0
4828,0.0,0.0,1.0,1.0,0.52561027,1.0,2.0,0.0,2.0,2.0,2.0,2.0,2.0,0.0,0.0,0.0,3.0,0.552528,0.56940454,0.0
4829,1.0,1.0,0.0,0.0,0.93436986,1.0,2.0,1.0,2.0,0.0,0.0,0.0,2.0,2.0,0.0,1.0,2.0,1.1369494,1.4928602,1.0
4830,1.0,1.0,1.0,0.0,-0.128405,1.0,2.0,1.0,0.0,0.0,2.0,0.0,2.0,2.0,0.0,1.0,2.0,1.1269308,0.33063075,1.0
4831,1.0,0.0,1.0,0.0,1.5475092,1.0,2.0,0.0,2.0,2.0,2.0,2.0,2.0,0.0,1.0,0.0,0.0,0.48907652,1.45335,0.0
4832,1.0,0.0,1.0,0.0,0.48473433,1.0,2.0,1.0,2.0,0.0,2.0,0.0,0.0,0.0,0.0,1.0,1.0,0.6694123,0.60731393,0.0
4833,0.0,0.0,1.0,0.0,0.07597478,1.0,2.0,1.0,0.0,0.0,0.0,0.0,2.0,2.0,0.0,1.0,2.0,1.0985446,0.42107975,1.0
4834,1.0,0.0,1.0,0.0,-0.41453668,1.0,0.0,1.0,0.0,0.0,2.0,0.0,2.0,0.0,0.0,1.0,0.0,0.74288243,-0.1823137,0.0
4835,1.0,0.0,1.0,1.0,1.4248813,1.0,2.0,2.0,1.0,1.0,1.0,1.0,1.0,1.0,2.0,0.0,0.0,-1.3393277,-0.28468025,0.0
4836,1.0,0.0,0.0,1.0,0.03509882,1.0,0.0,2.0,1.0,1.0,1.0,1.0,1.0,1.0,1.0,1.0,3.0,-1.4896076,-0.70192844,0.0
4837,0.0,0.0,0.0,0.0,0.72999007,1.0,0.0,2.0,1.0,1.0,1.0,1.0,1.0,1.0,1.0,0.0,0.0,-1.5029657,-0.56545454,0.0
4838,0.0,0.0,0.0,0.0,-1.2729317,1.0,0.0,2.0,1.0,1.0,1.0,1.0,1.0,1.0,0.0,0.0,1.0,-1.5096449,-0.9965769,0.0
4839,0.0,1.0,1.0,0.0,1.629261,1.0,2.0,0.0,2.0,2.0,2.0,0.0,2.0,2.0,2.0,1.0,1.0,0.64603543,1.7204945,0.0
4840,0.0,0.0,0.0,1.0,-0.29190883,0.0,1.0,0.0,2.0,0.0,0.0,2.0,0.0,0.0,2.0,0.0,0.0,-0.9920144,-0.62975603,0.0
4841,1.0,0.0,1.0,0.0,1.5066332,1.0,0.0,0.0,2.0,2.0,2.0,2.0,2.0,2.0,2.0,1.0,3.0,0.6660727,1.6089897,0.0
4842,1.0,0.0,1.0,0.0,1.1796255,1.0,2.0,0.0,2.0,0.0,2.0,2.0,0.0,2.0,2.0,0.0,1.0,0.3538247,1.0977795,0.0
4843,1.0,0.0,1.0,0.0,1.3431294,1.0,2.0,1.0,2.0,0.0,2.0,0.0,2.0,2.0,0.0,1.0,2.0,1.318955,2.024348,0.0
4844,0.0,0.0,1.0,0.0,1.1387496,1.0,0.0,1.0,2.0,0.0,0.0,2.0,2.0,2.0,2.0,1.0,2.0,1.0835166,1.490192,0.0
4845,0.0,0.0,1.0,0.0,-0.8641722,1.0,0.0,0.0,0.0,0.0,0.0,0.0,0.0,0.0,0.0,1.0,2.0,-0.6914548,-0.7901762,1.0
4846,0.0,0.0,1.0,0.0,1.629261,1.0,0.0,2.0,1.0,1.0,1.0,1.0,1.0,1.0,2.0,0.0,0.0,-1.5146542,-0.33982122,0.0
4847,0.0,0.0,0.0,0.0,1.4657573,1.0,0.0,2.0,1.0,1.0,1.0,1.0,1.0,1.0,2.0,0.0,1.0,-1.4779191,-0.37163845,0.0
4848,1.0,0.0,0.0,0.0,-1.2320558,1.0,0.0,1.0,0.0,2.0,0.0,0.0,0.0,0.0,0.0,0.0,2.0,0.3404665,-0.9377895,0.0
4849,0.0,0.0,1.0,1.0,-0.82329625,0.0,1.0,0.0,2.0,0.0,0.0,2.0,0.0,0.0,1.0,0.0,1.0,-1.0554659,-0.8074967,0.0
4850,1.0,0.0,1.0,1.0,0.8934939,1.0,2.0,0.0,0.0,0.0,2.0,0.0,0.0,2.0,2.0,0.0,1.0,-0.046921436,0.51070607,0.0
4851,0.0,1.0,0.0,0.0,1.0161217,1.0,0.0,0.0,2.0,0.0,2.0,2.0,2.0,0.0,2.0,0.0,0.0,0.17014939,0.77480465,0.0
4852,0.0,0.0,0.0,0.0,0.36210647,1.0,2.0,1.0,0.0,2.0,2.0,0.0,2.0,2.0,0.0,1.0,2.0,1.3874158,0.9706663,1.0
4853,0.0,0.0,0.0,0.0,0.56648624,1.0,0.0,1.0,0.0,0.0,2.0,0.0,0.0,0.0,0.0,1.0,1.0,0.33545718,0.57260627,0.0
4854,1.0,1.0,1.0,0.0,-0.128405,1.0,2.0,0.0,0.0,0.0,0.0,0.0,0.0,0.0,0.0,1.0,2.0,-0.4393187,-0.36403432,0.0
4855,0.0,0.0,0.0,0.0,0.07597478,1.0,2.0,0.0,2.0,2.0,0.0,2.0,0.0,0.0,1.0,1.0,3.0,-0.011856149,-0.076434135,1.0
4856,1.0,0.0,0.0,0.0,-0.53716457,1.0,0.0,0.0,0.0,0.0,0.0,0.0,0.0,0.0,0.0,1.0,0.0,-0.65972906,-0.62023973,0.0
4857,0.0,0.0,1.0,1.0,1.5066332,1.0,0.0,2.0,1.0,1.0,1.0,1.0,1.0,1.0,2.0,0.0,0.0,-1.5029657,-0.39365038,0.0
4858,1.0,0.0,0.0,1.0,0.8526179,1.0,0.0,1.0,2.0,2.0,2.0,0.0,0.0,2.0,1.0,0.0,2.0,1.0417722,1.2345648,0.0
4859,1.0,0.0,1.0,0.0,1.629261,1.0,0.0,0.0,2.0,2.0,0.0,2.0,2.0,2.0,2.0,1.0,0.0,0.48740676,1.553115,0.0
4860,1.0,0.0,1.0,1.0,-0.82329625,1.0,0.0,2.0,1.0,1.0,1.0,1.0,1.0,1.0,2.0,0.0,0.0,-1.4595516,-0.8887407,0.0
4861,0.0,0.0,0.0,0.0,0.93436986,1.0,0.0,0.0,0.0,2.0,2.0,0.0,0.0,2.0,2.0,1.0,3.0,-0.00016771969,0.6032006,0.0
4862,0.0,0.0,0.0,0.0,-1.2729317,1.0,0.0,1.0,0.0,0.0,2.0,0.0,2.0,0.0,0.0,1.0,1.0,0.6944589,-0.96722764,1.0
4863,0.0,0.0,1.0,1.0,0.6891141,1.0,0.0,0.0,0.0,2.0,2.0,0.0,2.0,2.0,1.0,0.0,1.0,0.44232282,0.6952949,0.0
4864,0.0,0.0,0.0,1.0,-1.1911799,1.0,0.0,0.0,2.0,0.0,0.0,2.0,0.0,2.0,0.0,1.0,0.0,-0.008516598,-0.9263833,0.0
4865,0.0,0.0,1.0,1.0,1.3840053,1.0,2.0,0.0,2.0,2.0,2.0,0.0,0.0,0.0,0.0,1.0,0.0,0.09000016,0.9996597,0.0
4866,1.0,1.0,0.0,0.0,-0.53716457,1.0,2.0,1.0,2.0,0.0,0.0,0.0,2.0,0.0,0.0,1.0,2.0,0.86310625,-0.26709294,1.0
4867,1.0,0.0,1.0,0.0,-1.2729317,1.0,0.0,1.0,0.0,0.0,0.0,0.0,0.0,0.0,0.0,0.0,2.0,0.17515871,-0.9741425,1.0
4868,1.0,0.0,1.0,1.0,-0.61891645,1.0,2.0,2.0,1.0,1.0,1.0,1.0,1.0,1.0,2.0,1.0,3.0,-1.3226299,-0.8217934,0.0
4869,1.0,1.0,1.0,0.0,-0.90504813,1.0,0.0,1.0,0.0,2.0,2.0,2.0,2.0,0.0,0.0,1.0,3.0,0.9265577,-0.58989,1.0
4870,1.0,0.0,1.0,1.0,1.4657573,1.0,0.0,0.0,0.0,0.0,2.0,2.0,2.0,2.0,2.0,1.0,0.0,0.27367547,1.1973668,0.0
4871,0.0,0.0,1.0,0.0,0.03509882,1.0,0.0,2.0,1.0,1.0,1.0,1.0,1.0,1.0,0.0,0.0,3.0,-1.4929471,-0.7075759,0.0
4872,1.0,0.0,0.0,0.0,-1.2320558,1.0,0.0,2.0,1.0,1.0,1.0,1.0,1.0,1.0,0.0,0.0,3.0,-1.486268,-0.9889061,0.0
4873,0.0,0.0,0.0,0.0,-1.2729317,1.0,0.0,0.0,0.0,0.0,0.0,0.0,0.0,0.0,0.0,0.0,3.0,-0.66807795,-0.9853708,0.0
4874,1.0,0.0,0.0,0.0,1.2613775,1.0,2.0,2.0,1.0,1.0,1.0,1.0,1.0,1.0,2.0,0.0,3.0,-1.3192904,-0.31187275,0.0
4875,0.0,0.0,0.0,0.0,-0.08752905,0.0,1.0,0.0,0.0,0.0,0.0,2.0,0.0,2.0,1.0,1.0,1.0,-0.8150182,-0.47740683,0.0
4876,0.0,0.0,0.0,0.0,-0.21015692,1.0,0.0,2.0,1.0,1.0,1.0,1.0,1.0,1.0,1.0,0.0,3.0,-1.5230031,-0.78232753,0.0
4877,1.0,0.0,0.0,1.0,0.81174195,1.0,2.0,2.0,1.0,1.0,1.0,1.0,1.0,1.0,2.0,0.0,1.0,-1.307602,-0.411838,0.0
4878,1.0,0.0,0.0,0.0,1.3431294,1.0,2.0,2.0,1.0,1.0,1.0,1.0,1.0,1.0,2.0,1.0,0.0,-1.3242998,-0.2381884,0.0
4879,1.0,0.0,0.0,0.0,-0.046653092,1.0,0.0,2.0,1.0,1.0,1.0,1.0,1.0,1.0,2.0,0.0,0.0,-1.4812586,-0.73441267,0.0
4880,1.0,1.0,1.0,0.0,-0.005777135,1.0,2.0,1.0,0.0,0.0,0.0,0.0,0.0,0.0,0.0,1.0,2.0,0.33879673,0.018995322,1.0
4881,1.0,0.0,0.0,0.0,0.07597478,1.0,0.0,0.0,2.0,0.0,2.0,0.0,0.0,0.0,1.0,0.0,3.0,-0.26065272,-0.16503768,0.0
4882,0.0,1.0,0.0,0.0,-1.2320558,1.0,0.0,1.0,0.0,0.0,0.0,0.0,0.0,0.0,0.0,0.0,2.0,0.20020536,-0.93641096,1.0
4883,0.0,0.0,1.0,0.0,1.3022535,1.0,2.0,1.0,2.0,0.0,2.0,0.0,2.0,0.0,2.0,1.0,1.0,0.9966883,1.6400287,0.0
4884,1.0,0.0,0.0,1.0,-1.2729317,1.0,0.0,2.0,1.0,1.0,1.0,1.0,1.0,1.0,0.0,0.0,3.0,-1.4695703,-0.99604326,0.0
4885,0.0,0.0,0.0,0.0,0.52561027,1.0,2.0,1.0,0.0,2.0,0.0,0.0,2.0,0.0,0.0,1.0,1.0,0.8196921,0.78096354,1.0
4886,1.0,0.0,1.0,0.0,1.1796255,1.0,2.0,0.0,2.0,0.0,2.0,0.0,0.0,2.0,2.0,1.0,3.0,0.17181917,0.87428075,0.0
4887,1.0,1.0,1.0,1.0,1.3840053,1.0,2.0,0.0,2.0,2.0,2.0,2.0,2.0,0.0,2.0,0.0,1.0,0.48907652,1.2869042,1.0
4888,1.0,1.0,1.0,0.0,0.8526179,1.0,2.0,1.0,0.0,2.0,2.0,0.0,2.0,2.0,0.0,1.0,2.0,1.3055968,1.4340506,1.0
4889,1.0,0.0,0.0,0.0,-0.4962886,1.0,2.0,1.0,0.0,0.0,0.0,0.0,2.0,0.0,0.0,1.0,2.0,0.68444026,-0.23396389,1.0
4890,1.0,0.0,0.0,0.0,-0.29190883,1.0,0.0,2.0,1.0,1.0,1.0,1.0,1.0,1.0,0.0,0.0,3.0,-1.4745796,-0.76447344,0.0
4891,0.0,0.0,1.0,1.0,-1.2729317,1.0,0.0,2.0,1.0,1.0,1.0,1.0,1.0,1.0,0.0,1.0,3.0,-1.5146542,-0.9966436,0.0
4892,0.0,0.0,0.0,0.0,1.0978737,1.0,2.0,2.0,1.0,1.0,1.0,1.0,1.0,1.0,2.0,0.0,2.0,-1.3460069,-0.34131092,0.0
4893,0.0,0.0,1.0,1.0,1.629261,1.0,2.0,1.0,2.0,2.0,2.0,2.0,2.0,2.0,2.0,0.0,1.0,1.7614455,2.8501952,0.0
4894,0.0,0.0,0.0,0.0,1.0161217,1.0,0.0,0.0,0.0,2.0,2.0,2.0,2.0,0.0,2.0,0.0,3.0,0.16680984,0.72651184,0.0
4895,0.0,0.0,0.0,0.0,-1.1503038,1.0,0.0,1.0,0.0,0.0,0.0,0.0,0.0,0.0,0.0,1.0,1.0,0.17682849,-0.886584,1.0
4896,0.0,0.0,0.0,0.0,-0.61891645,1.0,0.0,1.0,0.0,0.0,0.0,0.0,0.0,0.0,0.0,1.0,2.0,0.17515871,-0.4963282,1.0
4897,1.0,0.0,0.0,0.0,-1.2729317,1.0,2.0,1.0,0.0,0.0,0.0,0.0,0.0,0.0,0.0,1.0,2.0,0.33879673,-0.9719636,1.0
4898,0.0,0.0,1.0,1.0,0.116850734,1.0,0.0,1.0,2.0,0.0,2.0,2.0,2.0,2.0,0.0,1.0,2.0,1.4074531,0.6651675,0.0
4899,1.0,0.0,1.0,1.0,0.8526179,1.0,0.0,0.0,0.0,2.0,0.0,2.0,2.0,0.0,0.0,0.0,1.0,0.008181158,0.4905618,0.0
4900,1.0,0.0,0.0,0.0,-1.2729317,1.0,0.0,0.0,0.0,0.0,2.0,0.0,0.0,0.0,0.0,1.0,3.0,-0.50443995,-0.98319185,1.0
4901,0.0,1.0,1.0,0.0,0.48473433,1.0,0.0,1.0,2.0,2.0,0.0,2.0,0.0,0.0,0.0,1.0,2.0,0.6811007,0.6269468,0.0
4902,1.0,0.0,0.0,0.0,0.03509882,1.0,0.0,2.0,1.0,1.0,1.0,1.0,1.0,1.0,2.0,0.0,3.0,-1.4829284,-0.69854885,0.0
4903,0.0,0.0,0.0,0.0,0.9752458,1.0,2.0,1.0,2.0,2.0,0.0,0.0,2.0,2.0,0.0,1.0,1.0,1.3974345,1.6156822,0.0
4904,1.0,0.0,0.0,0.0,-1.068552,1.0,0.0,1.0,0.0,2.0,0.0,0.0,2.0,0.0,0.0,1.0,2.0,0.68777984,-0.7876193,1.0
4905,0.0,0.0,1.0,0.0,0.6482381,1.0,0.0,1.0,0.0,2.0,2.0,0.0,2.0,2.0,1.0,1.0,2.0,1.0785073,1.0816152,0.0
4906,0.0,1.0,1.0,0.0,1.2613775,1.0,2.0,1.0,0.0,2.0,2.0,0.0,2.0,2.0,0.0,1.0,2.0,1.2939084,1.8760233,0.0
4907,1.0,0.0,1.0,1.0,1.629261,1.0,2.0,1.0,2.0,2.0,2.0,2.0,2.0,2.0,2.0,0.0,0.0,1.6629287,2.6883075,0.0
4908,1.0,1.0,1.0,0.0,-1.2729317,0.0,1.0,0.0,0.0,0.0,0.0,0.0,0.0,0.0,0.0,0.0,2.0,-1.3259696,-0.99413115,1.0
4909,1.0,0.0,0.0,0.0,1.2205015,1.0,0.0,0.0,0.0,2.0,2.0,2.0,2.0,2.0,0.0,1.0,0.0,0.522472,1.2097735,0.0
4910,1.0,0.0,0.0,0.0,-0.6597924,1.0,0.0,0.0,0.0,0.0,0.0,2.0,0.0,0.0,0.0,1.0,3.0,-0.51111907,-0.64996696,0.0
4911,1.0,0.0,1.0,0.0,1.5883851,1.0,2.0,1.0,2.0,2.0,2.0,0.0,2.0,2.0,1.0,1.0,2.0,1.4976209,2.4873543,0.0
4912,1.0,0.0,1.0,0.0,0.15772669,1.0,2.0,1.0,0.0,0.0,0.0,0.0,2.0,2.0,0.0,1.0,2.0,1.0234047,0.5396551,0.0
4913,0.0,0.0,1.0,1.0,1.629261,1.0,2.0,0.0,2.0,2.0,2.0,2.0,2.0,0.0,2.0,0.0,0.0,0.5157929,1.53575,0.0
4914,1.0,0.0,0.0,0.0,-0.45541266,1.0,0.0,2.0,1.0,1.0,1.0,1.0,1.0,1.0,0.0,0.0,1.0,-1.4779191,-0.826129,0.0
4915,1.0,0.0,0.0,0.0,0.48473433,0.0,1.0,0.0,2.0,0.0,2.0,0.0,2.0,2.0,1.0,1.0,2.0,-0.35916948,0.079872735,0.0
4916,0.0,0.0,0.0,0.0,0.81174195,1.0,0.0,0.0,2.0,0.0,0.0,0.0,0.0,0.0,0.0,1.0,0.0,-0.5011004,0.12225124,0.0
4917,0.0,0.0,1.0,1.0,0.52561027,1.0,0.0,0.0,2.0,0.0,2.0,2.0,2.0,2.0,2.0,1.0,3.0,0.5425093,0.56606936,0.0
4918,1.0,0.0,0.0,0.0,-1.2320558,1.0,0.0,1.0,0.0,0.0,2.0,0.0,2.0,2.0,0.0,0.0,2.0,1.0083767,-0.92607206,1.0
4919,1.0,0.0,0.0,1.0,1.0161217,1.0,2.0,0.0,2.0,2.0,2.0,2.0,2.0,2.0,2.0,0.0,3.0,0.82804096,1.2236477,0.0
4920,0.0,0.0,1.0,0.0,-0.4962886,1.0,0.0,1.0,2.0,2.0,0.0,2.0,2.0,0.0,0.0,1.0,2.0,1.0618095,-0.15963475,0.0
4921,0.0,0.0,0.0,0.0,-1.1094279,1.0,0.0,0.0,2.0,0.0,2.0,0.0,0.0,0.0,0.0,0.0,1.0,-0.29905754,-0.87168705,0.0
4922,0.0,0.0,1.0,0.0,0.4029824,1.0,2.0,0.0,0.0,0.0,0.0,0.0,0.0,0.0,0.0,1.0,2.0,-0.48440263,-0.025339799,1.0
4923,1.0,0.0,0.0,0.0,0.56648624,0.0,1.0,0.0,2.0,0.0,2.0,2.0,2.0,2.0,2.0,1.0,0.0,-0.13374977,0.28138188,0.0
4924,0.0,0.0,1.0,0.0,0.15772669,1.0,0.0,1.0,0.0,0.0,0.0,0.0,0.0,2.0,0.0,0.0,2.0,0.522472,0.3010592,0.0
4925,0.0,0.0,1.0,1.0,1.3022535,1.0,2.0,2.0,1.0,1.0,1.0,1.0,1.0,1.0,2.0,1.0,3.0,-1.359365,-0.31193945,0.0
4926,1.0,0.0,1.0,0.0,-0.7006684,1.0,0.0,1.0,0.0,0.0,0.0,0.0,0.0,0.0,0.0,1.0,0.0,0.128405,-0.5122924,0.0
4927,1.0,0.0,0.0,0.0,0.56648624,1.0,2.0,1.0,2.0,0.0,0.0,0.0,2.0,0.0,0.0,1.0,1.0,0.8146828,0.8826631,0.0
4928,0.0,0.0,0.0,0.0,-1.1094279,1.0,0.0,0.0,0.0,0.0,0.0,0.0,0.0,0.0,0.0,1.0,1.0,-0.6914548,-0.9153774,0.0
4929,1.0,0.0,1.0,1.0,0.116850734,1.0,2.0,0.0,0.0,0.0,0.0,2.0,2.0,2.0,1.0,1.0,0.0,0.29037324,0.17808148,0.0
4930,0.0,0.0,0.0,0.0,-1.2729317,1.0,2.0,1.0,0.0,0.0,0.0,0.0,2.0,0.0,0.0,1.0,2.0,0.6627332,-0.9676501,0.0
4931,0.0,0.0,0.0,0.0,0.56648624,1.0,2.0,1.0,2.0,2.0,0.0,0.0,0.0,0.0,0.0,0.0,3.0,0.6510448,0.7057006,0.0
4932,1.0,0.0,0.0,0.0,-1.2729317,1.0,0.0,0.0,0.0,0.0,0.0,0.0,0.0,0.0,0.0,0.0,2.0,-0.6497104,-0.98512626,1.0
4933,0.0,0.0,0.0,0.0,-1.1503038,1.0,0.0,1.0,0.0,0.0,0.0,0.0,0.0,0.0,0.0,1.0,2.0,0.18016805,-0.8859392,1.0
4934,0.0,0.0,1.0,0.0,-0.82329625,1.0,0.0,0.0,2.0,0.0,0.0,2.0,0.0,0.0,0.0,0.0,0.0,-0.35249037,-0.6982153,0.0
4935,1.0,0.0,0.0,0.0,-1.2320558,1.0,0.0,1.0,2.0,0.0,0.0,0.0,0.0,0.0,0.0,1.0,2.0,0.36551315,-0.921136,1.0
4936,0.0,1.0,1.0,0.0,1.3840053,1.0,2.0,1.0,0.0,0.0,2.0,2.0,2.0,2.0,1.0,1.0,1.0,1.3757274,2.0965204,1.0
4937,0.0,0.0,1.0,1.0,1.629261,1.0,0.0,2.0,1.0,1.0,1.0,1.0,1.0,1.0,2.0,0.0,1.0,-1.5046356,-0.39169377,0.0
4938,1.0,0.0,0.0,0.0,-0.8641722,1.0,2.0,0.0,0.0,0.0,2.0,0.0,0.0,0.0,0.0,0.0,2.0,-0.36751834,-0.73490185,1.0
4939,0.0,0.0,1.0,0.0,-1.068552,1.0,0.0,0.0,0.0,0.0,0.0,2.0,0.0,0.0,0.0,1.0,2.0,-0.5211377,-0.8848497,1.0
4940,1.0,0.0,0.0,0.0,-0.9459241,1.0,2.0,1.0,0.0,0.0,0.0,0.0,2.0,0.0,0.0,1.0,2.0,0.69278914,-0.65321314,0.0
4941,1.0,0.0,0.0,0.0,-1.2729317,1.0,0.0,2.0,1.0,1.0,1.0,1.0,1.0,1.0,0.0,0.0,3.0,-1.486268,-0.9962656,0.0
4942,0.0,0.0,1.0,1.0,0.28035456,1.0,2.0,2.0,1.0,1.0,1.0,1.0,1.0,1.0,1.0,1.0,3.0,-1.3543557,-0.59856135,0.0
4943,1.0,0.0,1.0,0.0,0.4029824,1.0,2.0,1.0,0.0,2.0,2.0,2.0,0.0,2.0,0.0,1.0,2.0,1.1586565,0.8348594,1.0
4944,0.0,0.0,0.0,0.0,-0.046653092,1.0,0.0,0.0,0.0,2.0,2.0,2.0,2.0,2.0,2.0,0.0,3.0,0.48239744,0.105197564,0.0
4945,0.0,0.0,1.0,1.0,-0.7415443,1.0,0.0,1.0,0.0,0.0,0.0,0.0,0.0,0.0,0.0,0.0,2.0,0.18183781,-0.53990734,0.0
4946,0.0,0.0,0.0,0.0,0.3212305,1.0,0.0,2.0,1.0,1.0,1.0,1.0,1.0,1.0,2.0,1.0,0.0,-1.4745796,-0.6373824,0.0
4947,0.0,1.0,0.0,0.0,-1.068552,1.0,2.0,1.0,0.0,2.0,0.0,0.0,2.0,2.0,0.0,1.0,2.0,1.1185819,-0.75597996,1.0
4948,0.0,0.0,0.0,0.0,1.3431294,1.0,0.0,0.0,2.0,2.0,0.0,2.0,0.0,0.0,2.0,1.0,3.0,-0.1721546,0.6577635,0.0
4949,0.0,0.0,0.0,0.0,-1.2320558,1.0,0.0,1.0,0.0,0.0,0.0,0.0,2.0,0.0,0.0,1.0,2.0,0.5308209,-0.9411691,1.0
4950,0.0,0.0,0.0,0.0,-0.128405,1.0,2.0,0.0,2.0,2.0,0.0,2.0,0.0,0.0,0.0,0.0,3.0,0.09000016,-0.20434785,0.0
4951,1.0,0.0,1.0,0.0,0.19860265,1.0,2.0,1.0,0.0,0.0,2.0,2.0,2.0,0.0,2.0,0.0,3.0,0.98666966,0.533763,0.0
4952,0.0,0.0,1.0,1.0,0.3212305,1.0,0.0,2.0,1.0,1.0,1.0,1.0,1.0,1.0,2.0,0.0,0.0,-1.4896076,-0.6595944,0.0
4953,1.0,0.0,0.0,0.0,0.19860265,1.0,0.0,2.0,1.0,1.0,1.0,1.0,1.0,1.0,1.0,0.0,1.0,-1.4896076,-0.65585905,0.0
4954,1.0,0.0,1.0,0.0,1.1796255,0.0,1.0,0.0,2.0,0.0,2.0,2.0,2.0,2.0,2.0,1.0,3.0,-0.08699605,0.67512846,0.0
4955,1.0,1.0,0.0,1.0,0.2394786,1.0,2.0,1.0,2.0,0.0,0.0,0.0,0.0,0.0,0.0,1.0,3.0,0.5241418,0.40111336,0.0
4956,0.0,0.0,1.0,0.0,1.629261,1.0,2.0,0.0,2.0,2.0,0.0,2.0,2.0,2.0,2.0,1.0,0.0,0.7228451,1.6890553,0.0
4957,1.0,0.0,1.0,1.0,-1.027676,1.0,0.0,0.0,0.0,0.0,2.0,0.0,0.0,0.0,0.0,0.0,2.0,-0.53616565,-0.85396636,1.0
4958,0.0,0.0,1.0,1.0,1.0569977,1.0,2.0,2.0,1.0,1.0,1.0,1.0,1.0,1.0,1.0,1.0,1.0,-1.3443371,-0.33917642,0.0
4959,0.0,0.0,1.0,0.0,1.5883851,1.0,2.0,0.0,0.0,0.0,2.0,2.0,2.0,2.0,2.0,1.0,0.0,0.5241418,1.5126487,0.0
4960,1.0,0.0,0.0,0.0,-1.1911799,1.0,0.0,1.0,2.0,0.0,0.0,0.0,0.0,2.0,0.0,1.0,3.0,0.71115667,-0.8963893,0.0
4961,0.0,1.0,0.0,0.0,-1.2320558,1.0,2.0,0.0,0.0,2.0,0.0,0.0,0.0,0.0,0.0,1.0,1.0,-0.27401093,-0.9526864,0.0
4962,1.0,0.0,1.0,1.0,0.8934939,1.0,0.0,1.0,0.0,2.0,0.0,2.0,0.0,0.0,2.0,1.0,0.0,0.5074441,0.93446887,0.0
4963,1.0,0.0,0.0,0.0,-1.2729317,1.0,2.0,1.0,0.0,0.0,0.0,0.0,2.0,0.0,0.0,1.0,3.0,0.66440296,-0.9676279,1.0
4964,1.0,1.0,1.0,0.0,0.15772669,1.0,2.0,1.0,0.0,2.0,0.0,0.0,2.0,2.0,0.0,1.0,2.0,1.0601398,0.5227126,1.0
4965,0.0,1.0,1.0,0.0,1.629261,1.0,2.0,1.0,0.0,2.0,2.0,2.0,2.0,2.0,2.0,1.0,1.0,1.5376956,2.49985,0.0
4966,1.0,0.0,1.0,0.0,-1.1911799,0.0,1.0,0.0,0.0,0.0,0.0,0.0,0.0,2.0,0.0,1.0,2.0,-0.9886749,-0.9609131,1.0
4967,1.0,0.0,1.0,1.0,1.5475092,1.0,2.0,0.0,2.0,2.0,2.0,2.0,0.0,2.0,1.0,0.0,0.0,0.45401123,1.4164633,0.0
4968,1.0,1.0,0.0,1.0,-0.8641722,1.0,0.0,0.0,0.0,2.0,0.0,2.0,0.0,0.0,0.0,1.0,2.0,-0.34080192,-0.7379035,0.0
4969,0.0,0.0,1.0,0.0,0.72999007,1.0,2.0,1.0,2.0,2.0,0.0,2.0,2.0,2.0,1.0,0.0,2.0,1.4625556,1.4897251,1.0
4970,1.0,0.0,0.0,1.0,-1.068552,1.0,2.0,2.0,1.0,1.0,1.0,1.0,1.0,1.0,0.0,0.0,3.0,-1.2825553,-0.92342615,0.0
4971,1.0,0.0,1.0,1.0,1.0569977,1.0,0.0,1.0,0.0,2.0,0.0,0.0,2.0,2.0,0.0,1.0,2.0,0.93824613,1.3538071,0.0
4972,0.0,1.0,0.0,0.0,0.6891141,1.0,2.0,1.0,0.0,0.0,2.0,0.0,0.0,2.0,0.0,1.0,1.0,0.87145513,1.0028615,1.0
4973,0.0,0.0,0.0,0.0,-1.2729317,1.0,0.0,0.0,0.0,0.0,0.0,0.0,0.0,0.0,0.0,1.0,1.0,-0.67475706,-0.98545974,0.0
4974,0.0,0.0,1.0,1.0,-1.2729317,1.0,0.0,1.0,0.0,0.0,0.0,0.0,0.0,0.0,0.0,1.0,2.0,0.16847962,-0.9742315,1.0
4975,0.0,1.0,0.0,0.0,-1.2729317,1.0,0.0,1.0,0.0,0.0,0.0,0.0,0.0,0.0,0.0,1.0,2.0,0.18016805,-0.9740758,1.0
4976,0.0,0.0,1.0,0.0,0.116850734,1.0,0.0,0.0,2.0,0.0,0.0,0.0,2.0,0.0,1.0,1.0,0.0,-0.08699605,-0.020092513,0.0
4977,1.0,0.0,1.0,1.0,0.56648624,1.0,0.0,2.0,1.0,1.0,1.0,1.0,1.0,1.0,2.0,0.0,1.0,-1.4962866,-0.6217739,0.0
4978,1.0,0.0,0.0,0.0,-0.41453668,1.0,2.0,0.0,2.0,2.0,0.0,0.0,0.0,0.0,0.0,0.0,2.0,-0.19219191,-0.4473239,1.0
4979,1.0,1.0,1.0,0.0,-0.53716457,0.0,1.0,0.0,0.0,2.0,2.0,0.0,0.0,0.0,0.0,1.0,1.0,-1.017061,-0.7486204,0.0
4980,1.0,0.0,0.0,0.0,0.03509882,1.0,0.0,1.0,0.0,2.0,2.0,0.0,0.0,0.0,0.0,1.0,1.0,0.47571832,0.14059451,0.0
4981,0.0,0.0,0.0,1.0,-1.1094279,1.0,0.0,0.0,0.0,0.0,0.0,2.0,0.0,0.0,0.0,1.0,3.0,-0.459356,-0.8777348,0.0
4982,1.0,0.0,1.0,0.0,-0.5780405,1.0,2.0,1.0,0.0,0.0,0.0,0.0,0.0,0.0,0.0,1.0,2.0,0.2803546,-0.42453375,0.0
4983,0.0,0.0,1.0,1.0,-1.1911799,1.0,0.0,0.0,0.0,2.0,0.0,0.0,2.0,0.0,0.0,1.0,1.0,-0.20221056,-0.93029654,0.0
4984,1.0,0.0,1.0,1.0,0.4029824,1.0,2.0,1.0,2.0,0.0,0.0,0.0,2.0,2.0,1.0,0.0,2.0,1.0801771,0.7809191,0.0
4985,1.0,0.0,0.0,0.0,0.44385839,1.0,2.0,2.0,1.0,1.0,1.0,1.0,1.0,1.0,2.0,0.0,0.0,-1.2792158,-0.5116476,0.0
4986,0.0,0.0,1.0,1.0,0.6891141,1.0,2.0,1.0,0.0,0.0,0.0,0.0,2.0,2.0,0.0,1.0,0.0,1.0234047,1.0464851,0.0
4987,1.0,1.0,0.0,0.0,1.4657573,1.0,2.0,1.0,0.0,2.0,2.0,0.0,0.0,2.0,0.0,1.0,2.0,1.0401025,1.8866067,0.0
4988,0.0,1.0,1.0,0.0,0.81174195,1.0,2.0,1.0,2.0,2.0,2.0,0.0,2.0,2.0,0.0,1.0,2.0,1.4809232,1.5062897,0.0
4989,0.0,1.0,1.0,0.0,1.1387496,1.0,2.0,1.0,0.0,2.0,2.0,0.0,2.0,2.0,0.0,1.0,2.0,1.3740575,1.841271,0.0
4990,1.0,0.0,1.0,1.0,1.629261,1.0,2.0,1.0,2.0,0.0,2.0,0.0,2.0,2.0,2.0,1.0,0.0,1.3623692,2.348657,0.0
4991,1.0,0.0,1.0,1.0,1.4657573,1.0,0.0,1.0,2.0,0.0,2.0,0.0,0.0,0.0,2.0,0.0,1.0,0.52080226,1.3849795,0.0
4992,0.0,0.0,1.0,0.0,1.4248813,1.0,2.0,1.0,0.0,2.0,2.0,0.0,2.0,2.0,1.0,1.0,0.0,1.3673785,2.0261269,0.0
4993,0.0,0.0,1.0,0.0,0.6891141,1.0,0.0,2.0,1.0,1.0,1.0,1.0,1.0,1.0,2.0,1.0,0.0,-1.4896076,-0.5724361,0.0
4994,1.0,0.0,0.0,0.0,-0.9459241,1.0,0.0,0.0,0.0,0.0,0.0,0.0,0.0,0.0,0.0,0.0,3.0,-0.6613988,-0.81361115,1.0
4995,0.0,1.0,0.0,0.0,-1.1503038,1.0,2.0,1.0,0.0,0.0,2.0,0.0,2.0,0.0,0.0,1.0,2.0,0.81635255,-0.85132045,1.0
4996,1.0,0.0,0.0,0.0,0.52561027,1.0,2.0,1.0,2.0,0.0,2.0,2.0,2.0,2.0,0.0,1.0,1.0,1.4592161,1.2024585,0.0
4997,0.0,1.0,1.0,0.0,0.19860265,1.0,0.0,2.0,1.0,1.0,1.0,1.0,1.0,1.0,1.0,0.0,3.0,-1.5079751,-0.6816285,0.0
4998,1.0,1.0,1.0,0.0,1.5475092,1.0,2.0,1.0,0.0,2.0,2.0,0.0,2.0,2.0,1.0,1.0,2.0,1.3373225,2.244912,0.0
4999,1.0,0.0,1.0,1.0,-0.046653092,1.0,2.0,2.0,1.0,1.0,1.0,1.0,1.0,1.0,2.0,0.0,3.0,-1.3025926,-0.6692663,0.0
5000,1.0,0.0,1.0,1.0,-0.25103286,1.0,2.0,0.0,0.0,0.0,2.0,2.0,2.0,2.0,1.0,1.0,1.0,0.57590485,-0.078946605,0.0
5001,0.0,1.0,0.0,0.0,-0.4962886,1.0,2.0,0.0,0.0,0.0,0.0,0.0,0.0,2.0,0.0,1.0,3.0,-0.10536358,-0.48305434,1.0
5002,0.0,0.0,0.0,0.0,-0.8641722,1.0,2.0,1.0,2.0,0.0,0.0,0.0,0.0,0.0,0.0,1.0,0.0,0.47571832,-0.59202445,0.0
5003,0.0,0.0,1.0,1.0,-0.5780405,1.0,2.0,2.0,1.0,1.0,1.0,1.0,1.0,1.0,2.0,0.0,3.0,-1.3242998,-0.81474507,0.0
5004,0.0,1.0,1.0,0.0,0.72999007,1.0,2.0,1.0,0.0,2.0,0.0,0.0,2.0,0.0,0.0,1.0,2.0,0.7779477,0.9368257,1.0
5005,0.0,0.0,1.0,0.0,1.629261,1.0,2.0,1.0,2.0,2.0,0.0,0.0,0.0,2.0,2.0,1.0,1.0,0.99167895,2.0727074,0.0
5006,1.0,0.0,0.0,0.0,-0.7415443,1.0,0.0,1.0,0.0,0.0,2.0,0.0,0.0,0.0,0.0,0.0,2.0,0.39055976,-0.50831246,0.0
5007,1.0,0.0,1.0,1.0,-0.29190883,1.0,2.0,2.0,1.0,1.0,1.0,1.0,1.0,1.0,0.0,1.0,0.0,-1.3142811,-0.7620944,0.0
5008,0.0,1.0,1.0,0.0,-0.8641722,1.0,0.0,1.0,0.0,0.0,0.0,2.0,2.0,0.0,0.0,1.0,2.0,0.60596085,-0.6139252,0.0
5009,1.0,0.0,0.0,0.0,-1.2729317,1.0,2.0,0.0,2.0,2.0,0.0,0.0,0.0,0.0,0.0,0.0,2.0,-0.12039156,-0.978078,0.0
5010,0.0,0.0,0.0,0.0,-1.2729317,1.0,0.0,2.0,1.0,1.0,1.0,1.0,1.0,1.0,0.0,0.0,3.0,-1.4779191,-0.9961544,1.0
5011,1.0,0.0,0.0,0.0,-1.2729317,1.0,0.0,2.0,1.0,1.0,1.0,1.0,1.0,1.0,0.0,0.0,3.0,-1.4779191,-0.9961544,1.0
5012,0.0,0.0,1.0,1.0,1.5883851,1.0,0.0,2.0,1.0,1.0,1.0,1.0,1.0,1.0,2.0,0.0,0.0,-1.4979564,-0.387447,0.0
5013,0.0,0.0,1.0,0.0,0.28035456,0.0,1.0,0.0,2.0,0.0,2.0,0.0,2.0,2.0,0.0,0.0,2.0,-0.29571798,-0.033922225,1.0
5014,1.0,0.0,1.0,0.0,-0.7415443,1.0,2.0,1.0,0.0,2.0,2.0,0.0,0.0,0.0,0.0,1.0,2.0,0.59761196,-0.47831845,0.0
5015,0.0,0.0,0.0,0.0,-1.1911799,1.0,0.0,2.0,1.0,1.0,1.0,1.0,1.0,1.0,0.0,0.0,3.0,-1.4996262,-0.9769218,1.0
5016,0.0,0.0,1.0,0.0,-1.1911799,1.0,0.0,2.0,1.0,1.0,1.0,1.0,1.0,1.0,0.0,0.0,3.0,-1.4662306,-0.97325313,0.0
5017,0.0,0.0,1.0,0.0,0.36210647,1.0,0.0,1.0,0.0,2.0,2.0,2.0,0.0,0.0,1.0,1.0,0.0,0.716166,0.47955585,0.0
5018,1.0,0.0,0.0,0.0,-1.2729317,1.0,0.0,1.0,0.0,0.0,0.0,0.0,0.0,0.0,0.0,1.0,2.0,0.15345164,-0.9744316,1.0
5019,1.0,0.0,1.0,0.0,1.0978737,1.0,2.0,0.0,2.0,0.0,0.0,2.0,0.0,2.0,1.0,1.0,3.0,0.14510275,0.81656057,0.0
5020,0.0,0.0,1.0,0.0,1.629261,1.0,2.0,2.0,1.0,1.0,1.0,1.0,1.0,1.0,2.0,0.0,1.0,-1.3276393,-0.1829585,0.0
5021,1.0,0.0,0.0,0.0,1.3840053,1.0,2.0,2.0,1.0,1.0,1.0,1.0,1.0,1.0,1.0,0.0,0.0,-1.3126113,-0.24968351,0.0
5022,1.0,0.0,1.0,0.0,1.3431294,1.0,2.0,1.0,2.0,2.0,2.0,0.0,0.0,0.0,1.0,0.0,2.0,0.8347201,1.5603856,1.0
5023,1.0,0.0,1.0,1.0,-0.61891645,1.0,0.0,2.0,1.0,1.0,1.0,1.0,1.0,1.0,1.0,0.0,0.0,-1.4979564,-0.85863554,0.0
5024,0.0,0.0,0.0,0.0,0.6891141,1.0,2.0,1.0,0.0,0.0,0.0,0.0,0.0,2.0,0.0,1.0,2.0,0.6593936,0.73198146,0.0
5025,0.0,1.0,0.0,0.0,-0.8641722,1.0,2.0,1.0,0.0,0.0,0.0,0.0,0.0,2.0,0.0,1.0,1.0,0.6694123,-0.6020076,1.0
5026,1.0,0.0,0.0,0.0,-1.2729317,1.0,0.0,0.0,0.0,0.0,0.0,0.0,0.0,2.0,0.0,1.0,2.0,-0.32577395,-0.9808128,1.0
5027,0.0,0.0,1.0,0.0,0.52561027,1.0,0.0,1.0,0.0,0.0,0.0,2.0,2.0,2.0,2.0,1.0,1.0,1.0167257,0.90056163,0.0
5028,0.0,0.0,0.0,1.0,0.6891141,1.0,0.0,2.0,1.0,1.0,1.0,1.0,1.0,1.0,1.0,0.0,1.0,-1.5129844,-0.59558195,0.0
5029,0.0,0.0,0.0,0.0,0.36210647,1.0,0.0,2.0,1.0,1.0,1.0,1.0,1.0,1.0,2.0,0.0,3.0,-1.4946169,-0.64494205,0.0
5030,0.0,0.0,1.0,0.0,1.5883851,1.0,2.0,0.0,2.0,2.0,2.0,2.0,2.0,2.0,2.0,0.0,1.0,0.701138,1.7623616,0.0
5031,1.0,0.0,1.0,0.0,0.4029824,1.0,2.0,0.0,2.0,0.0,0.0,2.0,2.0,2.0,1.0,0.0,1.0,0.5241418,0.4959425,0.0
5032,0.0,0.0,0.0,1.0,1.2205015,1.0,2.0,1.0,0.0,0.0,2.0,0.0,2.0,2.0,1.0,1.0,2.0,1.1820334,1.8467852,1.0
5033,0.0,0.0,0.0,0.0,1.629261,1.0,2.0,1.0,2.0,2.0,2.0,2.0,2.0,2.0,2.0,1.0,2.0,1.6746172,2.7730868,0.0
5034,1.0,0.0,1.0,1.0,-1.1094279,1.0,0.0,2.0,1.0,1.0,1.0,1.0,1.0,1.0,1.0,0.0,2.0,-1.4762493,-0.9610465,0.0
5035,0.0,0.0,1.0,1.0,0.36210647,1.0,2.0,1.0,2.0,2.0,0.0,0.0,2.0,0.0,0.0,1.0,0.0,0.98666966,0.72615606,0.0
5036,1.0,0.0,0.0,0.0,-1.1503038,1.0,0.0,1.0,0.0,0.0,0.0,0.0,2.0,2.0,0.0,1.0,2.0,0.7913059,-0.8404479,1.0
5037,0.0,0.0,0.0,0.0,-1.068552,1.0,2.0,1.0,0.0,0.0,0.0,0.0,2.0,2.0,0.0,1.0,0.0,0.961623,-0.76674134,1.0
5038,1.0,0.0,1.0,1.0,-0.25103286,1.0,2.0,1.0,0.0,0.0,0.0,0.0,2.0,0.0,0.0,1.0,2.0,0.634347,-0.08450517,1.0
5039,0.0,0.0,1.0,1.0,0.6482381,1.0,2.0,1.0,2.0,2.0,0.0,0.0,2.0,2.0,1.0,1.0,1.0,1.2855595,1.2348537,1.0
5040,1.0,0.0,1.0,1.0,-1.2729317,0.0,1.0,0.0,0.0,2.0,0.0,0.0,0.0,0.0,0.0,0.0,2.0,-1.1539826,-0.991841,1.0
5041,0.0,0.0,1.0,0.0,-0.53716457,1.0,2.0,1.0,0.0,2.0,0.0,0.0,0.0,2.0,0.0,1.0,2.0,0.813013,-0.28452462,0.0
5042,1.0,0.0,0.0,0.0,-1.068552,1.0,0.0,0.0,2.0,0.0,2.0,2.0,2.0,2.0,2.0,1.0,3.0,0.51746273,-0.7858628,0.0
5043,0.0,0.0,1.0,0.0,-0.08752905,1.0,2.0,1.0,0.0,2.0,0.0,2.0,2.0,0.0,0.0,1.0,1.0,0.97999054,0.24182712,1.0
5044,1.0,0.0,0.0,0.0,0.36210647,1.0,0.0,1.0,0.0,2.0,0.0,2.0,2.0,0.0,1.0,1.0,2.0,0.82804096,0.6532944,0.0
5045,1.0,0.0,0.0,0.0,0.8526179,1.0,2.0,1.0,0.0,0.0,0.0,0.0,2.0,0.0,0.0,0.0,0.0,0.6911194,1.003484,1.0
5046,0.0,0.0,1.0,1.0,-1.1911799,1.0,0.0,1.0,0.0,2.0,0.0,2.0,0.0,0.0,0.0,1.0,2.0,0.50911385,-0.89796793,0.0
5047,0.0,0.0,1.0,0.0,1.5883851,1.0,0.0,2.0,1.0,1.0,1.0,1.0,1.0,1.0,2.0,0.0,1.0,-1.5246729,-0.3949622,0.0
5048,0.0,0.0,1.0,1.0,0.77086604,1.0,2.0,1.0,0.0,0.0,2.0,0.0,0.0,2.0,1.0,1.0,2.0,0.84807825,1.0202042,0.0
5049,0.0,0.0,0.0,0.0,-1.2729317,1.0,0.0,0.0,0.0,0.0,0.0,0.0,0.0,0.0,0.0,0.0,3.0,-0.64804065,-0.985104,0.0
5050,0.0,0.0,1.0,1.0,0.36210647,1.0,0.0,0.0,2.0,2.0,0.0,2.0,2.0,2.0,2.0,0.0,2.0,0.4573508,0.38501576,0.0
5051,0.0,1.0,0.0,0.0,0.2394786,1.0,2.0,1.0,0.0,0.0,0.0,2.0,2.0,2.0,0.0,1.0,2.0,1.1619961,0.6552955,1.0
5052,1.0,0.0,0.0,0.0,-1.2729317,1.0,0.0,1.0,0.0,0.0,0.0,0.0,2.0,2.0,0.0,1.0,2.0,0.7879664,-0.96598256,1.0
5053,1.0,1.0,0.0,0.0,0.116850734,1.0,2.0,1.0,2.0,0.0,0.0,0.0,0.0,2.0,0.0,0.0,1.0,0.8764645,0.409051,0.0
5054,0.0,0.0,1.0,0.0,-0.29190883,1.0,0.0,0.0,2.0,2.0,0.0,2.0,0.0,2.0,0.0,1.0,3.0,0.210224,-0.18807237,0.0
5055,1.0,0.0,0.0,0.0,-0.82329625,1.0,2.0,1.0,0.0,0.0,0.0,0.0,2.0,0.0,0.0,1.0,2.0,0.65772384,-0.5341042,1.0
5056,0.0,0.0,1.0,1.0,-1.1911799,1.0,2.0,0.0,0.0,2.0,2.0,0.0,2.0,0.0,0.0,1.0,0.0,0.14677253,-0.9007695,0.0
5057,0.0,1.0,1.0,1.0,1.1796255,1.0,2.0,0.0,0.0,0.0,2.0,0.0,2.0,0.0,1.0,1.0,2.0,0.01486026,0.75792885,0.0
5058,0.0,0.0,0.0,0.0,-1.1503038,1.0,0.0,2.0,1.0,1.0,1.0,1.0,1.0,1.0,0.0,0.0,1.0,-1.4795889,-0.9684283,0.0
5059,1.0,1.0,1.0,0.0,1.0978737,0.0,1.0,0.0,2.0,0.0,2.0,2.0,2.0,2.0,2.0,1.0,1.0,-0.023544578,0.7231544,0.0
5060,1.0,0.0,0.0,0.0,0.81174195,1.0,0.0,2.0,1.0,1.0,1.0,1.0,1.0,1.0,2.0,0.0,0.0,-1.4612213,-0.51291496,0.0
5061,0.0,0.0,0.0,0.0,-0.25103286,1.0,0.0,1.0,2.0,0.0,2.0,2.0,0.0,0.0,1.0,1.0,1.0,0.7478917,0.005988278,0.0
5062,0.0,0.0,0.0,0.0,-1.2729317,1.0,0.0,1.0,0.0,0.0,0.0,0.0,2.0,0.0,0.0,0.0,2.0,0.44399258,-0.9705628,1.0
5063,0.0,1.0,0.0,0.0,-1.2320558,1.0,0.0,1.0,0.0,0.0,0.0,0.0,0.0,2.0,0.0,1.0,0.0,0.50076497,-0.9343877,1.0
5064,1.0,0.0,0.0,0.0,-0.90504813,1.0,0.0,0.0,0.0,0.0,0.0,0.0,0.0,0.0,0.0,1.0,1.0,-0.6647384,-0.8116545,1.0
5065,0.0,1.0,1.0,0.0,0.72999007,1.0,2.0,1.0,0.0,2.0,2.0,0.0,2.0,0.0,0.0,1.0,2.0,1.0117162,1.1686624,1.0
5066,1.0,0.0,1.0,1.0,1.629261,1.0,2.0,0.0,2.0,2.0,2.0,0.0,0.0,0.0,2.0,0.0,1.0,-0.010186373,1.093644,0.0
5067,1.0,0.0,1.0,1.0,0.48473433,1.0,0.0,2.0,1.0,1.0,1.0,1.0,1.0,1.0,1.0,0.0,0.0,-1.4946169,-0.62246317,0.0
5068,1.0,0.0,1.0,1.0,-0.53716457,1.0,0.0,0.0,2.0,0.0,0.0,0.0,0.0,0.0,1.0,1.0,0.0,-0.52781683,-0.58032924,0.0
5069,1.0,0.0,0.0,1.0,-0.45541266,1.0,2.0,1.0,2.0,0.0,0.0,0.0,0.0,0.0,0.0,0.0,2.0,0.52080226,-0.2283164,0.0
5070,1.0,0.0,1.0,1.0,-0.5780405,1.0,0.0,0.0,2.0,0.0,2.0,2.0,2.0,2.0,0.0,0.0,2.0,0.61764926,-0.28881583,0.0
5071,1.0,0.0,1.0,1.0,1.1796255,1.0,0.0,0.0,2.0,2.0,2.0,2.0,2.0,2.0,1.0,0.0,0.0,0.67275184,1.3357751,0.0
5072,0.0,1.0,0.0,0.0,-1.2320558,1.0,0.0,1.0,0.0,0.0,0.0,0.0,0.0,0.0,0.0,1.0,2.0,0.18684715,-0.943437,1.0
5073,1.0,0.0,0.0,0.0,1.629261,1.0,2.0,0.0,2.0,2.0,2.0,2.0,0.0,0.0,2.0,0.0,0.0,0.16347028,1.177356,0.0
5074,1.0,0.0,0.0,0.0,-0.90504813,1.0,2.0,1.0,0.0,2.0,0.0,0.0,0.0,0.0,0.0,1.0,0.0,0.5324907,-0.65450275,1.0
5075,0.0,0.0,1.0,1.0,-0.128405,1.0,2.0,2.0,1.0,1.0,1.0,1.0,1.0,1.0,2.0,0.0,3.0,-1.2909043,-0.6973037,0.0
5076,0.0,0.0,0.0,0.0,-1.2729317,1.0,0.0,1.0,0.0,2.0,0.0,0.0,0.0,0.0,0.0,1.0,2.0,0.33211762,-0.9720525,1.0
5077,1.0,0.0,0.0,0.0,-0.21015692,1.0,0.0,0.0,2.0,0.0,0.0,0.0,0.0,0.0,0.0,0.0,3.0,-0.4810631,-0.37766394,0.0
5078,1.0,0.0,1.0,0.0,1.1387496,1.0,2.0,1.0,0.0,2.0,2.0,0.0,2.0,2.0,1.0,0.0,0.0,1.2605128,1.7329235,0.0
5079,0.0,0.0,0.0,0.0,-1.2729317,1.0,0.0,1.0,0.0,0.0,2.0,0.0,2.0,0.0,0.0,1.0,2.0,0.6911194,-0.96727216,1.0
5080,1.0,1.0,0.0,0.0,-0.4962886,1.0,0.0,1.0,0.0,0.0,0.0,0.0,2.0,2.0,0.0,0.0,2.0,0.8413992,-0.27222905,0.0
5081,1.0,0.0,1.0,0.0,0.48473433,0.0,1.0,0.0,0.0,2.0,2.0,0.0,2.0,2.0,2.0,0.0,0.0,-0.3491508,0.057727408,0.0
5082,0.0,0.0,0.0,0.0,0.2394786,1.0,2.0,0.0,2.0,2.0,2.0,0.0,0.0,0.0,0.0,1.0,0.0,0.046585996,0.11640363,0.0
5083,1.0,1.0,0.0,0.0,-0.8641722,1.0,0.0,1.0,0.0,0.0,0.0,0.0,0.0,2.0,0.0,1.0,2.0,0.45902056,-0.6165266,0.0
5084,1.0,0.0,1.0,0.0,-1.1911799,0.0,1.0,0.0,2.0,0.0,0.0,2.0,0.0,0.0,0.0,0.0,3.0,-0.99034464,-0.9603128,0.0
5085,1.0,1.0,0.0,0.0,0.44385839,1.0,0.0,1.0,0.0,0.0,0.0,0.0,2.0,2.0,0.0,1.0,3.0,0.82804096,0.7097694,1.0
5086,1.0,1.0,1.0,1.0,1.3431294,1.0,2.0,1.0,2.0,2.0,0.0,0.0,0.0,0.0,0.0,1.0,2.0,0.701138,1.5242994,0.0
5087,0.0,0.0,0.0,0.0,-0.046653092,1.0,2.0,1.0,0.0,0.0,0.0,0.0,0.0,0.0,0.0,1.0,2.0,0.37720156,-0.0146006495,0.0
5088,1.0,0.0,0.0,0.0,-1.1094279,1.0,0.0,1.0,0.0,0.0,0.0,0.0,2.0,0.0,0.0,1.0,3.0,0.5124534,-0.8280412,0.0
5089,0.0,0.0,0.0,1.0,-1.2729317,1.0,0.0,0.0,2.0,0.0,0.0,2.0,0.0,0.0,0.0,0.0,2.0,-0.34247172,-0.9810352,0.0
5090,1.0,0.0,1.0,1.0,-0.41453668,1.0,0.0,0.0,2.0,2.0,0.0,2.0,0.0,0.0,0.0,1.0,3.0,-0.22725719,-0.43971977,0.0
5091,0.0,0.0,1.0,0.0,1.629261,1.0,2.0,1.0,2.0,2.0,2.0,2.0,2.0,2.0,2.0,1.0,0.0,1.6946545,2.691287,0.0
5092,1.0,0.0,0.0,0.0,-0.25103286,1.0,0.0,0.0,0.0,0.0,0.0,2.0,2.0,0.0,1.0,0.0,1.0,-0.17716393,-0.3351298,0.0
5093,1.0,0.0,0.0,0.0,-0.9459241,1.0,0.0,2.0,1.0,1.0,1.0,1.0,1.0,1.0,0.0,0.0,3.0,-1.486268,-0.92589414,1.0
5094,1.0,0.0,0.0,0.0,-1.027676,1.0,0.0,1.0,2.0,0.0,0.0,0.0,0.0,0.0,0.0,0.0,3.0,0.3204292,-0.7679864,0.0
5095,0.0,1.0,1.0,0.0,-1.2729317,1.0,2.0,1.0,0.0,0.0,2.0,0.0,2.0,2.0,0.0,1.0,2.0,1.2037405,-0.96044624,1.0
5096,1.0,0.0,0.0,1.0,-0.61891645,1.0,0.0,0.0,0.0,0.0,0.0,0.0,0.0,0.0,1.0,0.0,3.0,-0.6730873,-0.7022619,0.0
5097,0.0,1.0,0.0,0.0,0.19860265,1.0,2.0,1.0,0.0,0.0,0.0,0.0,0.0,0.0,0.0,1.0,2.0,0.38388067,0.25832492,1.0
5098,0.0,0.0,0.0,0.0,-0.4962886,1.0,2.0,0.0,0.0,2.0,0.0,2.0,0.0,2.0,0.0,1.0,1.0,0.13842365,-0.39589605,0.0
5099,1.0,0.0,1.0,1.0,1.1387496,1.0,2.0,1.0,2.0,0.0,2.0,0.0,2.0,0.0,1.0,1.0,0.0,1.0234047,1.5792403,0.0
5100,0.0,0.0,1.0,1.0,1.1796255,0.0,1.0,0.0,0.0,2.0,2.0,2.0,2.0,2.0,2.0,1.0,0.0,-0.11037291,0.6628107,0.0
5101,1.0,0.0,1.0,0.0,1.1387496,1.0,0.0,0.0,2.0,0.0,0.0,0.0,2.0,0.0,1.0,1.0,3.0,-0.1654755,0.57832044,0.0
5102,0.0,0.0,0.0,0.0,-0.046653092,1.0,0.0,2.0,1.0,1.0,1.0,1.0,1.0,1.0,2.0,0.0,1.0,-1.4645609,-0.6987267,0.0
5103,0.0,0.0,1.0,0.0,1.0569977,0.0,1.0,0.0,2.0,2.0,0.0,0.0,2.0,0.0,1.0,1.0,2.0,-0.64804065,0.12427456,0.0
5104,1.0,1.0,1.0,0.0,-0.4962886,1.0,2.0,1.0,0.0,0.0,0.0,0.0,2.0,2.0,0.0,1.0,2.0,0.99501854,-0.16052411,1.0
5105,1.0,0.0,0.0,1.0,1.3840053,1.0,0.0,0.0,0.0,2.0,2.0,2.0,2.0,2.0,2.0,1.0,1.0,0.49241608,1.3053586,0.0
5106,0.0,0.0,0.0,0.0,0.28035456,1.0,0.0,1.0,0.0,0.0,2.0,2.0,0.0,0.0,2.0,1.0,2.0,0.5241418,0.41841164,1.0
5107,0.0,0.0,1.0,1.0,-0.25103286,1.0,0.0,2.0,1.0,1.0,1.0,1.0,1.0,1.0,2.0,0.0,1.0,-1.5063053,-0.78519577,0.0
5108,0.0,0.0,1.0,1.0,1.3022535,1.0,2.0,1.0,0.0,2.0,2.0,2.0,2.0,2.0,1.0,1.0,2.0,1.5594027,2.2262352,0.0
5109,1.0,0.0,0.0,0.0,-1.2729317,1.0,2.0,1.0,0.0,2.0,0.0,0.0,0.0,2.0,0.0,1.0,1.0,0.87145513,-0.9648708,1.0
5110,1.0,0.0,1.0,0.0,1.2613775,1.0,0.0,0.0,2.0,2.0,0.0,2.0,2.0,0.0,1.0,0.0,1.0,0.20187512,0.97304535,0.0
5111,1.0,0.0,0.0,0.0,-1.2729317,1.0,0.0,2.0,1.0,1.0,1.0,1.0,1.0,1.0,0.0,1.0,3.0,-1.5113146,-0.99659914,0.0
5112,0.0,0.0,1.0,1.0,1.5066332,1.0,2.0,1.0,0.0,2.0,2.0,2.0,2.0,2.0,1.0,1.0,0.0,1.4692348,2.3267784,0.0
5113,1.0,0.0,0.0,0.0,-0.046653092,1.0,2.0,1.0,0.0,2.0,0.0,0.0,0.0,0.0,0.0,1.0,2.0,0.5241418,0.07491449,0.0
5114,0.0,1.0,0.0,0.0,1.3840053,1.0,2.0,1.0,2.0,0.0,0.0,0.0,2.0,2.0,2.0,1.0,0.0,1.2571733,1.8726659,0.0
5115,0.0,0.0,0.0,0.0,-1.2729317,1.0,0.0,0.0,0.0,0.0,0.0,0.0,0.0,0.0,0.0,0.0,3.0,-0.69479436,-0.9857266,1.0
5116,0.0,1.0,1.0,0.0,0.4029824,1.0,2.0,1.0,0.0,0.0,0.0,0.0,2.0,2.0,0.0,1.0,2.0,1.0117162,0.74879056,0.0
5117,0.0,0.0,0.0,0.0,-1.2729317,1.0,0.0,0.0,0.0,0.0,0.0,0.0,0.0,0.0,0.0,0.0,2.0,-0.6998037,-0.9857933,0.0
5118,1.0,0.0,1.0,1.0,-1.2729317,1.0,2.0,1.0,0.0,0.0,0.0,0.0,0.0,0.0,0.0,1.0,2.0,0.32543853,-0.97214144,1.0
5119,1.0,0.0,0.0,0.0,-0.61891645,1.0,2.0,1.0,2.0,2.0,2.0,2.0,2.0,0.0,0.0,1.0,0.0,1.3991042,-0.26171225,0.0
5120,1.0,0.0,0.0,0.0,0.8526179,1.0,0.0,2.0,1.0,1.0,1.0,1.0,1.0,1.0,2.0,0.0,0.0,-1.5063053,-0.5703683,0.0
5121,1.0,0.0,0.0,0.0,-1.1911799,1.0,0.0,2.0,1.0,1.0,1.0,1.0,1.0,1.0,0.0,1.0,2.0,-1.4779191,-0.97105193,0.0
5122,1.0,0.0,0.0,0.0,1.0569977,1.0,0.0,0.0,0.0,2.0,2.0,2.0,2.0,0.0,2.0,0.0,0.0,0.17849827,0.7952379,0.0
5123,0.0,0.0,1.0,0.0,-1.2729317,1.0,0.0,1.0,0.0,0.0,0.0,0.0,2.0,0.0,0.0,0.0,2.0,0.46903923,-0.97022927,1.0
5124,1.0,0.0,1.0,0.0,0.15772669,1.0,0.0,1.0,2.0,0.0,0.0,0.0,2.0,2.0,0.0,1.0,2.0,0.9632928,0.49156237,0.0
5125,0.0,1.0,0.0,0.0,-0.37366074,1.0,2.0,1.0,0.0,0.0,2.0,0.0,0.0,0.0,0.0,1.0,3.0,0.48740676,-0.18913962,0.0
5126,1.0,0.0,0.0,0.0,-0.61891645,1.0,0.0,1.0,0.0,0.0,2.0,0.0,0.0,0.0,0.0,1.0,2.0,0.39723888,-0.42115414,1.0
5127,1.0,0.0,1.0,1.0,0.77086604,1.0,2.0,1.0,0.0,2.0,0.0,2.0,0.0,0.0,1.0,0.0,0.0,0.64937496,0.906765,0.0
5128,0.0,1.0,0.0,0.0,-1.2320558,1.0,2.0,1.0,0.0,2.0,0.0,0.0,0.0,2.0,0.0,0.0,2.0,0.8263712,-0.9334538,1.0
5129,0.0,0.0,1.0,1.0,-0.82329625,1.0,2.0,2.0,1.0,1.0,1.0,1.0,1.0,1.0,2.0,0.0,1.0,-1.3192904,-0.8831155,0.0
5130,0.0,0.0,0.0,1.0,0.48473433,1.0,2.0,0.0,0.0,2.0,0.0,0.0,2.0,2.0,1.0,1.0,3.0,0.42729482,0.53827655,0.0
5131,1.0,0.0,0.0,0.0,0.19860265,0.0,1.0,0.0,0.0,0.0,0.0,0.0,2.0,0.0,2.0,0.0,1.0,-0.96696776,-0.41966447,0.0
5132,0.0,0.0,0.0,0.0,-1.2320558,1.0,2.0,1.0,0.0,2.0,0.0,0.0,0.0,0.0,0.0,0.0,2.0,0.49408585,-0.9377895,0.0
5133,0.0,0.0,0.0,0.0,-0.41453668,1.0,0.0,0.0,2.0,0.0,0.0,0.0,0.0,0.0,0.0,1.0,2.0,-0.49943063,-0.5387734,0.0
5134,0.0,0.0,0.0,1.0,0.56648624,1.0,2.0,1.0,0.0,0.0,2.0,2.0,0.0,0.0,0.0,1.0,0.0,0.6694123,0.7551718,0.0
5135,1.0,0.0,0.0,0.0,-1.2320558,1.0,0.0,0.0,2.0,0.0,2.0,0.0,0.0,0.0,0.0,1.0,3.0,-0.3224344,-0.9548654,1.0
5136,1.0,0.0,0.0,0.0,-0.4962886,1.0,2.0,0.0,2.0,0.0,0.0,2.0,0.0,0.0,0.0,0.0,0.0,-0.18551281,-0.4755614,0.0
5137,1.0,0.0,0.0,0.0,1.4657573,1.0,0.0,1.0,0.0,2.0,2.0,0.0,0.0,0.0,1.0,0.0,1.0,0.49575564,1.4233558,0.0
5138,0.0,1.0,0.0,0.0,-1.2320558,1.0,0.0,1.0,0.0,0.0,0.0,0.0,0.0,2.0,0.0,1.0,2.0,0.49575564,-0.91853464,1.0
5139,0.0,0.0,0.0,0.0,-0.9459241,0.0,1.0,0.0,2.0,0.0,2.0,2.0,2.0,2.0,0.0,0.0,3.0,-0.20888966,-0.7652072,1.0
5140,0.0,0.0,0.0,0.0,-0.9459241,1.0,0.0,0.0,0.0,0.0,0.0,0.0,0.0,0.0,0.0,1.0,2.0,-0.7014735,-0.8248617,0.0
5141,0.0,1.0,1.0,0.0,-0.82329625,1.0,2.0,1.0,0.0,2.0,2.0,0.0,2.0,0.0,0.0,1.0,2.0,1.1135726,-0.53381515,1.0
5142,0.0,0.0,1.0,0.0,1.5475092,1.0,2.0,1.0,0.0,0.0,2.0,2.0,2.0,2.0,2.0,1.0,0.0,1.3206247,2.1913495,0.0
5143,1.0,0.0,1.0,1.0,1.2613775,1.0,0.0,2.0,1.0,1.0,1.0,1.0,1.0,1.0,2.0,0.0,3.0,-1.5096449,-0.4513705,0.0
5144,1.0,0.0,0.0,0.0,0.93436986,1.0,2.0,1.0,0.0,0.0,0.0,0.0,2.0,2.0,0.0,1.0,2.0,1.0701585,1.3444242,1.0
5145,0.0,0.0,1.0,0.0,-0.7006684,1.0,2.0,0.0,0.0,0.0,0.0,0.0,0.0,0.0,0.0,1.0,2.0,-0.45601645,-0.68903255,0.0
5146,0.0,0.0,0.0,0.0,0.03509882,1.0,0.0,1.0,0.0,0.0,0.0,0.0,0.0,0.0,0.0,1.0,0.0,0.18851691,0.06468673,0.0
5147,1.0,1.0,1.0,0.0,1.0161217,1.0,2.0,0.0,0.0,2.0,2.0,0.0,2.0,0.0,1.0,1.0,1.0,0.21189378,0.83577096,0.0
5148,1.0,0.0,0.0,0.0,0.4029824,1.0,2.0,1.0,0.0,0.0,2.0,0.0,0.0,0.0,0.0,0.0,2.0,0.50577426,0.4681497,0.0
5149,0.0,0.0,1.0,1.0,-1.1094279,1.0,0.0,0.0,0.0,0.0,0.0,0.0,0.0,0.0,0.0,0.0,3.0,-0.6664082,-0.9072396,0.0
5150,0.0,0.0,0.0,0.0,0.116850734,1.0,2.0,1.0,2.0,2.0,2.0,2.0,2.0,2.0,2.0,1.0,3.0,1.6178448,0.7352499,0.0
5151,1.0,0.0,0.0,0.0,-1.2729317,1.0,0.0,2.0,1.0,1.0,1.0,1.0,1.0,1.0,0.0,0.0,0.0,-1.5029657,-0.996488,0.0
5152,1.0,0.0,0.0,0.0,-1.2320558,1.0,0.0,0.0,0.0,0.0,0.0,0.0,0.0,0.0,0.0,1.0,2.0,-0.65471977,-0.961469,1.0
5153,0.0,0.0,0.0,0.0,-1.2729317,1.0,0.0,2.0,1.0,1.0,1.0,1.0,1.0,1.0,0.0,1.0,3.0,-1.4829284,-0.9962211,0.0
5154,1.0,0.0,1.0,1.0,1.4657573,1.0,2.0,0.0,2.0,2.0,2.0,2.0,2.0,2.0,2.0,1.0,1.0,0.80466413,1.7218509,0.0
5155,0.0,1.0,1.0,0.0,1.1387496,1.0,2.0,1.0,0.0,0.0,2.0,0.0,2.0,2.0,1.0,1.0,1.0,1.1937218,1.675737,0.0
5156,0.0,0.0,0.0,0.0,-0.005777135,1.0,2.0,1.0,2.0,0.0,2.0,2.0,2.0,2.0,1.0,1.0,0.0,1.4959512,0.59915394,0.0
5157,1.0,0.0,0.0,0.0,-0.6597924,1.0,0.0,2.0,1.0,1.0,1.0,1.0,1.0,1.0,2.0,0.0,3.0,-1.5029657,-0.87882423,0.0
5158,1.0,0.0,1.0,1.0,-0.128405,1.0,0.0,0.0,2.0,0.0,0.0,0.0,0.0,2.0,0.0,1.0,3.0,-0.1521173,-0.18965101,0.0
5159,0.0,0.0,0.0,0.0,-1.2320558,1.0,2.0,1.0,0.0,0.0,0.0,0.0,0.0,0.0,0.0,0.0,1.0,0.33879673,-0.9398351,1.0
5160,0.0,1.0,1.0,0.0,0.07597478,1.0,2.0,1.0,0.0,2.0,2.0,0.0,0.0,2.0,0.0,1.0,2.0,0.9849999,0.4255266,1.0
5161,0.0,0.0,1.0,1.0,-0.33278477,1.0,2.0,0.0,2.0,2.0,2.0,0.0,0.0,0.0,2.0,0.0,2.0,-0.013525925,-0.3121618,0.0
5162,1.0,0.0,0.0,0.0,0.2394786,1.0,2.0,0.0,2.0,2.0,2.0,2.0,0.0,0.0,0.0,0.0,2.0,0.17348894,0.17650284,0.0
5163,0.0,0.0,1.0,1.0,1.629261,1.0,2.0,2.0,1.0,1.0,1.0,1.0,1.0,1.0,2.0,0.0,0.0,-1.3242998,-0.17911196,0.0
5164,0.0,0.0,1.0,0.0,0.93436986,1.0,2.0,1.0,0.0,2.0,2.0,0.0,2.0,2.0,0.0,1.0,1.0,1.2989177,1.5190521,0.0
5165,0.0,0.0,1.0,0.0,-0.8641722,1.0,2.0,1.0,0.0,0.0,2.0,0.0,2.0,2.0,0.0,1.0,2.0,1.1603264,-0.5352604,1.0
5166,0.0,0.0,1.0,0.0,0.3212305,1.0,2.0,1.0,2.0,0.0,2.0,0.0,2.0,2.0,1.0,0.0,0.0,1.3690482,0.8751034,0.0
5167,1.0,1.0,0.0,0.0,-1.1503038,0.0,1.0,0.0,0.0,0.0,0.0,0.0,0.0,0.0,0.0,1.0,0.0,-1.3209602,-0.9596903,1.0
5168,0.0,0.0,0.0,0.0,-1.2729317,1.0,2.0,1.0,0.0,0.0,0.0,0.0,0.0,0.0,0.0,1.0,2.0,0.34547582,-0.97187465,1.0
5169,0.0,0.0,1.0,1.0,1.0569977,1.0,0.0,2.0,1.0,1.0,1.0,1.0,1.0,1.0,2.0,1.0,3.0,-1.4996262,-0.48994696,0.0
5170,1.0,0.0,1.0,0.0,-0.8641722,1.0,0.0,0.0,0.0,0.0,0.0,0.0,2.0,0.0,0.0,1.0,0.0,-0.3241042,-0.73483515,0.0
5171,1.0,0.0,1.0,1.0,1.5883851,1.0,0.0,2.0,1.0,1.0,1.0,1.0,1.0,1.0,2.0,1.0,0.0,-1.5079751,-0.38829193,0.0
5172,0.0,0.0,1.0,1.0,0.116850734,1.0,0.0,2.0,1.0,1.0,1.0,1.0,1.0,1.0,2.0,1.0,3.0,-1.4996262,-0.67649245,0.0
5173,0.0,1.0,1.0,0.0,1.629261,1.0,2.0,1.0,2.0,0.0,0.0,0.0,0.0,0.0,2.0,0.0,0.0,0.45902056,1.4859675,0.0
5174,0.0,1.0,0.0,0.0,-1.2729317,1.0,0.0,1.0,0.0,2.0,0.0,0.0,0.0,2.0,0.0,1.0,2.0,0.7094869,-0.96702754,1.0
5175,1.0,1.0,0.0,0.0,-1.1094279,1.0,2.0,1.0,0.0,2.0,0.0,0.0,0.0,2.0,0.0,1.0,2.0,0.83638984,-0.78177166,1.0
5176,1.0,0.0,0.0,0.0,1.5066332,1.0,2.0,0.0,2.0,2.0,2.0,2.0,2.0,2.0,2.0,0.0,3.0,0.864776,1.8060743,0.0
5177,1.0,0.0,0.0,0.0,-1.1503038,1.0,0.0,0.0,0.0,0.0,0.0,0.0,0.0,2.0,0.0,1.0,3.0,-0.3157553,-0.8992131,0.0
5178,1.0,0.0,0.0,0.0,-1.1094279,1.0,0.0,1.0,0.0,0.0,0.0,0.0,2.0,0.0,0.0,1.0,2.0,0.52915114,-0.82048154,1.0
5179,1.0,0.0,0.0,0.0,-0.82329625,1.0,2.0,1.0,0.0,0.0,0.0,2.0,2.0,2.0,0.0,1.0,3.0,1.1753542,-0.50155324,1.0
5180,1.0,0.0,1.0,1.0,0.19860265,1.0,0.0,1.0,0.0,0.0,0.0,0.0,2.0,2.0,1.0,0.0,1.0,0.88314354,0.43886715,0.0
5181,1.0,1.0,1.0,0.0,1.5883851,0.0,1.0,0.0,2.0,2.0,2.0,2.0,0.0,0.0,2.0,0.0,1.0,-0.6146451,0.4859371,0.0
5182,1.0,0.0,1.0,1.0,-0.7824203,1.0,0.0,0.0,0.0,2.0,2.0,2.0,0.0,0.0,0.0,0.0,0.0,-0.09868448,-0.67171204,0.0
5183,0.0,0.0,1.0,0.0,0.77086604,1.0,0.0,1.0,2.0,2.0,2.0,0.0,2.0,0.0,1.0,1.0,2.0,0.95995325,1.0489753,0.0
5184,1.0,0.0,1.0,1.0,0.93436986,1.0,0.0,0.0,2.0,2.0,0.0,2.0,0.0,0.0,2.0,0.0,0.0,-0.2406154,0.3494187,1.0
5185,1.0,0.0,0.0,1.0,-1.2320558,1.0,0.0,2.0,1.0,1.0,1.0,1.0,1.0,1.0,0.0,0.0,3.0,-1.4812586,-0.9861935,0.0
5186,0.0,0.0,0.0,0.0,-1.2729317,1.0,2.0,2.0,1.0,1.0,1.0,1.0,1.0,1.0,0.0,1.0,2.0,-1.3042624,-0.99384207,0.0
5187,0.0,0.0,1.0,1.0,0.8934939,1.0,0.0,0.0,2.0,0.0,2.0,2.0,0.0,2.0,2.0,0.0,0.0,0.17348894,0.7164842,0.0
5188,0.0,0.0,0.0,0.0,-0.6597924,1.0,0.0,2.0,1.0,1.0,1.0,1.0,1.0,1.0,1.0,0.0,3.0,-1.4912773,-0.87357694,0.0
5189,0.0,0.0,1.0,1.0,-0.45541266,1.0,0.0,0.0,0.0,0.0,0.0,0.0,0.0,0.0,0.0,1.0,2.0,-0.6613988,-0.59338075,0.0
5190,1.0,0.0,1.0,0.0,1.629261,1.0,2.0,2.0,1.0,1.0,1.0,1.0,1.0,1.0,2.0,1.0,0.0,-1.3760628,-0.23865533,0.0
5191,1.0,0.0,1.0,1.0,-0.16928096,0.0,1.0,0.0,2.0,0.0,2.0,2.0,2.0,0.0,1.0,0.0,3.0,-0.4660351,-0.38858095,0.0
5192,1.0,0.0,0.0,0.0,-0.61891645,0.0,1.0,0.0,0.0,0.0,0.0,0.0,0.0,0.0,0.0,1.0,3.0,-1.3059323,-0.80952,0.0
5193,0.0,0.0,0.0,0.0,-0.45541266,0.0,1.0,0.0,2.0,0.0,0.0,2.0,0.0,0.0,2.0,0.0,3.0,-0.99034464,-0.662685,0.0
5194,0.0,0.0,0.0,0.0,-0.82329625,1.0,2.0,1.0,2.0,0.0,0.0,0.0,0.0,0.0,0.0,1.0,2.0,0.47404855,-0.59289163,1.0
5195,1.0,1.0,0.0,0.0,-1.2729317,1.0,2.0,1.0,0.0,0.0,0.0,0.0,0.0,0.0,0.0,1.0,2.0,0.39055976,-0.9712743,1.0
5196,1.0,0.0,1.0,0.0,-0.08752905,1.0,2.0,1.0,0.0,0.0,0.0,0.0,2.0,2.0,0.0,1.0,1.0,0.9783208,0.2693976,1.0
5197,0.0,0.0,1.0,1.0,-0.7415443,1.0,0.0,2.0,1.0,1.0,1.0,1.0,1.0,1.0,2.0,1.0,3.0,-1.5046356,-0.8880292,0.0
5198,1.0,0.0,0.0,0.0,-0.53716457,1.0,0.0,2.0,1.0,1.0,1.0,1.0,1.0,1.0,1.0,0.0,3.0,-1.5346915,-0.88111436,0.0
5199,0.0,0.0,0.0,0.0,-1.1503038,1.0,0.0,0.0,0.0,0.0,0.0,0.0,0.0,0.0,0.0,1.0,3.0,-0.62633353,-0.91917944,1.0
5200,1.0,0.0,0.0,0.0,1.5066332,1.0,0.0,2.0,1.0,1.0,1.0,1.0,1.0,1.0,2.0,1.0,3.0,-1.5246729,-0.44103158,0.0
5201,1.0,0.0,1.0,1.0,0.07597478,1.0,2.0,1.0,0.0,2.0,0.0,0.0,2.0,2.0,0.0,1.0,0.0,1.1002144,0.51110625,0.0
5202,1.0,0.0,1.0,1.0,-0.9459241,1.0,0.0,1.0,0.0,0.0,2.0,2.0,2.0,2.0,0.0,0.0,2.0,1.2805501,-0.5737257,0.0
5203,0.0,1.0,1.0,0.0,-0.25103286,1.0,0.0,0.0,0.0,0.0,2.0,0.0,0.0,2.0,1.0,0.0,3.0,-0.13541955,-0.29493025,0.0
5204,0.0,0.0,1.0,1.0,-1.1503038,1.0,0.0,2.0,1.0,1.0,1.0,1.0,1.0,1.0,0.0,0.0,3.0,-1.4829284,-0.9713188,1.0
5205,1.0,0.0,0.0,0.0,-0.9459241,1.0,2.0,1.0,0.0,0.0,0.0,0.0,2.0,0.0,0.0,1.0,2.0,0.68777984,-0.6679323,1.0
5206,0.0,1.0,1.0,0.0,1.629261,1.0,2.0,0.0,2.0,2.0,2.0,2.0,2.0,2.0,2.0,1.0,0.0,0.8380596,1.9729424,0.0
5207,0.0,1.0,1.0,0.0,1.4248813,1.0,2.0,1.0,2.0,0.0,2.0,0.0,2.0,2.0,1.0,1.0,1.0,1.4124625,2.1708941,0.0
5208,1.0,1.0,0.0,0.0,-1.027676,0.0,1.0,0.0,0.0,2.0,0.0,2.0,0.0,2.0,0.0,1.0,2.0,-0.67976636,-0.88707316,0.0
5209,1.0,0.0,1.0,0.0,0.2394786,1.0,0.0,1.0,2.0,2.0,0.0,0.0,0.0,0.0,0.0,1.0,2.0,0.4907463,0.33458847,1.0
5210,0.0,0.0,1.0,1.0,1.629261,0.0,1.0,0.0,2.0,2.0,2.0,2.0,2.0,2.0,2.0,1.0,1.0,0.01486026,1.122304,0.0
5211,1.0,0.0,0.0,1.0,0.6482381,1.0,2.0,0.0,2.0,2.0,2.0,0.0,0.0,0.0,1.0,1.0,0.0,-0.011856149,0.34450495,0.0
5212,1.0,0.0,0.0,1.0,-0.29190883,1.0,0.0,1.0,0.0,2.0,0.0,0.0,2.0,2.0,0.0,1.0,2.0,1.0401025,0.08365256,1.0
5213,1.0,1.0,0.0,0.0,-0.7824203,1.0,0.0,1.0,0.0,0.0,0.0,0.0,2.0,2.0,0.0,1.0,2.0,0.8597667,-0.47113678,1.0
5214,0.0,0.0,0.0,0.0,0.6073622,1.0,2.0,0.0,2.0,0.0,2.0,2.0,0.0,0.0,2.0,1.0,3.0,0.008181158,0.2753786,0.0
5215,0.0,0.0,0.0,0.0,-1.2729317,1.0,0.0,2.0,1.0,1.0,1.0,1.0,1.0,1.0,0.0,0.0,3.0,-1.5230031,-0.99675477,0.0
5216,0.0,0.0,1.0,1.0,-0.41453668,1.0,0.0,1.0,0.0,0.0,0.0,0.0,0.0,2.0,0.0,1.0,2.0,0.51412314,-0.20899482,0.0
5217,1.0,0.0,0.0,0.0,-1.2729317,1.0,0.0,0.0,0.0,0.0,0.0,0.0,0.0,0.0,0.0,1.0,3.0,-0.63635224,-0.9849484,1.0
5218,1.0,0.0,0.0,0.0,-0.9459241,1.0,2.0,0.0,0.0,0.0,0.0,0.0,0.0,2.0,0.0,0.0,3.0,-0.16213594,-0.7640732,0.0
5219,1.0,0.0,1.0,0.0,1.2613775,1.0,2.0,0.0,0.0,0.0,2.0,2.0,2.0,2.0,2.0,0.0,1.0,0.50243473,1.2332973,0.0
5220,0.0,1.0,0.0,0.0,-1.2729317,1.0,0.0,1.0,0.0,0.0,0.0,0.0,2.0,0.0,0.0,0.0,2.0,0.4573508,-0.97038496,1.0
5221,1.0,0.0,0.0,0.0,0.8526179,1.0,0.0,0.0,0.0,0.0,2.0,0.0,0.0,2.0,1.0,1.0,2.0,-0.122061335,0.48793817,0.0
5222,1.0,0.0,0.0,0.0,-1.2320558,1.0,0.0,2.0,1.0,1.0,1.0,1.0,1.0,1.0,0.0,0.0,3.0,-1.4929471,-0.9902846,0.0
5223,1.0,0.0,1.0,1.0,0.116850734,1.0,2.0,1.0,0.0,2.0,2.0,2.0,2.0,2.0,0.0,1.0,2.0,1.5093094,0.6767071,0.0
5224,0.0,0.0,1.0,0.0,1.629261,1.0,2.0,1.0,2.0,2.0,2.0,0.0,2.0,2.0,2.0,1.0,1.0,1.5326862,2.5814052,0.0
5225,1.0,0.0,1.0,0.0,-1.1094279,1.0,0.0,1.0,0.0,0.0,2.0,0.0,2.0,2.0,0.0,1.0,2.0,0.99167895,-0.78377277,1.0
5226,1.0,0.0,0.0,0.0,0.44385839,0.0,1.0,0.0,2.0,0.0,2.0,0.0,0.0,0.0,1.0,1.0,1.0,-0.9870051,-0.35438466,0.0
5227,1.0,0.0,1.0,1.0,1.0569977,1.0,2.0,1.0,0.0,2.0,0.0,2.0,2.0,0.0,1.0,1.0,1.0,1.0000279,1.4095261,0.0
5228,0.0,0.0,1.0,1.0,1.5883851,1.0,0.0,1.0,0.0,0.0,2.0,0.0,0.0,0.0,2.0,0.0,2.0,0.37720156,1.4122387,0.0
5229,0.0,0.0,0.0,1.0,-1.1503038,1.0,2.0,1.0,0.0,2.0,0.0,0.0,2.0,0.0,0.0,0.0,3.0,0.8297107,-0.84267133,1.0
5230,0.0,1.0,1.0,0.0,-0.61891645,1.0,2.0,1.0,2.0,0.0,2.0,0.0,0.0,0.0,0.0,1.0,0.0,0.68777984,-0.35449582,1.0
5231,1.0,0.0,0.0,0.0,0.15772669,1.0,0.0,2.0,1.0,1.0,1.0,1.0,1.0,1.0,2.0,1.0,1.0,-1.5430404,-0.69888234,0.0
5232,0.0,0.0,1.0,0.0,0.3212305,1.0,0.0,2.0,1.0,1.0,1.0,1.0,1.0,1.0,2.0,0.0,3.0,-1.5246729,-0.6583715,0.0
5233,1.0,1.0,1.0,0.0,1.3431294,1.0,2.0,1.0,0.0,2.0,2.0,0.0,2.0,2.0,0.0,1.0,2.0,1.3222946,1.9201138,0.0
5234,0.0,0.0,0.0,0.0,-1.2320558,0.0,1.0,0.0,0.0,0.0,0.0,2.0,0.0,0.0,0.0,1.0,2.0,-1.1306058,-0.97901183,1.0
5235,0.0,0.0,1.0,0.0,1.629261,1.0,2.0,1.0,2.0,0.0,2.0,2.0,2.0,2.0,2.0,1.0,1.0,1.5159885,2.499383,0.0
5236,0.0,1.0,1.0,1.0,-0.8641722,1.0,2.0,1.0,0.0,0.0,2.0,0.0,0.0,0.0,0.0,1.0,1.0,0.44566235,-0.62068444,0.0
5237,1.0,0.0,0.0,1.0,-1.068552,1.0,0.0,1.0,0.0,0.0,2.0,0.0,2.0,2.0,0.0,0.0,3.0,0.9933488,-0.74937636,1.0
5238,1.0,0.0,1.0,0.0,1.0569977,1.0,0.0,2.0,1.0,1.0,1.0,1.0,1.0,1.0,2.0,0.0,3.0,-1.4695703,-0.477896,0.0
5239,0.0,0.0,0.0,0.0,-0.82329625,1.0,2.0,0.0,0.0,0.0,0.0,2.0,2.0,2.0,1.0,1.0,3.0,0.37052247,-0.62530917,0.0
5240,1.0,0.0,0.0,0.0,-1.1094279,1.0,0.0,0.0,2.0,0.0,0.0,2.0,0.0,0.0,0.0,1.0,3.0,-0.30072734,-0.88656175,0.0
5241,0.0,0.0,0.0,0.0,1.629261,1.0,2.0,1.0,0.0,0.0,2.0,2.0,2.0,2.0,2.0,1.0,1.0,1.4274904,2.4871542,0.0
5242,0.0,0.0,1.0,1.0,-0.4962886,1.0,2.0,0.0,2.0,0.0,0.0,0.0,2.0,2.0,1.0,0.0,0.0,0.3755318,-0.29877678,0.0
5243,0.0,1.0,0.0,0.0,1.5475092,1.0,2.0,0.0,0.0,2.0,2.0,2.0,2.0,0.0,2.0,1.0,0.0,0.35883403,1.3127182,0.0
5244,1.0,0.0,0.0,0.0,-0.90504813,1.0,0.0,1.0,0.0,0.0,0.0,0.0,0.0,0.0,0.0,0.0,3.0,0.18016805,-0.6782045,0.0
5245,1.0,0.0,1.0,0.0,0.6891141,1.0,0.0,1.0,0.0,2.0,0.0,0.0,2.0,0.0,0.0,1.0,1.0,0.68611,0.90596455,0.0
5246,0.0,0.0,0.0,0.0,0.6482381,1.0,0.0,0.0,2.0,2.0,0.0,0.0,0.0,0.0,2.0,0.0,1.0,-0.3090762,0.16307335,0.0
5247,0.0,0.0,1.0,1.0,1.4657573,1.0,2.0,1.0,0.0,2.0,0.0,2.0,2.0,2.0,2.0,1.0,1.0,1.3022572,2.1250691,0.0
5248,0.0,0.0,0.0,1.0,-0.8641722,1.0,0.0,2.0,1.0,1.0,1.0,1.0,1.0,1.0,0.0,0.0,1.0,-1.5046356,-0.90912956,0.0
5249,0.0,0.0,0.0,0.0,1.4248813,1.0,0.0,0.0,2.0,0.0,2.0,2.0,0.0,2.0,1.0,1.0,0.0,0.25363818,1.214376,0.0
5250,0.0,0.0,1.0,1.0,1.3431294,1.0,0.0,0.0,2.0,2.0,2.0,0.0,0.0,0.0,1.0,0.0,0.0,-0.11371246,0.7174847,0.0
5251,0.0,0.0,0.0,0.0,-0.5780405,0.0,1.0,0.0,0.0,0.0,2.0,2.0,0.0,0.0,0.0,1.0,2.0,-0.9870051,-0.7352131,0.0
5252,1.0,0.0,0.0,0.0,-0.41453668,1.0,2.0,2.0,1.0,1.0,1.0,1.0,1.0,1.0,0.0,1.0,1.0,-1.3326486,-0.7858628,0.0
5253,0.0,0.0,1.0,1.0,-0.7415443,1.0,0.0,0.0,2.0,2.0,0.0,2.0,0.0,0.0,0.0,0.0,0.0,-0.17716393,-0.658038,0.0
5254,0.0,0.0,1.0,1.0,1.2205015,1.0,2.0,1.0,2.0,0.0,0.0,0.0,2.0,2.0,2.0,1.0,0.0,1.215429,1.9467059,0.0
5255,0.0,0.0,0.0,0.0,0.93436986,1.0,0.0,1.0,0.0,2.0,2.0,0.0,0.0,0.0,0.0,1.0,2.0,0.56087685,1.0000377,0.0
5256,0.0,0.0,0.0,1.0,1.3840053,1.0,2.0,1.0,2.0,0.0,2.0,2.0,0.0,0.0,2.0,1.0,1.0,0.87479466,1.6317353,0.0
5257,1.0,0.0,1.0,0.0,0.81174195,1.0,2.0,0.0,0.0,2.0,0.0,2.0,0.0,0.0,0.0,0.0,0.0,-0.11371246,0.4041817,0.0
5258,0.0,0.0,1.0,1.0,1.2613775,1.0,2.0,1.0,2.0,0.0,0.0,0.0,2.0,2.0,1.0,1.0,1.0,1.1653357,1.8012272,0.0
5259,0.0,0.0,0.0,0.0,-1.027676,1.0,0.0,2.0,1.0,1.0,1.0,1.0,1.0,1.0,1.0,0.0,3.0,-1.4979564,-0.92827326,0.0
5260,1.0,0.0,0.0,0.0,-1.1094279,0.0,1.0,0.0,0.0,2.0,0.0,0.0,2.0,2.0,0.0,1.0,3.0,-0.459356,-0.869219,1.0
5261,0.0,1.0,0.0,0.0,-0.16928096,1.0,2.0,1.0,0.0,0.0,2.0,2.0,2.0,2.0,0.0,1.0,2.0,1.2872293,0.28015897,1.0
5262,0.0,0.0,0.0,0.0,-0.37366074,1.0,0.0,1.0,0.0,2.0,0.0,2.0,0.0,0.0,0.0,1.0,3.0,0.47905788,-0.21206315,0.0
5263,0.0,0.0,1.0,1.0,0.9752458,1.0,0.0,2.0,1.0,1.0,1.0,1.0,1.0,1.0,2.0,1.0,1.0,-1.5012959,-0.5072675,0.0
5264,1.0,0.0,0.0,0.0,0.56648624,0.0,1.0,0.0,2.0,0.0,2.0,2.0,0.0,0.0,2.0,0.0,3.0,-0.88514876,-0.22469221,0.0
5265,1.0,0.0,1.0,1.0,-0.6597924,1.0,0.0,2.0,1.0,1.0,1.0,1.0,1.0,1.0,2.0,0.0,3.0,-1.4779191,-0.87606716,0.0
5266,0.0,0.0,0.0,1.0,-1.2729317,1.0,0.0,0.0,0.0,0.0,0.0,0.0,0.0,0.0,0.0,0.0,3.0,-0.62800336,-0.9848372,1.0
5267,1.0,0.0,1.0,1.0,1.3022535,1.0,2.0,1.0,2.0,2.0,2.0,0.0,0.0,0.0,0.0,1.0,2.0,0.9031809,1.6452761,0.0
5268,0.0,1.0,1.0,0.0,-0.16928096,1.0,2.0,1.0,0.0,2.0,2.0,2.0,2.0,2.0,0.0,1.0,2.0,1.5393654,0.419679,0.0
5269,1.0,0.0,0.0,0.0,-1.2729317,1.0,0.0,2.0,1.0,1.0,1.0,1.0,1.0,1.0,0.0,0.0,2.0,-1.5129844,-0.9966214,0.0
5270,0.0,0.0,1.0,1.0,0.44385839,1.0,0.0,2.0,1.0,1.0,1.0,1.0,1.0,1.0,1.0,0.0,3.0,-1.4946169,-0.64154017,0.0
5271,1.0,0.0,0.0,0.0,0.2394786,1.0,0.0,0.0,2.0,2.0,0.0,2.0,2.0,0.0,1.0,0.0,3.0,0.19519602,0.19902615,0.0
5272,0.0,1.0,0.0,0.0,-0.4962886,1.0,0.0,1.0,0.0,0.0,0.0,0.0,2.0,0.0,0.0,0.0,0.0,0.5324907,-0.28745952,0.0
5273,1.0,0.0,1.0,1.0,-0.53716457,1.0,2.0,0.0,0.0,0.0,0.0,0.0,0.0,0.0,0.0,0.0,1.0,-0.48941198,-0.60040677,0.0
5274,0.0,1.0,1.0,0.0,0.81174195,1.0,2.0,1.0,0.0,2.0,2.0,0.0,2.0,2.0,1.0,1.0,2.0,1.394095,1.4946834,0.0
5275,0.0,1.0,1.0,1.0,0.93436986,1.0,2.0,0.0,2.0,0.0,2.0,2.0,2.0,0.0,1.0,0.0,2.0,0.38388067,0.8421967,0.0
5276,1.0,0.0,1.0,1.0,0.81174195,1.0,2.0,2.0,1.0,1.0,1.0,1.0,1.0,1.0,2.0,0.0,3.0,-1.3426673,-0.41337216,0.0
5277,0.0,0.0,0.0,0.0,1.4657573,1.0,0.0,2.0,1.0,1.0,1.0,1.0,1.0,1.0,2.0,0.0,1.0,-1.5079751,-0.36418998,0.0
5278,1.0,0.0,0.0,1.0,-1.2729317,0.0,1.0,0.0,0.0,2.0,0.0,0.0,0.0,0.0,0.0,1.0,3.0,-1.1155778,-0.9913296,1.0
5279,0.0,0.0,1.0,1.0,0.44385839,1.0,2.0,1.0,0.0,0.0,2.0,0.0,2.0,2.0,0.0,1.0,0.0,1.1536472,0.86683226,0.0
5280,0.0,1.0,0.0,0.0,-1.1094279,0.0,1.0,0.0,0.0,2.0,0.0,0.0,0.0,0.0,0.0,0.0,2.0,-1.2124248,-0.9469945,1.0
5281,0.0,0.0,1.0,0.0,1.0569977,1.0,2.0,1.0,0.0,0.0,2.0,2.0,2.0,2.0,0.0,1.0,1.0,1.2471546,1.6118802,1.0
5282,1.0,0.0,0.0,0.0,-1.1503038,0.0,1.0,0.0,0.0,0.0,2.0,0.0,0.0,0.0,0.0,1.0,2.0,-1.1723502,-0.95257527,1.0
5283,1.0,0.0,0.0,0.0,0.36210647,1.0,2.0,2.0,1.0,1.0,1.0,1.0,1.0,1.0,0.0,1.0,0.0,-1.3192904,-0.56216383,0.0
5284,1.0,0.0,0.0,0.0,-1.1503038,0.0,1.0,0.0,0.0,0.0,0.0,2.0,0.0,2.0,0.0,1.0,2.0,-0.8250369,-0.9330314,0.0
5285,1.0,0.0,1.0,1.0,1.4248813,1.0,2.0,1.0,0.0,2.0,2.0,0.0,0.0,0.0,1.0,0.0,2.0,0.7562406,1.6267327,1.0
5286,1.0,0.0,0.0,0.0,-0.046653092,1.0,0.0,0.0,0.0,0.0,2.0,2.0,0.0,0.0,0.0,1.0,2.0,-0.31742507,-0.24234621,1.0
5287,0.0,0.0,0.0,0.0,1.629261,1.0,0.0,2.0,1.0,1.0,1.0,1.0,1.0,1.0,2.0,0.0,1.0,-1.486268,-0.30849314,0.0
5288,0.0,1.0,1.0,0.0,0.8934939,1.0,2.0,1.0,2.0,2.0,2.0,2.0,2.0,2.0,1.0,1.0,0.0,1.697994,1.8545227,0.0
5289,1.0,1.0,0.0,0.0,1.3431294,1.0,0.0,1.0,0.0,2.0,2.0,0.0,2.0,2.0,0.0,1.0,0.0,1.1469681,1.8834717,0.0
5290,0.0,0.0,1.0,1.0,0.72999007,1.0,0.0,1.0,0.0,0.0,2.0,2.0,2.0,2.0,1.0,0.0,3.0,1.2788804,1.286415,0.0
5291,1.0,0.0,1.0,0.0,1.5066332,0.0,1.0,0.0,0.0,2.0,2.0,2.0,2.0,2.0,1.0,1.0,1.0,-0.13207999,0.8906007,0.0
5292,0.0,1.0,0.0,0.0,0.9752458,1.0,2.0,1.0,0.0,2.0,2.0,2.0,2.0,0.0,2.0,1.0,0.0,1.1736845,1.532237,0.0
5293,0.0,0.0,0.0,0.0,-1.2729317,0.0,1.0,0.0,0.0,0.0,0.0,0.0,0.0,0.0,0.0,1.0,3.0,-1.3226299,-0.9940867,0.0
5294,1.0,0.0,1.0,1.0,1.5475092,1.0,0.0,0.0,2.0,2.0,2.0,0.0,2.0,2.0,2.0,1.0,1.0,0.51412314,1.4850338,0.0
5295,0.0,0.0,1.0,0.0,1.0978737,1.0,2.0,1.0,2.0,2.0,0.0,0.0,2.0,0.0,0.0,1.0,2.0,1.0016977,1.483922,0.0
5296,1.0,0.0,1.0,1.0,0.03509882,1.0,0.0,2.0,1.0,1.0,1.0,1.0,1.0,1.0,1.0,0.0,3.0,-1.4745796,-0.69832647,0.0
5297,0.0,0.0,1.0,0.0,0.19860265,1.0,2.0,0.0,2.0,0.0,2.0,2.0,0.0,0.0,1.0,0.0,1.0,0.11170725,0.09721546,0.0
5298,1.0,1.0,0.0,0.0,-0.4962886,1.0,0.0,1.0,0.0,0.0,0.0,0.0,0.0,0.0,0.0,0.0,1.0,0.21857288,-0.38751373,1.0
5299,0.0,0.0,1.0,0.0,-1.2729317,1.0,0.0,1.0,0.0,0.0,0.0,0.0,0.0,0.0,0.0,1.0,2.0,0.14009343,-0.97460943,1.0
5300,1.0,1.0,1.0,0.0,-0.16928096,1.0,2.0,1.0,0.0,2.0,0.0,2.0,2.0,2.0,0.0,1.0,2.0,1.370718,0.32789594,0.0
5301,1.0,0.0,0.0,0.0,-0.16928096,0.0,1.0,0.0,0.0,0.0,0.0,2.0,0.0,0.0,0.0,1.0,1.0,-1.1573222,-0.6446974,0.0
5302,1.0,0.0,0.0,0.0,0.81174195,1.0,0.0,0.0,2.0,0.0,2.0,0.0,0.0,0.0,1.0,0.0,2.0,-0.36751834,0.23569046,0.0
5303,0.0,0.0,0.0,0.0,-0.7415443,1.0,0.0,1.0,0.0,2.0,0.0,2.0,0.0,0.0,0.0,1.0,1.0,0.5107836,-0.51064706,0.0
5304,1.0,1.0,1.0,0.0,-0.6597924,1.0,2.0,1.0,0.0,0.0,0.0,0.0,2.0,0.0,0.0,1.0,1.0,0.67776114,-0.38664657,0.0
5305,0.0,0.0,1.0,1.0,0.28035456,1.0,0.0,0.0,2.0,0.0,0.0,0.0,0.0,0.0,0.0,0.0,1.0,-0.45768622,-0.08655073,0.0
5306,0.0,0.0,1.0,1.0,-0.8641722,1.0,0.0,0.0,2.0,0.0,0.0,0.0,0.0,0.0,0.0,0.0,0.0,-0.459356,-0.74659705,0.0
5307,0.0,0.0,1.0,0.0,-0.8641722,1.0,2.0,1.0,2.0,0.0,0.0,2.0,2.0,0.0,0.0,1.0,1.0,1.0501211,-0.46184286,1.0
5308,0.0,0.0,1.0,1.0,0.116850734,1.0,2.0,2.0,1.0,1.0,1.0,1.0,1.0,1.0,0.0,1.0,2.0,-1.3025926,-0.61281353,0.0
5309,1.0,0.0,1.0,1.0,1.0569977,0.0,1.0,0.0,2.0,2.0,2.0,0.0,2.0,0.0,1.0,0.0,3.0,-0.4927515,0.29314378,0.0
5310,1.0,0.0,1.0,0.0,1.5475092,1.0,0.0,1.0,2.0,2.0,2.0,2.0,2.0,2.0,1.0,1.0,0.0,1.4942814,2.3452773,1.0
5311,0.0,0.0,0.0,0.0,0.07597478,1.0,0.0,0.0,2.0,2.0,0.0,0.0,0.0,2.0,1.0,0.0,2.0,-0.013525925,-0.0923094,0.0
5312,1.0,0.0,1.0,0.0,-0.046653092,1.0,2.0,0.0,0.0,0.0,0.0,0.0,2.0,0.0,0.0,1.0,1.0,-0.19052213,-0.16801707,0.0
5313,0.0,0.0,0.0,0.0,-0.82329625,1.0,2.0,1.0,0.0,2.0,0.0,0.0,0.0,2.0,0.0,1.0,2.0,0.8146828,-0.5349936,0.0
5314,0.0,0.0,0.0,0.0,0.03509882,1.0,2.0,1.0,0.0,2.0,2.0,0.0,2.0,2.0,0.0,0.0,2.0,1.4291602,0.61582965,0.0
5315,0.0,1.0,1.0,0.0,1.629261,1.0,2.0,2.0,1.0,1.0,1.0,1.0,1.0,1.0,2.0,1.0,1.0,-1.3042624,-0.14373726,0.0
5316,1.0,1.0,0.0,0.0,-0.33278477,1.0,2.0,1.0,0.0,2.0,0.0,0.0,2.0,2.0,0.0,1.0,2.0,1.2187685,0.07982827,1.0
5317,0.0,0.0,0.0,0.0,-1.068552,0.0,1.0,0.0,0.0,0.0,2.0,0.0,2.0,2.0,0.0,1.0,2.0,-0.5612123,-0.869597,1.0
5318,0.0,0.0,0.0,0.0,-0.61891645,1.0,0.0,2.0,1.0,1.0,1.0,1.0,1.0,1.0,1.0,0.0,1.0,-1.4929471,-0.85501134,0.0
5319,0.0,1.0,0.0,0.0,1.5883851,1.0,2.0,1.0,0.0,0.0,2.0,0.0,2.0,2.0,2.0,0.0,0.0,1.3122759,2.291426,0.0
5320,0.0,0.0,1.0,0.0,-0.37366074,1.0,2.0,0.0,0.0,0.0,0.0,2.0,2.0,2.0,0.0,1.0,1.0,0.29705232,-0.27476376,0.0
5321,0.0,0.0,1.0,0.0,-0.33278477,1.0,2.0,1.0,0.0,0.0,0.0,0.0,0.0,0.0,0.0,1.0,1.0,0.35549447,-0.22802734,1.0
5322,1.0,1.0,1.0,0.0,0.6891141,1.0,0.0,0.0,0.0,2.0,0.0,0.0,0.0,0.0,2.0,0.0,3.0,-0.49943063,0.061262656,0.0
5323,1.0,0.0,1.0,1.0,0.2394786,1.0,2.0,2.0,1.0,1.0,1.0,1.0,1.0,1.0,2.0,0.0,1.0,-1.3259696,-0.5766161,0.0
5324,1.0,0.0,0.0,0.0,-1.068552,1.0,0.0,2.0,1.0,1.0,1.0,1.0,1.0,1.0,1.0,0.0,3.0,-1.4745796,-0.95342016,0.0
5325,0.0,0.0,0.0,0.0,0.03509882,1.0,2.0,0.0,2.0,2.0,0.0,0.0,0.0,0.0,0.0,1.0,3.0,-0.12874044,-0.100847356,0.0
5326,0.0,0.0,1.0,0.0,1.4248813,1.0,2.0,2.0,1.0,1.0,1.0,1.0,1.0,1.0,2.0,1.0,1.0,-1.3192904,-0.23456421,0.0
5327,1.0,0.0,1.0,0.0,1.5066332,0.0,1.0,0.0,2.0,0.0,2.0,2.0,2.0,2.0,2.0,0.0,0.0,-0.15044752,0.7981506,0.0
5328,1.0,0.0,1.0,1.0,-0.046653092,0.0,1.0,0.0,2.0,0.0,0.0,2.0,0.0,0.0,0.0,0.0,0.0,-0.980326,-0.5261221,1.0
5329,0.0,0.0,1.0,1.0,0.15772669,1.0,2.0,1.0,0.0,2.0,2.0,0.0,2.0,0.0,0.0,1.0,0.0,1.088526,0.5324067,1.0
5330,0.0,0.0,0.0,0.0,-0.53716457,1.0,2.0,0.0,0.0,0.0,2.0,0.0,0.0,0.0,0.0,1.0,3.0,-0.2890389,-0.5455104,0.0
5331,1.0,0.0,0.0,0.0,-0.90504813,1.0,0.0,0.0,0.0,0.0,0.0,0.0,0.0,0.0,0.0,1.0,2.0,-0.64136153,-0.8262402,1.0
5332,1.0,0.0,0.0,0.0,0.56648624,1.0,2.0,1.0,2.0,2.0,0.0,0.0,0.0,2.0,0.0,1.0,2.0,0.96663237,0.84230787,1.0
5333,1.0,0.0,0.0,0.0,1.0569977,1.0,2.0,1.0,0.0,0.0,2.0,2.0,2.0,2.0,1.0,1.0,2.0,1.3323132,1.760494,1.0
5334,0.0,0.0,0.0,0.0,-0.61891645,1.0,2.0,1.0,2.0,2.0,0.0,0.0,2.0,0.0,0.0,1.0,2.0,0.9900092,-0.28599206,1.0
5335,0.0,0.0,1.0,1.0,0.28035456,1.0,2.0,1.0,0.0,0.0,0.0,2.0,2.0,2.0,0.0,1.0,1.0,1.1753542,0.6700368,0.0
5336,1.0,0.0,1.0,0.0,1.4657573,1.0,2.0,1.0,0.0,2.0,2.0,2.0,2.0,2.0,2.0,1.0,0.0,1.5109792,2.379607,1.0
5337,1.0,0.0,0.0,0.0,-1.2729317,1.0,0.0,1.0,0.0,0.0,0.0,0.0,0.0,0.0,0.0,1.0,2.0,0.18684715,-0.97398686,0.0
5338,1.0,0.0,0.0,1.0,1.3840053,1.0,2.0,0.0,2.0,2.0,0.0,2.0,0.0,0.0,2.0,0.0,0.0,0.03155802,0.9419618,0.0
5339,1.0,0.0,1.0,1.0,0.48473433,1.0,0.0,0.0,0.0,2.0,0.0,2.0,0.0,0.0,0.0,1.0,0.0,-0.3291135,0.12827672,0.0
5340,0.0,0.0,1.0,0.0,-0.4962886,1.0,0.0,2.0,1.0,1.0,1.0,1.0,1.0,1.0,1.0,1.0,3.0,-1.4946169,-0.8200813,0.0
5341,1.0,0.0,1.0,0.0,1.1796255,1.0,2.0,1.0,0.0,2.0,2.0,0.0,2.0,2.0,0.0,1.0,2.0,1.3623692,1.7879978,1.0
5342,0.0,0.0,1.0,0.0,-1.1503038,1.0,2.0,1.0,0.0,2.0,0.0,0.0,2.0,0.0,0.0,1.0,2.0,0.89817154,-0.8427825,1.0
5343,0.0,0.0,0.0,0.0,0.15772669,1.0,2.0,1.0,0.0,2.0,2.0,0.0,2.0,2.0,1.0,1.0,0.0,1.3373225,0.72297657,0.0
5344,1.0,0.0,1.0,1.0,0.6891141,0.0,1.0,0.0,0.0,2.0,0.0,0.0,2.0,2.0,1.0,1.0,0.0,-0.4326396,0.124785945,1.0
5345,1.0,0.0,1.0,1.0,1.1796255,1.0,0.0,1.0,0.0,2.0,2.0,2.0,2.0,2.0,1.0,0.0,1.0,1.3072666,1.8625715,0.0
5346,0.0,0.0,1.0,0.0,0.8526179,1.0,0.0,1.0,0.0,0.0,2.0,0.0,2.0,2.0,1.0,1.0,0.0,1.0050372,1.2182448,1.0
5347,0.0,0.0,1.0,1.0,0.6891141,1.0,2.0,0.0,0.0,2.0,0.0,2.0,2.0,2.0,2.0,0.0,0.0,0.48573697,0.7300915,0.0
5348,0.0,0.0,0.0,0.0,1.0978737,1.0,2.0,0.0,2.0,0.0,0.0,2.0,0.0,2.0,1.0,0.0,0.0,0.13174455,0.805021,0.0
5349,0.0,0.0,0.0,0.0,-1.068552,0.0,1.0,0.0,2.0,2.0,0.0,2.0,0.0,2.0,0.0,0.0,1.0,-0.46102577,-0.86848533,0.0
5350,1.0,0.0,0.0,0.0,1.0978737,1.0,0.0,0.0,0.0,0.0,2.0,2.0,2.0,0.0,0.0,1.0,2.0,-0.003507271,0.6558291,0.0
5351,0.0,0.0,0.0,0.0,0.36210647,1.0,2.0,1.0,2.0,0.0,0.0,0.0,0.0,0.0,0.0,1.0,1.0,0.552528,0.41356456,0.0
5352,1.0,0.0,0.0,0.0,-1.027676,1.0,2.0,1.0,0.0,0.0,0.0,0.0,2.0,2.0,0.0,1.0,2.0,0.97999054,-0.6934127,0.0
5353,1.0,0.0,1.0,0.0,1.1796255,1.0,0.0,1.0,0.0,2.0,2.0,2.0,0.0,2.0,0.0,0.0,1.0,0.9816603,1.5435988,0.0
5354,1.0,0.0,1.0,0.0,1.629261,1.0,2.0,0.0,2.0,0.0,2.0,2.0,2.0,2.0,2.0,0.0,1.0,0.73119396,1.7047527,0.0
5355,1.0,0.0,0.0,0.0,-0.046653092,0.0,1.0,0.0,0.0,0.0,2.0,0.0,2.0,2.0,1.0,1.0,2.0,-0.49108174,-0.32783696,0.0
5356,1.0,1.0,1.0,0.0,1.0161217,0.0,1.0,0.0,0.0,0.0,0.0,0.0,2.0,2.0,0.0,1.0,2.0,-0.6647384,0.13888247,1.0
5357,1.0,0.0,1.0,1.0,0.8526179,1.0,0.0,1.0,0.0,2.0,0.0,2.0,2.0,0.0,0.0,1.0,2.0,0.9282275,1.1200805,0.0
5358,0.0,0.0,1.0,1.0,1.0161217,1.0,0.0,0.0,2.0,0.0,0.0,0.0,2.0,2.0,1.0,1.0,0.0,0.17849827,0.7349164,1.0
5359,1.0,0.0,1.0,1.0,0.6073622,1.0,0.0,1.0,2.0,0.0,2.0,0.0,0.0,2.0,0.0,0.0,2.0,0.8447387,0.8344814,0.0
5360,0.0,0.0,1.0,0.0,0.56648624,0.0,1.0,0.0,2.0,2.0,0.0,0.0,2.0,0.0,0.0,0.0,2.0,-0.64136153,-0.08826277,0.0
5361,0.0,0.0,1.0,0.0,-1.2320558,1.0,0.0,0.0,2.0,0.0,0.0,0.0,0.0,2.0,0.0,1.0,3.0,-0.08699605,-0.95497656,0.0
5362,0.0,1.0,1.0,0.0,0.8526179,1.0,2.0,1.0,0.0,0.0,0.0,0.0,2.0,2.0,1.0,1.0,1.0,1.0384327,1.225382,0.0
5363,1.0,1.0,1.0,0.0,-1.2729317,1.0,2.0,1.0,0.0,0.0,0.0,0.0,2.0,2.0,0.0,1.0,2.0,1.013386,-0.9629809,1.0
5364,1.0,0.0,1.0,0.0,-0.005777135,1.0,2.0,1.0,0.0,0.0,0.0,2.0,0.0,0.0,1.0,1.0,2.0,0.4840672,0.15942693,0.0
5365,0.0,0.0,0.0,1.0,0.6482381,0.0,1.0,0.0,0.0,2.0,2.0,0.0,0.0,2.0,0.0,0.0,1.0,-0.64136153,-0.067718305,0.0
5366,1.0,0.0,1.0,1.0,1.0161217,1.0,0.0,2.0,1.0,1.0,1.0,1.0,1.0,1.0,2.0,0.0,3.0,-1.4695703,-0.50582224,0.0
5367,0.0,1.0,0.0,0.0,0.56648624,1.0,2.0,1.0,2.0,2.0,2.0,0.0,2.0,2.0,1.0,1.0,2.0,1.5109792,1.1624813,1.0
5368,0.0,0.0,0.0,0.0,-1.2729317,1.0,0.0,1.0,0.0,0.0,0.0,0.0,0.0,0.0,0.0,0.0,3.0,0.21189378,-0.9736534,0.0
5369,0.0,0.0,0.0,0.0,-0.90504813,1.0,2.0,1.0,0.0,0.0,0.0,0.0,0.0,2.0,0.0,0.0,2.0,0.7245149,-0.63580376,1.0
5370,1.0,0.0,0.0,0.0,-0.29190883,1.0,0.0,0.0,2.0,2.0,0.0,2.0,2.0,2.0,0.0,1.0,3.0,0.47571832,-0.15947911,0.0
5371,1.0,0.0,0.0,0.0,-1.1503038,1.0,0.0,0.0,0.0,0.0,0.0,0.0,0.0,2.0,0.0,0.0,2.0,-0.3491508,-0.9184235,1.0
5372,1.0,0.0,0.0,0.0,-1.1503038,1.0,0.0,0.0,0.0,2.0,0.0,0.0,0.0,0.0,0.0,0.0,3.0,-0.5177981,-0.91257584,0.0
5373,0.0,0.0,1.0,1.0,0.93436986,1.0,0.0,2.0,1.0,1.0,1.0,1.0,1.0,1.0,2.0,0.0,3.0,-1.4612213,-0.4670679,0.0
5374,1.0,1.0,1.0,0.0,0.15772669,1.0,0.0,0.0,0.0,0.0,2.0,2.0,0.0,0.0,1.0,0.0,1.0,-0.35582992,-0.119079456,0.0
5375,0.0,0.0,0.0,0.0,0.6482381,1.0,0.0,1.0,0.0,2.0,0.0,0.0,0.0,0.0,1.0,0.0,2.0,0.3471456,0.6723714,0.0
5376,0.0,0.0,0.0,0.0,-1.2729317,1.0,0.0,1.0,0.0,0.0,0.0,0.0,0.0,0.0,0.0,0.0,2.0,0.13007477,-0.9747428,1.0
5377,0.0,0.0,1.0,0.0,1.2205015,1.0,2.0,1.0,0.0,0.0,2.0,0.0,2.0,2.0,0.0,1.0,2.0,1.222108,1.7360808,0.0
5378,1.0,0.0,1.0,0.0,1.5066332,1.0,2.0,1.0,0.0,0.0,2.0,0.0,2.0,2.0,1.0,0.0,0.0,1.1603264,2.0370216,0.0
5379,1.0,0.0,1.0,1.0,1.2613775,1.0,2.0,2.0,1.0,1.0,1.0,1.0,1.0,1.0,2.0,0.0,1.0,-1.3393277,-0.30511352,0.0
5380,1.0,0.0,0.0,0.0,1.5883851,1.0,2.0,0.0,2.0,2.0,2.0,2.0,0.0,2.0,2.0,0.0,0.0,0.52915114,1.533082,0.0
5381,0.0,0.0,1.0,0.0,-1.1503038,0.0,1.0,0.0,2.0,0.0,0.0,0.0,0.0,0.0,0.0,1.0,2.0,-1.1923875,-0.9476393,0.0
5382,0.0,1.0,1.0,0.0,0.3212305,1.0,0.0,1.0,0.0,2.0,0.0,2.0,2.0,2.0,1.0,1.0,1.0,1.1503077,0.80113,1.0
5383,0.0,0.0,0.0,0.0,1.4248813,1.0,2.0,1.0,2.0,2.0,2.0,0.0,2.0,0.0,0.0,1.0,1.0,1.2755408,2.0569434,1.0
5384,1.0,0.0,0.0,1.0,-1.1503038,1.0,0.0,0.0,2.0,0.0,0.0,0.0,0.0,0.0,0.0,1.0,2.0,-0.51278883,-0.9232705,1.0
5385,0.0,0.0,0.0,0.0,-0.53716457,1.0,0.0,2.0,1.0,1.0,1.0,1.0,1.0,1.0,1.0,0.0,1.0,-1.486268,-0.83466697,0.0
5386,0.0,0.0,1.0,0.0,0.44385839,1.0,2.0,1.0,0.0,2.0,0.0,0.0,0.0,0.0,0.0,0.0,2.0,0.5241418,0.5061703,0.0
5387,0.0,0.0,0.0,0.0,-0.16928096,1.0,2.0,1.0,0.0,2.0,0.0,0.0,0.0,2.0,0.0,1.0,2.0,0.8413992,0.16227292,1.0
5388,0.0,0.0,1.0,1.0,0.6482381,0.0,1.0,0.0,2.0,2.0,0.0,2.0,0.0,0.0,2.0,0.0,3.0,-0.84674394,-0.12539399,0.0
5389,0.0,0.0,1.0,0.0,-1.027676,1.0,2.0,1.0,0.0,0.0,0.0,0.0,2.0,0.0,0.0,1.0,2.0,0.72618467,-0.74624133,1.0
5390,0.0,0.0,1.0,0.0,0.6891141,1.0,0.0,2.0,1.0,1.0,1.0,1.0,1.0,1.0,1.0,0.0,1.0,-1.47124,-0.5463331,0.0
5391,1.0,0.0,0.0,0.0,-1.1911799,1.0,2.0,1.0,0.0,0.0,0.0,0.0,0.0,0.0,0.0,1.0,2.0,0.40725753,-0.9037044,1.0
5392,0.0,0.0,0.0,0.0,-0.9868001,1.0,0.0,1.0,0.0,2.0,0.0,0.0,0.0,0.0,0.0,0.0,2.0,0.3621736,-0.7671193,0.0
5393,1.0,0.0,1.0,0.0,0.81174195,1.0,0.0,0.0,2.0,2.0,0.0,0.0,2.0,2.0,1.0,1.0,3.0,0.35549447,0.7136382,0.0
5394,0.0,0.0,1.0,1.0,1.629261,1.0,2.0,0.0,2.0,0.0,2.0,2.0,2.0,2.0,2.0,0.0,1.0,0.6660727,1.6156601,0.0
5395,0.0,1.0,0.0,0.0,-0.046653092,1.0,0.0,1.0,2.0,0.0,0.0,0.0,0.0,0.0,0.0,1.0,1.0,0.2937128,-0.073810495,0.0
5396,1.0,0.0,0.0,0.0,-0.8641722,1.0,0.0,1.0,2.0,0.0,0.0,0.0,0.0,0.0,0.0,1.0,2.0,0.292043,-0.6531909,1.0
5397,0.0,0.0,1.0,1.0,1.0978737,1.0,2.0,1.0,0.0,2.0,2.0,0.0,2.0,2.0,1.0,1.0,2.0,1.3824065,1.7767695,0.0
5398,1.0,0.0,1.0,1.0,-1.2729317,1.0,0.0,1.0,0.0,0.0,0.0,0.0,0.0,2.0,0.0,0.0,2.0,0.50911385,-0.9696957,1.0
5399,0.0,0.0,0.0,0.0,-0.29190883,1.0,2.0,1.0,0.0,2.0,2.0,2.0,2.0,2.0,2.0,0.0,2.0,1.4742441,0.24387266,0.0
5400,0.0,0.0,1.0,0.0,-1.1094279,1.0,0.0,1.0,2.0,0.0,2.0,0.0,0.0,2.0,0.0,1.0,3.0,0.8063339,-0.80331665,1.0
5401,0.0,1.0,0.0,0.0,-0.25103286,1.0,2.0,0.0,0.0,0.0,0.0,2.0,0.0,2.0,0.0,1.0,2.0,0.043246444,-0.27047256,0.0
5402,0.0,0.0,1.0,1.0,-1.2729317,1.0,0.0,2.0,1.0,1.0,1.0,1.0,1.0,1.0,0.0,1.0,2.0,-1.4979564,-0.9964213,1.0
5403,1.0,1.0,1.0,1.0,0.2394786,1.0,2.0,1.0,0.0,2.0,0.0,0.0,2.0,2.0,0.0,0.0,2.0,1.215429,0.6586751,0.0
5404,0.0,0.0,1.0,0.0,-0.33278477,1.0,0.0,1.0,0.0,2.0,2.0,0.0,2.0,2.0,0.0,1.0,1.0,1.1536472,0.07591504,1.0
5405,1.0,0.0,0.0,0.0,-1.2729317,1.0,0.0,2.0,1.0,1.0,1.0,1.0,1.0,1.0,0.0,0.0,3.0,-1.5029657,-0.996488,0.0
5406,0.0,1.0,1.0,0.0,-1.2320558,1.0,0.0,0.0,0.0,2.0,0.0,0.0,0.0,0.0,0.0,0.0,1.0,-0.4877422,-0.9540872,1.0
5407,1.0,0.0,1.0,1.0,1.629261,1.0,2.0,1.0,2.0,2.0,0.0,2.0,0.0,2.0,2.0,1.0,1.0,1.1018841,2.103791,0.0
5408,1.0,0.0,1.0,1.0,1.0569977,1.0,2.0,1.0,0.0,0.0,2.0,2.0,2.0,2.0,1.0,1.0,0.0,1.3456714,1.6649978,0.0
5409,0.0,0.0,0.0,0.0,-0.7006684,1.0,0.0,0.0,0.0,2.0,0.0,0.0,0.0,0.0,0.0,0.0,2.0,-0.53115636,-0.6776264,0.0
5410,0.0,0.0,0.0,0.0,0.44385839,1.0,2.0,0.0,0.0,2.0,2.0,2.0,2.0,2.0,1.0,0.0,1.0,0.67943096,0.62327814,0.0
5411,0.0,0.0,0.0,0.0,-0.7824203,1.0,0.0,0.0,2.0,2.0,0.0,2.0,0.0,2.0,0.0,0.0,0.0,0.10168859,-0.6307343,0.0
5412,1.0,0.0,1.0,1.0,1.5883851,1.0,0.0,1.0,2.0,2.0,2.0,2.0,2.0,2.0,2.0,0.0,1.0,1.4876024,2.4556482,0.0
5413,0.0,0.0,0.0,0.0,-1.2320558,1.0,0.0,2.0,1.0,1.0,1.0,1.0,1.0,1.0,0.0,1.0,3.0,-1.4946169,-0.98708284,0.0
5414,0.0,0.0,0.0,0.0,0.56648624,1.0,0.0,0.0,0.0,0.0,0.0,0.0,0.0,2.0,1.0,0.0,1.0,-0.30406687,0.19042149,0.0
5415,0.0,0.0,1.0,0.0,1.4248813,1.0,2.0,0.0,2.0,2.0,2.0,0.0,0.0,2.0,1.0,0.0,3.0,0.34547582,1.2468158,0.0
5416,1.0,0.0,0.0,0.0,0.6891141,1.0,2.0,1.0,0.0,0.0,0.0,0.0,0.0,0.0,0.0,1.0,0.0,0.32877806,0.6491144,0.0
5417,1.0,0.0,1.0,1.0,-1.027676,1.0,0.0,2.0,1.0,1.0,1.0,1.0,1.0,1.0,0.0,1.0,0.0,-1.486268,-0.927584,0.0
5418,1.0,0.0,0.0,0.0,-0.5780405,0.0,1.0,0.0,0.0,2.0,2.0,0.0,0.0,0.0,0.0,1.0,1.0,-1.0437775,-0.73845935,1.0
5419,1.0,0.0,1.0,1.0,0.03509882,1.0,0.0,2.0,1.0,1.0,1.0,1.0,1.0,1.0,1.0,0.0,1.0,-1.4912773,-0.72932106,0.0
5420,0.0,0.0,1.0,1.0,1.3431294,1.0,2.0,0.0,2.0,2.0,0.0,2.0,2.0,2.0,2.0,1.0,0.0,0.5926026,1.3138076,0.0
5421,0.0,0.0,0.0,0.0,-1.1911799,1.0,0.0,1.0,0.0,0.0,2.0,0.0,0.0,0.0,0.0,1.0,3.0,0.3337874,-0.89939094,0.0
5422,1.0,0.0,0.0,0.0,-1.2729317,1.0,0.0,2.0,1.0,1.0,1.0,1.0,1.0,1.0,0.0,0.0,3.0,-1.4812586,-0.9961989,0.0
5423,1.0,1.0,1.0,1.0,-0.90504813,0.0,1.0,0.0,0.0,0.0,0.0,0.0,0.0,2.0,0.0,1.0,0.0,-1.0087122,-0.84402764,0.0
5424,1.0,0.0,0.0,0.0,-0.37366074,1.0,0.0,1.0,2.0,0.0,2.0,0.0,2.0,2.0,1.0,1.0,1.0,1.1753542,0.014281658,0.0
5425,1.0,0.0,0.0,0.0,-0.37366074,1.0,0.0,2.0,1.0,1.0,1.0,1.0,1.0,1.0,0.0,0.0,2.0,-1.4662306,-0.79453415,0.0
5426,1.0,0.0,1.0,1.0,0.9752458,1.0,2.0,0.0,2.0,2.0,0.0,2.0,0.0,2.0,2.0,1.0,1.0,0.37052247,0.8896224,0.0
5427,1.0,0.0,1.0,1.0,1.4657573,1.0,0.0,1.0,2.0,2.0,2.0,0.0,2.0,2.0,2.0,1.0,1.0,1.2855595,2.140611,0.0
5428,1.0,0.0,1.0,1.0,-1.1503038,1.0,0.0,2.0,1.0,1.0,1.0,1.0,1.0,1.0,0.0,1.0,3.0,-1.4779191,-0.9707629,0.0
5429,0.0,0.0,0.0,0.0,-1.2729317,1.0,2.0,1.0,0.0,0.0,0.0,0.0,2.0,2.0,0.0,1.0,2.0,0.9966883,-0.96320325,1.0
5430,1.0,0.0,0.0,0.0,-1.2729317,1.0,0.0,1.0,0.0,2.0,0.0,0.0,0.0,2.0,0.0,1.0,2.0,0.6760914,-0.96747226,0.0
5431,1.0,0.0,1.0,1.0,0.19860265,0.0,1.0,0.0,2.0,2.0,2.0,0.0,0.0,0.0,0.0,0.0,0.0,-0.82002753,-0.36101046,1.0
5432,1.0,0.0,1.0,0.0,-0.21015692,1.0,0.0,0.0,0.0,2.0,0.0,2.0,0.0,0.0,0.0,1.0,2.0,-0.36584857,-0.38722467,0.0
5433,0.0,0.0,1.0,0.0,0.93436986,1.0,2.0,1.0,2.0,0.0,0.0,0.0,2.0,0.0,0.0,1.0,0.0,0.83638984,1.2001905,0.0
5434,0.0,0.0,0.0,0.0,0.3212305,0.0,1.0,0.0,2.0,0.0,0.0,2.0,2.0,2.0,1.0,1.0,0.0,-0.34080192,-0.010865293,0.0
5435,1.0,0.0,0.0,0.0,0.48473433,0.0,1.0,0.0,0.0,2.0,2.0,0.0,2.0,2.0,1.0,1.0,3.0,-0.36083925,0.051034898,1.0
5436,1.0,0.0,1.0,1.0,1.5883851,1.0,0.0,0.0,0.0,2.0,0.0,2.0,2.0,2.0,2.0,1.0,1.0,0.28703368,1.2868598,0.0
5437,1.0,0.0,0.0,1.0,-0.41453668,1.0,0.0,1.0,0.0,2.0,2.0,0.0,2.0,0.0,0.0,1.0,2.0,0.82303166,-0.11523293,1.0
5438,0.0,0.0,1.0,1.0,0.8526179,1.0,0.0,2.0,1.0,1.0,1.0,1.0,1.0,1.0,1.0,0.0,0.0,-1.5096449,-0.5570722,0.0
5439,0.0,0.0,0.0,0.0,0.19860265,1.0,2.0,0.0,2.0,2.0,2.0,2.0,2.0,0.0,0.0,1.0,1.0,0.47237876,0.31853533,0.0
5440,0.0,0.0,1.0,0.0,-0.9459241,1.0,0.0,1.0,0.0,0.0,0.0,0.0,2.0,2.0,0.0,0.0,2.0,0.8247014,-0.6259095,1.0
5441,0.0,1.0,0.0,0.0,-1.2320558,1.0,0.0,1.0,0.0,0.0,0.0,0.0,0.0,0.0,0.0,1.0,0.0,0.18183781,-0.95370924,1.0
5442,0.0,0.0,1.0,1.0,1.2613775,1.0,0.0,2.0,1.0,1.0,1.0,1.0,1.0,1.0,2.0,0.0,1.0,-1.4946169,-0.46753484,0.0
5443,0.0,1.0,1.0,0.0,0.19860265,1.0,2.0,1.0,0.0,0.0,0.0,0.0,0.0,0.0,0.0,1.0,2.0,0.39222953,0.27015355,1.0
5444,0.0,0.0,0.0,0.0,0.81174195,0.0,1.0,0.0,2.0,2.0,0.0,2.0,0.0,0.0,2.0,0.0,3.0,-0.8567626,-0.12385982,0.0
5445,0.0,1.0,0.0,0.0,-0.005777135,1.0,0.0,0.0,0.0,2.0,0.0,2.0,0.0,0.0,0.0,0.0,0.0,-0.3374624,-0.19145198,0.0
5446,1.0,0.0,0.0,0.0,-1.2729317,1.0,0.0,1.0,0.0,0.0,0.0,2.0,0.0,0.0,0.0,1.0,3.0,0.3187594,-0.9722304,0.0
5447,1.0,0.0,0.0,0.0,-1.2729317,1.0,0.0,2.0,1.0,1.0,1.0,1.0,1.0,1.0,0.0,0.0,3.0,-1.5313519,-0.9968659,0.0
5448,1.0,0.0,0.0,0.0,-0.16928096,1.0,2.0,1.0,0.0,2.0,2.0,0.0,2.0,2.0,0.0,1.0,2.0,1.3673785,0.31966928,1.0
5449,1.0,0.0,0.0,1.0,-0.61891645,1.0,0.0,0.0,2.0,0.0,0.0,0.0,0.0,0.0,0.0,1.0,3.0,-0.48273286,-0.628711,0.0
5450,0.0,0.0,0.0,0.0,-1.068552,1.0,0.0,0.0,0.0,0.0,0.0,2.0,0.0,0.0,0.0,1.0,0.0,-0.50443995,-0.8863839,1.0
5451,0.0,0.0,1.0,1.0,1.5883851,1.0,2.0,2.0,1.0,1.0,1.0,1.0,1.0,1.0,2.0,0.0,0.0,-1.3126113,-0.19890046,0.0
5452,1.0,1.0,0.0,0.0,-0.7006684,1.0,2.0,1.0,0.0,2.0,0.0,0.0,0.0,0.0,0.0,1.0,2.0,0.5157929,-0.46397734,1.0
5453,1.0,0.0,0.0,0.0,1.629261,0.0,1.0,0.0,2.0,2.0,2.0,2.0,2.0,2.0,2.0,1.0,0.0,-0.035233006,0.9801603,0.0
5454,0.0,1.0,0.0,0.0,-1.2729317,1.0,0.0,1.0,0.0,0.0,0.0,0.0,0.0,0.0,0.0,1.0,2.0,0.18183781,-0.97405356,0.0
5455,1.0,0.0,0.0,0.0,-1.2729317,1.0,0.0,0.0,0.0,0.0,0.0,0.0,0.0,0.0,0.0,1.0,3.0,-0.6580593,-0.9852374,1.0
5456,0.0,0.0,1.0,0.0,1.0978737,1.0,0.0,1.0,0.0,2.0,0.0,2.0,2.0,2.0,2.0,1.0,3.0,1.1786939,1.6783384,0.0
5457,0.0,0.0,1.0,1.0,1.5066332,1.0,0.0,2.0,1.0,1.0,1.0,1.0,1.0,1.0,2.0,0.0,3.0,-1.5146542,-0.4066352,0.0
5458,0.0,0.0,0.0,0.0,1.2205015,1.0,2.0,1.0,0.0,0.0,0.0,0.0,2.0,2.0,1.0,1.0,0.0,0.976651,1.5548716,0.0
5459,0.0,0.0,1.0,0.0,1.4248813,1.0,0.0,2.0,1.0,1.0,1.0,1.0,1.0,1.0,2.0,0.0,3.0,-1.5063053,-0.4115267,0.0
5460,0.0,0.0,0.0,0.0,0.81174195,1.0,0.0,0.0,2.0,0.0,2.0,2.0,0.0,0.0,1.0,0.0,1.0,-0.22725719,0.34757328,0.0
5461,0.0,0.0,1.0,1.0,1.5475092,1.0,2.0,1.0,2.0,2.0,2.0,2.0,2.0,2.0,2.0,1.0,1.0,1.6128355,2.4939802,0.0
5462,0.0,0.0,0.0,0.0,-0.7415443,1.0,0.0,0.0,0.0,0.0,0.0,2.0,0.0,2.0,1.0,0.0,1.0,-0.18885235,-0.66159546,0.0
5463,0.0,0.0,1.0,1.0,0.15772669,1.0,2.0,0.0,2.0,2.0,2.0,2.0,2.0,2.0,2.0,1.0,1.0,0.93991596,0.4974322,0.0
5464,1.0,0.0,1.0,1.0,-1.1503038,0.0,1.0,0.0,2.0,0.0,0.0,0.0,2.0,0.0,0.0,0.0,1.0,-0.8751301,-0.9358551,0.0
5465,1.0,0.0,0.0,0.0,-0.61891645,1.0,0.0,2.0,1.0,1.0,1.0,1.0,1.0,1.0,2.0,0.0,1.0,-1.5129844,-0.8411594,0.0
5466,0.0,0.0,0.0,0.0,0.93436986,1.0,0.0,0.0,0.0,0.0,0.0,0.0,0.0,0.0,1.0,0.0,0.0,-0.6580593,0.08981145,0.0
5467,0.0,1.0,0.0,0.0,0.19860265,1.0,2.0,1.0,0.0,0.0,0.0,0.0,2.0,2.0,0.0,1.0,2.0,1.0618095,0.58683616,1.0
5468,0.0,1.0,0.0,0.0,-0.90504813,0.0,1.0,0.0,0.0,0.0,0.0,0.0,0.0,2.0,0.0,1.0,2.0,-1.0037029,-0.8586133,1.0
5469,1.0,0.0,1.0,1.0,0.6482381,1.0,2.0,1.0,2.0,2.0,2.0,2.0,2.0,2.0,2.0,0.0,1.0,1.571091,1.4154404,0.0
5470,1.0,0.0,1.0,0.0,1.629261,1.0,0.0,0.0,2.0,2.0,2.0,2.0,2.0,2.0,2.0,0.0,3.0,0.65772384,1.6775602,0.0
5471,1.0,0.0,0.0,1.0,-1.2320558,1.0,2.0,0.0,2.0,2.0,0.0,0.0,0.0,0.0,0.0,0.0,0.0,-0.12707067,-0.94541585,0.0
5472,1.0,0.0,0.0,0.0,0.77086604,1.0,2.0,1.0,2.0,2.0,0.0,0.0,2.0,0.0,1.0,1.0,2.0,1.0033674,1.145939,1.0
5473,1.0,0.0,1.0,0.0,0.8934939,1.0,0.0,0.0,2.0,2.0,0.0,0.0,2.0,2.0,2.0,1.0,0.0,0.3271083,0.85860556,0.0
5474,1.0,0.0,1.0,1.0,1.629261,0.0,1.0,0.0,2.0,2.0,2.0,2.0,2.0,2.0,2.0,1.0,1.0,0.01152071,1.1088967,0.0
5475,1.0,0.0,1.0,0.0,-0.6597924,1.0,2.0,1.0,0.0,0.0,0.0,0.0,0.0,0.0,0.0,1.0,2.0,0.35549447,-0.47636184,0.0
5476,1.0,1.0,0.0,0.0,-1.2320558,1.0,0.0,1.0,0.0,2.0,0.0,0.0,0.0,0.0,0.0,1.0,2.0,0.33211762,-0.93171954,1.0
5477,0.0,0.0,1.0,0.0,0.77086604,1.0,2.0,1.0,0.0,0.0,2.0,0.0,2.0,2.0,1.0,1.0,2.0,1.1386192,1.1948321,0.0
5478,1.0,0.0,0.0,0.0,-1.2729317,1.0,0.0,0.0,0.0,0.0,0.0,0.0,0.0,0.0,0.0,0.0,1.0,-0.6196545,-0.984726,1.0
5479,0.0,0.0,0.0,0.0,-0.53716457,1.0,0.0,0.0,0.0,2.0,0.0,0.0,2.0,0.0,1.0,0.0,2.0,-0.21890832,-0.5404632,0.0
5480,0.0,0.0,0.0,0.0,0.15772669,1.0,2.0,0.0,2.0,0.0,0.0,0.0,0.0,0.0,1.0,0.0,3.0,-0.34414148,-0.16325894,0.0
5481,1.0,0.0,0.0,0.0,-1.2729317,1.0,0.0,0.0,0.0,0.0,0.0,0.0,0.0,0.0,0.0,0.0,3.0,-0.6163149,-0.98468155,1.0
5482,0.0,0.0,1.0,0.0,1.5475092,0.0,1.0,0.0,0.0,2.0,2.0,2.0,2.0,2.0,2.0,0.0,0.0,-0.23226653,0.7909467,0.0
5483,0.0,0.0,0.0,0.0,-1.2320558,1.0,0.0,0.0,0.0,0.0,0.0,0.0,0.0,0.0,0.0,1.0,3.0,-0.6513802,-0.97227484,0.0
5484,1.0,0.0,0.0,0.0,-0.005777135,1.0,0.0,2.0,1.0,1.0,1.0,1.0,1.0,1.0,1.0,0.0,3.0,-1.5012959,-0.73503524,0.0
5485,0.0,0.0,1.0,1.0,-0.9459241,1.0,0.0,2.0,1.0,1.0,1.0,1.0,1.0,1.0,1.0,0.0,3.0,-1.486268,-0.928629,0.0
5486,0.0,0.0,1.0,1.0,1.629261,1.0,2.0,1.0,2.0,2.0,2.0,2.0,2.0,2.0,2.0,1.0,0.0,1.764785,2.689575,0.0
5487,1.0,0.0,1.0,0.0,0.77086604,1.0,2.0,1.0,2.0,2.0,0.0,0.0,0.0,2.0,1.0,1.0,1.0,1.0568002,1.1786011,0.0
5488,1.0,0.0,0.0,0.0,0.44385839,0.0,1.0,0.0,0.0,0.0,2.0,2.0,0.0,2.0,1.0,0.0,2.0,-0.68811524,-0.14644983,0.0
5489,1.0,1.0,1.0,0.0,-0.6597924,1.0,0.0,1.0,0.0,0.0,2.0,2.0,0.0,2.0,0.0,1.0,2.0,0.894832,-0.32043293,0.0
5490,1.0,0.0,1.0,1.0,1.5883851,1.0,2.0,0.0,2.0,2.0,2.0,2.0,2.0,2.0,2.0,0.0,2.0,0.85475737,1.807475,0.0
5491,1.0,0.0,0.0,0.0,-1.1911799,1.0,0.0,0.0,0.0,0.0,0.0,2.0,0.0,0.0,0.0,1.0,3.0,-0.48440263,-0.93754494,0.0
5492,1.0,0.0,0.0,0.0,-0.45541266,1.0,0.0,2.0,1.0,1.0,1.0,1.0,1.0,1.0,0.0,0.0,3.0,-1.4946169,-0.8195255,0.0
5493,0.0,0.0,1.0,1.0,0.6891141,1.0,0.0,0.0,2.0,0.0,2.0,2.0,0.0,0.0,0.0,0.0,0.0,-0.100354254,0.33952448,0.0
5494,1.0,0.0,0.0,0.0,0.56648624,1.0,2.0,1.0,0.0,2.0,2.0,0.0,2.0,0.0,1.0,1.0,1.0,1.006707,0.96155024,0.0
5495,1.0,0.0,0.0,0.0,-1.2729317,1.0,0.0,1.0,0.0,0.0,0.0,0.0,0.0,0.0,0.0,1.0,3.0,0.22024266,-0.9735422,1.0
5496,0.0,0.0,1.0,1.0,0.6073622,1.0,0.0,0.0,0.0,2.0,0.0,2.0,0.0,2.0,2.0,0.0,0.0,-0.031893454,0.3320093,0.0
5497,0.0,0.0,0.0,0.0,-1.068552,1.0,0.0,2.0,1.0,1.0,1.0,1.0,1.0,1.0,0.0,1.0,3.0,-1.4628911,-0.9565775,0.0
5498,1.0,0.0,1.0,0.0,1.0569977,1.0,2.0,1.0,0.0,0.0,2.0,0.0,2.0,2.0,1.0,0.0,1.0,1.1887125,1.521031,0.0
5499,1.0,0.0,0.0,0.0,0.56648624,1.0,2.0,1.0,0.0,0.0,0.0,0.0,0.0,0.0,0.0,0.0,0.0,0.26866615,0.43968982,0.0
5500,1.0,0.0,1.0,1.0,-0.7006684,1.0,2.0,1.0,0.0,0.0,0.0,0.0,0.0,0.0,0.0,1.0,0.0,0.33879673,-0.5128927,1.0
5501,1.0,0.0,1.0,1.0,-0.046653092,1.0,2.0,1.0,2.0,0.0,2.0,0.0,2.0,0.0,1.0,0.0,0.0,1.1119028,0.36529398,0.0
5502,0.0,0.0,1.0,1.0,-0.61891645,1.0,0.0,1.0,0.0,0.0,2.0,2.0,2.0,2.0,1.0,0.0,0.0,1.1302704,-0.24710435,1.0
5503,0.0,0.0,0.0,1.0,-0.90504813,1.0,0.0,1.0,0.0,0.0,2.0,2.0,2.0,0.0,0.0,1.0,2.0,0.879804,-0.57643825,0.0
5504,1.0,0.0,0.0,1.0,1.5883851,1.0,2.0,2.0,1.0,1.0,1.0,1.0,1.0,1.0,2.0,0.0,3.0,-1.3493464,-0.26949424,0.0
5505,1.0,0.0,0.0,0.0,-1.2320558,1.0,0.0,0.0,0.0,0.0,0.0,0.0,0.0,0.0,0.0,1.0,3.0,-0.65972906,-0.9623806,1.0
5506,0.0,0.0,1.0,1.0,-1.027676,1.0,0.0,2.0,1.0,1.0,1.0,1.0,1.0,1.0,0.0,0.0,3.0,-1.4795889,-0.9382342,0.0
5507,1.0,0.0,1.0,0.0,1.5883851,0.0,1.0,0.0,0.0,2.0,0.0,0.0,2.0,2.0,2.0,0.0,2.0,-0.5144586,0.55790937,1.0
5508,1.0,0.0,1.0,0.0,1.5883851,1.0,2.0,2.0,1.0,1.0,1.0,1.0,1.0,1.0,2.0,0.0,0.0,-1.3460069,-0.23567593,0.0
5509,0.0,0.0,0.0,1.0,-0.90504813,1.0,2.0,0.0,2.0,0.0,2.0,2.0,0.0,2.0,1.0,0.0,1.0,0.2937128,-0.69697016,0.0
5510,1.0,0.0,0.0,1.0,-1.2729317,1.0,2.0,0.0,0.0,0.0,0.0,0.0,0.0,0.0,0.0,1.0,2.0,-0.49108174,-0.983014,0.0
5511,1.0,0.0,1.0,1.0,-1.1503038,1.0,0.0,1.0,0.0,0.0,0.0,0.0,0.0,0.0,0.0,1.0,3.0,0.16013074,-0.8785797,0.0
5512,1.0,0.0,0.0,0.0,-1.1911799,1.0,2.0,0.0,0.0,0.0,0.0,0.0,0.0,0.0,0.0,0.0,0.0,-0.4793933,-0.9442374,0.0
5513,0.0,1.0,1.0,0.0,0.72999007,1.0,2.0,1.0,0.0,0.0,0.0,2.0,2.0,2.0,1.0,1.0,2.0,1.1987312,1.3025349,0.0
5514,1.0,0.0,1.0,0.0,0.6073622,1.0,0.0,2.0,1.0,1.0,1.0,1.0,1.0,1.0,1.0,0.0,0.0,-1.4979564,-0.5859545,0.0
5515,0.0,0.0,1.0,0.0,1.5066332,1.0,2.0,2.0,1.0,1.0,1.0,1.0,1.0,1.0,2.0,1.0,1.0,-1.3293091,-0.24114557,0.0
5516,1.0,1.0,1.0,0.0,0.56648624,0.0,1.0,0.0,0.0,2.0,2.0,2.0,2.0,2.0,1.0,1.0,0.0,-0.16213594,0.24725227,1.0
5517,0.0,1.0,1.0,1.0,-0.82329625,0.0,1.0,0.0,0.0,0.0,0.0,2.0,0.0,0.0,0.0,1.0,3.0,-1.1840386,-0.847007,0.0
5518,0.0,0.0,0.0,0.0,-1.1911799,1.0,0.0,2.0,1.0,1.0,1.0,1.0,1.0,1.0,0.0,1.0,3.0,-1.4946169,-0.9778334,0.0
5519,1.0,0.0,0.0,0.0,1.0569977,1.0,2.0,2.0,1.0,1.0,1.0,1.0,1.0,1.0,2.0,1.0,1.0,-1.3460069,-0.33219486,0.0
5520,0.0,0.0,0.0,0.0,0.6073622,1.0,0.0,1.0,2.0,0.0,0.0,0.0,0.0,0.0,0.0,0.0,1.0,0.35716426,0.57118326,0.0
5521,0.0,0.0,1.0,0.0,-0.45541266,1.0,0.0,1.0,0.0,0.0,0.0,2.0,2.0,0.0,0.0,1.0,2.0,0.71115667,-0.19643246,0.0
5522,1.0,0.0,1.0,0.0,-0.5780405,1.0,0.0,0.0,0.0,0.0,0.0,0.0,0.0,0.0,0.0,1.0,0.0,-0.6814362,-0.66372997,0.0
5523,0.0,0.0,1.0,1.0,-0.37366074,1.0,0.0,2.0,1.0,1.0,1.0,1.0,1.0,1.0,2.0,1.0,3.0,-1.5063053,-0.80447286,0.0
5524,1.0,0.0,0.0,1.0,0.03509882,1.0,2.0,1.0,2.0,0.0,2.0,0.0,0.0,2.0,0.0,1.0,0.0,1.0200652,0.45114046,0.0
5525,1.0,0.0,0.0,0.0,-0.21015692,1.0,0.0,2.0,1.0,1.0,1.0,1.0,1.0,1.0,1.0,0.0,0.0,-1.4912773,-0.75509053,0.0
5526,0.0,0.0,0.0,0.0,-0.33278477,1.0,2.0,1.0,0.0,0.0,2.0,0.0,2.0,0.0,0.0,1.0,1.0,0.80800366,-0.0835491,0.0
5527,0.0,0.0,0.0,0.0,-1.1911799,1.0,0.0,0.0,0.0,2.0,0.0,2.0,2.0,2.0,0.0,1.0,2.0,0.35215494,-0.8967228,0.0
5528,1.0,0.0,0.0,0.0,-1.2729317,1.0,0.0,0.0,0.0,0.0,0.0,2.0,0.0,0.0,0.0,0.0,3.0,-0.52447724,-0.9834587,0.0
5529,0.0,1.0,0.0,0.0,0.44385839,0.0,1.0,0.0,2.0,2.0,0.0,0.0,0.0,0.0,0.0,1.0,1.0,-1.0454472,-0.33813143,0.0
5530,0.0,0.0,0.0,0.0,-1.1503038,0.0,1.0,0.0,2.0,2.0,0.0,0.0,0.0,0.0,0.0,1.0,2.0,-1.0387682,-0.9439706,1.0
5531,0.0,0.0,1.0,0.0,-0.16928096,1.0,0.0,1.0,2.0,0.0,0.0,0.0,2.0,2.0,0.0,1.0,3.0,0.9215484,0.15220079,1.0
5532,0.0,0.0,1.0,1.0,1.4248813,1.0,0.0,2.0,1.0,1.0,1.0,1.0,1.0,1.0,2.0,1.0,0.0,-1.5196635,-0.3947621,0.0
5533,0.0,0.0,1.0,0.0,-1.1911799,1.0,2.0,1.0,0.0,0.0,0.0,0.0,2.0,2.0,0.0,1.0,2.0,1.0167257,-0.8750444,1.0
5534,0.0,0.0,0.0,0.0,-0.41453668,1.0,0.0,0.0,0.0,2.0,2.0,0.0,2.0,0.0,1.0,0.0,0.0,0.016530037,-0.36412328,0.0
5535,1.0,0.0,0.0,0.0,-0.08752905,1.0,2.0,1.0,2.0,0.0,0.0,0.0,2.0,2.0,0.0,1.0,0.0,1.1903822,0.30043662,0.0
5536,0.0,0.0,1.0,1.0,0.19860265,1.0,2.0,1.0,0.0,2.0,0.0,0.0,2.0,0.0,0.0,1.0,2.0,0.8029943,0.48022288,0.0
5537,1.0,0.0,0.0,0.0,-0.45541266,1.0,0.0,2.0,1.0,1.0,1.0,1.0,1.0,1.0,0.0,1.0,3.0,-1.4962866,-0.8201035,0.0
5538,0.0,0.0,1.0,0.0,1.5883851,1.0,2.0,2.0,1.0,1.0,1.0,1.0,1.0,1.0,2.0,0.0,3.0,-1.3660442,-0.26171225,0.0
5539,0.0,0.0,0.0,0.0,-0.61891645,1.0,0.0,2.0,1.0,1.0,1.0,1.0,1.0,1.0,0.0,0.0,1.0,-1.5046356,-0.85392183,0.0
5540,0.0,0.0,0.0,0.0,1.3840053,0.0,1.0,0.0,2.0,2.0,2.0,2.0,0.0,0.0,2.0,1.0,3.0,-0.57957983,0.40760577,0.0
5541,0.0,0.0,1.0,1.0,-0.33278477,1.0,2.0,1.0,0.0,2.0,2.0,0.0,0.0,0.0,1.0,0.0,0.0,0.61430967,-0.10120311,0.0
5542,0.0,0.0,1.0,1.0,-1.2729317,1.0,0.0,2.0,1.0,1.0,1.0,1.0,1.0,1.0,0.0,0.0,3.0,-1.4929471,-0.9963546,0.0
5543,0.0,0.0,0.0,0.0,-1.1094279,1.0,0.0,0.0,2.0,0.0,0.0,2.0,2.0,0.0,0.0,1.0,2.0,-0.013525925,-0.8484522,0.0
5544,1.0,0.0,1.0,0.0,0.116850734,1.0,2.0,1.0,0.0,0.0,0.0,2.0,0.0,2.0,0.0,1.0,0.0,0.8380596,0.4004686,0.0
5545,0.0,0.0,0.0,0.0,-1.1911799,1.0,0.0,1.0,2.0,0.0,0.0,0.0,0.0,0.0,0.0,1.0,2.0,0.3271083,-0.90136975,0.0
5546,0.0,0.0,0.0,0.0,-1.2729317,1.0,0.0,1.0,0.0,0.0,0.0,0.0,0.0,0.0,0.0,1.0,2.0,0.15846096,-0.9743649,1.0
5547,1.0,0.0,1.0,1.0,1.629261,1.0,2.0,2.0,1.0,1.0,1.0,1.0,1.0,1.0,2.0,0.0,0.0,-1.3510162,-0.27454144,0.0
5548,1.0,0.0,0.0,0.0,0.8934939,1.0,2.0,0.0,2.0,0.0,2.0,2.0,2.0,2.0,2.0,0.0,0.0,0.74622196,1.1004032,0.0
5549,0.0,1.0,0.0,0.0,-0.7415443,1.0,0.0,1.0,2.0,2.0,0.0,0.0,0.0,0.0,0.0,0.0,2.0,0.470709,-0.541108,0.0
5550,0.0,0.0,1.0,0.0,1.5475092,0.0,1.0,0.0,2.0,0.0,2.0,2.0,0.0,2.0,2.0,1.0,0.0,-0.49776083,0.4934078,0.0
5551,1.0,0.0,1.0,1.0,-0.53716457,1.0,2.0,1.0,0.0,0.0,0.0,2.0,2.0,2.0,1.0,1.0,2.0,1.2087498,-0.17124103,1.0
5552,0.0,0.0,1.0,1.0,-0.37366074,1.0,2.0,1.0,0.0,0.0,0.0,0.0,0.0,2.0,0.0,0.0,2.0,0.6961287,-0.17442054,0.0
5553,1.0,1.0,0.0,0.0,-1.1503038,1.0,0.0,1.0,0.0,0.0,0.0,0.0,0.0,0.0,0.0,0.0,2.0,0.15345164,-0.8889186,0.0
5554,1.0,0.0,0.0,0.0,0.2394786,1.0,0.0,0.0,0.0,0.0,2.0,2.0,0.0,2.0,1.0,1.0,3.0,-0.081986725,0.04187438,1.0
5555,0.0,0.0,1.0,0.0,0.07597478,1.0,0.0,0.0,0.0,0.0,0.0,2.0,0.0,0.0,0.0,0.0,0.0,-0.48607242,-0.19803332,0.0
5556,0.0,0.0,1.0,1.0,1.1387496,1.0,0.0,0.0,0.0,2.0,2.0,2.0,2.0,2.0,2.0,1.0,0.0,0.52915114,1.1944541,0.0
5557,0.0,0.0,0.0,0.0,1.3431294,1.0,2.0,1.0,2.0,2.0,2.0,0.0,2.0,2.0,0.0,1.0,1.0,1.5460445,2.1551077,0.0
5558,1.0,1.0,1.0,0.0,0.15772669,1.0,2.0,1.0,0.0,0.0,0.0,0.0,0.0,2.0,0.0,1.0,2.0,0.64603543,0.33839053,1.0
5559,1.0,0.0,1.0,1.0,-1.027676,0.0,1.0,0.0,2.0,2.0,2.0,0.0,2.0,2.0,0.0,0.0,3.0,-0.19720124,-0.7981806,0.0
5560,0.0,0.0,1.0,0.0,-0.5780405,1.0,0.0,0.0,0.0,0.0,0.0,2.0,0.0,0.0,0.0,1.0,3.0,-0.48273286,-0.60116273,0.0
5561,1.0,1.0,1.0,0.0,0.56648624,1.0,0.0,1.0,0.0,0.0,0.0,0.0,0.0,2.0,0.0,1.0,2.0,0.522472,0.59790885,1.0
5562,0.0,0.0,0.0,0.0,-0.29190883,0.0,1.0,0.0,0.0,0.0,2.0,2.0,2.0,2.0,1.0,0.0,2.0,-0.35249037,-0.37241665,0.0
5563,1.0,0.0,1.0,1.0,1.629261,1.0,2.0,1.0,2.0,2.0,2.0,2.0,0.0,2.0,2.0,1.0,1.0,1.3406621,2.433325,0.0
5564,1.0,0.0,0.0,0.0,-1.1503038,1.0,0.0,0.0,2.0,0.0,2.0,0.0,0.0,0.0,0.0,0.0,2.0,-0.2673318,-0.8962559,0.0
5565,1.0,1.0,0.0,0.0,-1.2729317,0.0,1.0,0.0,0.0,0.0,2.0,0.0,0.0,2.0,0.0,1.0,2.0,-0.83839506,-0.9876387,1.0
5566,1.0,0.0,0.0,0.0,0.77086604,1.0,0.0,2.0,1.0,1.0,1.0,1.0,1.0,1.0,1.0,0.0,2.0,-1.5246729,-0.5571167,0.0
5567,1.0,0.0,0.0,0.0,0.48473433,1.0,2.0,1.0,0.0,0.0,2.0,0.0,0.0,2.0,0.0,1.0,3.0,0.85642713,0.8014858,0.0
5568,0.0,1.0,0.0,0.0,0.116850734,1.0,0.0,1.0,0.0,0.0,0.0,0.0,0.0,0.0,0.0,0.0,2.0,0.19352625,0.07042317,0.0
5569,1.0,0.0,0.0,0.0,1.3840053,1.0,2.0,1.0,0.0,2.0,0.0,2.0,2.0,2.0,1.0,1.0,2.0,1.318955,2.0455372,0.0
5570,0.0,0.0,1.0,1.0,0.77086604,0.0,1.0,0.0,0.0,0.0,2.0,2.0,2.0,2.0,1.0,1.0,2.0,-0.28736913,0.28384987,0.0
5571,0.0,0.0,1.0,1.0,0.56648624,1.0,0.0,2.0,1.0,1.0,1.0,1.0,1.0,1.0,2.0,0.0,1.0,-1.5146542,-0.5791953,0.0
5572,0.0,1.0,0.0,0.0,-0.25103286,1.0,2.0,1.0,2.0,2.0,0.0,0.0,0.0,2.0,0.0,1.0,2.0,1.0100465,0.105197564,1.0
5573,0.0,0.0,0.0,0.0,1.5066332,1.0,2.0,0.0,2.0,0.0,2.0,2.0,2.0,2.0,2.0,1.0,1.0,0.68777984,1.6172165,0.0
5574,0.0,0.0,0.0,0.0,-0.61891645,1.0,0.0,1.0,0.0,2.0,0.0,0.0,2.0,0.0,0.0,1.0,2.0,0.6276679,-0.41421705,0.0
5575,1.0,0.0,0.0,0.0,0.93436986,1.0,0.0,1.0,2.0,2.0,0.0,0.0,2.0,2.0,1.0,1.0,3.0,1.20708,1.4636444,0.0
5576,0.0,0.0,0.0,0.0,-1.1094279,1.0,0.0,2.0,1.0,1.0,1.0,1.0,1.0,1.0,0.0,0.0,3.0,-1.4896076,-0.9528199,0.0
5577,0.0,0.0,1.0,1.0,0.07597478,1.0,0.0,2.0,1.0,1.0,1.0,1.0,1.0,1.0,0.0,0.0,3.0,-1.4729098,-0.68669796,0.0
5578,0.0,1.0,1.0,0.0,1.3431294,1.0,2.0,1.0,0.0,2.0,2.0,0.0,2.0,2.0,1.0,1.0,2.0,1.385746,2.0985436,1.0
5579,1.0,0.0,1.0,1.0,1.1387496,1.0,0.0,1.0,0.0,2.0,2.0,0.0,2.0,0.0,1.0,0.0,2.0,0.87479466,1.4197762,1.0
5580,1.0,0.0,1.0,0.0,0.116850734,1.0,0.0,0.0,2.0,2.0,2.0,0.0,0.0,0.0,0.0,0.0,3.0,-0.12540089,-0.05789076,0.0
5581,0.0,0.0,0.0,0.0,-0.33278477,1.0,2.0,1.0,0.0,0.0,0.0,2.0,0.0,2.0,0.0,1.0,2.0,0.82804096,-0.0005708296,0.0
5582,1.0,0.0,1.0,1.0,-0.33278477,1.0,0.0,0.0,2.0,2.0,0.0,2.0,0.0,2.0,0.0,1.0,1.0,0.18517737,-0.24643731,0.0
5583,1.0,0.0,1.0,1.0,-0.53716457,1.0,0.0,2.0,1.0,1.0,1.0,1.0,1.0,1.0,2.0,0.0,3.0,-1.4879378,-0.8329994,0.0
5584,0.0,1.0,0.0,0.0,-1.1094279,1.0,0.0,1.0,2.0,2.0,0.0,0.0,0.0,0.0,0.0,0.0,2.0,0.5324907,-0.8386024,0.0
5585,0.0,0.0,0.0,0.0,-1.2320558,1.0,0.0,2.0,1.0,1.0,1.0,1.0,1.0,1.0,0.0,1.0,0.0,-1.47124,-0.9875498,0.0
5586,0.0,0.0,1.0,1.0,0.72999007,1.0,2.0,0.0,0.0,2.0,2.0,2.0,2.0,2.0,1.0,1.0,1.0,0.6477052,0.84657687,0.0
5587,1.0,0.0,1.0,1.0,-0.9868001,1.0,0.0,0.0,2.0,0.0,0.0,0.0,0.0,0.0,0.0,1.0,1.0,-0.44933736,-0.822238,0.0
5588,1.0,0.0,1.0,1.0,1.4657573,1.0,2.0,2.0,1.0,1.0,1.0,1.0,1.0,1.0,2.0,0.0,0.0,-1.3142811,-0.2847914,0.0
5589,0.0,0.0,0.0,0.0,-0.7824203,0.0,1.0,0.0,0.0,0.0,0.0,0.0,0.0,0.0,0.0,1.0,2.0,-1.3643744,-0.87150913,1.0
5590,1.0,0.0,0.0,0.0,-1.027676,1.0,0.0,2.0,1.0,1.0,1.0,1.0,1.0,1.0,0.0,1.0,3.0,-1.5296822,-0.9472168,0.0
5591,0.0,0.0,1.0,1.0,1.3840053,1.0,0.0,0.0,0.0,0.0,0.0,2.0,0.0,0.0,1.0,1.0,1.0,-0.51278883,0.4407793,0.0
5592,1.0,0.0,0.0,0.0,0.07597478,1.0,0.0,0.0,0.0,2.0,0.0,0.0,0.0,0.0,0.0,1.0,2.0,-0.49943063,-0.2340973,0.0
5593,1.0,0.0,0.0,0.0,-1.1503038,1.0,0.0,0.0,0.0,0.0,2.0,2.0,2.0,2.0,0.0,1.0,2.0,0.32209897,-0.8719983,1.0
5594,0.0,0.0,1.0,1.0,-1.2320558,1.0,0.0,1.0,0.0,2.0,0.0,0.0,0.0,0.0,0.0,1.0,0.0,0.2937128,-0.94061327,1.0
5595,1.0,0.0,0.0,0.0,-1.2729317,1.0,0.0,0.0,0.0,0.0,0.0,0.0,0.0,0.0,0.0,1.0,0.0,-0.6981339,-0.98577106,0.0
5596,1.0,0.0,1.0,0.0,1.629261,1.0,2.0,1.0,2.0,2.0,2.0,2.0,2.0,2.0,2.0,0.0,1.0,1.6595892,2.7189908,0.0
5597,0.0,0.0,1.0,1.0,1.629261,1.0,0.0,0.0,2.0,2.0,2.0,0.0,0.0,2.0,2.0,0.0,1.0,0.13341433,1.16844,0.0
5598,1.0,0.0,1.0,1.0,1.5475092,1.0,2.0,0.0,0.0,2.0,2.0,2.0,2.0,2.0,2.0,1.0,1.0,0.70781714,1.6324914,0.0
5599,0.0,0.0,0.0,0.0,-1.2320558,1.0,0.0,1.0,0.0,0.0,0.0,0.0,0.0,0.0,0.0,0.0,2.0,0.18684715,-0.94334805,0.0
5600,1.0,0.0,1.0,0.0,1.5475092,1.0,2.0,0.0,2.0,0.0,2.0,2.0,0.0,2.0,2.0,0.0,1.0,0.41894594,1.4396981,0.0
5601,1.0,0.0,0.0,0.0,-0.9459241,1.0,2.0,1.0,0.0,0.0,0.0,0.0,0.0,0.0,0.0,1.0,2.0,0.38388067,-0.70072776,0.0
5602,0.0,0.0,0.0,0.0,0.15772669,1.0,0.0,2.0,1.0,1.0,1.0,1.0,1.0,1.0,1.0,0.0,3.0,-1.5096449,-0.72923213,0.0
5603,1.0,0.0,0.0,0.0,-0.61891645,1.0,0.0,0.0,2.0,2.0,0.0,0.0,0.0,0.0,1.0,0.0,3.0,-0.2890389,-0.58417577,0.0
5604,1.0,1.0,1.0,0.0,1.3840053,1.0,2.0,1.0,0.0,0.0,0.0,2.0,2.0,2.0,0.0,1.0,1.0,1.1786939,2.0505621,1.0
5605,0.0,0.0,1.0,1.0,1.3022535,1.0,2.0,1.0,2.0,2.0,2.0,2.0,2.0,2.0,1.0,0.0,2.0,1.6228541,2.20658,0.0
5606,1.0,0.0,0.0,0.0,0.8526179,1.0,0.0,2.0,1.0,1.0,1.0,1.0,1.0,1.0,2.0,0.0,1.0,-1.5113146,-0.5381286,0.0
5607,0.0,1.0,0.0,0.0,0.6891141,1.0,0.0,0.0,0.0,0.0,0.0,0.0,0.0,0.0,0.0,0.0,3.0,-0.6998037,-0.06874108,0.0
5608,0.0,0.0,0.0,0.0,-0.9459241,1.0,2.0,1.0,0.0,0.0,0.0,0.0,2.0,2.0,0.0,1.0,2.0,1.0016977,-0.60954505,1.0
5609,1.0,0.0,0.0,0.0,1.4657573,1.0,2.0,1.0,2.0,2.0,2.0,2.0,2.0,2.0,1.0,1.0,1.0,1.7514268,2.5681982,0.0
5610,1.0,0.0,0.0,1.0,-0.21015692,1.0,0.0,2.0,1.0,1.0,1.0,1.0,1.0,1.0,2.0,0.0,1.0,-1.5046356,-0.77879226,0.0
5611,0.0,0.0,1.0,1.0,-0.37366074,1.0,2.0,0.0,0.0,2.0,0.0,2.0,2.0,0.0,0.0,1.0,1.0,0.15846096,-0.27060595,0.0
5612,0.0,0.0,1.0,0.0,1.3431294,1.0,0.0,0.0,2.0,0.0,2.0,0.0,0.0,0.0,0.0,1.0,3.0,-0.32076463,0.6281252,0.0
5613,0.0,1.0,1.0,0.0,-0.046653092,0.0,1.0,0.0,2.0,2.0,2.0,0.0,0.0,2.0,1.0,1.0,1.0,-0.4793933,-0.3026233,0.0
5614,0.0,0.0,1.0,1.0,0.15772669,1.0,2.0,1.0,2.0,0.0,2.0,0.0,2.0,2.0,0.0,1.0,1.0,1.3273039,0.6333725,0.0
5615,0.0,0.0,1.0,1.0,0.8934939,1.0,2.0,2.0,1.0,1.0,1.0,1.0,1.0,1.0,1.0,1.0,0.0,-1.3359882,-0.40843615,0.0
5616,0.0,0.0,1.0,0.0,-1.1094279,1.0,0.0,1.0,0.0,0.0,0.0,0.0,0.0,0.0,0.0,1.0,2.0,0.14009343,-0.8489636,0.0
5617,1.0,0.0,1.0,0.0,-0.61891645,0.0,1.0,0.0,0.0,2.0,0.0,0.0,2.0,2.0,0.0,1.0,3.0,-0.49943063,-0.63335794,0.0
5618,1.0,1.0,1.0,0.0,-0.61891645,1.0,0.0,1.0,0.0,0.0,0.0,0.0,0.0,2.0,0.0,0.0,0.0,0.5592071,-0.41419482,1.0
5619,1.0,0.0,1.0,0.0,1.5475092,1.0,2.0,0.0,2.0,0.0,0.0,2.0,2.0,2.0,2.0,1.0,1.0,0.40725753,1.3470256,0.0
5620,1.0,0.0,0.0,0.0,0.36210647,1.0,0.0,1.0,0.0,0.0,0.0,2.0,0.0,0.0,0.0,1.0,2.0,0.31708965,0.36840677,0.0
5621,0.0,1.0,0.0,0.0,-0.5780405,1.0,0.0,2.0,1.0,1.0,1.0,1.0,1.0,1.0,1.0,0.0,0.0,-1.4829284,-0.8409148,0.0
5622,0.0,0.0,0.0,0.0,-0.7415443,1.0,0.0,1.0,0.0,0.0,0.0,0.0,0.0,0.0,0.0,1.0,1.0,0.20855422,-0.59882814,1.0
5623,0.0,0.0,1.0,0.0,1.629261,0.0,1.0,0.0,2.0,2.0,2.0,2.0,2.0,2.0,2.0,0.0,0.0,0.024878914,1.1824477,0.0
5624,0.0,0.0,1.0,1.0,1.1796255,1.0,2.0,1.0,2.0,2.0,2.0,2.0,2.0,2.0,2.0,0.0,1.0,1.6812963,2.1111505,0.0
